Frame	Time	Nose_X	Nose_Y	L_Eye_X	L_Eye_Y	R_Eye_X	R_Eye_Y	L_Ear_X	L_Ear_Y	R_Ear_X	R_Ear_Y	L_Shoulder_X	L_Shoulder_Y	R_Shoulder_X	R_Shoulder_Y	L_Elbow_X	L_Elbow_Y	R_Elbow_X	R_Elbow_Y	L_Wrist_X	L_Wrist_Y	R_Wrist_X	R_Wrist_Y	L_Hip_X	L_Hip_Y	R_Hip_X	R_Hip_Y	L_Knee_X	L_Knee_Y	R_Knee_X	R_Knee_Y	L_Ankle_X	L_Ankle_Y	R_Ankle_X	R_Ankle_Y
1	0.033	57.2	61.66	57.94	60.44	57.01	59.16	47.4	54.11	50.84	57.61	43.07	58.77	44.9	64.07	46.0	67.92	46.12	76.55	54.24	68.8	56.0	76.58	21.32	59.39	22.84	67.73	13.48	63.27	11.32	74.5	8.16	59.36	4.85	63.01
2	0.067	57.41	61.52	58.12	60.31	57.24	59.02	47.51	53.86	51.06	57.44	43.18	58.55	44.94	63.75	45.68	67.75	45.2	76.23	54.03	68.73	54.89	77.42	21.57	59.27	23.12	67.52	13.66	63.31	11.52	74.43	8.28	59.26	4.98	63.16
3	0.1	57.42	61.46	58.13	60.26	57.23	58.96	47.67	53.95	51.17	57.4	43.51	58.91	44.99	63.44	45.67	68.0	44.14	75.62	54.2	68.68	53.51	78.52	22.1	59.21	23.52	67.05	13.72	63.36	11.51	73.96	8.6	59.29	5.19	63.35
4	0.133	57.55	61.61	58.33	60.46	57.3	59.11	48.03	54.32	51.05	57.74	43.7	59.68	44.63	63.58	44.99	67.57	42.12	73.78	53.1	69.49	50.28	79.68	22.25	58.96	23.44	66.31	13.56	63.65	11.29	73.65	8.77	59.51	5.77	63.76
5	0.167	58.24	62.03	58.95	60.86	58.06	59.42	48.05	54.45	51.77	57.95	44.03	59.85	45.04	63.66	45.04	67.1	41.44	72.52	52.83	69.42	47.59	80.74	22.54	59.88	24.09	67.02	13.51	63.43	11.32	72.91	8.65	58.92	6.42	62.88
6	0.2	58.19	62.27	58.88	61.23	58.01	59.79	48.33	55.18	51.75	58.6	44.25	60.63	44.66	64.18	44.53	67.16	40.67	72.44	51.78	70.24	46.86	81.19	22.52	59.21	23.54	66.24	13.64	63.26	10.94	72.88	9.19	59.55	6.6	64.06
7	0.233	58.55	62.82	59.29	61.75	58.31	60.28	48.75	55.48	51.78	58.97	44.38	61.19	44.69	64.5	43.56	67.82	40.46	72.03	50.17	71.47	46.22	81.09	22.44	59.05	23.38	65.98	13.51	63.27	10.79	72.9	8.82	59.17	6.56	63.94
8	0.267	58.71	63.2	59.42	62.11	58.59	60.54	48.41	55.47	52.17	58.92	44.12	60.74	45.18	64.24	43.08	66.99	40.46	71.11	49.72	70.94	45.88	81.11	22.88	59.58	24.44	66.45	13.98	62.81	11.69	72.07	8.86	57.92	7.11	62.12
9	0.3	58.77	63.65	59.5	62.53	58.64	60.99	48.6	55.64	52.19	59.13	44.22	60.61	45.31	64.26	43.15	66.81	40.55	71.22	49.68	70.91	45.91	81.33	23.11	59.46	24.71	66.41	14.17	62.59	11.92	71.94	8.97	57.83	7.19	61.98
10	0.333	59.01	63.57	59.72	62.48	58.87	60.94	48.72	55.71	52.39	59.24	44.45	60.78	45.43	64.44	43.54	66.84	40.68	71.32	49.91	70.72	45.87	81.43	23.3	59.31	24.84	66.28	14.27	62.01	11.88	71.36	9.2	57.09	7.29	61.22
11	0.367	59.05	63.54	59.72	62.52	58.96	60.95	48.66	55.87	52.6	59.29	44.53	60.71	45.54	64.38	43.9	66.56	40.79	71.3	50.45	70.31	46.03	81.34	23.59	59.36	25.15	66.31	14.75	62.07	12.38	71.35	9.69	57.33	7.71	61.33
12	0.4	59.38	63.51	60.03	62.48	59.3	60.95	48.83	55.7	52.86	59.29	44.6	60.42	45.72	64.35	43.98	66.04	40.86	71.08	50.37	70.14	45.89	81.44	23.55	59.03	25.19	66.11	14.77	61.61	12.49	71.05	9.92	56.92	8.07	61.01
13	0.433	59.54	63.66	60.21	62.67	59.48	61.11	49.06	55.96	53.09	59.5	44.8	60.49	45.92	64.53	44.07	66.05	40.98	71.25	50.12	70.85	45.98	81.82	23.56	58.69	25.14	65.85	14.82	61.14	12.5	70.66	10.29	56.39	8.31	60.38
14	0.467	59.81	63.72	60.44	62.73	59.75	61.2	49.25	56.01	53.37	59.66	45.1	60.51	46.17	64.77	44.62	65.86	41.14	71.52	50.47	71.13	45.9	82.53	23.84	58.49	25.4	65.77	15.12	60.54	12.72	70.22	10.7	55.72	8.53	59.74
15	0.5	59.88	64.02	60.51	63.02	59.82	61.5	49.37	56.21	53.39	59.91	45.24	60.4	46.2	65.18	44.84	65.36	41.21	71.97	50.49	71.18	45.83	82.63	24.21	58.2	25.69	65.74	15.75	60.15	13.32	70.16	11.12	55.3	9.05	59.26
16	0.533	59.83	63.93	60.48	62.99	59.72	61.62	49.7	56.59	53.21	60.41	45.51	61.04	45.79	65.97	45.52	65.87	41.44	72.92	50.75	71.98	46.18	81.73	24.02	58.41	24.92	66.05	15.89	60.47	12.93	70.91	11.58	56.61	9.05	60.86
17	0.567	60.05	64.52	60.69	63.57	60.03	62.03	49.49	56.61	53.66	60.33	45.36	60.39	46.42	65.35	45.07	64.75	41.55	71.57	50.63	71.03	46.13	81.81	24.17	58.11	25.71	65.76	15.82	59.66	13.35	69.83	11.23	55.0	9.15	58.91
18	0.6	60.26	64.52	60.94	63.7	60.27	62.04	49.75	57.02	53.94	60.41	45.62	60.65	46.59	65.21	45.53	65.11	41.73	71.58	51.34	70.61	47.06	80.84	24.57	58.36	26.01	65.83	16.24	59.76	13.77	69.64	11.59	54.99	9.21	58.53
19	0.633	60.31	64.09	61.02	63.45	60.21	61.86	50.09	57.44	53.65	60.65	45.7	60.81	46.11	65.16	45.83	65.58	42.68	72.13	51.82	70.72	49.59	79.02	24.85	58.64	25.6	66.1	16.98	60.53	14.03	70.68	12.21	56.64	9.21	60.38
20	0.667	60.16	64.12	60.87	63.51	60.11	61.85	49.93	57.29	53.68	60.32	45.6	60.41	46.22	64.76	45.83	65.26	43.37	71.98	52.21	69.66	51.08	76.97	24.85	58.62	25.7	66.17	17.21	60.38	14.37	70.71	11.72	56.43	8.82	60.08
21	0.7	60.75	64.03	61.62	63.36	60.77	61.34	50.07	56.45	54.45	59.48	45.76	59.17	46.93	64.58	45.48	63.46	43.37	71.58	52.51	67.3	51.91	76.09	24.43	57.79	25.98	65.99	17.59	59.73	15.22	70.46	11.3	55.18	9.3	58.52
22	0.733	60.68	63.7	61.53	63.09	60.69	61.07	50.03	56.4	54.41	59.34	45.77	59.15	47.05	64.32	45.26	63.37	43.54	71.08	52.15	66.73	51.95	74.91	24.8	58.1	26.42	66.1	17.87	59.91	15.59	70.41	11.23	55.47	9.22	58.71
23	0.767	60.5	63.32	61.32	62.72	60.48	60.74	49.79	56.24	54.21	59.17	45.68	59.07	47.0	64.12	45.28	63.37	43.72	70.87	52.23	66.44	52.13	74.06	24.91	58.59	26.54	66.47	17.78	60.32	15.42	70.71	10.75	56.1	8.54	59.24
24	0.8	60.3	63.15	61.14	62.53	60.24	60.59	49.75	56.09	53.98	59.0	45.63	58.88	46.92	63.84	45.19	63.16	43.65	70.52	52.08	66.51	51.89	74.11	25.08	58.83	26.7	66.6	17.86	60.74	15.56	71.0	10.69	56.76	8.55	59.86
25	0.833	60.23	62.89	61.08	62.26	60.11	60.34	49.75	55.93	53.77	58.88	45.54	58.95	46.79	63.74	44.91	63.48	43.46	70.37	51.74	66.8	51.55	74.16	25.14	59.0	26.73	66.65	17.82	61.03	15.56	71.14	10.73	56.97	8.67	60.16
26	0.867	60.08	62.75	60.94	62.1	59.97	60.18	49.7	55.75	53.65	58.63	45.38	58.88	46.8	63.47	44.65	63.52	43.45	70.04	51.35	67.16	51.28	74.56	25.06	58.91	26.76	66.4	17.76	61.24	15.67	71.12	10.85	57.07	8.87	60.15
27	0.9	59.49	62.17	60.19	61.51	59.43	59.9	49.35	55.65	53.41	58.54	45.49	59.29	46.43	62.84	45.22	64.71	43.75	69.67	52.04	67.11	50.88	74.33	25.72	59.82	26.95	66.65	17.88	61.51	15.19	70.84	11.13	57.78	8.63	61.18
28	0.933	60.05	62.34	60.82	61.61	59.86	59.84	49.56	55.37	53.54	58.46	45.46	58.92	46.91	63.31	45.12	64.04	44.02	70.23	52.08	68.06	51.89	76.0	25.07	58.85	26.76	66.27	17.58	61.16	15.33	71.03	10.89	56.83	8.55	60.24
29	0.967	60.19	62.24	60.96	61.45	59.95	59.69	49.75	55.21	53.57	58.37	45.64	58.99	47.05	63.5	45.43	64.5	44.42	70.99	52.37	68.96	52.2	77.46	25.06	58.6	26.68	66.16	17.61	61.15	15.35	71.19	11.03	56.56	8.7	60.05
30	1.0	59.62	61.68	60.34	60.88	59.32	59.53	50.01	55.36	52.99	58.66	45.69	59.71	46.61	63.64	46.84	66.11	45.34	72.35	53.5	70.48	53.01	79.16	25.25	58.93	26.26	66.16	17.44	61.72	14.79	71.59	12.35	58.24	8.89	61.94
31	1.033	59.64	61.62	60.28	60.74	59.34	59.54	49.88	55.18	53.08	58.79	45.7	59.51	46.75	63.99	47.46	66.04	45.65	73.21	53.77	71.21	53.17	80.56	25.09	58.66	26.23	66.11	17.63	61.67	15.01	71.79	12.76	58.22	9.09	62.01
32	1.067	59.72	62.09	60.31	61.16	59.48	59.88	49.5	55.32	53.46	58.93	45.69	59.36	47.19	63.86	46.97	65.88	45.76	72.68	52.97	71.23	52.98	81.2	25.09	58.7	26.64	66.13	17.45	61.16	15.04	71.09	12.11	56.86	8.84	60.5
33	1.1	59.8	62.23	60.34	61.28	59.62	59.99	49.38	55.31	53.65	58.9	45.65	59.29	47.27	63.85	47.0	65.99	46.33	72.92	53.05	71.01	54.38	80.92	24.94	58.55	26.5	66.09	17.56	61.01	15.08	71.09	12.09	56.56	8.72	60.25
34	1.133	59.63	62.26	60.21	61.44	59.51	60.12	49.61	55.6	53.57	58.94	45.53	59.29	47.13	63.82	47.29	66.38	47.0	73.95	53.79	71.27	56.47	80.4	24.84	58.24	26.15	65.89	18.0	61.33	15.4	71.66	12.91	57.47	8.83	61.12
35	1.167	59.67	62.6	60.28	61.76	59.57	60.37	49.62	55.81	53.57	59.03	45.5	59.49	47.21	64.23	47.65	66.57	47.9	74.74	54.49	70.33	57.91	79.36	24.91	58.63	26.24	66.49	18.25	61.27	15.71	71.78	13.14	57.36	9.24	60.75
36	1.2	59.82	62.88	60.39	61.96	59.74	60.56	49.26	55.87	53.81	59.19	45.77	59.59	47.36	64.55	47.81	65.94	48.59	73.8	54.7	68.83	58.82	76.81	25.39	59.49	26.73	67.46	18.73	60.41	15.85	71.05	12.44	56.27	9.15	59.61
37	1.233	60.32	63.21	60.94	62.25	60.15	60.65	49.28	55.72	53.95	59.22	45.57	59.5	48.08	65.53	47.77	64.92	49.46	74.39	55.56	67.52	59.44	75.46	24.57	59.22	26.69	67.92	18.51	60.78	16.33	72.23	11.8	56.57	9.36	59.9
38	1.267	60.1	63.24	60.67	62.26	59.94	60.71	48.92	55.68	53.82	59.27	45.33	59.36	48.15	65.66	48.43	64.47	50.3	74.56	56.62	66.77	60.48	74.72	24.22	59.22	26.54	68.1	18.29	60.65	16.27	72.31	11.58	56.7	9.23	59.91
39	1.3	59.35	62.96	59.83	61.81	59.23	60.7	48.52	55.39	53.23	59.21	45.34	59.31	47.53	65.33	49.72	64.94	51.55	74.81	57.38	67.04	61.95	75.36	24.78	59.75	26.49	68.4	18.41	59.67	15.62	71.17	12.12	56.13	9.2	59.36
40	1.333	59.27	62.77	59.71	61.57	59.1	60.66	48.45	55.27	52.88	59.4	44.82	59.63	47.28	65.77	49.67	65.99	52.43	76.29	57.86	68.22	62.76	77.22	23.8	59.53	25.52	68.38	17.77	60.45	14.96	72.43	11.88	57.2	8.7	61.03
41	1.367	59.09	62.45	59.49	61.26	58.84	60.47	48.37	55.39	52.77	59.63	44.73	60.1	47.56	65.97	49.74	67.24	52.54	77.18	57.26	70.33	62.86	79.92	23.78	59.82	25.73	68.39	17.59	61.2	14.9	72.77	12.14	57.82	8.24	61.49
42	1.4	59.13	62.42	59.48	61.19	58.87	60.47	48.3	55.38	52.81	59.75	44.64	60.4	47.6	66.14	49.58	68.25	52.37	77.78	56.94	71.29	62.48	81.07	23.69	59.95	25.77	68.4	17.68	61.65	14.96	73.03	12.47	57.92	8.25	61.7
43	1.433	59.15	62.68	59.52	61.46	58.92	60.7	48.33	55.6	52.83	59.93	44.55	60.68	47.59	66.42	49.42	68.57	52.3	78.06	56.77	71.41	62.44	81.22	23.55	60.26	25.69	68.71	17.54	61.95	14.88	73.28	12.43	58.18	8.2	61.83
44	1.467	59.0	62.78	59.33	61.51	58.76	60.77	48.15	55.69	52.82	59.98	44.53	60.91	47.58	66.45	49.24	68.99	52.17	78.12	56.71	71.98	62.58	81.92	23.47	60.66	25.58	69.02	17.33	62.7	14.73	73.97	12.18	58.59	8.03	62.45
45	1.5	59.05	62.84	59.36	61.51	58.79	60.8	48.06	55.6	52.76	60.05	44.41	61.08	47.55	66.74	49.12	69.35	52.37	78.49	56.57	72.07	62.66	82.03	23.35	60.86	25.54	69.29	17.3	62.67	14.71	74.03	12.31	58.69	8.34	62.68
46	1.533	59.03	62.99	59.32	61.56	58.74	60.91	47.96	55.46	52.66	60.06	44.42	61.16	47.64	67.05	49.25	69.5	52.67	78.97	56.76	72.14	62.96	81.89	23.41	61.51	25.68	70.09	17.18	63.13	14.61	74.73	11.73	59.16	7.9	63.21
47	1.567	58.94	63.33	59.27	61.94	58.66	61.25	47.92	55.94	52.58	60.42	44.31	61.6	47.62	67.34	49.18	69.87	52.58	79.17	56.69	72.31	62.86	82.01	23.22	61.89	25.54	70.41	16.72	63.54	14.25	75.02	11.25	59.41	7.35	63.27
48	1.6	58.94	63.55	59.31	62.17	58.62	61.46	48.1	56.14	52.62	60.55	44.52	61.63	47.8	67.3	49.24	69.89	52.5	79.2	56.74	72.58	62.7	82.33	23.52	62.26	25.82	70.73	16.84	64.18	14.36	75.61	11.16	60.17	7.09	63.97
49	1.633	58.73	63.8	59.12	62.44	58.44	61.7	47.99	56.5	52.51	60.81	44.47	62.03	47.85	67.68	49.18	70.19	52.8	79.56	56.62	72.76	62.51	82.38	23.61	62.65	25.97	71.08	16.96	64.33	14.41	75.71	11.12	60.55	7.08	64.18
50	1.667	58.77	63.94	59.17	62.53	58.45	61.8	48.08	56.5	52.51	60.83	44.59	62.13	47.76	67.68	49.06	70.48	52.53	79.58	56.57	73.05	62.52	82.63	23.62	62.98	25.83	71.4	16.72	64.66	14.11	76.08	10.8	60.75	6.83	64.54
51	1.7	58.87	63.99	59.27	62.63	58.57	61.85	48.11	56.64	52.64	60.88	44.65	62.13	47.74	67.66	48.97	70.53	52.22	79.66	56.48	73.22	62.21	82.67	23.76	63.47	25.96	71.87	16.83	65.04	14.18	76.42	10.71	61.41	6.73	65.13
52	1.733	58.96	64.45	59.39	63.09	58.65	62.29	48.3	57.05	52.69	61.25	44.82	62.52	47.89	68.06	49.12	70.85	52.34	80.05	56.61	73.55	62.15	82.93	24.08	63.62	26.28	72.01	17.19	65.23	14.59	76.61	10.88	61.5	6.97	65.14
53	1.767	59.23	64.69	59.62	63.32	58.9	62.55	48.35	57.24	52.87	61.56	44.96	62.73	48.04	68.37	49.22	70.94	52.38	80.18	56.64	73.56	62.05	82.74	24.2	64.05	26.46	72.5	17.17	65.46	14.59	76.96	10.45	61.77	6.7	65.51
54	1.8	59.25	65.15	59.68	63.81	58.9	63.03	48.54	57.77	52.83	62.02	45.11	63.2	47.96	68.63	49.34	71.59	52.3	80.49	56.71	73.84	62.12	83.0	24.33	64.4	26.43	72.75	17.13	65.62	14.43	76.96	10.56	61.9	6.67	65.56
55	1.833	59.2	65.56	59.66	64.25	58.85	63.4	48.61	58.26	52.75	62.39	45.16	63.78	47.85	69.1	49.17	71.93	52.21	80.65	56.43	73.9	61.99	82.86	24.4	64.83	26.36	73.14	17.15	65.7	14.33	76.97	10.65	62.01	6.82	65.58
56	1.867	59.31	65.94	59.76	64.63	58.95	63.81	48.67	58.61	52.84	62.77	45.13	64.01	47.98	69.18	49.03	72.38	52.49	80.74	56.23	74.04	62.28	82.98	24.41	64.86	26.45	73.09	17.18	65.64	14.4	76.79	10.77	61.83	6.93	65.41
57	1.9	59.38	66.35	59.89	65.12	59.04	64.22	48.92	59.17	52.98	63.13	45.35	64.33	48.17	69.4	49.14	72.55	52.42	80.91	56.14	74.17	62.16	82.84	24.72	65.27	26.73	73.42	17.33	66.03	14.65	77.05	10.98	62.3	7.11	65.6
58	1.933	59.47	66.76	59.99	65.52	59.14	64.58	48.94	59.46	53.0	63.4	45.34	64.7	48.05	69.65	49.11	72.94	52.5	80.96	56.28	74.2	62.38	82.77	24.54	65.49	26.48	73.64	17.16	65.93	14.32	76.92	10.97	62.37	7.13	65.71
59	1.967	59.45	67.22	59.96	66.02	59.16	65.07	48.83	59.88	53.06	63.85	45.29	64.78	48.03	69.89	49.17	72.75	52.46	81.07	56.36	74.33	62.5	83.07	24.43	65.29	26.4	73.51	17.11	65.66	14.29	76.75	10.87	62.25	7.08	65.58
60	2.0	59.53	67.4	60.06	66.18	59.25	65.22	48.93	59.95	53.15	63.88	45.37	64.84	48.1	69.93	49.16	72.99	52.58	81.34	56.31	74.42	62.77	83.33	24.44	65.49	26.37	73.76	17.09	65.86	14.19	76.97	10.84	62.4	6.95	65.71
61	2.033	59.48	67.48	60.03	66.27	59.18	65.26	48.95	60.12	53.1	63.95	45.41	65.12	48.12	70.15	49.21	73.27	52.81	81.54	56.45	74.53	63.09	83.07	24.45	65.65	26.35	73.9	17.2	66.08	14.32	77.19	10.89	62.64	7.11	65.9
62	2.067	59.61	67.66	60.19	66.44	59.3	65.38	49.08	60.2	53.16	63.99	45.51	65.14	48.16	70.19	49.15	73.31	52.67	81.59	56.58	74.52	62.87	82.76	24.73	66.12	26.61	74.39	17.42	66.47	14.62	77.59	10.98	63.2	7.46	66.45
63	2.1	59.59	67.68	60.16	66.46	59.29	65.41	49.01	60.26	53.16	64.06	45.48	65.22	48.17	70.3	49.08	73.37	52.65	81.66	56.42	74.47	62.66	82.6	24.71	66.34	26.63	74.6	17.35	66.55	14.54	77.7	10.78	63.34	7.25	66.59
64	2.133	59.62	67.53	60.22	66.29	59.31	65.23	49.08	60.09	53.2	63.87	45.54	65.22	48.2	70.18	49.02	73.61	52.73	81.63	56.25	74.57	62.52	82.46	24.51	66.54	26.39	74.77	17.05	66.97	14.22	78.1	10.53	63.82	7.05	67.1
65	2.167	59.59	67.13	60.16	65.91	59.22	64.89	49.03	59.99	53.11	63.8	45.53	65.23	48.2	70.04	49.08	73.67	52.72	81.45	56.42	74.4	62.54	82.18	24.68	66.67	26.6	74.76	17.24	67.35	14.51	78.32	10.62	64.2	7.14	67.54
66	2.2	59.54	66.85	60.09	65.58	59.13	64.63	48.97	59.68	53.0	63.59	45.56	65.2	48.15	69.89	49.1	74.0	52.71	81.48	56.55	74.39	62.55	82.08	24.76	67.01	26.65	75.04	17.18	67.75	14.34	78.69	10.44	64.57	6.86	68.08
67	2.233	59.66	66.48	60.21	65.22	59.21	64.26	49.09	59.42	53.04	63.35	45.74	65.18	48.21	69.81	49.36	74.01	52.82	81.43	56.89	73.96	62.6	81.54	24.76	67.09	26.57	75.14	16.98	67.62	14.08	78.61	10.16	64.48	6.58	68.03
68	2.267	59.58	66.27	60.09	64.98	59.11	64.08	48.9	59.16	52.89	63.24	45.61	64.85	48.08	69.82	49.36	73.32	52.77	81.17	56.99	73.68	62.45	81.19	24.9	66.86	26.75	75.03	17.42	67.49	14.53	78.66	10.3	64.47	6.89	68.18
69	2.3	59.52	65.94	60.04	64.64	59.05	63.75	48.93	58.86	52.89	62.96	45.69	64.62	48.02	69.55	49.27	73.05	52.48	80.84	56.88	73.53	62.1	81.33	24.96	66.71	26.72	74.85	17.45	67.34	14.47	78.49	10.42	64.28	6.95	68.12
70	2.333	59.46	65.67	60.02	64.41	59.02	63.45	48.98	58.71	52.91	62.67	45.71	64.44	48.02	69.46	49.31	72.77	52.29	80.84	57.09	73.25	61.98	80.81	24.97	66.39	26.71	74.57	17.59	67.22	14.68	78.42	10.45	64.12	7.03	67.84
71	2.367	59.46	65.39	60.01	64.13	59.06	63.16	48.85	58.38	52.94	62.32	45.47	64.07	48.02	69.11	49.21	72.67	52.34	80.83	57.15	73.07	61.95	80.52	24.81	66.23	26.73	74.41	17.56	67.17	14.78	78.35	10.52	64.29	7.05	67.88
72	2.4	59.41	65.06	59.93	63.84	59.05	62.89	48.75	58.14	52.93	62.06	45.26	63.6	47.97	68.73	49.21	72.17	52.22	80.55	56.99	72.72	61.71	80.26	24.8	65.75	26.84	73.9	17.75	66.75	15.12	77.85	10.87	63.88	7.35	67.29
73	2.433	59.43	64.71	59.93	63.49	59.06	62.56	48.74	57.73	52.95	61.71	45.32	63.18	48.04	68.23	49.33	71.65	52.32	79.98	57.07	72.2	62.0	80.23	24.65	65.24	26.68	73.39	17.34	66.27	14.65	77.37	10.44	63.42	6.77	66.88
74	2.467	59.44	64.3	59.95	63.06	59.1	62.15	48.75	57.19	53.02	61.25	45.25	62.51	48.11	67.88	49.48	71.05	52.39	79.97	57.09	71.83	61.99	80.16	24.37	64.48	26.49	72.81	17.16	65.78	14.59	77.07	10.53	62.8	6.81	66.23
75	2.5	59.49	63.65	60.05	62.46	59.15	61.5	48.99	56.69	53.11	60.6	45.46	62.08	48.19	67.16	49.41	70.64	52.29	79.23	57.22	71.28	62.15	79.69	24.66	63.87	26.65	72.08	17.42	65.44	14.91	76.59	10.69	62.43	7.05	65.93
76	2.533	59.62	63.19	60.19	61.96	59.3	60.99	49.14	56.06	53.21	60.03	45.45	61.55	48.22	66.85	49.53	69.94	52.28	78.87	56.97	70.87	62.28	79.26	24.28	63.08	26.28	71.45	17.02	64.85	14.67	76.16	10.75	61.57	7.16	65.02
77	2.567	59.89	62.43	60.44	61.3	59.55	60.29	49.26	55.74	53.51	59.64	45.66	61.26	48.45	66.44	49.46	69.52	52.35	78.28	56.9	70.59	62.07	78.98	24.52	62.51	26.55	70.78	17.56	64.79	15.22	76.05	10.91	61.68	7.39	65.28
78	2.6	59.93	61.66	60.51	60.56	59.58	59.51	49.46	55.15	53.48	58.92	45.77	60.88	48.45	65.93	49.69	69.17	52.31	77.83	57.12	70.14	61.85	78.2	24.7	62.15	26.65	70.34	17.64	64.45	15.4	75.58	11.21	61.37	7.76	64.76
79	2.633	59.89	61.23	60.51	60.14	59.54	59.04	49.52	54.79	53.36	58.45	45.67	60.53	48.34	65.63	49.66	68.86	52.42	77.66	57.08	69.78	61.59	77.81	24.59	61.58	26.5	69.8	17.63	63.94	15.41	75.08	11.45	60.91	8.11	64.13
80	2.667	60.52	61.38	61.09	60.24	60.05	58.78	49.56	54.36	53.67	57.96	45.76	60.16	49.12	65.78	48.58	67.55	52.26	76.65	55.7	68.36	61.36	76.14	24.73	61.26	27.34	69.77	18.28	63.36	16.88	74.6	11.56	60.59	9.47	63.58
81	2.7	60.6	61.02	61.21	59.84	60.09	58.46	49.78	53.92	53.68	57.64	45.93	59.73	49.17	65.39	48.94	67.05	52.41	76.11	56.01	67.63	61.39	75.45	24.84	60.6	27.33	69.16	18.12	62.53	16.6	73.83	12.07	59.28	9.8	62.38
82	2.733	60.12	60.98	60.62	59.34	59.71	58.68	50.28	52.67	53.52	57.14	46.01	58.13	48.89	63.79	49.43	67.42	53.04	75.66	58.24	68.02	62.51	74.78	25.04	58.94	27.24	67.42	17.38	61.55	15.27	73.35	11.55	57.63	8.69	62.32
83	2.767	60.19	60.84	60.7	59.21	59.77	58.53	50.39	52.38	53.52	56.89	46.11	57.58	48.66	63.42	49.37	66.68	52.91	75.16	58.02	67.56	62.43	74.27	24.79	58.09	26.72	66.74	17.22	60.25	14.78	72.31	11.49	56.24	8.67	61.1
84	2.8	60.33	60.28	60.86	58.65	59.92	57.94	50.61	51.67	53.54	56.15	46.23	56.65	48.62	62.83	49.58	65.44	52.8	74.61	58.15	66.89	62.28	73.68	25.14	57.39	26.99	66.2	17.79	59.58	15.42	71.81	11.99	55.56	9.33	60.31
85	2.833	60.2	59.21	60.86	58.14	59.83	56.95	49.99	51.99	53.23	55.69	45.44	56.51	48.17	62.41	50.03	64.09	52.71	74.49	58.28	66.3	61.59	74.92	24.52	56.73	26.53	65.49	18.51	58.91	16.45	70.64	13.36	55.63	10.39	58.94
86	2.867	59.69	58.39	60.25	57.27	59.45	56.22	49.22	51.57	53.41	55.36	45.39	56.57	48.21	62.19	49.62	63.99	52.49	73.47	56.67	65.25	62.02	73.99	24.9	57.25	26.89	65.61	18.7	57.82	16.19	68.91	13.73	54.62	10.26	57.61
87	2.9	59.74	57.89	60.35	56.81	59.5	55.7	49.56	51.11	53.55	54.71	45.67	56.06	48.41	61.31	49.46	63.47	52.35	72.51	56.51	64.72	62.01	73.59	25.16	56.62	27.05	64.8	18.75	57.62	16.19	68.51	13.62	54.41	9.94	57.36
88	2.933	59.7	57.67	60.31	56.59	59.47	55.49	49.44	50.85	53.56	54.47	45.66	55.77	48.47	60.97	49.42	63.23	52.49	72.19	56.65	64.43	62.29	73.1	25.04	56.5	26.98	64.72	18.41	57.5	15.86	68.49	12.86	54.27	9.21	57.33
89	2.967	59.84	57.18	60.41	56.09	59.6	55.0	49.47	50.37	53.69	54.06	45.79	55.5	48.58	60.68	49.53	62.76	52.55	71.55	56.78	64.06	62.24	72.37	25.15	56.19	27.09	64.38	18.62	57.2	16.14	68.22	13.08	53.93	9.63	57.17
90	3.0	60.08	56.82	60.6	55.72	59.8	54.69	49.55	50.05	53.83	53.87	45.93	55.26	48.66	60.49	49.72	62.51	52.69	71.29	56.92	63.67	62.11	72.01	25.24	55.91	27.16	64.15	18.77	56.82	16.28	67.94	13.14	53.5	9.86	56.94
91	3.033	60.02	56.56	60.61	55.44	59.77	54.37	49.73	49.71	53.79	53.39	45.87	54.96	48.7	60.11	49.64	62.46	52.78	71.13	56.9	63.42	62.11	71.59	25.28	55.68	27.26	63.85	18.99	57.03	16.76	67.98	13.8	53.69	10.76	56.96
92	3.067	60.18	55.95	60.72	54.81	59.89	53.76	49.74	49.16	53.9	52.92	45.91	54.66	48.95	59.8	49.75	62.16	53.24	70.77	57.03	63.28	62.44	71.53	25.31	55.34	27.42	63.51	19.08	56.84	16.86	67.83	13.89	53.42	10.76	56.81
93	3.1	61.19	56.15	61.69	55.02	60.76	53.54	50.11	48.76	54.36	52.58	45.97	54.37	49.9	60.59	48.12	60.99	52.9	70.92	56.08	62.25	61.72	70.88	25.33	54.82	28.36	63.76	19.77	56.87	18.54	68.72	13.36	53.36	11.68	57.01
94	3.133	61.32	56.13	61.84	55.01	60.9	53.5	50.13	48.66	54.45	52.44	45.95	54.14	49.84	60.3	48.12	60.93	52.83	70.7	56.06	62.2	61.79	70.5	25.2	54.62	28.22	63.53	19.72	56.55	18.46	68.34	13.22	53.17	11.51	56.72
95	3.167	60.56	55.44	61.12	54.33	60.3	53.19	49.86	48.61	54.16	52.33	45.92	54.04	49.03	59.34	49.82	61.85	53.47	70.69	57.35	62.84	62.67	70.72	25.01	54.7	27.17	63.07	18.88	56.12	16.62	67.36	13.55	52.87	10.48	56.21
96	3.2	60.65	55.5	61.27	54.42	60.38	53.21	50.09	48.74	54.15	52.28	45.98	54.17	49.07	59.41	49.91	61.84	53.6	70.76	57.51	62.59	62.77	70.33	25.15	54.48	27.26	62.84	19.11	56.15	16.87	67.36	13.66	52.78	10.53	55.9
97	3.233	60.73	55.67	61.37	54.68	60.5	53.35	50.19	49.14	54.28	52.47	46.09	54.49	48.99	59.58	49.93	61.67	53.39	70.41	57.74	62.62	62.95	70.38	25.41	54.46	27.37	62.74	19.59	56.0	17.27	67.06	14.41	52.55	11.38	55.59
98	3.267	60.99	55.96	61.67	54.98	60.79	53.59	50.48	49.25	54.48	52.51	46.17	54.41	49.07	59.55	50.08	61.85	53.3	70.81	57.88	62.51	62.9	70.48	25.29	54.09	27.24	62.45	19.56	55.56	17.21	66.65	14.59	51.85	11.32	54.7
99	3.3	61.22	55.86	61.94	55.02	61.03	53.55	50.74	49.5	54.68	52.6	46.41	54.25	49.19	59.29	50.44	61.36	53.47	70.39	58.23	62.43	63.3	70.51	25.44	53.36	27.28	61.7	19.76	54.71	17.2	65.73	14.64	51.02	10.91	53.67
100	3.333	61.32	56.18	62.05	55.37	61.16	53.87	50.82	49.7	54.83	52.78	46.53	54.13	49.2	59.2	50.27	61.1	53.52	70.12	58.15	62.47	63.5	70.63	25.5	52.85	27.24	61.25	20.03	54.16	17.27	65.29	14.76	50.56	11.12	53.38
101	3.367	61.53	56.43	62.28	55.6	61.39	54.08	51.03	49.69	54.96	52.78	46.58	54.01	49.27	59.13	50.43	60.85	53.86	69.93	58.24	62.5	63.99	70.85	25.35	52.5	27.04	60.98	19.97	53.69	17.16	64.87	15.07	49.85	11.4	52.61
102	3.4	62.44	56.98	63.07	55.7	62.06	54.48	52.8	48.73	55.11	52.24	47.3	52.69	49.66	58.52	49.88	61.23	54.56	70.6	58.54	63.38	63.07	70.5	26.92	52.32	28.73	61.07	22.16	54.06	19.97	66.09	16.77	49.79	14.7	54.17
103	3.433	62.44	56.55	63.14	55.35	62.07	54.05	53.04	48.6	55.22	51.92	47.55	52.5	49.68	58.01	50.14	61.72	54.26	70.79	58.67	63.79	62.78	70.99	27.06	52.17	28.75	60.71	22.07	53.93	19.94	65.62	16.94	49.95	14.88	54.07
104	3.467	62.49	56.03	63.22	54.84	62.09	53.5	53.12	48.3	55.15	51.56	47.49	52.45	49.56	58.02	50.16	61.87	54.07	71.15	58.52	63.96	62.42	71.19	26.98	52.2	28.66	60.76	21.99	53.98	19.98	65.63	16.97	49.96	15.02	53.88
105	3.5	62.61	55.65	63.3	54.44	62.24	53.09	52.86	47.99	55.15	51.34	47.1	52.48	49.32	58.27	49.76	61.93	53.51	71.33	58.17	63.98	62.07	70.91	26.52	52.52	28.32	61.19	21.6	54.3	19.75	66.11	16.52	50.22	14.75	54.21
106	3.533	62.11	55.23	62.69	53.81	61.93	52.74	51.88	47.42	55.43	51.4	47.16	53.27	49.47	58.97	49.89	62.91	52.83	71.31	57.82	63.02	62.64	70.47	25.78	51.91	27.52	60.44	19.76	54.14	17.38	65.63	14.89	48.96	12.1	53.09
107	3.567	62.1	55.48	62.68	54.06	61.97	52.96	51.88	47.49	55.55	51.44	47.07	53.26	49.57	59.06	49.63	63.17	52.23	71.75	57.35	63.15	62.2	70.4	25.79	52.1	27.68	60.64	19.62	54.42	17.47	65.88	14.94	49.15	12.09	53.12
108	3.6	62.75	55.72	63.48	54.31	62.47	52.9	52.19	47.67	55.96	51.61	47.68	53.4	49.99	59.24	48.77	63.37	50.52	71.53	56.19	62.78	60.39	70.68	25.97	53.73	28.1	62.21	20.26	55.46	18.34	66.49	14.63	49.62	12.43	53.62
109	3.633	61.96	55.43	62.44	54.14	61.91	53.05	51.65	47.72	55.79	51.61	46.94	53.1	49.5	58.21	49.25	63.25	50.41	70.97	57.08	63.76	60.82	73.15	26.05	51.56	28.09	59.54	19.77	54.31	17.83	64.88	16.16	48.6	12.86	52.72
110	3.667	61.91	55.67	62.45	54.48	61.86	53.31	51.96	47.98	55.85	51.66	47.19	52.74	49.52	57.43	48.95	62.95	49.75	70.01	56.65	64.26	59.4	73.52	26.36	51.0	28.29	58.71	19.78	53.51	17.62	63.77	16.44	48.17	12.96	52.22
111	3.7	61.96	55.76	62.51	54.65	61.89	53.45	52.07	48.32	55.93	51.87	47.39	52.82	49.55	57.08	48.86	62.91	49.57	69.26	56.5	64.33	59.0	73.43	26.68	50.84	28.49	58.3	19.96	53.29	17.57	63.24	16.63	48.11	12.95	52.16
112	3.733	62.17	55.68	62.73	54.65	62.1	53.4	52.26	48.43	56.12	51.91	47.62	52.68	49.53	56.86	48.97	62.24	49.44	68.53	56.53	63.95	58.82	73.32	26.74	50.43	28.36	57.88	19.98	52.61	17.29	62.57	16.65	47.63	12.78	51.7
113	3.767	62.21	55.55	62.8	54.56	62.18	53.23	52.35	48.39	56.18	51.71	47.66	52.8	49.47	56.69	48.72	62.3	49.36	68.11	56.24	63.87	58.75	73.24	26.69	50.34	28.21	57.65	20.01	52.7	17.29	62.47	16.74	47.62	13.01	51.66
114	3.8	62.28	55.35	62.91	54.4	62.23	53.04	52.46	48.48	56.12	51.72	47.72	53.16	49.27	56.78	48.51	62.24	48.93	67.53	56.21	63.71	58.3	73.03	26.91	50.38	28.24	57.5	20.31	52.95	17.54	62.53	16.9	47.95	13.44	52.08
115	3.833	62.44	54.98	63.11	54.09	62.36	52.65	52.73	48.41	56.15	51.48	47.91	53.41	49.24	56.76	48.42	62.13	48.51	67.03	55.64	63.68	57.77	72.79	27.12	50.62	28.28	57.57	20.18	53.17	17.38	62.51	16.71	48.11	13.23	52.02
116	3.867	62.55	54.96	63.27	54.12	62.46	52.63	52.99	48.44	56.23	51.43	48.18	53.36	49.27	56.55	48.43	61.7	47.87	66.32	55.48	63.74	56.87	72.41	27.31	50.61	28.34	57.46	20.09	53.08	17.28	62.35	16.38	48.03	12.97	51.9
117	3.9	62.58	54.86	63.31	54.07	62.48	52.55	53.13	48.48	56.32	51.39	48.39	53.31	49.3	56.25	48.36	61.5	47.34	65.76	55.28	63.83	55.95	72.58	27.55	50.47	28.51	57.14	20.17	52.97	17.36	62.02	16.51	47.94	13.17	51.83
118	3.933	62.73	54.89	63.46	54.09	62.6	52.55	53.19	48.51	56.28	51.45	48.39	53.5	49.08	56.35	47.96	61.42	46.9	65.27	54.81	63.7	55.02	72.19	27.44	50.36	28.27	57.0	20.01	52.55	16.99	61.63	16.46	47.57	13.26	51.66
119	3.967	62.72	54.69	63.44	53.96	62.62	52.39	53.16	48.61	56.4	51.45	48.45	53.53	49.1	56.21	47.9	61.24	46.8	64.77	54.62	63.91	54.48	72.29	27.42	50.33	28.21	56.85	19.95	52.36	16.79	61.29	16.62	47.62	13.37	51.67
120	4.0	62.83	54.47	63.56	53.73	62.7	52.18	53.25	48.44	56.39	51.39	48.58	53.54	49.01	56.31	48.02	61.08	46.55	64.71	54.68	63.78	53.94	72.31	27.4	50.21	28.07	56.79	19.86	52.18	16.59	61.2	16.51	47.44	13.34	51.63
121	4.033	62.9	54.58	63.62	53.87	62.76	52.3	53.37	48.65	56.47	51.54	48.8	53.82	49.11	56.39	48.23	61.21	46.62	64.51	54.93	63.98	53.77	72.55	27.63	50.38	28.24	56.82	20.05	52.48	16.75	61.35	16.59	47.78	13.5	51.95
122	4.067	63.0	54.54	63.72	53.83	62.82	52.27	53.48	48.76	56.48	51.7	48.95	54.17	49.1	56.78	48.19	61.28	46.53	64.52	54.77	64.18	53.53	72.52	27.88	50.68	28.39	57.1	20.5	52.95	17.16	61.82	16.94	48.26	14.02	52.55
123	4.1	63.1	54.63	63.76	53.88	62.95	52.35	53.37	48.68	56.59	51.74	48.93	54.12	49.05	57.08	48.25	60.99	46.43	64.71	54.65	64.25	53.08	72.75	27.86	50.73	28.39	57.32	20.65	52.76	17.25	61.86	17.05	48.26	14.29	52.62
124	4.133	63.25	55.15	63.89	54.38	63.11	52.86	53.41	49.05	56.79	52.15	49.02	54.36	49.25	57.19	48.42	61.39	46.4	64.86	55.04	64.4	53.16	72.98	27.9	50.88	28.52	57.43	20.54	53.0	17.19	62.03	17.04	48.29	14.17	52.71
125	4.167	63.28	55.45	63.92	54.7	63.19	53.17	53.43	49.31	56.96	52.42	48.97	54.46	49.51	57.39	48.34	61.38	46.68	64.95	55.06	64.59	53.27	73.21	27.97	50.97	28.8	57.54	20.77	53.11	17.62	62.12	17.48	48.62	14.76	52.98
126	4.2	63.5	55.73	64.09	55.0	63.45	53.48	53.45	49.62	57.24	52.76	49.03	54.7	49.71	57.6	48.49	61.32	46.71	64.76	55.01	64.76	53.04	73.39	27.92	51.04	28.86	57.57	20.67	53.24	17.66	62.18	17.62	48.68	14.99	53.01
127	4.233	63.51	55.9	64.11	55.21	63.47	53.63	53.38	50.03	57.34	53.07	49.19	55.17	49.78	58.15	48.97	61.95	47.26	65.7	55.61	64.92	54.42	73.13	27.96	51.16	28.82	57.77	20.99	53.66	17.97	62.72	17.42	49.03	14.78	53.26
128	4.267	63.7	55.86	64.27	55.14	63.64	53.6	53.43	49.88	57.46	53.06	49.24	55.0	50.04	58.24	49.31	62.25	47.79	66.43	55.88	65.09	55.08	73.22	27.96	51.21	28.97	57.99	20.97	53.55	18.03	62.8	17.15	48.88	14.33	53.04
129	4.3	63.78	56.03	64.36	55.31	63.74	53.74	53.46	49.89	57.47	53.05	49.22	54.99	50.0	58.03	49.16	61.94	47.85	65.68	55.75	64.91	55.02	73.22	27.62	51.06	28.61	57.81	20.33	53.09	17.2	62.28	16.57	48.39	13.63	52.56
130	4.333	63.74	55.84	64.27	55.11	63.71	53.57	53.2	49.7	57.42	52.98	49.0	54.8	49.9	58.03	49.16	61.95	48.17	65.96	55.88	64.88	55.3	73.39	27.23	50.9	28.3	57.78	20.1	52.64	16.79	62.02	16.32	48.16	13.25	52.43
131	4.367	63.41	55.75	63.96	55.03	63.38	53.5	52.96	49.61	57.17	52.81	48.75	54.57	49.74	57.62	48.87	61.58	47.95	65.52	55.86	64.74	55.15	73.98	27.12	51.2	28.24	58.01	19.61	52.93	16.2	62.21	15.7	48.67	12.32	52.9
132	4.4	63.39	55.41	63.95	54.53	63.29	53.12	52.88	49.03	56.97	52.45	48.7	54.33	49.8	57.77	49.68	63.28	49.45	68.02	57.04	64.72	57.81	73.71	26.79	51.08	27.95	58.23	19.68	53.35	16.38	63.06	15.28	48.69	11.67	53.0
133	4.433	63.84	55.56	64.38	54.43	63.55	52.96	52.7	48.41	57.02	52.22	48.85	53.98	50.35	58.64	49.77	62.61	50.05	68.84	57.66	64.2	59.0	73.03	26.58	52.84	28.27	60.72	19.93	54.44	17.18	64.87	14.34	48.62	11.76	52.98
134	4.467	63.52	55.76	64.09	54.59	63.28	53.11	52.44	48.42	56.86	52.16	48.62	53.95	50.42	58.82	50.02	62.97	51.05	69.73	58.26	63.81	60.52	71.95	26.21	53.26	28.06	61.31	19.84	54.97	17.14	65.62	13.97	49.38	11.29	53.46
135	4.5	62.64	55.56	63.14	54.47	62.53	53.25	52.05	48.96	56.59	52.5	48.37	54.48	50.69	58.85	51.68	64.17	53.16	71.15	59.86	64.49	63.1	72.57	26.89	53.72	28.73	61.45	19.82	55.9	16.96	66.28	14.48	51.61	10.22	55.13
136	4.533	63.1	55.99	63.62	54.72	62.71	53.39	52.13	48.76	56.34	52.6	48.38	54.71	51.05	59.79	50.54	63.92	53.15	71.26	59.14	64.09	62.61	71.57	26.68	55.5	29.06	63.57	20.69	57.69	18.43	68.38	14.18	52.93	11.37	56.78
137	4.567	62.75	56.47	63.33	55.18	62.43	53.8	52.16	49.12	56.24	52.79	48.27	54.97	50.94	60.1	50.05	64.5	52.93	71.95	58.29	64.74	62.24	71.92	26.9	56.09	29.24	64.1	21.26	58.94	19.19	69.52	15.07	54.73	12.64	58.41
138	4.6	62.58	57.35	63.21	56.06	62.3	54.63	52.42	49.62	56.23	53.19	48.47	54.92	50.85	60.24	49.61	64.37	52.13	72.17	57.45	65.43	60.97	72.51	27.34	55.95	29.52	63.99	22.01	59.06	19.85	69.71	15.65	54.79	13.36	58.48
139	4.633	62.58	58.28	63.22	57.04	62.34	55.57	52.48	50.52	56.27	54.07	48.45	55.53	50.73	61.05	49.58	64.65	51.53	72.8	57.11	65.73	60.48	72.91	27.55	56.02	29.65	64.12	22.39	59.06	20.26	69.72	16.57	54.58	14.28	58.17
140	4.667	62.42	59.15	63.08	58.0	62.25	56.48	52.59	51.45	56.38	54.84	48.54	55.73	50.5	61.31	49.47	64.55	50.88	72.88	57.13	66.52	59.91	74.04	27.9	55.62	29.81	63.66	23.52	58.75	21.32	69.34	18.02	54.33	15.98	58.04
141	4.7	62.48	59.97	63.16	58.89	62.37	57.29	52.81	52.13	56.55	55.4	48.67	55.87	50.52	61.53	49.38	64.33	50.35	72.95	56.75	67.07	59.41	74.77	28.18	55.51	30.03	63.57	23.87	58.77	21.58	69.31	18.62	54.26	16.41	57.77
142	4.733	62.83	60.44	63.5	59.41	62.79	57.71	53.12	52.63	57.0	55.69	48.95	56.27	50.8	61.82	49.71	64.62	50.66	73.26	57.05	67.61	59.75	75.19	28.38	55.84	30.22	63.88	24.34	59.02	22.03	69.5	19.03	54.54	16.89	57.77
143	4.767	62.94	60.7	63.59	59.74	62.92	58.0	53.23	52.99	57.18	56.02	49.07	56.6	50.76	62.01	49.45	64.77	50.2	73.07	56.63	68.73	59.06	76.18	28.45	56.38	30.25	64.27	24.62	59.33	22.17	69.67	19.27	55.18	17.22	58.5
144	4.8	62.62	60.4	63.2	59.31	62.64	58.09	52.92	53.21	57.05	56.61	48.94	57.55	50.6	62.33	50.98	66.84	50.98	74.29	57.62	67.93	60.18	77.32	28.37	56.27	29.82	63.86	22.16	58.39	19.68	68.34	18.59	53.59	15.18	56.96
145	4.833	63.26	60.84	63.74	59.98	63.22	58.28	53.01	53.69	57.47	56.75	49.1	57.44	51.09	62.35	49.88	65.54	50.95	72.95	57.59	69.84	59.97	76.7	28.73	57.18	30.74	64.78	25.1	59.81	22.66	69.83	19.56	56.23	17.44	59.64
146	4.867	62.55	60.85	63.08	59.8	62.6	58.54	52.38	53.86	57.13	57.28	48.69	58.23	50.49	62.94	50.73	68.32	51.11	75.48	57.36	68.93	59.71	77.78	27.65	57.75	29.31	65.28	21.53	59.73	18.95	69.65	17.45	55.41	14.17	58.8
147	4.9	62.34	60.86	62.84	59.81	62.37	58.56	52.08	54.12	56.86	57.49	48.35	58.74	50.3	63.18	50.03	68.89	50.84	75.35	56.91	69.31	59.51	77.43	28.01	58.71	29.78	66.0	21.84	60.59	19.42	70.21	17.66	56.48	14.7	59.9
148	4.933	62.49	61.15	63.0	60.18	62.46	58.87	52.33	54.5	56.67	57.75	48.39	58.81	50.18	63.26	50.49	68.02	50.73	75.09	58.46	68.5	60.09	76.05	28.21	58.92	29.77	66.43	21.6	62.0	19.17	72.13	16.85	58.61	13.58	62.27
149	4.967	62.66	61.01	63.23	60.55	62.66	58.53	51.52	55.31	56.77	57.88	47.51	59.55	50.26	64.66	49.68	65.31	51.77	73.99	57.72	65.86	60.41	71.54	26.77	59.38	29.03	67.67	21.83	61.0	19.13	71.85	16.44	58.5	13.07	60.57
150	5.0	62.53	60.83	63.0	60.43	62.65	58.43	51.22	55.33	57.04	57.84	47.48	59.48	50.57	64.66	49.92	63.99	52.28	72.93	58.19	64.71	60.26	69.64	26.7	59.67	29.27	67.88	21.83	61.56	19.32	72.4	15.74	59.4	12.75	61.24
151	5.033	61.82	60.76	62.23	60.0	61.98	58.55	51.37	54.65	56.47	57.52	48.12	58.17	49.97	64.11	51.27	63.29	51.63	72.56	58.82	64.01	59.28	65.94	27.85	60.7	29.61	68.95	21.34	63.04	18.93	74.63	13.47	61.12	11.19	63.91
152	5.067	62.57	60.66	62.95	60.3	62.78	58.32	50.93	55.28	57.33	57.79	47.61	59.54	50.76	64.93	50.01	63.02	52.56	72.3	58.81	63.4	60.34	67.42	26.77	60.54	29.57	68.81	21.99	62.82	19.77	73.92	14.23	60.86	12.22	62.82
153	5.1	62.29	61.03	62.58	59.97	62.39	58.74	50.75	54.1	56.79	57.84	47.99	58.74	50.6	64.95	50.56	65.7	52.2	74.55	58.45	64.81	60.11	67.04	27.0	61.79	29.6	69.98	21.18	63.75	19.17	74.91	13.22	60.88	11.65	63.97
154	5.133	62.29	61.63	62.78	60.62	62.24	59.34	51.97	54.88	56.5	58.1	48.64	59.06	50.55	64.34	51.86	66.39	52.89	74.58	60.07	66.08	61.48	69.58	27.9	61.26	29.65	69.38	20.85	64.22	18.45	75.55	13.13	61.46	10.32	64.79
155	5.167	62.29	61.65	62.75	60.61	62.25	59.31	51.72	54.98	56.58	58.23	48.4	59.51	50.77	64.67	51.89	67.23	53.43	75.62	60.84	67.1	62.72	72.57	27.64	61.48	29.62	69.64	20.55	64.47	18.21	75.71	13.08	61.48	9.98	64.91
156	5.2	62.33	61.43	62.66	60.31	62.2	59.21	51.42	54.98	56.66	58.62	48.27	60.31	51.15	64.99	51.69	69.37	54.53	77.06	60.94	69.8	64.67	78.07	27.46	61.63	29.72	69.54	20.8	64.88	18.42	75.73	13.65	61.38	10.13	65.5
157	5.233	62.29	61.74	62.58	60.59	62.2	59.51	51.21	55.22	56.79	58.92	48.17	60.68	51.21	65.24	51.77	70.25	54.5	77.78	60.82	71.23	64.97	80.18	26.95	61.64	29.32	69.47	20.39	65.32	18.0	76.01	13.6	61.47	9.73	65.63
158	5.267	62.41	61.86	62.7	60.7	62.29	59.68	51.22	55.32	56.75	59.19	48.19	60.73	51.1	65.46	51.73	70.49	54.52	78.01	60.74	71.17	64.79	79.39	26.9	61.71	29.22	69.62	20.47	65.41	17.97	76.29	13.34	61.78	9.62	66.1
159	5.3	62.78	62.5	63.1	61.17	62.57	60.0	51.13	54.89	56.69	59.12	47.78	60.29	51.36	66.2	50.02	69.93	53.6	78.46	58.74	71.68	63.28	79.11	26.05	61.92	29.07	70.39	20.82	65.28	19.03	76.66	13.28	61.81	10.86	66.16
160	5.333	62.77	62.84	63.13	61.53	62.56	60.31	51.25	55.18	56.69	59.3	47.84	60.57	51.33	66.22	49.69	70.48	53.16	78.67	58.5	72.1	63.03	79.85	26.19	62.41	29.17	70.75	20.87	65.66	19.11	76.87	13.29	62.33	10.9	66.72
161	5.367	62.62	62.99	62.95	61.69	62.42	60.47	51.03	55.32	56.55	59.48	47.56	60.6	51.19	66.32	49.26	70.68	52.85	78.98	58.08	72.16	62.6	80.18	26.02	62.49	29.12	70.84	20.87	65.78	19.07	76.98	13.28	62.4	10.69	66.85
162	5.4	62.45	62.73	62.77	61.41	62.23	60.17	50.89	55.31	56.35	59.42	47.41	61.02	51.01	66.71	49.17	71.08	52.84	79.41	58.15	72.05	62.72	80.16	25.98	63.04	29.04	71.38	21.06	65.8	19.25	76.97	13.49	62.33	10.97	66.79
163	5.433	62.23	62.59	62.57	61.26	61.94	60.07	50.91	55.32	56.09	59.41	47.49	61.1	50.9	66.6	49.1	71.1	52.81	79.1	57.95	72.08	62.58	80.33	26.26	63.02	29.16	71.23	21.01	65.91	19.02	76.92	13.71	62.36	11.04	66.86
164	5.467	62.22	62.65	62.56	61.32	61.97	60.09	50.95	55.27	56.14	59.32	47.51	60.98	50.89	66.66	49.16	70.69	52.29	79.15	57.76	72.24	61.9	80.66	26.4	63.05	29.32	71.31	21.21	65.76	19.39	76.8	13.85	62.14	11.33	66.49
165	5.5	61.98	62.74	62.33	61.39	61.76	60.16	50.85	55.35	56.02	59.34	47.39	61.05	50.71	66.79	48.99	70.82	52.05	79.39	57.53	72.54	61.62	80.81	26.44	63.09	29.31	71.34	21.49	65.86	19.7	76.9	14.26	62.21	11.89	66.53
166	5.533	61.96	62.77	62.3	61.44	61.71	60.22	50.87	55.48	55.95	59.44	47.49	61.17	50.68	66.88	49.11	70.71	52.25	79.36	57.67	72.34	61.82	80.79	26.61	63.2	29.38	71.44	21.57	65.89	19.54	76.93	14.21	62.26	11.57	66.54
167	5.567	61.85	62.42	62.39	61.79	61.6	60.12	50.92	56.88	55.42	59.88	46.87	61.85	49.98	67.26	50.78	69.64	52.81	80.26	58.91	73.25	61.42	82.39	25.7	62.49	28.04	71.09	19.74	65.62	17.76	77.14	12.95	62.19	9.24	65.08
168	5.6	62.06	63.64	62.46	62.37	61.85	61.09	51.03	56.29	56.08	60.2	47.44	61.67	50.58	67.38	48.69	70.86	51.81	79.37	57.29	72.46	61.66	81.11	26.51	63.55	29.19	71.81	21.56	65.85	19.49	76.87	14.71	62.06	12.21	66.47
169	5.633	62.14	64.33	62.53	63.13	61.98	61.81	51.14	56.93	56.29	60.77	47.59	61.96	50.74	67.58	48.89	70.98	51.85	79.4	57.43	72.69	61.68	81.14	26.6	63.44	29.27	71.66	21.37	65.87	19.27	76.83	14.84	61.99	12.18	66.23
170	5.667	62.28	64.62	62.61	63.42	62.1	62.14	51.16	57.24	56.34	61.12	47.67	62.33	50.7	67.82	49.06	71.21	51.84	79.3	57.51	72.79	61.65	81.19	26.77	63.8	29.38	71.93	21.48	65.84	19.32	76.67	15.27	61.83	12.65	66.12
171	5.7	62.26	65.08	62.64	63.88	62.09	62.63	51.28	57.63	56.37	61.56	47.84	62.41	50.62	67.95	49.3	71.18	51.84	79.38	57.53	72.77	61.77	81.29	26.58	63.69	29.02	71.85	21.25	65.73	18.84	76.6	15.27	61.93	12.37	66.24
172	5.733	62.36	65.31	62.74	64.16	62.21	62.86	51.38	57.93	56.5	61.79	47.92	62.6	50.64	68.14	49.38	71.21	51.66	79.48	57.55	72.83	61.67	81.5	26.62	63.74	29.03	71.9	21.36	65.97	18.98	76.8	15.54	62.13	12.71	66.36
173	5.767	62.29	65.52	62.65	64.38	62.16	63.07	51.22	58.18	56.46	62.03	47.76	62.8	50.49	68.3	49.17	71.41	51.62	79.53	57.28	73.13	61.62	81.66	26.41	63.64	28.83	71.75	21.44	65.93	19.04	76.69	15.64	61.95	12.91	66.19
174	5.8	62.32	65.52	62.68	64.37	62.16	63.09	51.26	58.21	56.44	62.09	47.81	62.85	50.41	68.25	49.07	71.54	51.51	79.39	57.12	73.18	61.38	81.66	26.4	63.68	28.76	71.71	21.41	66.04	19.0	76.73	15.64	62.29	13.05	66.66
175	5.833	62.22	65.44	62.59	64.31	62.06	63.03	51.19	58.23	56.33	62.1	47.77	62.85	50.34	68.21	49.07	71.54	51.47	79.34	57.11	73.31	61.31	81.79	26.48	63.75	28.81	71.75	21.32	66.08	18.89	76.7	15.6	62.29	12.97	66.59
176	5.867	62.2	65.46	62.54	64.33	62.04	63.07	51.04	58.31	56.3	62.24	47.61	63.03	50.23	68.44	48.9	71.74	51.37	79.54	56.97	73.51	61.19	82.02	26.21	64.07	28.61	72.07	21.1	66.17	18.71	76.82	15.34	62.39	12.86	66.77
177	5.9	62.1	65.49	62.44	64.35	61.94	63.09	50.94	58.33	56.19	62.28	47.48	63.12	50.12	68.6	48.77	71.8	51.15	79.68	56.94	73.56	61.06	82.05	26.16	64.14	28.56	72.17	21.15	66.15	18.79	76.84	15.39	62.28	12.98	66.73
178	5.933	62.17	65.46	62.51	64.33	61.98	63.08	51.05	58.33	56.18	62.31	47.61	63.18	50.18	68.63	48.73	71.84	51.14	79.7	56.94	73.47	61.0	82.0	26.47	64.38	28.83	72.41	21.36	66.15	18.9	76.89	15.44	62.42	12.95	66.96
179	5.967	62.09	65.42	62.45	64.29	61.87	63.04	51.07	58.34	56.07	62.29	47.6	63.23	50.17	68.68	48.68	71.81	51.01	79.72	56.97	73.4	60.79	81.9	26.64	64.68	29.01	72.67	21.55	66.31	19.16	77.02	15.47	62.67	13.08	67.19
180	6.0	62.07	65.54	62.43	64.38	61.83	63.15	51.0	58.37	55.97	62.39	47.56	63.31	50.1	68.78	48.6	72.02	50.84	79.9	56.94	73.47	60.54	81.56	26.6	64.95	29.0	72.94	21.44	66.62	19.1	77.38	15.06	63.23	12.76	67.82
181	6.033	62.02	65.46	62.38	64.28	61.76	63.07	50.96	58.26	55.84	62.32	47.48	63.24	49.99	68.83	48.46	71.95	50.52	80.0	56.81	73.61	60.22	81.66	26.66	65.05	29.07	73.09	21.56	66.58	19.28	77.41	15.1	63.24	12.94	67.91
182	6.067	61.98	65.55	62.38	64.37	61.72	63.14	51.11	58.28	55.84	62.25	47.6	63.2	50.02	68.69	48.45	72.03	50.55	79.99	56.72	73.6	60.11	81.63	26.82	65.04	29.17	73.02	21.71	66.72	19.41	77.47	15.16	63.48	13.01	68.05
183	6.1	61.91	65.65	62.35	64.48	61.67	63.2	51.17	58.3	55.81	62.17	47.6	63.13	49.94	68.58	48.2	72.05	50.25	80.02	56.42	73.47	59.76	81.59	26.91	65.04	29.22	72.99	21.84	66.81	19.54	77.51	15.23	63.54	13.17	68.06
184	6.133	61.89	65.48	62.25	64.3	61.66	63.37	51.13	58.35	55.52	62.51	47.01	62.58	49.56	68.05	49.98	72.67	51.7	81.21	57.91	74.24	61.35	82.26	26.03	63.6	28.12	71.85	18.7	66.04	16.34	77.32	13.39	62.79	9.68	67.13
185	6.167	61.84	65.45	62.2	64.27	61.58	63.36	51.14	58.34	55.41	62.53	46.99	62.53	49.46	67.97	49.99	72.55	51.41	81.14	57.92	74.27	60.92	82.89	26.09	63.41	28.15	71.64	18.7	65.96	16.29	77.18	13.57	62.66	9.73	67.06
186	6.2	61.75	65.49	62.1	64.32	61.5	63.4	51.01	58.36	55.31	62.56	46.85	62.52	49.28	68.01	49.67	72.44	51.12	81.07	57.63	74.21	60.62	83.01	25.99	63.39	28.04	71.63	18.68	66.03	16.24	77.27	13.41	62.75	9.68	67.22
187	6.233	61.68	65.4	62.03	64.24	61.43	63.3	51.01	58.26	55.26	62.41	46.85	62.43	49.23	67.76	49.48	72.47	50.65	80.88	57.37	74.33	60.1	83.22	26.03	63.31	28.07	71.44	18.52	66.15	16.21	77.25	13.3	62.89	9.68	67.37
188	6.267	61.68	65.44	62.02	64.25	61.4	63.33	51.05	58.23	55.21	62.4	46.97	62.53	49.16	67.8	49.42	72.48	50.05	80.8	57.31	74.34	59.48	83.28	26.36	63.27	28.31	71.34	18.75	66.47	16.38	77.54	13.39	63.06	9.69	67.67
189	6.3	61.56	65.49	61.91	64.3	61.27	63.36	51.0	58.27	55.09	62.39	46.87	62.64	49.02	67.65	49.0	72.8	49.65	80.56	56.83	74.41	58.86	83.16	26.32	63.55	28.26	71.45	18.62	66.71	16.29	77.57	13.32	63.13	9.76	67.79
190	6.333	61.58	65.58	61.96	64.33	61.25	63.42	51.14	58.18	55.0	62.37	47.02	62.71	48.95	67.77	49.0	72.86	49.38	80.65	56.71	74.47	58.5	83.23	26.34	63.54	28.15	71.48	18.49	66.84	16.08	77.83	13.03	63.16	9.54	67.96
191	6.367	61.51	65.56	61.89	64.32	61.17	63.39	51.16	58.2	54.98	62.32	47.09	62.84	48.93	67.64	48.84	72.99	49.01	80.39	56.58	74.7	58.0	83.68	26.47	63.56	28.24	71.35	18.49	67.12	16.06	77.9	12.98	63.33	9.45	68.17
192	6.4	61.52	65.47	61.9	64.24	61.17	63.29	51.14	58.14	54.93	62.27	46.98	62.88	48.87	67.62	48.5	73.06	48.64	80.27	56.17	74.64	57.71	83.62	26.39	63.5	28.21	71.23	18.36	67.16	16.02	77.87	12.92	63.22	9.43	68.1
193	6.433	61.55	65.44	61.93	64.19	61.19	63.26	51.13	58.15	54.95	62.3	47.01	63.02	48.86	67.74	48.65	73.05	48.47	80.3	56.42	74.51	57.68	83.65	26.41	63.47	28.2	71.2	18.36	67.2	16.05	77.91	12.95	63.13	9.44	68.06
194	6.467	61.53	65.39	61.91	64.17	61.19	63.2	51.09	58.17	54.95	62.27	46.96	63.04	48.82	67.79	48.52	72.93	48.26	80.26	56.24	74.39	57.49	83.56	26.49	63.51	28.28	71.24	18.53	67.29	16.25	77.97	13.09	63.22	9.6	68.11
195	6.5	61.59	65.44	61.96	64.2	61.23	63.24	51.12	58.13	54.94	62.32	47.03	63.03	48.77	67.9	48.5	72.73	47.94	80.24	56.18	74.41	57.13	83.69	26.48	63.5	28.22	71.32	18.28	67.17	15.91	78.01	12.65	63.17	9.08	68.17
196	6.533	61.58	65.45	61.98	64.24	61.22	63.27	51.18	58.26	54.92	62.42	47.07	63.24	48.73	67.98	48.28	72.51	47.54	79.8	56.07	74.31	56.89	83.91	26.63	63.44	28.32	71.17	18.36	67.24	15.97	77.98	12.6	63.37	9.05	68.46
197	6.567	61.66	65.54	62.1	64.34	61.25	63.34	51.4	58.43	54.87	62.62	47.31	63.58	48.6	68.21	48.08	72.55	46.91	79.46	55.66	74.82	55.71	84.11	26.67	63.49	28.15	71.16	18.11	67.26	15.52	77.99	12.21	63.51	8.78	68.73
198	6.6	61.34	65.28	62.01	64.62	61.11	63.02	50.94	59.53	54.92	62.61	47.0	63.96	48.08	68.61	47.86	71.24	46.02	79.18	53.47	74.98	53.94	84.82	26.61	63.85	27.78	71.46	19.44	66.55	16.88	76.71	13.66	63.08	10.06	66.26
199	6.633	61.39	65.37	62.14	64.8	61.15	63.08	51.17	59.84	54.91	62.69	47.13	64.18	48.05	68.47	47.83	71.2	45.44	78.75	53.59	74.96	52.9	85.1	26.73	63.86	27.81	71.28	19.16	66.64	16.6	76.51	13.35	63.14	9.76	66.09
200	6.667	61.41	65.58	62.17	65.01	61.17	63.3	51.23	59.94	54.91	62.84	47.13	64.16	47.99	68.57	47.59	70.76	44.73	78.4	53.16	75.14	51.57	85.37	26.81	63.92	27.93	71.34	19.03	66.56	16.57	76.43	13.36	63.28	9.97	66.25
201	6.7	61.48	65.82	62.26	65.26	61.25	63.53	51.34	60.12	54.96	63.01	47.18	64.28	48.02	68.7	47.53	70.58	44.42	78.24	52.96	75.06	51.09	85.47	26.77	63.89	27.89	71.32	18.82	66.5	16.39	76.37	13.14	63.1	9.76	66.02
202	6.733	61.65	65.93	62.41	65.4	61.45	63.63	51.26	60.22	55.1	63.15	47.13	64.41	47.99	68.76	47.23	70.73	44.1	78.05	52.69	75.25	50.51	85.38	26.45	63.96	27.63	71.38	18.36	66.44	15.88	76.34	12.36	62.81	9.07	65.84
203	6.767	61.66	66.14	62.41	65.64	61.45	63.85	51.26	60.5	55.1	63.36	47.13	64.63	48.02	68.71	46.97	71.12	44.18	77.86	52.46	75.35	50.79	84.82	26.58	64.02	27.75	71.29	18.43	66.53	15.99	76.28	12.25	62.8	9.0	65.86
204	6.8	61.65	66.08	62.39	65.6	61.43	63.81	51.21	60.48	55.13	63.36	47.17	64.61	48.0	68.58	46.85	71.16	43.98	77.6	52.38	75.3	50.44	84.17	26.54	64.12	27.68	71.31	18.43	66.76	15.93	76.49	12.03	63.08	8.76	66.26
205	6.833	61.59	66.24	62.31	65.72	61.37	63.95	51.03	60.47	55.04	63.38	47.06	64.6	47.99	68.53	46.66	71.35	44.06	77.64	52.35	75.3	50.65	83.72	26.53	64.4	27.76	71.58	18.27	67.12	15.8	76.9	11.33	63.55	8.12	66.78
206	6.867	61.56	65.9	62.24	65.37	61.33	63.62	50.88	60.21	55.02	63.16	47.0	64.47	48.01	68.54	46.65	71.34	44.16	77.84	52.57	75.05	50.92	83.16	26.69	64.75	28.0	71.98	18.6	67.54	16.15	77.41	11.4	64.23	8.2	67.5
207	6.9	61.44	65.88	62.14	65.36	61.25	63.6	50.84	60.18	55.02	63.11	46.99	64.23	47.98	68.51	46.87	70.79	44.36	77.83	52.83	74.7	51.05	83.34	26.64	64.35	27.94	71.69	18.91	67.3	16.37	77.27	11.69	64.08	8.44	67.3
208	6.933	61.27	65.85	61.95	65.31	61.11	63.58	50.67	60.22	54.99	63.1	46.74	64.31	47.94	68.53	46.94	71.07	44.54	78.09	53.02	74.59	51.29	83.72	26.42	64.33	27.82	71.61	18.92	67.51	16.49	77.32	12.45	64.21	9.09	67.35
209	6.967	61.29	65.83	61.99	65.28	61.12	63.56	50.8	60.24	55.02	63.13	46.85	64.34	47.96	68.58	47.12	71.28	44.73	78.35	53.07	74.84	51.73	83.96	26.42	64.39	27.71	71.71	18.95	67.65	16.49	77.49	12.78	64.37	9.34	67.53
210	7.0	61.33	66.21	62.02	65.68	61.19	63.93	50.73	60.6	55.17	63.44	46.8	64.57	48.1	68.73	47.0	71.61	44.88	78.54	53.02	75.28	51.93	84.46	26.16	64.43	27.55	71.75	18.65	68.11	16.25	77.95	12.44	64.67	8.95	67.85
211	7.033	61.63	67.15	62.37	66.66	61.5	64.85	51.2	61.35	55.2	64.19	46.81	65.09	48.05	69.48	47.31	72.0	45.22	79.79	53.89	76.55	52.96	85.82	25.66	64.2	26.89	71.88	18.12	68.95	15.76	79.35	12.2	66.32	8.53	69.71
212	7.067	61.37	67.72	62.08	67.23	61.32	65.43	50.86	61.82	55.21	64.73	46.7	65.33	47.99	69.98	47.16	72.18	45.22	80.28	53.76	76.97	52.85	86.18	25.45	64.73	26.75	72.53	17.98	69.0	15.44	79.59	11.73	66.51	8.0	69.96
213	7.1	61.37	68.05	62.06	67.56	61.36	65.73	50.78	62.04	55.29	64.89	46.61	65.46	48.05	70.05	46.97	72.55	45.18	80.55	53.65	77.16	52.86	86.23	25.5	65.01	26.92	72.77	18.1	69.35	15.66	79.86	11.72	66.97	8.09	70.33
214	7.133	61.63	68.01	62.37	67.53	61.56	65.71	51.04	62.04	55.26	64.88	46.64	65.52	48.06	69.94	46.97	72.54	45.1	80.18	53.71	77.01	52.84	86.0	25.7	65.2	27.12	72.86	18.06	69.46	15.8	79.81	11.73	67.19	8.28	70.48
215	7.167	61.56	68.04	62.29	67.49	61.49	65.69	50.72	61.84	55.34	64.81	46.63	65.26	48.15	69.78	46.65	72.02	44.67	79.25	52.91	76.03	51.69	85.27	25.83	65.47	27.48	73.03	18.11	68.57	15.84	78.66	11.56	65.53	8.43	68.69
216	7.2	61.62	67.99	62.39	67.47	61.53	65.7	51.07	61.95	55.08	64.96	46.62	65.54	47.83	70.26	47.19	71.96	45.05	80.05	53.67	76.54	52.62	86.01	25.25	64.75	26.5	72.61	17.45	68.75	14.99	79.36	11.38	66.52	7.85	69.89
217	7.233	61.47	68.01	62.2	67.48	61.41	65.78	50.78	62.0	55.01	65.12	46.35	65.61	47.63	70.28	47.12	72.09	44.98	79.86	53.45	76.78	52.35	86.37	24.67	64.42	25.95	72.22	16.92	68.35	14.35	78.87	11.62	66.27	7.98	69.73
218	7.267	61.33	68.01	62.03	67.44	61.24	65.8	50.74	62.0	54.89	65.15	46.36	65.8	47.68	70.13	46.84	72.41	44.59	79.5	53.05	77.04	51.34	86.67	25.03	64.34	26.36	71.88	17.03	68.42	14.53	78.63	12.08	66.46	8.49	70.01
219	7.3	61.28	67.98	61.98	67.39	61.13	65.8	50.86	62.13	54.8	65.28	46.5	66.17	47.64	70.21	46.68	72.78	44.27	79.3	52.64	77.55	50.75	87.07	25.38	64.7	26.58	72.01	17.14	68.61	14.59	78.59	12.51	66.79	8.93	70.43
220	7.333	61.25	68.2	61.91	67.51	61.05	65.88	50.5	61.97	54.75	65.21	46.54	66.07	47.74	70.15	46.42	72.48	43.71	78.68	52.31	77.19	49.7	87.43	25.73	64.85	27.21	72.1	17.29	68.03	14.96	77.79	11.58	64.88	8.67	68.47
221	7.367	61.35	68.64	61.99	67.78	61.1	66.27	50.48	61.92	54.69	65.58	46.65	66.27	47.69	71.15	46.63	73.37	43.86	80.67	52.55	78.32	50.12	88.74	25.71	65.27	27.15	73.02	17.44	68.03	15.07	78.48	11.53	65.0	8.91	69.03
222	7.4	61.43	69.61	62.06	68.73	61.19	67.23	50.48	62.58	54.74	66.32	46.68	66.64	47.79	71.67	46.35	73.31	43.62	80.65	52.03	79.1	48.53	89.33	25.73	65.78	27.3	73.53	17.41	68.34	14.99	78.88	10.99	65.32	8.68	69.38
223	7.433	61.41	70.51	62.08	69.63	61.25	68.04	50.55	63.02	54.83	66.6	46.59	66.76	47.85	71.77	45.98	73.34	43.31	80.64	51.82	79.47	48.05	89.04	25.97	66.36	27.72	74.05	17.91	69.12	15.67	79.57	11.25	66.39	9.22	70.21
224	7.467	61.3	70.64	61.96	69.87	61.2	68.37	51.0	63.52	54.8	66.95	46.71	67.11	47.71	72.01	46.53	74.02	43.16	81.71	51.88	80.57	48.07	89.62	26.57	66.69	28.02	74.19	18.73	70.1	16.45	80.36	13.0	68.48	10.28	71.96
225	7.5	61.3	71.07	61.97	70.32	61.2	68.85	51.1	63.96	54.72	67.44	46.63	67.38	47.57	72.31	46.66	73.87	43.34	81.49	51.87	80.54	48.19	89.86	26.37	66.33	27.73	73.84	18.78	69.39	16.4	79.57	13.9	67.36	11.14	70.83
226	7.533	61.24	71.22	61.97	70.48	61.15	68.96	51.31	64.19	54.64	67.55	46.61	67.62	47.39	72.57	46.64	73.85	43.4	81.48	51.61	80.62	48.21	90.08	26.19	65.81	27.34	73.35	18.91	68.6	16.42	78.71	15.01	66.16	12.24	69.5
227	7.567	61.41	71.65	61.76	70.26	61.24	69.49	51.11	63.04	55.04	67.99	47.1	67.54	47.86	72.7	45.97	74.37	43.91	80.27	51.45	79.89	48.27	89.8	25.78	65.15	27.2	72.71	17.57	67.46	14.5	78.14	13.37	63.72	11.71	69.78
228	7.6	61.42	71.47	61.78	70.05	61.25	69.3	51.31	63.03	55.05	67.9	47.4	67.87	47.85	72.99	46.71	74.35	43.82	80.29	51.7	79.7	48.1	89.63	26.44	65.15	27.62	72.55	18.45	67.34	15.4	77.71	14.95	63.34	13.41	69.08
229	7.633	61.41	71.24	61.81	69.79	61.24	69.0	51.35	62.87	54.99	67.64	47.34	68.22	47.79	73.0	46.38	74.88	43.6	80.09	51.35	80.1	47.82	89.76	26.24	65.42	27.39	72.63	18.05	68.07	15.13	78.2	14.87	63.79	13.55	69.51
230	7.667	61.35	71.16	61.77	69.7	61.19	68.93	51.36	62.84	54.98	67.62	47.38	68.27	47.5	72.94	46.28	74.69	43.23	79.58	51.2	79.72	47.37	89.61	26.13	65.73	27.04	72.87	17.99	68.24	14.9	78.26	15.42	64.32	14.41	70.22
231	7.7	61.24	70.94	61.65	69.45	61.06	68.68	51.27	62.63	54.84	67.39	47.33	68.25	47.34	72.79	46.09	74.79	43.0	79.39	50.87	79.64	46.97	89.48	26.09	66.26	26.96	73.28	17.76	68.82	14.71	78.7	15.11	65.25	14.33	71.13
232	7.733	61.22	70.76	61.6	69.3	61.07	68.51	51.14	62.59	54.87	67.33	47.33	68.29	47.21	72.85	46.16	74.6	42.92	79.29	50.79	79.65	46.75	89.63	25.99	66.23	26.77	73.27	17.67	68.32	14.35	78.24	15.09	64.74	14.16	70.58
233	7.767	61.31	70.66	61.67	69.2	61.16	68.42	51.01	62.51	54.89	67.33	47.25	68.26	47.14	72.85	46.18	74.57	42.69	79.23	50.82	79.67	46.59	89.62	25.71	66.27	26.52	73.35	17.25	68.47	13.92	78.44	14.57	64.98	13.61	70.91
234	7.8	61.14	70.79	61.49	69.33	61.01	68.53	50.82	62.64	54.79	67.4	47.12	68.34	47.02	72.78	45.94	74.69	42.51	79.11	50.58	79.74	46.33	89.69	25.56	66.32	26.38	73.33	17.01	68.5	13.65	78.39	14.27	65.02	13.32	70.95
235	7.833	61.19	70.98	61.54	69.5	61.01	68.73	50.95	62.72	54.71	67.52	47.19	68.36	47.04	72.85	45.96	74.66	42.43	79.19	50.55	79.69	46.17	89.66	25.85	66.2	26.65	73.22	17.24	68.31	13.91	78.22	14.36	64.68	13.37	70.59
236	7.867	61.67	71.26	62.19	70.09	61.33	69.11	52.39	63.57	54.48	67.76	47.81	68.22	46.71	72.59	45.72	74.29	42.41	79.44	50.38	81.61	45.79	90.02	26.87	66.44	27.02	73.53	19.61	68.54	15.82	78.74	16.13	66.06	14.44	71.97
237	7.9	61.62	71.36	62.13	70.17	61.27	69.21	52.26	63.57	54.41	67.88	47.64	68.2	46.71	72.71	45.39	74.21	42.37	79.48	49.9	81.55	45.69	89.99	26.52	66.39	26.79	73.59	19.09	68.42	15.36	78.77	15.4	65.91	13.72	71.93
238	7.933	61.11	71.34	61.45	69.94	60.96	69.13	50.78	63.07	54.7	67.88	46.91	68.16	47.1	72.81	45.35	74.29	42.32	79.15	49.68	79.62	45.95	89.61	25.63	66.05	26.67	73.18	16.77	67.72	13.49	77.76	13.51	64.34	12.28	70.15
239	7.967	60.92	70.92	61.66	70.23	60.81	68.64	51.12	64.47	54.17	67.56	46.46	68.52	46.53	72.65	46.09	73.5	41.62	79.7	50.6	79.8	45.41	89.95	26.3	66.39	27.0	73.35	18.38	68.54	15.58	77.82	15.68	66.3	13.24	69.48
240	8.0	60.95	70.84	61.67	70.14	60.85	68.55	51.01	64.34	54.19	67.48	46.48	68.34	46.53	72.61	46.0	73.29	41.64	79.76	50.63	79.7	45.52	89.96	26.39	66.4	27.1	73.46	18.4	68.38	15.49	77.85	15.06	66.22	12.63	69.5
241	8.033	61.44	71.57	62.19	70.88	61.37	68.85	51.08	63.89	54.92	66.92	46.36	66.78	47.62	72.18	44.66	71.93	42.15	80.34	50.36	78.74	46.11	89.89	26.05	66.01	27.89	73.89	19.62	69.14	17.56	79.5	14.27	66.25	13.02	69.64
242	8.067	61.0	70.92	61.72	70.25	60.89	68.65	50.98	64.44	54.17	67.6	46.4	68.46	46.53	72.62	45.87	73.58	41.63	79.73	50.47	80.05	45.42	90.03	26.15	66.47	26.92	73.47	18.1	68.56	15.24	77.95	14.63	66.22	12.2	69.48
243	8.1	60.89	71.01	61.61	70.33	60.79	68.72	50.86	64.46	54.12	67.61	46.37	68.52	46.5	72.56	45.67	73.77	41.51	79.7	50.35	80.3	45.37	90.05	26.04	66.69	26.83	73.65	17.84	69.0	14.98	78.39	13.94	66.67	11.53	69.99
244	8.133	60.89	70.84	61.61	70.13	60.76	68.54	50.87	64.24	54.1	67.48	46.47	68.51	46.52	72.61	45.78	73.74	41.54	79.74	50.33	80.3	45.3	90.21	25.78	66.43	26.51	73.47	17.33	68.59	14.3	78.15	13.24	66.11	10.68	69.53
245	8.167	60.88	70.81	61.6	70.09	60.76	68.52	50.79	64.16	54.12	67.51	46.52	68.47	46.59	72.73	45.83	73.77	41.55	80.03	50.38	80.37	45.28	90.39	25.6	66.36	26.37	73.51	17.09	68.54	14.02	78.3	12.45	65.86	9.82	69.43
246	8.2	60.75	70.97	61.48	70.23	60.61	68.68	50.69	64.3	54.05	67.71	46.57	68.7	46.51	72.93	46.02	74.08	41.49	80.34	50.73	80.16	45.39	90.33	25.25	66.53	25.95	73.72	16.62	68.87	13.42	78.72	11.71	66.03	8.91	69.74
247	8.233	60.62	71.24	61.35	70.42	60.44	68.95	50.7	64.32	53.9	67.85	46.6	68.85	46.52	73.0	46.02	74.58	41.34	80.57	50.89	80.38	45.57	90.22	25.36	66.68	26.06	73.84	16.56	69.21	13.51	79.06	11.59	66.0	8.87	69.92
248	8.267	60.61	71.37	61.33	70.56	60.45	69.09	50.59	64.42	53.96	68.01	46.56	68.81	46.54	73.17	46.12	74.5	41.47	80.88	50.98	80.29	45.93	90.13	25.17	66.62	25.93	73.92	16.4	68.95	13.32	78.98	11.29	65.9	8.51	69.82
249	8.3	60.67	72.0	61.43	71.18	60.51	69.57	50.27	64.64	54.02	68.19	46.2	68.23	46.81	73.02	45.75	73.05	41.71	80.1	51.16	78.59	46.6	89.93	25.0	66.23	26.28	73.81	16.27	68.45	13.7	78.59	10.7	64.61	8.47	68.35
250	8.333	60.63	72.23	61.44	71.41	60.48	69.78	50.3	64.75	54.08	68.19	46.19	68.1	46.88	72.83	45.96	73.65	42.31	80.62	51.95	78.65	48.68	88.91	24.93	66.51	26.18	74.17	16.33	68.78	13.75	79.02	10.72	64.92	8.15	68.57
251	8.367	60.63	72.21	61.44	71.4	60.5	69.8	50.25	64.81	54.18	68.25	46.15	68.11	47.02	72.73	46.04	74.29	42.89	81.04	52.07	78.9	49.74	88.68	24.68	66.79	25.96	74.44	16.07	69.2	13.53	79.44	10.56	65.33	7.76	68.98
252	8.4	60.6	72.21	61.39	71.36	60.46	69.8	50.2	64.74	54.19	68.24	46.11	68.1	47.14	72.84	46.41	74.83	43.7	81.83	52.58	78.91	51.4	88.45	24.54	66.92	25.89	74.69	16.16	69.36	13.64	79.72	10.79	65.42	7.76	69.03
253	8.433	61.04	72.22	61.85	71.35	60.83	69.55	50.32	64.19	54.4	67.84	46.12	67.48	47.82	73.39	46.05	74.05	45.04	82.98	53.07	78.65	52.57	87.64	23.71	66.78	25.67	75.36	16.96	70.4	14.6	81.86	10.13	67.07	7.6	71.0
254	8.467	61.0	72.21	61.79	71.31	60.8	69.52	50.21	64.02	54.42	67.73	46.07	67.25	47.95	73.26	45.96	74.05	45.27	83.09	53.04	78.83	52.5	87.73	23.63	66.84	25.74	75.47	16.94	70.64	14.6	82.2	9.68	67.76	7.18	71.74
255	8.5	60.98	72.18	61.8	71.25	60.77	69.45	50.23	63.86	54.35	67.57	46.08	67.08	47.9	73.17	45.8	74.25	45.21	83.41	52.92	78.95	52.44	87.73	23.69	67.03	25.77	75.72	16.99	70.92	14.64	82.57	9.39	68.2	6.97	72.19
256	8.533	60.97	72.04	61.77	71.05	60.74	69.32	50.16	63.61	54.26	67.46	45.99	67.0	47.76	73.1	45.79	74.39	45.12	83.4	52.75	79.04	52.04	87.98	23.41	66.99	25.46	75.67	16.54	71.04	14.19	82.69	9.45	68.32	7.08	72.43
257	8.567	60.93	71.82	61.72	70.81	60.69	69.1	50.08	63.34	54.17	67.22	45.92	66.83	47.7	72.9	45.81	74.4	45.01	83.36	52.8	79.1	51.88	87.94	23.39	67.03	25.47	75.69	16.49	70.99	14.2	82.6	9.25	68.25	6.94	72.36
258	8.6	60.83	71.82	61.62	70.81	60.6	69.12	49.99	63.32	54.09	67.22	45.83	66.74	47.67	72.89	45.77	74.28	45.0	83.34	52.74	78.9	51.83	87.81	23.44	66.89	25.54	75.58	16.5	70.64	14.19	82.28	9.34	67.68	6.93	71.76
259	8.633	60.75	71.75	61.54	70.73	60.53	69.03	50.0	63.24	54.07	67.09	45.83	66.67	47.71	72.78	45.76	74.28	45.08	83.34	52.81	78.94	51.87	87.83	23.57	66.83	25.7	75.48	16.71	70.71	14.45	82.3	9.64	67.84	7.26	71.89
260	8.667	60.75	71.75	61.54	70.73	60.53	69.04	50.03	63.23	54.1	67.08	45.86	66.62	47.71	72.79	45.7	74.15	45.09	83.28	52.63	78.98	51.7	87.93	23.56	66.72	25.68	75.38	16.83	70.76	14.54	82.36	9.79	67.98	7.49	72.04
261	8.7	60.72	71.84	61.5	70.79	60.54	69.1	49.94	63.17	54.11	67.08	45.78	66.58	47.55	72.85	45.56	74.32	44.9	83.48	52.4	79.16	51.5	88.07	23.27	66.64	25.34	75.37	16.67	70.83	14.35	82.52	9.7	67.93	7.52	72.08
262	8.733	60.75	71.97	61.53	70.93	60.56	69.24	49.92	63.3	54.13	67.26	45.82	66.66	47.59	72.94	45.51	74.38	44.83	83.51	52.41	79.29	51.49	88.15	23.16	66.54	25.23	75.32	16.36	70.51	13.93	82.29	9.3	67.36	6.93	71.61
263	8.767	60.48	71.96	61.21	70.89	60.31	69.46	49.8	63.65	53.97	67.59	45.96	67.24	47.02	72.38	46.09	74.93	44.03	82.18	52.58	79.48	50.99	89.24	23.8	66.68	25.23	74.78	15.31	69.26	12.31	80.23	9.04	65.44	5.86	69.68
264	8.8	60.41	72.03	61.13	70.96	60.26	69.55	49.79	63.68	53.96	67.64	45.92	67.19	47.0	72.47	46.02	74.79	43.94	82.27	52.52	79.57	50.95	89.34	23.98	66.44	25.43	74.58	15.77	69.18	12.85	80.2	9.6	65.32	6.51	69.63
265	8.833	60.43	72.18	61.16	71.13	60.29	69.68	49.99	63.86	54.01	67.69	46.11	67.24	47.02	72.52	46.16	74.61	43.97	82.26	52.44	79.34	51.12	89.26	24.34	66.1	25.64	74.23	16.28	68.51	13.26	79.48	10.24	64.32	7.04	68.49
266	8.867	60.34	72.22	61.04	71.17	60.24	69.74	49.95	63.87	54.08	67.73	46.07	67.22	47.02	72.63	46.13	74.4	43.91	82.27	52.22	79.35	51.03	89.56	24.36	65.65	25.67	73.82	16.61	67.85	13.6	78.84	10.97	63.35	7.76	67.55
267	8.9	60.39	72.12	61.08	71.07	60.34	69.63	49.99	63.66	54.19	67.52	46.07	66.96	47.09	72.52	46.08	74.02	43.98	82.18	51.9	79.14	51.02	89.57	24.25	65.0	25.58	73.26	16.66	66.98	13.65	78.08	11.03	62.12	7.76	66.3
268	8.933	60.47	71.73	61.15	70.68	60.41	69.23	50.19	63.32	54.25	67.11	46.2	66.77	47.18	72.29	46.14	73.76	43.92	81.98	51.87	78.96	51.08	89.45	24.61	64.51	25.89	72.74	17.18	66.6	14.29	77.65	11.57	61.28	8.33	65.43
269	8.967	60.65	71.13	61.34	70.08	60.54	68.66	50.4	62.93	54.26	66.74	46.28	66.6	47.17	72.01	46.36	73.43	43.87	81.44	51.97	78.7	50.74	89.29	24.75	64.32	25.96	72.47	17.22	66.21	14.4	77.12	11.96	60.88	8.82	64.98
270	9.0	60.61	70.52	61.31	69.48	60.48	68.07	50.5	62.54	54.23	66.29	46.41	66.38	47.23	71.65	46.63	73.21	43.86	81.15	52.13	78.6	50.66	89.28	24.96	64.03	26.1	72.08	17.34	66.02	14.55	76.79	12.27	60.71	9.01	64.73
271	9.033	60.41	70.18	61.06	69.14	60.33	67.73	50.19	62.26	54.18	66.0	46.21	66.14	47.12	71.42	46.51	72.89	43.76	80.87	52.15	78.38	50.48	89.18	24.82	63.82	26.03	71.84	17.33	65.85	14.55	76.6	12.24	60.55	9.01	64.6
272	9.067	60.32	69.86	60.95	68.83	60.24	67.42	50.1	62.05	54.18	65.73	46.27	65.85	47.2	71.15	47.15	72.2	43.89	80.5	52.99	77.61	50.52	88.78	24.92	63.86	26.17	71.89	17.27	65.95	14.55	76.66	12.33	61.03	9.04	64.92
273	9.1	60.42	69.54	61.13	68.5	60.27	67.12	50.44	61.76	54.06	65.47	46.39	65.75	47.28	70.91	46.97	71.94	43.63	79.87	52.57	77.44	49.57	88.34	25.13	63.92	26.36	71.84	17.05	65.96	14.46	76.56	12.1	60.97	8.96	64.82
274	9.133	60.46	69.12	61.21	68.19	60.33	66.72	50.58	61.61	54.1	65.11	46.38	65.53	47.32	70.39	46.59	71.63	43.49	79.11	51.97	77.42	49.22	87.97	25.17	63.59	26.42	71.31	17.03	66.08	14.52	76.42	11.84	61.23	8.7	64.85
275	9.167	60.51	68.63	61.2	67.7	60.38	66.27	50.4	61.2	54.12	64.83	46.25	65.19	47.24	70.11	46.5	71.25	43.36	78.63	51.79	77.3	48.69	87.81	24.97	63.04	26.28	70.73	16.92	65.51	14.34	75.86	11.79	60.81	8.67	64.55
276	9.2	60.48	68.09	61.25	67.21	60.34	65.74	50.6	60.85	54.05	64.3	46.39	64.71	47.22	69.52	46.93	70.73	43.28	78.4	52.35	76.33	48.86	87.41	25.23	62.84	26.42	70.5	16.91	65.38	14.38	75.62	11.72	60.86	8.45	64.3
277	9.233	60.62	67.53	61.38	66.64	60.41	65.2	50.72	60.42	54.04	63.94	46.53	64.51	47.27	69.24	47.03	70.67	43.28	78.09	52.42	76.3	48.91	86.95	25.41	62.64	26.56	70.24	17.01	65.27	14.46	75.49	11.57	60.62	8.26	64.18
278	9.267	60.74	67.03	61.47	66.15	60.52	64.7	50.67	59.93	54.13	63.51	46.49	64.22	47.34	68.85	46.66	70.65	43.35	77.71	52.05	76.3	49.01	86.56	25.27	62.52	26.49	70.1	16.77	64.95	14.15	75.21	11.13	60.46	7.79	64.16
279	9.3	60.68	66.7	61.42	65.83	60.49	64.37	50.7	59.6	54.14	63.11	46.44	63.85	47.37	68.36	46.41	70.38	43.41	77.17	51.8	76.17	49.03	85.98	25.37	62.34	26.64	69.82	16.98	64.95	14.42	75.1	11.34	60.61	8.09	64.28
280	9.333	60.62	66.72	61.34	65.84	60.47	64.37	50.56	59.42	54.21	62.9	46.38	63.54	47.45	67.97	46.46	70.18	43.35	76.92	51.93	75.98	49.12	85.64	25.19	62.34	26.58	69.8	16.6	65.13	14.1	75.26	10.78	60.9	7.43	64.49
281	9.367	60.7	66.71	61.42	65.84	60.57	64.37	50.51	59.32	54.29	62.82	46.35	63.41	47.53	67.75	46.33	70.19	43.36	76.72	51.86	75.85	49.21	85.3	25.1	62.6	26.59	70.02	16.3	65.47	13.86	75.58	10.16	61.38	6.85	64.98
282	9.4	60.69	66.82	61.45	65.97	60.57	64.43	50.64	59.32	54.29	62.67	46.41	63.27	47.53	67.53	46.22	70.08	43.19	76.56	51.76	75.85	48.96	85.04	25.19	62.63	26.65	70.02	16.24	65.62	13.84	75.7	9.93	61.7	6.7	65.13
283	9.433	60.67	66.75	61.41	65.86	60.55	64.37	50.55	59.17	54.3	62.62	46.45	63.07	47.52	67.47	46.33	69.83	43.25	76.51	51.96	75.69	49.04	84.92	25.18	62.61	26.62	70.09	16.3	65.61	13.79	75.85	9.75	61.85	6.51	65.44
284	9.467	60.66	66.53	61.41	65.7	60.59	64.15	50.57	59.14	54.4	62.45	46.42	62.99	47.55	67.36	46.24	69.66	43.23	76.38	51.78	75.63	49.01	84.85	25.2	62.41	26.66	69.84	16.51	65.57	14.07	75.71	10.18	61.81	6.93	65.26
285	9.5	60.67	66.43	61.44	65.62	60.58	64.08	50.63	59.1	54.36	62.37	46.45	62.78	47.55	67.06	46.42	69.33	43.24	76.03	52.15	75.07	49.14	84.44	25.4	62.4	26.84	69.77	16.61	65.75	14.19	75.8	10.25	62.33	6.94	65.7
286	9.533	60.73	66.25	61.49	65.49	60.63	63.91	50.64	59.16	54.44	62.33	46.5	62.97	47.63	66.95	46.14	69.53	43.08	75.64	51.7	75.24	48.84	84.0	25.5	62.7	26.93	69.9	16.46	65.99	14.06	75.85	10.05	62.73	6.77	66.07
287	9.567	60.73	66.04	61.49	65.26	60.56	63.73	50.75	59.0	54.33	62.22	46.56	62.93	47.74	66.71	46.14	69.76	43.16	75.44	51.7	75.36	48.62	83.8	25.88	62.99	27.41	69.99	16.83	66.62	14.62	76.25	10.41	63.83	7.29	67.19
288	9.6	60.77	65.9	61.53	65.16	60.59	63.61	50.85	59.04	54.35	62.17	46.57	62.95	47.82	66.69	46.1	69.72	43.21	75.4	51.6	75.38	48.66	83.71	26.22	63.0	27.8	69.93	17.37	66.67	15.32	76.16	10.96	63.83	7.94	67.06
289	9.633	60.7	65.89	61.45	65.16	60.53	63.63	50.83	59.05	54.32	62.21	46.6	62.88	47.83	66.74	46.24	69.42	43.31	75.35	51.65	75.34	48.64	83.72	26.29	62.8	27.85	69.76	17.54	66.25	15.43	75.8	11.15	63.37	8.06	66.57
290	9.667	60.65	65.92	61.41	65.2	60.49	63.65	50.94	59.08	54.29	62.14	46.66	62.92	47.82	66.6	46.27	69.5	43.25	75.21	51.6	75.3	48.61	83.64	26.49	62.53	27.99	69.38	17.83	66.0	15.73	75.37	11.64	63.1	8.51	66.19
291	9.7	60.76	66.11	61.55	65.41	60.6	63.83	51.17	59.18	54.4	62.17	46.81	62.72	47.95	66.57	46.34	69.14	43.07	75.31	51.59	75.22	48.62	83.67	26.93	62.34	28.42	69.27	18.35	66.04	16.4	75.47	12.09	63.25	8.98	66.21
292	9.733	60.68	66.46	61.49	65.78	60.56	64.16	51.17	59.46	54.4	62.38	46.74	62.75	47.88	66.6	46.24	69.12	43.01	75.29	51.65	75.24	48.88	83.7	26.86	61.91	28.33	68.85	18.52	65.66	16.59	75.07	12.59	62.77	9.53	65.74
293	9.767	60.79	66.68	61.63	66.02	60.69	64.35	51.32	59.61	54.48	62.44	46.76	62.82	47.92	66.54	46.02	69.0	42.88	74.9	51.26	75.29	48.71	83.53	26.88	62.04	28.33	68.92	18.3	65.64	16.46	74.96	12.58	62.75	9.61	65.61
294	9.8	60.91	67.01	61.78	66.39	60.84	64.67	51.5	59.91	54.61	62.65	46.91	62.9	48.0	66.75	46.25	68.81	43.06	75.07	51.48	75.21	48.95	83.57	27.1	61.96	28.49	68.94	18.59	65.13	16.61	74.53	12.91	62.25	9.88	64.94
295	9.833	60.86	67.37	61.74	66.76	60.82	65.03	51.53	60.16	54.69	62.87	46.97	62.83	48.19	66.81	46.31	68.44	43.24	75.0	51.51	75.21	49.03	83.73	27.19	61.77	28.66	68.83	18.66	64.87	16.73	74.35	12.94	62.16	9.92	64.77
296	9.867	60.91	67.47	61.8	66.93	60.91	65.14	51.6	60.38	54.86	62.95	47.01	62.81	48.33	66.69	46.33	68.38	43.34	74.89	51.47	75.2	48.97	83.68	27.22	61.73	28.75	68.71	18.77	64.99	16.86	74.34	13.14	62.62	10.04	65.03
297	9.9	60.98	67.46	61.9	66.95	60.98	65.12	51.73	60.45	54.92	62.88	47.11	62.85	48.4	66.45	46.44	68.52	43.44	74.7	51.53	75.19	48.95	83.48	27.25	61.92	28.77	68.75	18.76	65.47	16.86	74.63	12.93	63.17	9.76	65.41
298	9.933	60.94	67.15	61.85	66.66	60.95	64.81	51.59	60.25	54.93	62.68	47.05	62.76	48.45	66.44	46.42	68.23	43.51	74.53	51.58	75.12	48.71	83.38	27.14	62.08	28.74	68.93	18.63	65.72	16.73	74.94	12.52	63.51	9.4	65.74
299	9.967	61.14	66.66	62.01	66.18	61.15	64.35	51.56	59.84	55.17	62.35	47.06	62.5	48.61	66.08	46.36	68.23	43.49	74.24	51.63	75.14	48.56	83.33	26.95	61.95	28.68	68.76	18.48	65.99	16.69	75.2	12.33	63.81	9.24	66.23
300	10.0	61.3	66.42	62.15	65.94	61.31	64.09	51.57	59.73	55.3	62.22	47.12	62.54	48.66	66.03	46.38	68.32	43.63	74.2	51.61	75.02	48.51	83.34	26.78	61.91	28.5	68.72	18.21	65.77	16.28	74.99	12.03	63.67	8.86	66.13
301	10.033	61.56	65.96	62.44	65.52	61.6	63.62	51.57	59.29	55.51	61.88	47.3	62.18	48.56	65.86	46.66	67.97	43.96	74.09	52.05	74.63	49.09	83.08	25.99	61.38	27.49	68.46	17.23	65.16	14.8	74.82	10.44	63.26	7.11	65.92
302	10.067	61.25	65.8	62.11	65.34	61.34	63.47	51.06	59.19	55.42	61.86	46.91	62.3	48.33	65.7	46.34	68.43	43.87	73.78	51.95	74.78	49.25	83.14	24.64	61.41	26.15	68.44	15.41	65.75	12.92	75.4	9.25	63.37	5.76	66.3
303	10.1	61.14	65.7	62.0	65.16	61.15	63.36	51.12	59.14	55.14	61.86	46.92	62.75	48.12	65.7	46.35	69.01	43.59	73.45	51.96	74.87	48.88	83.65	24.58	61.33	25.9	68.15	14.87	65.47	12.29	74.81	9.64	62.87	6.08	65.98
304	10.133	60.98	65.48	61.82	64.94	60.99	63.13	50.9	58.98	55.02	61.68	46.76	62.77	47.95	65.54	46.07	69.22	43.41	73.27	51.81	75.09	48.88	83.47	24.49	61.68	25.85	68.36	14.9	66.13	12.38	75.33	9.41	63.59	6.02	66.77
305	10.167	60.81	65.08	61.64	64.54	60.81	62.75	50.8	58.74	54.92	61.42	46.72	62.64	47.94	65.44	46.19	69.0	43.42	73.2	51.84	75.08	48.73	83.51	24.51	61.51	25.9	68.15	15.02	66.23	12.54	75.38	9.64	63.77	6.19	66.9
306	10.2	60.75	64.74	61.59	64.19	60.72	62.4	50.82	58.54	54.84	61.18	46.79	62.63	47.95	65.43	46.17	69.04	43.58	73.28	51.93	75.14	48.81	83.49	24.77	61.51	26.12	68.14	15.38	66.35	12.89	75.52	9.7	64.0	6.34	67.17
307	10.233	60.71	64.58	61.55	64.02	60.69	62.27	50.91	58.45	54.88	61.08	46.69	62.43	47.97	65.3	46.22	68.95	43.79	73.31	51.92	74.97	49.01	83.61	24.73	61.35	26.11	67.98	15.67	66.44	13.31	75.54	10.83	64.23	7.46	67.37
308	10.267	60.7	64.53	61.54	64.03	60.7	62.24	50.72	58.49	54.9	61.09	46.66	62.28	48.01	65.24	46.12	68.77	43.63	73.41	51.85	75.08	48.93	83.47	24.8	61.77	26.27	68.43	15.53	66.88	13.16	76.09	9.76	64.95	6.33	67.99
309	10.3	60.71	64.83	61.58	64.31	60.73	62.52	50.81	58.64	54.91	61.22	46.58	62.3	48.01	65.32	46.17	68.74	43.71	73.47	51.83	75.06	48.92	83.58	24.52	62.01	26.02	68.72	15.19	67.4	12.96	76.6	9.78	65.48	6.44	68.39
310	10.333	60.75	65.25	61.63	64.7	60.76	62.95	50.91	58.88	54.89	61.51	46.57	62.4	48.13	65.44	46.11	68.94	43.88	73.56	51.66	75.32	48.85	83.56	24.69	62.36	26.29	69.04	15.26	67.63	13.16	76.79	9.91	65.85	6.67	68.69
311	10.367	60.6	65.75	61.43	65.23	60.62	63.47	50.75	59.22	54.85	61.8	46.66	62.41	48.26	65.5	46.1	68.79	43.83	73.72	51.71	75.54	48.72	83.4	25.48	62.76	27.21	69.37	16.22	67.86	14.13	77.01	9.67	66.41	6.46	69.12
312	10.4	60.51	66.07	61.31	65.52	60.56	63.83	50.69	59.47	54.86	62.11	46.54	62.47	48.21	65.68	46.16	68.81	43.92	73.88	51.72	75.5	48.84	83.66	25.48	62.71	27.21	69.36	16.42	67.81	14.39	76.95	10.74	66.4	7.56	69.17
313	10.433	60.52	66.07	61.32	65.48	60.56	63.8	50.65	59.39	54.86	62.04	46.5	62.52	48.18	65.65	45.92	69.1	43.71	73.9	51.63	75.62	48.75	83.58	25.41	63.22	27.15	69.85	16.08	68.55	14.12	77.7	10.38	67.15	7.32	70.05
314	10.467	60.3	65.86	61.07	65.28	60.31	63.65	50.59	59.33	54.63	61.91	46.44	62.39	48.05	65.46	45.67	69.05	43.36	73.86	51.58	75.63	48.67	83.26	26.55	63.78	28.32	70.18	17.94	69.27	16.25	78.13	11.67	67.91	8.95	70.78
315	10.5	60.34	65.56	61.11	64.95	60.3	63.29	50.4	59.12	54.52	61.78	46.35	62.7	47.94	65.62	45.47	69.62	43.08	74.06	51.59	75.68	48.5	83.34	25.86	64.01	27.62	70.44	16.67	69.8	14.87	78.77	9.86	68.25	6.98	71.32
316	10.533	60.39	65.21	61.16	64.6	60.31	62.93	50.44	58.91	54.49	61.56	46.54	62.78	47.87	65.53	45.64	69.68	42.65	73.92	51.67	75.59	48.11	83.25	25.89	64.08	27.49	70.45	16.27	69.76	14.36	78.7	9.27	68.03	6.31	71.14
317	10.567	60.62	64.84	61.4	64.19	60.46	62.56	50.47	58.61	54.48	61.51	46.6	62.91	47.71	65.63	45.85	69.97	42.58	73.91	51.69	75.42	48.0	83.41	24.96	64.02	26.39	70.5	14.76	69.7	12.67	78.81	8.19	67.62	5.12	71.04
318	10.6	60.55	64.71	61.35	64.05	60.41	62.43	50.4	58.5	54.42	61.43	46.42	62.82	47.52	65.62	45.72	69.87	42.52	73.84	51.53	75.22	47.83	83.43	24.44	63.64	25.81	70.2	14.19	69.22	12.05	78.39	8.27	67.1	5.27	70.57
319	10.633	60.52	64.79	61.34	64.15	60.41	62.49	50.41	58.48	54.42	61.39	46.41	62.64	47.52	65.64	45.69	69.47	42.38	73.86	51.51	75.16	47.69	83.28	24.54	63.48	25.97	70.12	14.48	69.19	12.38	78.46	8.15	67.16	5.21	70.52
320	10.667	60.53	64.94	61.33	64.3	60.38	62.65	50.51	58.57	54.36	61.42	46.68	62.67	47.68	65.65	45.81	69.34	42.22	73.85	51.69	75.34	47.44	83.03	25.69	63.77	27.15	70.29	15.83	69.22	13.76	78.4	8.37	67.21	5.51	70.47
321	10.7	60.63	65.04	61.42	64.42	60.47	62.75	50.63	58.67	54.45	61.49	46.82	62.78	47.79	65.67	45.8	69.49	42.21	73.84	51.6	75.63	47.43	83.06	25.96	63.77	27.41	70.23	16.14	69.02	14.06	78.14	8.48	66.85	5.6	70.1
322	10.733	60.53	65.23	61.33	64.61	60.41	62.94	50.61	58.8	54.45	61.6	46.73	62.76	47.87	65.7	45.74	69.33	42.37	73.78	51.44	75.65	47.42	83.17	25.93	63.81	27.48	70.26	16.18	69.01	14.21	78.09	8.83	66.95	5.97	70.08
323	10.767	60.56	65.5	61.36	64.89	60.46	63.21	50.7	58.98	54.44	61.69	46.69	62.76	47.92	65.74	45.68	69.22	42.56	73.82	51.45	75.61	47.42	83.23	26.32	63.66	27.93	70.1	16.91	68.85	14.98	77.85	9.57	66.72	6.78	69.71
324	10.8	60.58	65.59	61.4	64.97	60.49	63.27	50.86	58.94	54.5	61.62	46.82	62.66	48.02	65.72	45.78	69.01	42.66	73.84	51.42	75.66	47.36	83.28	26.53	63.35	28.12	69.84	17.26	68.4	15.31	77.46	9.87	66.3	7.07	69.21
325	10.833	60.67	65.46	61.5	64.86	60.59	63.14	50.94	58.9	54.53	61.52	46.79	62.64	47.99	65.67	45.73	69.04	42.66	73.8	51.31	75.51	47.36	83.14	26.51	63.29	28.07	69.75	17.33	68.33	15.4	77.33	10.07	66.13	7.3	68.96
326	10.867	60.69	65.33	61.5	64.74	60.59	63.04	50.95	58.82	54.54	61.49	46.84	62.53	48.04	65.66	45.77	68.84	42.59	73.77	51.24	75.45	47.17	83.01	26.67	63.28	28.28	69.76	17.54	68.06	15.69	77.09	10.07	65.89	7.36	68.74
327	10.9	60.64	65.24	61.44	64.66	60.55	62.96	50.87	58.79	54.51	61.47	46.77	62.52	48.02	65.69	45.72	68.81	42.63	73.79	51.2	75.48	47.1	82.97	26.74	63.41	28.41	69.87	17.75	68.06	15.91	77.08	10.24	66.09	7.58	68.92
328	10.933	60.63	65.16	61.41	64.57	60.53	62.88	50.82	58.71	54.53	61.42	46.77	62.47	48.06	65.72	45.72	68.65	42.68	73.76	51.17	75.49	47.03	82.95	26.73	63.34	28.43	69.84	17.81	68.13	15.94	77.21	10.18	66.12	7.5	68.98
329	10.967	60.66	65.08	61.45	64.51	60.56	62.81	50.92	58.77	54.54	61.43	46.79	62.56	48.04	65.77	45.66	68.62	42.56	73.65	51.22	75.47	46.95	82.83	26.98	63.42	28.64	69.86	18.26	68.31	16.5	77.3	10.79	66.16	8.28	69.04
330	11.0	60.65	65.16	61.43	64.56	60.53	62.91	50.92	58.74	54.55	61.5	46.87	62.48	48.14	65.86	45.87	68.52	42.57	73.88	51.4	75.39	46.96	82.88	27.08	63.57	28.78	70.09	18.31	68.4	16.59	77.52	10.65	66.21	8.1	69.14
331	11.033	60.71	65.23	61.49	64.61	60.58	62.99	50.93	58.77	54.54	61.58	46.82	62.48	48.08	65.83	45.83	68.66	42.51	73.89	51.33	75.35	46.95	82.91	26.96	63.57	28.65	70.08	18.11	68.56	16.44	77.66	10.7	66.42	8.17	69.42
332	11.067	60.61	65.4	61.39	64.79	60.5	63.15	50.83	58.94	54.54	61.71	46.79	62.63	48.04	65.86	45.72	69.02	42.5	74.04	51.27	75.53	47.09	83.06	26.79	63.78	28.45	70.26	17.87	68.78	16.14	77.84	10.43	66.7	7.89	69.74
333	11.1	60.5	65.76	61.24	65.15	60.41	63.5	50.63	59.27	54.51	62.0	46.65	62.94	48.02	66.03	45.61	69.38	42.53	74.19	51.22	75.69	47.21	83.2	26.82	64.05	28.56	70.43	17.92	68.79	16.23	77.72	10.5	66.7	7.96	69.68
334	11.133	60.44	66.1	61.16	65.5	60.38	63.87	50.43	59.6	54.5	62.37	46.45	63.06	47.85	66.12	45.34	69.67	42.36	74.28	51.02	75.71	47.49	83.21	26.41	64.03	28.13	70.43	17.42	68.91	15.72	77.86	10.21	66.92	7.66	70.03
335	11.167	60.42	66.42	61.18	65.82	60.36	64.16	50.47	59.82	54.44	62.55	46.42	63.24	47.83	66.22	45.19	69.91	42.22	74.36	50.94	75.8	47.46	83.19	26.37	64.12	28.11	70.49	17.27	69.22	15.61	78.13	9.94	67.25	7.37	70.31
336	11.2	60.35	66.78	61.14	66.15	60.32	64.48	50.45	59.95	54.43	62.68	46.33	63.25	47.85	66.29	45.03	69.95	42.21	74.43	50.88	75.92	47.45	83.3	26.12	64.11	27.91	70.55	16.87	69.52	15.28	78.51	9.7	67.43	7.17	70.5
337	11.233	60.32	66.93	61.12	66.32	60.27	64.65	50.5	60.14	54.35	62.84	46.35	63.31	47.77	66.27	44.96	70.05	42.09	74.41	50.9	75.9	47.48	83.15	26.36	64.33	28.1	70.7	17.26	69.74	15.7	78.64	9.87	67.85	7.45	70.93
338	11.267	60.38	67.03	61.17	66.38	60.33	64.74	50.5	60.08	54.33	62.86	46.26	63.32	47.69	66.34	44.9	70.24	42.16	74.55	50.82	76.0	47.71	83.29	26.08	64.4	27.8	70.84	16.81	69.86	15.33	78.84	9.69	67.68	7.38	70.82
339	11.3	60.32	67.04	61.12	66.38	60.26	64.74	50.51	60.03	54.29	62.81	46.39	63.28	47.69	66.32	45.08	70.34	42.26	74.81	50.97	76.13	47.73	83.48	26.18	64.41	27.82	70.89	16.82	69.84	15.22	78.89	9.35	67.69	6.99	70.82
340	11.333	60.35	66.96	61.14	66.25	60.25	64.66	50.57	59.88	54.25	62.71	46.48	63.22	47.72	66.14	45.33	70.55	42.43	74.85	51.35	76.1	48.4	83.5	26.28	64.33	27.86	70.78	16.84	69.9	15.22	78.92	9.52	67.74	6.98	70.96
341	11.367	60.3	66.81	61.1	66.07	60.19	64.53	50.55	59.67	54.26	62.62	46.45	62.88	47.76	66.31	45.51	70.62	42.9	75.84	51.65	75.94	49.22	83.84	26.17	64.23	27.77	70.98	17.13	70.33	15.53	79.73	9.72	68.18	7.14	71.57
342	11.4	60.31	66.51	61.06	65.7	60.15	64.28	50.43	59.3	54.24	62.5	46.49	62.45	47.81	66.32	46.1	70.76	43.47	76.93	52.53	75.53	50.46	84.32	26.36	63.87	27.99	70.9	17.63	69.64	15.9	79.39	10.13	67.59	7.2	71.22
343	11.433	60.29	66.37	60.99	65.54	60.08	64.21	50.28	59.38	54.18	62.67	46.42	62.68	47.93	66.65	46.55	71.04	44.39	77.55	53.06	75.27	51.98	84.34	26.58	64.02	28.3	71.1	18.1	69.73	16.4	79.51	10.52	67.8	7.42	71.42
344	11.467	60.25	66.59	60.93	65.7	60.04	64.41	50.2	59.41	54.15	62.79	46.31	62.78	47.97	66.8	46.29	71.54	44.65	77.91	52.72	75.94	52.46	84.62	26.41	64.2	28.21	71.32	18.0	69.95	16.34	79.81	10.46	67.89	7.38	71.63
345	11.5	60.17	66.64	60.85	65.71	59.96	64.42	50.15	59.34	54.05	62.74	46.3	62.84	47.91	66.96	46.45	71.62	44.74	78.26	52.98	76.02	52.61	85.09	26.37	64.26	28.14	71.46	17.93	69.88	16.21	79.83	10.41	67.69	7.29	71.43
346	11.533	60.08	66.97	60.75	66.03	59.89	64.75	50.09	59.46	54.01	62.89	46.32	62.8	47.84	67.02	46.58	71.19	44.66	78.0	53.17	75.93	52.18	85.09	26.28	64.24	28.02	71.5	17.89	69.47	16.06	79.51	10.25	67.19	7.22	70.95
347	11.567	60.13	67.15	60.8	66.17	59.92	64.92	50.14	59.51	53.94	63.05	46.27	62.95	47.75	67.33	46.64	71.36	44.72	78.32	53.24	76.0	52.42	85.21	26.17	64.2	27.88	71.56	17.86	69.2	16.03	79.35	10.49	66.7	7.49	70.52
348	11.6	59.93	67.25	60.6	66.26	59.76	65.0	49.99	59.55	53.87	63.04	46.14	62.95	47.72	67.27	46.45	71.36	44.71	78.22	53.12	76.04	52.36	85.32	26.01	64.12	27.77	71.46	17.72	69.19	15.93	79.3	10.48	66.54	7.54	70.37
349	11.633	60.04	67.2	60.72	66.16	59.82	64.94	50.2	59.36	53.85	62.93	46.23	62.73	47.69	67.33	46.64	71.39	44.85	78.73	53.34	75.96	53.1	85.22	26.37	64.11	28.03	71.6	18.36	69.3	16.69	79.58	11.21	66.59	8.41	70.47
350	11.667	59.99	66.87	60.64	65.86	59.77	64.64	49.97	59.19	53.78	62.81	46.03	62.65	47.62	67.27	46.51	71.27	44.85	78.64	53.22	75.84	52.92	85.39	26.16	64.0	27.94	71.48	18.21	68.98	16.47	79.23	10.92	66.31	7.96	70.2
351	11.7	59.94	66.81	60.57	65.76	59.73	64.58	49.91	59.02	53.75	62.69	45.94	62.5	47.59	67.17	46.56	71.2	44.9	78.74	53.29	75.37	53.3	85.33	25.99	63.77	27.77	71.32	18.02	68.75	16.3	79.06	10.97	65.8	7.89	69.73
352	11.733	59.77	66.65	60.42	65.61	59.57	64.4	49.7	59.03	53.57	62.66	45.77	62.68	47.36	67.36	46.46	71.37	44.84	78.92	53.29	75.36	53.26	85.38	25.81	63.91	27.53	71.47	17.76	68.52	15.91	78.83	10.74	65.54	7.63	69.43
353	11.767	59.55	66.2	60.21	65.18	59.32	63.97	49.7	58.83	53.41	62.35	45.79	62.55	47.29	67.06	46.43	71.43	44.84	78.82	53.23	75.48	53.36	85.46	25.99	63.47	27.63	70.9	18.11	68.41	16.23	78.54	11.18	65.46	7.98	69.3
354	11.8	59.39	66.01	60.06	64.98	59.15	63.8	49.63	58.65	53.25	62.2	45.69	62.4	47.18	66.93	46.43	71.35	44.8	78.78	53.25	75.36	53.37	85.28	26.02	63.27	27.67	70.68	18.23	68.12	16.39	78.23	11.37	65.15	8.18	68.97
355	11.833	59.37	65.74	60.03	64.63	59.05	63.54	49.62	58.31	53.02	62.07	45.66	62.32	47.09	66.96	46.51	71.33	44.85	78.81	53.42	75.17	53.58	85.35	25.91	63.19	27.51	70.69	17.9	68.11	16.03	78.36	10.94	65.01	7.72	69.08
356	11.867	59.47	65.55	60.14	64.44	59.1	63.34	49.73	58.27	53.02	62.0	45.9	62.49	47.1	67.04	46.75	71.56	45.22	78.87	53.74	75.26	54.1	84.67	26.15	63.51	27.58	71.01	18.12	68.02	16.06	78.34	10.72	64.96	7.53	69.06
357	11.9	59.5	65.46	60.17	64.38	59.15	63.28	49.7	58.26	53.11	61.97	45.94	62.42	47.18	66.92	46.91	71.35	45.53	78.61	53.88	74.99	54.5	84.22	26.1	63.56	27.51	71.06	18.02	67.86	15.87	78.21	10.66	64.89	7.35	68.96
358	11.933	59.5	65.44	60.16	64.38	59.17	63.25	49.68	58.27	53.15	61.92	45.92	62.37	47.25	66.94	47.04	71.29	45.9	78.76	53.95	74.76	55.18	83.79	26.11	63.49	27.53	71.06	18.1	67.51	15.91	77.91	10.81	64.52	7.34	68.45
359	11.967	59.57	65.54	60.24	64.45	59.22	63.32	49.77	58.26	53.16	61.93	46.03	62.43	47.38	67.21	47.41	71.46	46.53	79.4	54.13	74.62	56.2	83.37	26.09	63.31	27.48	71.06	18.2	67.03	15.95	77.66	10.76	63.76	7.11	67.57
360	12.0	60.04	66.16	60.69	65.09	59.68	63.5	49.72	58.11	53.53	61.72	45.77	61.86	48.0	67.45	46.13	70.22	47.31	78.91	54.31	74.83	56.52	82.37	24.98	62.82	27.26	71.1	20.19	66.02	18.16	77.22	12.45	63.66	10.15	67.87
361	12.033	60.18	65.97	60.81	64.91	59.85	63.31	49.63	57.95	53.68	61.56	45.64	61.81	48.08	67.44	46.21	70.08	47.53	78.84	54.48	74.05	56.72	81.75	24.73	62.99	27.14	71.31	19.9	65.94	17.96	77.16	12.26	63.33	9.99	67.46
362	12.067	59.84	64.76	60.47	63.65	59.56	62.55	49.82	57.5	53.54	61.19	46.01	61.81	47.8	67.0	48.48	70.95	48.11	79.89	55.2	73.53	57.91	82.46	25.87	63.14	27.46	71.16	18.57	66.09	16.36	76.92	12.06	62.78	8.16	66.24
363	12.1	60.08	64.37	60.7	63.23	59.76	62.18	49.95	57.2	53.56	61.05	45.89	61.86	47.75	66.99	48.34	71.28	48.16	79.77	54.88	73.51	57.8	82.41	25.67	62.99	27.3	70.95	18.45	65.84	16.36	76.53	12.78	62.32	9.08	65.89
364	12.133	60.04	63.93	60.7	62.81	59.73	61.73	50.08	56.9	53.49	60.64	45.85	61.64	47.61	66.73	48.44	71.03	48.24	79.51	54.87	73.22	57.88	82.26	25.65	62.71	27.17	70.61	18.69	65.55	16.53	76.09	13.6	62.12	9.84	65.51
365	12.167	59.8	63.7	60.47	62.6	59.48	61.52	49.95	56.89	53.29	60.57	45.68	61.65	47.48	66.66	48.44	70.9	48.48	79.31	54.87	72.91	58.1	82.2	25.46	62.31	26.94	70.16	18.61	65.23	16.38	75.65	14.03	61.84	10.12	65.15
366	12.2	59.68	63.38	60.34	62.26	59.35	61.21	49.85	56.56	53.12	60.27	45.57	61.35	47.42	66.5	48.48	70.44	48.8	79.13	54.98	72.5	58.4	81.83	25.54	62.19	27.02	70.11	18.77	65.05	16.49	75.56	14.14	61.85	10.22	65.12
367	12.233	59.58	63.19	60.26	62.06	59.26	60.98	49.8	56.36	53.09	60.0	45.56	61.13	47.46	66.19	48.6	70.58	49.11	79.16	55.18	72.27	58.68	81.2	25.32	62.05	26.81	69.96	18.52	65.0	16.19	75.5	14.01	62.0	9.97	65.2
368	12.267	59.52	62.96	60.21	61.86	59.23	60.75	49.74	56.23	53.11	59.76	45.49	61.03	47.5	65.95	48.7	70.56	49.56	78.98	55.27	71.79	58.95	80.59	25.1	62.02	26.64	69.87	18.34	64.78	16.0	75.18	13.98	61.94	9.97	64.96
369	12.3	59.64	62.35	60.29	61.22	59.33	60.15	49.71	55.7	53.14	59.34	45.51	60.87	47.56	65.75	48.99	70.4	49.95	78.72	55.54	71.24	59.01	80.3	24.91	61.83	26.47	69.67	18.21	64.53	15.83	74.92	13.98	61.53	9.97	64.64
370	12.333	59.69	62.01	60.35	60.84	59.36	59.78	49.71	55.31	53.09	58.99	45.47	60.72	47.55	65.67	49.04	70.29	50.2	78.68	55.76	70.67	58.97	79.65	24.8	61.8	26.38	69.72	18.07	64.42	15.68	74.92	13.85	61.4	9.97	64.56
371	12.367	59.75	61.61	60.39	60.43	59.39	59.41	49.69	54.91	53.07	58.68	45.46	60.44	47.62	65.39	49.05	70.12	50.41	78.39	55.77	70.41	58.96	79.08	24.77	61.71	26.43	69.61	18.02	64.4	15.7	74.93	13.62	61.54	9.88	64.79
372	12.4	59.68	61.31	60.34	60.1	59.32	59.07	49.69	54.49	52.96	58.24	45.4	60.02	47.6	65.08	49.06	69.63	50.41	78.14	55.93	69.97	58.65	78.5	24.78	61.47	26.49	69.44	18.04	64.37	15.85	75.01	13.45	61.62	9.94	64.83
373	12.433	59.84	61.03	60.52	59.79	59.44	58.76	49.91	54.06	53.1	57.84	45.64	59.49	47.78	64.61	49.24	69.08	50.46	77.76	56.21	69.55	58.85	78.2	24.9	61.15	26.58	69.22	18.05	64.34	15.94	75.12	13.36	61.48	9.91	64.85
374	12.467	59.75	60.92	60.48	59.68	59.38	58.61	49.94	53.83	53.01	57.54	45.54	59.25	47.68	64.39	49.1	68.91	50.49	77.61	56.16	69.36	58.82	77.88	24.73	60.95	26.41	69.03	17.99	64.28	15.94	75.08	13.27	61.5	9.99	64.79
375	12.5	59.73	60.67	60.47	59.48	59.37	58.35	49.94	53.76	53.05	57.36	45.61	59.16	47.69	64.32	49.14	68.63	50.55	77.48	56.24	69.23	58.89	77.64	24.74	60.75	26.38	68.86	18.09	64.11	16.0	74.96	13.13	61.43	9.88	64.66
376	12.533	59.83	60.64	60.58	59.43	59.44	58.31	49.98	53.71	53.06	57.38	45.64	59.19	47.76	64.44	49.27	68.74	50.75	77.67	56.47	68.96	59.11	77.16	24.75	60.81	26.41	68.99	18.07	64.16	16.02	75.12	13.06	61.52	9.89	64.8
377	12.567	59.9	60.59	60.64	59.39	59.5	58.28	50.01	53.66	53.07	57.38	45.61	59.04	47.81	64.32	49.26	68.57	50.75	77.51	56.46	69.16	59.17	77.44	24.79	60.73	26.53	68.91	18.11	64.07	16.12	75.0	13.16	61.43	9.98	64.74
378	12.6	59.77	60.56	60.5	59.4	59.4	58.22	49.85	53.73	53.06	57.29	45.51	59.13	47.81	64.3	49.14	68.55	50.75	77.41	56.56	68.83	59.22	76.92	24.75	60.74	26.54	68.88	18.09	64.17	16.12	75.06	13.04	61.55	9.81	64.74
379	12.633	59.73	60.44	60.45	59.26	59.38	58.09	49.8	53.56	53.09	57.13	45.48	58.96	47.85	64.19	49.24	68.51	50.9	77.51	56.76	68.91	59.49	77.19	24.69	60.56	26.52	68.74	18.16	64.0	16.18	74.91	13.25	61.21	9.94	64.41
380	12.667	59.77	60.34	60.51	59.13	59.37	58.0	49.91	53.38	53.01	57.05	45.59	58.8	47.89	64.09	49.41	68.3	50.95	77.39	56.96	68.96	59.65	77.38	24.81	60.51	26.6	68.75	18.11	63.87	16.12	74.86	13.02	60.96	9.69	64.26
381	12.7	59.75	60.15	60.47	58.96	59.33	57.85	49.84	53.34	52.96	57.01	45.58	58.86	47.91	64.01	49.33	67.99	51.03	76.85	56.95	68.92	59.73	77.37	24.95	60.52	26.75	68.67	18.12	63.94	16.12	74.84	12.88	61.22	9.58	64.56
382	12.733	59.69	60.11	60.42	58.98	59.29	57.81	49.84	53.42	52.97	56.93	45.53	58.73	47.87	63.74	49.0	67.64	50.97	76.41	56.86	69.11	59.97	77.91	25.07	60.38	26.85	68.47	18.25	63.78	16.24	74.62	12.77	61.19	9.55	64.51
383	12.767	59.7	59.92	60.39	58.73	59.25	57.65	49.67	53.15	52.9	56.9	45.49	58.79	47.84	63.75	48.95	67.86	51.16	76.29	56.93	69.07	60.39	77.71	24.78	60.37	26.58	68.48	17.75	63.69	15.69	74.66	12.04	60.96	8.92	64.63
384	12.8	59.67	59.82	60.33	58.59	59.18	57.55	49.6	53.05	52.81	56.87	45.54	58.92	47.9	63.86	49.22	68.02	51.6	76.39	57.18	68.93	60.76	77.39	24.7	60.34	26.52	68.47	17.6	63.34	15.43	74.36	11.71	60.52	8.49	64.22
385	12.833	59.66	59.75	60.28	58.54	59.17	57.52	49.44	53.02	52.81	56.89	45.41	58.94	48.01	63.81	49.15	67.88	52.01	76.09	57.15	69.06	61.35	77.46	24.52	60.29	26.49	68.4	17.46	63.46	15.4	74.49	11.39	60.67	8.21	64.46
386	12.867	59.7	59.75	60.31	58.51	59.22	57.49	49.46	52.81	52.89	56.69	45.43	58.73	48.18	63.67	49.27	67.76	52.19	76.2	57.29	69.04	61.63	77.46	24.59	60.22	26.65	68.4	17.47	63.11	15.48	74.21	11.37	60.24	8.11	63.95
387	12.9	59.72	59.51	60.31	58.29	59.23	57.26	49.42	52.68	52.93	56.54	45.48	58.66	48.27	63.52	49.3	67.44	52.24	75.72	57.16	68.92	61.51	77.11	24.6	60.13	26.7	68.24	17.41	63.1	15.48	74.17	11.05	60.23	7.89	63.96
388	12.933	59.6	59.39	60.05	58.12	59.12	57.13	48.97	52.66	53.03	56.51	45.68	58.91	48.26	63.68	48.82	67.47	52.06	75.08	56.0	68.57	61.26	76.03	25.6	61.27	27.58	69.15	18.43	62.81	16.11	73.59	11.5	59.72	8.55	63.35
389	12.967	59.67	59.45	60.13	58.16	59.18	57.18	48.98	52.67	53.05	56.55	45.71	58.93	48.32	63.74	48.94	67.63	52.3	75.31	56.23	68.54	61.63	75.93	25.53	61.43	27.52	69.37	18.31	62.89	15.93	73.76	11.23	59.87	8.22	63.5
390	13.0	59.72	59.19	60.18	57.94	59.2	56.96	49.03	52.59	53.05	56.46	45.73	58.84	48.33	63.58	49.08	67.45	52.34	75.09	56.3	68.51	61.74	76.0	25.42	61.24	27.4	69.16	18.07	62.85	15.69	73.68	10.98	59.84	7.81	63.41
391	13.033	59.7	58.94	60.14	57.68	59.14	56.71	48.99	52.36	52.97	56.31	45.75	58.77	48.3	63.5	48.9	67.39	52.02	75.0	56.29	68.61	61.57	76.56	25.43	61.17	27.37	69.11	17.86	62.9	15.52	73.8	10.54	59.66	7.39	63.46
392	13.067	59.67	58.74	60.13	57.44	59.1	56.5	49.01	52.12	52.88	56.12	45.72	58.72	48.23	63.45	48.72	67.65	52.07	75.16	56.07	68.54	61.44	76.53	25.27	61.15	27.17	69.12	17.65	62.86	15.23	73.81	10.35	59.53	7.19	63.44
393	13.1	59.62	58.69	60.07	57.38	59.05	56.43	48.92	52.03	52.82	56.04	45.62	58.7	48.17	63.49	48.72	67.61	52.09	75.21	56.11	68.5	61.51	76.45	25.1	61.08	27.03	69.09	17.53	62.84	15.12	73.85	10.16	59.53	7.0	63.43
394	13.133	59.63	58.65	60.06	57.35	59.07	56.41	48.82	52.02	52.88	56.06	45.6	58.62	48.26	63.48	48.92	67.49	52.39	75.28	56.43	68.39	61.99	76.43	25.02	61.1	27.02	69.17	17.46	62.79	15.05	73.88	10.07	59.61	6.87	63.52
395	13.167	59.78	58.67	60.17	57.4	59.21	56.47	48.8	52.17	53.03	56.22	45.69	58.68	48.48	63.48	49.14	67.39	52.89	75.1	56.72	68.41	62.52	76.37	25.27	61.18	27.33	69.21	17.74	62.7	15.3	73.74	10.22	59.56	6.99	63.43
396	13.2	59.89	58.89	60.31	57.73	59.41	56.72	48.87	52.5	53.37	56.36	45.77	58.56	48.77	63.29	49.3	67.04	53.22	74.79	56.73	68.16	62.68	75.84	25.16	61.11	27.36	69.1	17.61	62.55	15.16	73.52	10.03	59.74	6.64	63.31
397	13.233	60.01	59.05	60.4	57.95	59.59	56.9	48.75	52.73	53.59	56.58	45.76	58.55	48.87	63.38	49.28	66.69	53.6	74.64	56.79	67.99	63.25	75.77	25.19	61.15	27.45	69.21	17.9	62.36	15.28	73.41	10.09	59.71	6.63	63.26
398	13.267	60.12	59.46	60.53	58.38	59.7	57.32	48.9	53.16	53.77	56.94	45.97	58.8	49.22	63.6	49.78	66.74	54.29	74.8	57.25	67.81	64.03	75.56	25.3	61.21	27.61	69.29	17.95	62.18	15.3	73.22	10.18	59.54	6.55	62.92
399	13.3	60.61	59.73	61.05	58.66	60.14	57.59	49.28	53.3	53.99	57.14	46.25	58.78	49.45	63.63	50.06	66.66	54.57	74.8	57.68	67.65	64.65	75.27	25.52	61.4	27.77	69.62	17.9	62.18	15.17	73.41	9.78	59.65	6.05	63.04
400	13.333	60.63	59.89	61.08	58.82	60.18	57.73	49.33	53.46	54.09	57.28	46.24	58.92	49.55	63.77	50.21	66.67	54.68	74.8	57.75	67.7	64.6	75.37	25.42	61.28	27.77	69.45	18.02	62.22	15.47	73.34	10.45	59.79	6.83	63.11
401	13.367	60.69	60.06	61.18	58.96	60.25	57.86	49.46	53.42	54.15	57.24	46.26	58.91	49.67	63.73	50.15	66.86	54.74	74.91	57.72	67.78	64.4	75.46	25.28	61.54	27.69	69.73	17.68	62.56	15.21	73.7	10.18	60.2	6.69	63.48
402	13.4	60.81	60.08	61.32	58.94	60.36	57.83	49.51	53.34	54.15	57.13	46.29	58.9	49.64	63.79	50.27	67.06	54.78	75.2	58.27	67.49	64.69	74.6	25.46	62.04	27.84	70.32	17.85	63.08	15.44	74.34	10.06	60.72	6.76	64.01
403	13.433	60.81	59.91	61.31	58.8	60.35	57.66	49.52	53.37	54.14	57.13	46.36	59.13	49.59	64.01	50.27	67.1	54.57	75.18	58.17	67.61	64.15	74.41	25.5	62.41	27.84	70.64	17.87	63.53	15.52	74.76	10.03	61.45	6.95	64.7
404	13.467	60.78	59.69	61.3	58.53	60.33	57.42	49.53	52.98	54.13	56.8	46.32	58.83	49.66	63.96	50.28	66.7	54.4	75.16	58.1	67.44	63.58	73.99	25.54	62.45	28.0	70.76	18.0	63.87	15.84	75.23	10.07	61.82	7.16	65.07
405	13.5	60.7	59.48	61.2	58.39	60.26	57.22	49.42	53.06	54.14	56.79	46.27	58.97	49.61	64.0	50.02	66.82	54.14	75.13	57.73	67.55	62.95	74.06	25.49	62.54	27.96	70.75	17.97	64.05	15.78	75.29	10.06	62.26	7.17	65.46
406	13.533	60.67	59.09	61.17	58.06	60.21	56.87	49.47	53.02	54.12	56.65	46.4	59.04	49.55	63.8	49.95	67.13	53.87	75.05	57.71	67.61	62.58	74.13	25.73	62.72	28.08	70.76	18.12	64.19	15.8	75.21	10.13	62.31	7.06	65.52
407	13.567	60.78	58.9	61.28	57.81	60.26	56.66	49.59	52.81	54.07	56.54	46.45	59.11	49.59	63.98	50.08	67.21	53.89	75.22	57.84	67.43	62.51	73.9	25.85	62.69	28.21	70.77	18.33	64.34	16.19	75.42	10.51	62.28	7.64	65.6
408	13.6	60.85	58.78	61.37	57.69	60.32	56.5	49.73	52.65	54.1	56.33	46.59	59.0	49.58	63.91	50.14	67.13	53.7	75.27	57.83	67.32	62.33	73.84	25.99	62.48	28.26	70.61	18.4	64.06	16.19	75.19	10.5	61.82	7.57	65.1
409	13.633	60.87	58.47	61.4	57.38	60.38	56.17	49.76	52.31	54.16	55.99	46.47	58.63	49.56	63.75	50.11	66.74	53.57	75.25	57.69	67.11	62.23	73.61	25.89	62.12	28.24	70.34	18.6	63.88	16.58	75.06	10.89	61.58	8.07	64.75
410	13.667	60.75	58.45	61.28	57.31	60.33	56.1	49.61	52.05	54.17	55.7	46.29	58.39	49.57	63.67	49.81	66.57	53.52	75.32	57.43	66.97	61.98	73.13	25.93	62.34	28.43	70.6	18.83	64.04	16.97	75.32	10.84	61.87	8.32	64.98
411	13.7	60.8	58.41	61.35	57.3	60.4	56.04	49.68	52.05	54.22	55.64	46.3	58.37	49.54	63.75	49.95	66.37	53.34	75.36	57.59	66.69	61.77	72.96	25.87	62.06	28.34	70.38	18.84	63.83	16.98	75.15	11.0	61.57	8.43	64.59
412	13.733	60.86	58.32	61.42	57.22	60.45	55.94	49.75	51.98	54.27	55.55	46.4	58.26	49.63	63.68	49.98	65.96	53.41	75.06	57.58	66.45	61.74	72.78	25.96	61.77	28.43	70.11	19.02	63.74	17.13	75.1	10.95	61.52	8.38	64.55
413	13.767	60.93	58.34	61.54	57.2	60.53	55.93	49.9	51.81	54.31	55.41	46.47	58.04	49.66	63.51	49.93	65.9	53.51	75.06	57.6	66.29	61.99	72.64	25.91	61.58	28.33	70.0	18.99	63.72	17.05	75.2	10.7	61.52	8.12	64.63
414	13.8	60.96	58.2	61.57	57.01	60.53	55.77	49.9	51.59	54.24	55.27	46.4	58.06	49.73	63.7	50.05	65.95	53.72	75.28	57.86	65.95	61.86	72.04	25.88	61.73	28.42	70.24	18.98	63.71	17.22	75.31	10.76	61.35	8.47	64.48
415	13.833	61.06	58.25	61.71	57.05	60.62	55.81	50.1	51.56	54.29	55.23	46.52	57.93	49.9	63.65	50.18	65.75	54.01	75.25	57.88	65.51	61.81	71.56	25.95	61.63	28.5	70.21	19.01	63.58	17.24	75.27	10.72	61.31	8.43	64.35
416	13.867	61.1	58.34	61.78	57.17	60.69	55.89	50.16	51.63	54.42	55.25	46.58	57.78	49.98	63.47	50.33	65.52	53.91	75.02	58.03	65.22	61.72	71.21	25.83	61.35	28.41	69.93	18.82	63.45	17.08	75.13	10.54	61.18	8.14	64.18
417	13.9	61.48	58.78	62.09	57.67	61.06	56.16	50.01	51.8	54.6	55.49	46.36	58.01	50.31	64.07	49.44	64.32	53.99	73.96	57.47	65.11	62.05	70.63	25.14	60.66	28.26	69.5	18.82	63.06	17.45	74.97	10.16	61.38	8.36	64.36
418	13.933	61.42	58.76	61.98	57.65	61.01	56.18	49.78	51.77	54.55	55.55	46.3	57.92	50.23	64.11	49.72	63.88	53.98	73.75	57.67	64.95	61.99	70.34	25.05	60.71	28.19	69.59	18.71	62.84	17.29	74.81	9.85	61.09	8.01	64.04
419	13.967	61.41	58.64	61.95	57.54	60.99	56.08	49.79	51.72	54.58	55.49	46.4	57.95	50.29	64.07	49.81	63.82	54.15	73.55	57.63	64.85	62.08	70.03	25.11	60.47	28.21	69.31	18.64	62.51	17.12	74.47	9.84	60.66	7.92	63.61
420	14.0	61.46	58.58	61.99	57.47	61.04	56.03	49.77	51.63	54.6	55.44	46.4	57.85	50.28	63.99	49.89	63.76	54.18	73.52	57.79	64.9	62.22	70.28	25.05	60.44	28.14	69.31	18.55	62.51	16.99	74.5	9.75	60.62	7.77	63.61
421	14.033	61.48	58.5	62.03	57.39	61.05	55.94	49.86	51.55	54.59	55.35	46.48	57.79	50.24	63.87	49.92	63.82	54.14	73.48	57.8	64.98	62.15	70.5	25.08	60.36	28.09	69.21	18.54	62.45	16.91	74.41	9.82	60.56	7.81	63.58
422	14.067	61.5	58.5	62.06	57.39	61.06	55.93	49.91	51.58	54.58	55.35	46.46	57.89	50.31	63.9	49.77	63.93	54.32	73.46	57.68	64.91	62.35	70.35	25.19	60.5	28.25	69.32	18.64	62.36	17.07	74.28	9.93	60.37	8.01	63.37
423	14.1	61.75	58.32	62.32	57.23	61.3	55.73	50.13	51.53	54.76	55.28	46.58	57.96	50.45	64.04	49.83	63.96	54.49	73.63	57.87	64.76	62.54	70.27	25.24	60.49	28.29	69.38	18.76	62.52	17.21	74.53	10.12	60.43	8.23	63.45
424	14.133	61.31	58.54	61.71	56.85	60.92	56.08	50.51	49.89	54.35	54.49	46.05	55.98	50.45	63.18	50.59	63.56	55.3	74.04	59.25	65.4	61.86	68.66	24.76	59.35	28.24	68.73	17.68	62.8	16.42	76.09	8.83	60.17	6.51	64.37
425	14.167	61.35	58.61	61.73	56.95	60.98	56.2	50.53	50.01	54.47	54.65	46.22	55.95	50.58	63.32	51.0	63.15	55.68	73.68	59.18	64.73	61.54	66.94	24.85	59.43	28.33	68.83	17.85	62.73	16.61	76.12	8.94	60.31	6.91	64.39
426	14.2	61.17	58.73	61.53	57.1	60.85	56.34	50.33	50.24	54.46	54.78	46.11	56.23	50.62	63.55	50.96	63.1	56.09	73.44	58.95	64.6	61.6	66.19	24.76	59.59	28.32	68.91	18.04	62.74	16.76	76.07	9.11	60.53	7.16	64.48
427	14.233	61.21	59.03	61.59	57.37	60.87	56.67	50.53	50.39	54.51	55.05	46.38	56.19	50.78	63.57	51.16	62.99	56.18	73.3	58.91	64.41	61.44	65.85	25.01	59.38	28.52	68.71	18.19	62.51	16.82	75.88	9.24	60.34	7.28	64.4
428	14.267	61.24	59.24	61.56	57.62	60.93	56.89	50.37	50.54	54.64	55.2	46.34	56.12	50.76	63.53	51.09	62.76	56.03	73.13	58.93	64.47	61.48	65.85	24.81	59.35	28.36	68.74	18.0	62.25	16.55	75.74	8.83	59.97	6.72	64.13
429	14.3	61.32	59.23	61.6	57.67	61.04	56.94	50.3	50.78	54.8	55.41	46.35	56.34	50.94	63.67	51.26	62.75	56.17	73.1	58.91	64.48	61.33	66.02	24.93	59.49	28.6	68.77	18.11	62.26	16.62	75.56	9.1	60.06	6.76	64.04
430	14.333	61.21	59.33	61.51	57.8	60.97	57.06	50.36	51.0	54.88	55.52	46.54	56.49	51.06	63.81	51.51	62.62	56.27	73.18	58.87	64.39	60.92	66.26	25.21	59.46	28.84	68.65	18.52	62.2	17.04	75.36	9.71	60.15	7.48	63.95
431	14.367	61.33	59.59	61.64	58.12	61.12	57.35	50.4	51.32	55.08	55.79	46.5	56.51	51.19	63.69	51.43	62.91	56.25	73.38	59.18	64.86	61.54	67.28	25.27	59.37	28.99	68.52	18.45	62.13	17.0	75.16	9.83	60.08	7.33	63.82
432	14.4	62.22	59.98	62.76	59.13	61.98	57.44	50.26	53.11	55.65	56.58	46.46	58.11	51.03	64.24	50.08	63.39	55.15	73.41	58.64	64.99	63.36	70.3	24.96	59.99	28.55	68.94	19.23	61.81	17.86	73.74	10.97	60.43	8.97	62.88
433	14.433	62.13	59.64	62.84	58.85	61.87	57.35	50.95	53.05	55.5	56.39	46.91	57.35	50.87	63.08	51.84	64.14	55.7	74.39	60.37	66.33	64.72	72.51	25.23	59.44	28.1	68.38	18.51	62.35	16.87	74.48	10.33	60.3	7.2	62.97
434	14.467	62.22	59.94	62.94	59.14	61.94	57.66	51.04	53.35	55.52	56.64	47.02	57.62	50.79	63.06	51.97	64.73	55.74	74.58	60.76	66.68	65.25	73.27	25.35	59.69	28.05	68.53	18.44	62.53	16.7	74.51	10.36	60.42	7.18	63.13
435	14.5	62.49	59.84	63.16	59.03	62.14	57.59	51.11	53.36	55.59	56.74	47.11	57.78	50.88	63.11	51.95	65.05	55.95	74.79	61.02	67.15	65.96	74.65	25.63	59.65	28.29	68.48	18.72	62.55	16.9	74.49	10.6	60.53	7.32	63.5
436	14.533	62.31	60.46	62.7	58.96	61.98	58.0	50.73	52.2	55.75	56.77	47.31	57.66	51.23	63.94	50.44	66.06	55.35	75.03	59.16	67.92	65.17	74.79	25.7	60.42	28.85	69.19	19.06	62.81	17.08	74.74	10.53	60.34	7.84	64.5
437	14.567	62.43	60.21	62.82	58.69	62.06	57.74	50.88	51.92	55.81	56.57	47.44	57.46	51.18	63.72	50.38	66.17	54.88	75.05	59.16	68.33	64.88	75.52	25.76	60.09	28.81	68.87	19.18	62.89	17.24	74.82	10.77	60.15	8.15	64.56
438	14.6	62.41	59.89	62.75	58.29	62.01	57.6	51.1	51.68	55.8	56.49	47.54	57.6	50.99	63.26	50.58	67.07	54.79	75.04	59.87	68.61	65.59	76.55	26.66	60.45	29.4	68.97	19.13	62.8	16.79	74.59	11.11	59.54	7.87	64.47
439	14.633	62.52	59.99	63.03	58.39	62.1	57.42	51.31	51.43	55.76	56.14	47.54	57.13	51.0	63.56	49.6	66.65	53.54	75.74	58.25	68.43	63.31	76.22	25.87	59.9	28.79	68.79	19.27	62.93	17.5	75.01	11.17	60.08	8.81	64.84
440	14.667	62.58	58.95	63.34	58.16	62.21	56.64	51.66	52.85	55.61	56.13	47.34	57.75	50.07	62.89	51.18	66.1	52.38	75.99	59.23	69.91	62.54	80.15	25.73	58.67	27.79	67.16	18.94	63.18	16.95	74.5	12.23	60.95	8.15	63.97
441	14.7	62.39	58.91	63.15	58.08	61.99	56.57	51.78	52.73	55.42	56.01	47.48	57.8	49.91	62.87	51.24	66.08	51.65	75.76	58.78	70.86	61.24	80.76	25.78	58.38	27.69	66.76	18.84	63.25	16.79	74.46	12.42	61.02	8.12	64.04
442	14.733	62.36	58.85	63.17	58.01	61.91	56.5	52.01	52.7	55.23	55.9	47.53	57.73	49.82	62.79	51.27	65.81	51.39	75.54	58.66	71.03	60.63	80.95	26.11	58.09	27.88	66.43	19.06	63.15	17.02	74.28	12.92	60.91	8.56	63.79
443	14.767	62.21	58.76	63.06	57.96	61.78	56.4	52.08	52.65	55.12	55.74	47.54	57.51	49.69	62.46	50.96	65.48	51.07	75.04	58.11	70.92	60.1	80.68	26.27	57.88	27.97	66.1	19.33	62.78	17.31	73.74	13.25	60.68	9.05	63.45
444	14.8	62.25	58.44	63.13	57.65	61.78	56.09	52.23	52.41	55.08	55.53	47.68	57.34	49.66	62.44	51.1	65.36	50.82	75.24	58.18	70.61	59.68	80.54	26.44	57.65	28.05	65.93	19.59	62.53	17.6	73.57	13.43	60.2	9.27	63.03
445	14.833	62.49	58.07	63.44	57.29	61.96	55.66	52.75	52.07	55.08	55.08	48.08	57.13	49.62	62.17	51.13	64.92	50.43	74.85	58.08	70.43	59.03	80.57	26.91	57.1	28.24	65.38	19.98	62.17	17.92	73.22	13.75	59.8	9.78	62.65
446	14.867	62.65	57.72	63.62	56.98	62.11	55.31	53.0	51.83	55.23	54.78	48.3	56.8	49.6	61.89	51.08	64.38	49.99	74.47	57.72	70.09	58.49	80.26	27.08	56.73	28.24	65.02	20.16	61.58	18.09	72.67	13.82	59.02	9.94	61.88
447	14.9	62.69	57.72	63.64	56.99	62.17	55.32	52.96	51.74	55.24	54.73	48.19	56.66	49.49	61.8	50.9	64.15	49.64	74.23	57.38	69.89	57.91	80.02	26.89	56.84	28.07	65.15	19.84	61.29	17.82	72.39	13.69	58.57	9.92	61.42
448	14.933	62.67	57.85	63.61	57.19	62.19	55.46	52.88	51.97	55.35	54.86	48.19	56.68	49.48	61.67	50.72	64.04	49.33	73.87	57.17	69.99	57.52	80.1	26.82	56.91	28.01	65.15	19.48	61.2	17.33	72.2	13.29	58.53	9.35	61.3
449	14.967	62.6	57.9	63.52	57.32	62.16	55.56	52.84	52.23	55.4	55.05	48.16	56.7	49.45	61.76	50.52	63.64	48.97	73.65	56.7	70.1	56.76	80.31	27.06	56.79	28.24	64.98	19.84	60.92	17.65	71.84	13.67	57.92	9.7	60.56
450	15.0	62.44	57.94	63.4	57.39	62.0	55.63	53.01	52.39	55.29	55.1	48.38	56.76	49.36	61.72	50.39	63.28	48.56	73.2	56.14	70.19	55.83	80.52	27.55	56.87	28.51	64.93	20.15	60.79	17.78	71.55	13.99	57.91	9.95	60.42
451	15.033	62.27	58.1	62.89	56.94	61.79	55.89	52.98	51.25	55.51	55.04	49.05	56.6	49.88	60.89	50.78	64.15	48.35	71.67	57.78	68.45	55.49	80.15	28.52	56.91	29.65	64.34	19.38	60.27	16.67	70.5	13.84	56.38	9.99	60.67
452	15.067	62.53	58.15	63.46	57.62	62.14	55.93	53.28	52.55	55.67	55.36	48.85	56.56	49.5	61.72	51.23	62.5	47.98	72.99	56.88	69.46	55.44	80.5	27.84	56.15	28.56	64.32	20.58	59.92	18.1	70.81	15.19	56.17	10.82	58.87
453	15.1	62.24	59.31	62.75	58.28	62.13	56.77	52.37	51.79	56.38	55.22	48.6	56.04	50.27	62.0	48.51	62.65	47.87	72.18	56.22	67.55	54.87	77.12	29.34	57.66	31.48	65.57	24.71	60.15	22.6	70.68	18.09	55.64	16.78	59.55
454	15.133	62.24	59.87	62.7	58.91	62.29	57.28	52.1	52.29	56.65	55.56	48.28	56.23	49.99	62.29	48.11	63.03	48.0	72.63	55.83	68.34	55.5	77.42	28.8	57.42	30.88	65.43	24.9	60.19	22.54	70.82	18.63	55.63	17.51	59.44
455	15.167	62.13	60.55	62.54	59.73	62.4	57.94	52.13	52.94	57.13	55.8	48.32	56.3	50.06	61.83	48.09	63.51	48.14	72.39	55.7	69.5	56.15	78.12	28.66	57.01	30.67	64.77	24.97	60.34	22.47	70.54	19.35	55.75	18.06	59.08
456	15.2	62.13	61.01	62.5	60.27	62.53	58.41	52.09	53.47	57.49	56.15	48.3	56.57	50.08	61.88	47.99	63.64	48.14	72.19	55.46	69.75	56.11	78.08	28.4	57.18	30.43	64.79	24.98	60.55	22.41	70.54	19.6	56.18	18.46	59.28
457	15.233	62.16	61.44	62.53	60.7	62.6	58.83	52.1	53.78	57.64	56.43	48.26	56.7	50.13	62.05	47.89	63.62	48.1	72.2	55.58	69.52	56.28	77.71	28.47	57.22	30.58	64.85	25.29	60.52	22.84	70.55	19.99	56.28	19.04	59.45
458	15.267	62.45	61.83	62.9	61.11	62.94	59.11	52.56	53.87	58.04	56.4	48.46	56.54	50.59	61.98	47.77	63.32	48.15	72.13	55.34	69.53	56.19	77.85	28.47	56.98	30.76	64.71	25.33	60.7	23.07	70.8	20.01	56.6	19.08	59.59
459	15.3	62.43	61.89	62.89	61.16	62.88	59.25	52.53	53.91	57.95	56.66	48.49	56.24	50.65	61.95	47.88	62.94	48.26	72.09	55.27	68.99	55.84	77.46	28.34	56.98	30.73	64.79	25.11	60.67	22.93	70.9	19.63	56.98	18.64	60.1
460	15.333	62.57	62.05	63.06	61.33	62.99	59.39	52.7	54.05	57.97	56.74	48.52	56.32	50.76	61.94	47.9	63.0	48.4	71.94	55.0	69.04	55.69	77.3	28.39	56.99	30.81	64.72	25.14	60.74	22.98	70.83	19.78	57.27	18.67	60.2
461	15.367	62.59	62.4	63.05	61.7	63.02	59.76	52.6	54.35	57.94	57.08	48.45	56.39	50.67	62.11	47.8	62.92	48.22	71.98	54.69	68.92	55.34	77.25	28.34	56.8	30.76	64.56	25.12	60.57	22.87	70.7	19.63	57.11	18.44	60.04
462	15.4	62.78	62.65	63.22	61.95	63.2	60.0	52.7	54.49	58.07	57.25	48.56	56.53	50.78	62.15	47.93	63.22	48.39	72.1	54.78	69.43	55.58	77.65	28.14	56.74	30.56	64.49	25.02	60.64	22.67	70.78	19.39	57.15	18.06	60.14
463	15.433	62.93	62.95	63.36	62.22	63.31	60.29	52.68	54.7	58.0	57.58	48.52	56.79	50.65	62.5	47.91	63.58	48.47	72.41	54.74	69.75	56.02	77.58	27.96	56.94	30.3	64.78	24.84	60.46	22.35	70.75	19.1	56.75	17.66	59.87
464	15.467	62.56	62.5	62.98	61.5	62.63	60.29	52.49	54.7	57.1	58.37	48.57	57.47	50.54	62.87	50.96	65.52	50.81	74.07	57.94	70.66	59.47	79.95	27.52	56.43	29.22	64.39	21.5	59.88	19.01	70.51	18.18	56.01	14.69	59.92
465	15.5	62.61	62.2	63.06	61.22	62.66	60.02	52.51	54.55	57.17	58.24	48.62	57.21	50.93	62.97	51.83	64.53	52.03	74.15	58.81	69.61	61.17	79.46	27.26	56.42	29.13	64.66	21.14	59.9	18.87	70.83	17.54	56.16	13.87	59.82
466	15.533	62.99	61.74	63.55	61.07	63.15	59.2	52.03	54.51	57.7	57.55	47.99	57.33	51.41	64.02	51.09	62.75	53.61	74.77	58.76	66.85	62.11	76.65	26.22	56.39	28.78	65.8	21.65	58.13	18.8	70.4	17.3	55.36	13.28	57.85
467	15.567	63.37	61.56	63.92	60.94	63.51	59.03	52.12	54.43	57.96	57.42	48.11	57.21	51.82	63.7	51.48	62.57	54.7	74.31	59.65	66.03	63.09	75.48	26.23	56.53	29.0	65.9	21.82	58.22	18.9	70.48	16.75	55.73	12.7	58.11
468	15.6	63.59	61.55	64.11	61.0	63.7	59.07	51.95	54.58	57.99	57.56	47.94	57.56	51.98	63.68	51.52	62.68	55.46	73.68	60.23	64.9	63.82	73.61	26.02	57.0	29.01	66.24	21.57	58.44	18.74	70.53	16.04	55.96	12.2	58.26
469	15.633	63.51	61.07	64.01	60.55	63.64	58.63	51.8	54.35	58.09	57.29	47.95	57.63	52.31	63.66	51.44	62.58	55.93	73.36	59.84	64.25	63.67	71.65	26.07	57.33	29.34	66.42	21.55	58.51	19.07	70.49	15.48	56.2	12.04	58.35
470	15.667	63.14	61.24	63.4	60.07	63.22	59.07	51.35	53.22	57.77	57.48	48.63	56.79	52.53	63.55	52.3	63.24	56.33	73.33	59.76	64.39	62.91	69.1	26.87	58.11	30.26	66.78	21.25	59.23	19.07	71.08	13.6	56.88	11.32	60.21
471	15.7	63.17	61.1	63.4	59.95	63.27	58.93	51.18	53.15	57.88	57.43	48.46	56.8	52.61	63.58	52.01	63.45	56.11	73.53	59.72	64.78	62.86	69.04	26.63	58.41	30.22	67.08	21.03	59.87	19.01	71.77	13.13	57.41	10.8	60.77
472	15.733	63.18	61.16	63.42	60.05	63.28	58.98	51.24	53.35	57.88	57.52	48.6	56.96	52.63	63.7	52.11	63.38	56.2	73.57	59.87	65.1	63.26	69.48	26.7	58.68	30.16	67.4	20.78	59.99	18.55	71.95	12.55	57.63	9.98	60.86
473	15.767	63.24	61.11	63.51	59.98	63.3	58.87	51.36	53.34	57.84	57.41	48.66	57.17	52.61	63.56	52.34	63.9	56.46	73.61	60.49	65.33	64.33	69.97	26.7	58.94	30.02	67.59	20.57	60.36	18.35	72.17	12.55	57.73	9.91	60.93
474	15.8	63.3	61.17	63.56	60.04	63.33	58.93	51.35	53.43	57.82	57.53	48.65	57.31	52.54	63.58	52.3	64.06	56.48	73.58	60.78	65.63	64.93	70.91	26.63	58.97	29.89	67.61	20.48	60.51	18.21	72.31	12.47	57.88	9.81	61.29
475	15.833	63.3	61.09	63.59	59.96	63.3	58.82	51.45	53.36	57.82	57.43	48.74	57.3	52.6	63.45	52.31	64.28	56.48	73.62	60.8	65.7	65.05	71.39	26.67	58.89	29.86	67.52	20.37	60.49	18.06	72.24	12.43	57.79	9.66	61.25
476	15.867	63.51	61.01	63.83	59.88	63.49	58.69	51.72	53.2	57.96	57.25	49.03	57.18	52.65	63.21	52.49	64.66	56.36	73.88	61.01	65.69	65.22	71.68	26.74	58.63	29.73	67.31	20.24	60.09	17.75	71.88	12.32	57.17	9.3	60.7
477	15.9	63.02	60.71	63.31	59.57	63.08	58.52	51.5	53.26	57.84	57.14	48.97	57.32	52.41	62.86	53.4	65.24	56.97	74.26	62.34	65.45	66.02	72.45	27.41	59.09	30.11	67.54	20.83	59.41	17.81	70.96	13.38	56.64	9.62	60.22
478	15.933	63.08	60.07	63.33	58.94	63.09	57.93	51.45	52.89	57.81	56.89	48.95	57.17	52.38	62.67	53.41	65.1	56.86	74.01	62.36	65.64	66.13	73.21	27.5	58.68	30.2	67.08	21.02	59.12	17.96	70.6	13.66	56.24	9.74	60.04
479	15.967	63.2	59.83	63.47	58.61	63.13	57.65	51.72	52.5	57.67	56.61	49.08	57.2	52.36	62.74	53.46	65.34	56.73	74.24	62.44	65.89	66.06	73.73	27.77	58.41	30.36	66.86	21.28	58.99	18.23	70.54	13.89	55.67	9.94	59.64
480	16.0	63.08	59.29	63.38	58.08	63.0	57.08	51.88	52.12	57.63	56.07	49.22	57.06	52.38	62.52	53.56	65.16	56.28	74.21	62.22	66.28	65.59	74.64	28.01	58.32	30.53	66.65	21.52	59.47	18.62	70.83	14.32	56.04	10.29	59.84
481	16.033	62.97	59.04	63.27	57.9	62.89	56.83	51.89	52.12	57.61	55.95	49.1	57.04	52.15	62.18	52.74	65.41	54.78	74.0	60.89	67.4	63.71	76.86	28.07	58.16	30.58	66.2	21.38	59.65	18.52	70.55	14.65	56.09	10.38	59.85
482	16.067	63.44	59.28	63.75	57.94	63.25	56.86	51.91	51.41	57.51	55.8	48.92	56.5	52.11	62.74	51.48	64.95	53.06	74.41	59.47	67.77	61.89	76.55	27.6	57.79	30.42	66.43	20.71	59.82	18.57	71.44	13.6	55.22	10.41	59.44
483	16.1	63.54	59.67	63.93	58.35	63.36	57.14	52.19	51.56	57.48	55.88	48.96	56.4	51.66	62.45	50.56	65.34	51.16	74.18	58.86	69.04	59.76	78.04	27.54	57.45	30.15	65.98	20.69	60.34	18.56	71.79	13.49	55.53	10.62	60.03
484	16.133	63.42	60.05	63.88	59.08	63.25	57.81	52.88	52.92	57.46	56.7	49.22	57.15	51.41	61.71	50.68	65.68	50.2	73.12	58.73	71.05	58.38	81.5	27.92	57.69	30.06	65.4	20.07	62.27	17.72	72.86	13.24	58.85	9.37	63.34
485	16.167	63.17	60.61	63.65	59.73	63.08	58.38	52.81	53.55	57.39	57.08	49.24	57.33	51.17	61.87	50.36	65.34	49.38	72.87	58.28	71.17	57.11	81.06	28.33	58.04	30.31	65.63	20.57	62.63	18.1	73.13	13.37	59.59	9.56	63.84
486	16.2	62.93	61.27	63.38	60.43	62.9	59.07	52.48	54.27	57.37	57.72	49.03	57.78	51.04	62.13	50.2	65.8	49.47	73.0	58.2	71.26	57.24	81.16	28.07	58.37	30.09	65.84	20.45	62.96	17.82	73.28	13.41	60.18	9.45	64.36
487	16.233	63.05	62.03	63.5	61.18	63.05	59.83	52.54	54.77	57.56	58.29	49.03	58.05	51.18	62.38	50.04	66.22	49.32	73.16	58.11	71.6	57.2	81.37	28.0	58.76	30.12	66.22	20.32	63.44	17.84	73.73	13.57	60.68	9.72	64.97
488	16.267	63.2	62.13	63.67	61.27	63.21	59.93	52.76	54.77	57.66	58.32	49.16	58.06	51.29	62.59	50.04	65.9	49.15	73.09	57.84	71.93	56.82	81.22	28.21	58.81	30.34	66.34	20.52	63.49	18.2	73.9	13.59	60.61	9.95	64.82
489	16.3	63.48	62.0	63.96	61.16	63.46	59.81	52.98	54.75	57.86	58.37	49.41	58.03	51.45	62.74	50.29	65.59	49.26	73.08	58.1	71.89	56.88	81.34	28.26	58.54	30.33	66.21	20.59	63.22	18.13	73.83	13.44	60.41	9.67	64.74
490	16.333	63.61	61.9	64.05	61.05	63.6	59.72	52.94	54.67	57.97	58.38	49.38	57.96	51.46	62.82	50.46	65.54	49.27	73.24	58.14	71.86	56.92	81.35	28.27	58.7	30.37	66.43	20.66	63.12	18.3	73.78	13.77	60.26	10.11	64.58
491	16.367	63.67	61.93	64.1	61.08	63.66	59.76	52.95	54.74	58.02	58.46	49.4	58.08	51.52	62.89	50.44	65.71	49.44	73.27	58.08	72.0	56.99	81.51	28.3	58.78	30.43	66.48	20.76	62.96	18.32	73.56	13.93	60.13	10.23	64.47
492	16.4	63.58	61.63	64.03	60.79	63.54	59.48	52.98	54.6	57.88	58.25	49.39	58.11	51.43	62.7	50.54	65.7	49.43	73.0	58.1	71.72	56.79	81.35	28.47	59.01	30.54	66.54	20.87	63.15	18.48	73.52	14.18	60.52	10.56	64.73
493	16.433	63.45	61.51	63.88	60.7	63.46	59.35	52.81	54.52	57.92	58.08	49.36	57.9	51.43	62.53	50.52	65.53	49.42	73.04	58.12	71.68	56.79	81.27	28.34	58.84	30.43	66.39	20.86	63.24	18.34	73.67	13.81	60.73	9.98	64.88
494	16.467	63.39	61.36	63.85	60.53	63.38	59.18	52.82	54.3	57.76	57.84	49.28	57.84	51.36	62.4	50.19	65.65	49.48	72.99	57.93	71.71	56.98	81.1	28.38	58.68	30.46	66.21	20.9	63.26	18.45	73.72	13.6	60.78	9.94	64.99
495	16.5	63.37	61.02	63.84	60.1	63.28	58.84	52.9	53.78	57.59	57.51	49.23	57.52	51.41	62.17	50.22	65.6	49.46	72.99	58.07	71.55	56.97	81.13	28.39	58.39	30.57	65.96	20.93	63.28	18.73	73.79	13.84	60.79	10.32	65.24
496	16.533	63.28	60.84	63.76	59.92	63.15	58.69	52.93	53.75	57.41	57.47	49.24	57.65	51.38	62.21	50.25	65.71	49.57	72.95	57.95	71.73	56.79	81.17	28.57	58.45	30.72	65.92	21.1	63.48	18.9	73.86	13.99	61.05	10.46	65.41
497	16.567	63.16	60.65	63.61	59.73	63.02	58.5	52.77	53.65	57.36	57.32	49.15	57.52	51.45	62.01	50.32	65.76	49.83	73.04	58.05	71.66	57.19	81.31	28.56	58.65	30.83	66.07	21.04	63.79	18.88	74.09	13.81	61.51	10.12	65.78
498	16.6	63.3	60.6	63.76	59.64	63.1	58.44	52.87	53.49	57.36	57.26	49.27	57.42	51.58	61.89	50.52	65.98	50.13	73.24	58.43	71.34	58.02	80.99	28.7	58.77	30.97	66.25	21.01	63.94	18.92	74.33	13.46	61.53	9.72	65.94
499	16.633	63.23	60.52	63.67	59.52	62.99	58.37	52.67	53.42	57.24	57.28	49.14	57.52	51.53	61.97	50.61	66.24	50.33	73.45	58.66	71.24	58.9	80.83	28.56	59.23	30.86	66.72	20.62	64.15	18.57	74.57	13.02	61.65	9.24	66.1
500	16.667	63.21	60.54	63.63	59.49	62.97	58.35	52.59	53.34	57.24	57.22	49.06	57.54	51.65	62.12	50.7	66.54	50.99	73.97	58.91	71.44	59.99	80.82	28.47	59.18	30.87	66.8	20.77	64.18	18.78	74.75	13.1	61.74	9.32	66.22
501	16.7	63.13	60.57	63.53	59.48	62.93	58.34	52.5	53.21	57.32	57.07	49.09	57.39	51.84	62.14	51.07	66.45	51.67	74.41	59.4	71.35	61.28	81.08	28.49	59.01	30.96	66.77	20.97	64.03	19.07	74.76	13.22	61.41	9.42	65.84
502	16.733	63.24	60.28	63.62	59.16	63.03	58.08	52.47	52.82	57.41	56.85	48.99	57.07	51.95	62.07	51.39	66.27	52.35	74.64	59.87	71.12	62.19	81.06	27.97	58.4	30.59	66.37	20.84	63.47	18.99	74.47	13.22	60.72	9.39	65.33
503	16.767	63.22	60.21	63.46	58.92	63.07	58.03	51.68	52.36	57.49	56.85	48.62	56.57	51.85	62.44	51.31	65.59	53.01	74.56	59.76	69.7	62.43	79.49	28.1	58.94	30.98	67.23	21.57	62.18	19.47	73.52	13.72	59.13	10.48	63.83
504	16.8	63.41	60.19	63.64	58.92	63.28	57.98	51.88	52.42	57.7	56.73	48.84	56.78	51.98	62.37	51.65	65.67	53.45	74.29	60.13	69.13	63.12	78.54	28.23	58.97	30.97	67.19	21.73	61.96	19.52	73.2	14.03	58.66	10.66	63.22
505	16.833	63.62	60.26	63.86	58.96	63.48	58.03	51.99	52.39	57.8	56.77	48.91	57.01	52.19	62.63	51.97	66.01	54.1	74.59	60.95	68.49	63.99	77.27	28.27	59.21	31.09	67.53	21.9	61.73	19.68	73.12	14.04	58.27	10.71	62.88
506	16.867	63.56	60.09	63.83	58.85	63.41	57.92	52.14	52.57	57.8	56.75	49.28	57.12	52.26	62.47	52.81	65.92	54.93	74.42	61.79	67.64	64.87	76.22	28.69	59.16	31.21	67.36	22.23	61.21	19.63	72.46	14.36	57.98	10.68	62.3
507	16.9	63.75	60.15	63.98	58.88	63.56	58.02	52.09	52.61	57.87	56.99	49.41	57.25	52.46	62.83	53.42	65.94	55.54	74.71	62.27	66.93	64.85	74.9	28.52	59.45	31.1	67.82	21.74	60.61	18.98	72.13	13.84	57.42	10.05	61.73
508	16.933	63.7	60.03	63.91	58.69	63.5	57.9	52.06	52.39	57.79	56.87	49.38	57.17	52.6	63.03	53.56	65.67	56.21	74.84	62.35	66.26	64.94	73.87	28.67	59.48	31.36	67.98	22.11	60.37	19.46	72.09	14.13	57.3	10.72	61.61
509	16.967	63.77	59.51	63.98	58.15	63.51	57.42	52.12	52.06	57.79	56.63	49.56	57.22	52.83	63.09	53.86	65.88	56.85	74.98	62.38	65.71	64.83	72.66	28.7	59.56	31.44	68.05	22.06	60.32	19.36	72.09	13.93	57.38	10.53	61.69
510	17.0	63.81	59.51	64.04	58.11	63.5	57.26	51.99	51.65	57.58	56.34	49.34	56.81	52.9	63.22	53.03	64.78	56.36	74.12	61.22	65.84	63.89	71.27	28.01	58.95	31.1	67.63	21.63	60.27	19.5	72.23	13.46	57.3	10.92	61.44
511	17.033	63.88	59.05	64.12	57.64	63.51	56.84	52.06	51.31	57.52	56.09	49.36	56.63	52.93	63.03	53.08	64.64	56.31	73.94	61.27	65.8	63.77	71.37	28.1	58.98	31.2	67.64	21.63	60.44	19.52	72.38	13.37	57.69	10.75	61.9
512	17.067	63.8	58.67	64.02	57.21	63.45	56.42	51.92	50.81	57.51	55.65	49.3	56.32	52.91	62.95	53.12	64.37	56.19	74.05	61.4	65.68	63.51	71.2	28.03	59.0	31.2	67.77	21.64	60.35	19.62	72.47	13.21	57.66	10.78	61.94
513	17.1	63.72	57.79	63.95	56.37	63.29	55.58	51.94	50.43	57.29	55.2	49.3	56.34	52.96	62.75	53.19	64.14	56.7	73.57	61.42	65.53	64.17	71.27	28.31	59.08	31.46	67.7	21.82	60.65	19.83	72.56	13.3	58.05	10.82	62.21
514	17.133	63.55	57.16	63.8	55.72	63.03	54.96	51.92	50.04	56.92	54.77	49.15	56.35	52.86	62.5	53.1	64.51	57.1	73.46	61.26	65.45	64.74	70.94	28.32	59.26	31.47	67.71	21.83	61.12	19.96	72.79	13.26	58.45	10.81	62.53
515	17.167	63.65	56.28	63.9	54.83	63.11	54.04	52.06	49.33	57.04	54.04	49.29	55.91	52.97	62.07	53.14	64.2	57.08	73.28	61.32	65.58	64.82	71.68	28.41	59.04	31.54	67.5	21.93	61.36	20.12	73.02	13.47	58.77	11.07	62.91
516	17.2	63.41	55.95	63.67	54.49	62.89	53.69	51.9	49.02	56.91	53.63	49.15	55.78	52.9	61.82	52.94	64.16	57.16	73.1	61.34	65.56	64.92	71.63	28.4	59.1	31.58	67.47	22.18	61.63	20.47	73.21	13.41	59.12	11.24	63.28
517	17.233	63.36	55.63	63.62	54.13	62.79	53.37	51.91	48.74	56.75	53.43	49.15	55.78	52.87	61.88	52.95	64.05	57.15	73.05	61.32	65.41	64.95	71.4	28.5	59.23	31.66	67.62	22.28	61.92	20.67	73.56	13.38	59.31	11.31	63.58
518	17.267	63.18	55.47	63.4	53.97	62.61	53.24	51.67	48.66	56.6	53.33	48.9	55.8	52.87	61.81	52.82	63.97	57.33	72.83	61.25	65.17	65.03	71.14	28.46	59.08	31.79	67.37	22.49	61.96	21.1	73.47	13.52	59.32	11.6	63.59
519	17.3	63.12	55.48	63.37	54.01	62.54	53.24	51.69	48.63	56.53	53.22	48.85	55.58	52.82	61.49	52.72	63.92	57.16	72.72	61.12	65.45	65.16	71.75	28.45	59.49	31.75	67.75	22.02	62.41	20.6	73.83	12.97	60.02	10.85	64.11
520	17.333	63.16	55.41	63.46	53.86	62.54	53.13	51.92	48.34	56.46	53.0	48.98	55.4	52.95	61.34	52.81	63.82	57.19	72.7	61.18	65.4	65.17	71.76	28.64	59.46	31.95	67.77	22.11	62.49	20.78	73.98	12.98	60.01	10.87	64.17
521	17.367	63.12	55.41	63.45	53.82	62.5	53.08	51.98	48.11	56.41	52.78	48.95	55.14	52.97	61.25	52.76	63.52	57.14	72.68	61.1	65.17	65.0	71.55	28.63	59.33	31.97	67.73	22.14	62.46	20.9	74.07	12.93	60.02	10.91	64.14
522	17.4	63.2	55.29	63.51	53.7	62.6	52.95	51.91	48.03	56.51	52.69	48.88	55.11	53.0	61.19	52.9	63.63	57.13	72.79	61.27	65.13	65.09	71.5	28.47	59.36	31.9	67.74	22.07	62.52	20.97	74.06	12.96	59.93	10.95	64.0
523	17.433	63.23	55.14	63.55	53.56	62.61	52.8	51.97	47.94	56.51	52.56	48.95	55.1	52.98	61.02	52.89	63.92	57.13	72.83	61.29	65.1	65.33	71.45	28.59	59.44	31.92	67.77	21.92	62.48	20.7	73.97	12.84	59.94	10.68	64.0
524	17.467	63.22	54.98	63.55	53.38	62.58	52.62	52.03	47.78	56.44	52.41	48.97	55.09	52.98	61.05	52.88	63.91	57.03	72.89	61.31	64.96	65.23	71.24	28.68	59.36	32.0	67.71	22.05	62.46	20.88	73.99	12.88	59.85	10.73	63.92
525	17.5	63.2	54.96	63.57	53.37	62.56	52.6	52.15	47.8	56.42	52.37	49.13	55.04	52.95	60.93	52.97	63.84	57.05	72.78	61.31	64.95	65.26	71.29	28.74	59.28	31.92	67.62	21.92	62.39	20.57	73.9	12.74	59.98	10.46	63.99
526	17.533	63.22	54.86	63.57	53.29	62.56	52.52	52.11	47.86	56.36	52.41	49.12	55.26	52.89	61.05	52.99	64.0	57.27	72.71	61.37	64.71	65.43	70.78	28.79	59.35	31.89	67.64	21.93	62.27	20.56	73.74	12.76	59.78	10.64	63.79
527	17.567	63.34	54.67	63.69	53.1	62.65	52.33	52.15	47.74	56.37	52.36	49.17	55.27	52.82	61.2	52.99	63.74	57.25	72.56	61.47	64.64	65.74	70.7	28.83	59.22	31.81	67.63	21.94	61.98	20.5	73.62	12.78	59.28	10.77	63.44
528	17.6	63.4	54.61	63.71	53.08	62.69	52.35	52.15	47.78	56.4	52.49	49.23	55.2	52.85	61.08	53.13	63.48	57.31	72.2	61.49	64.66	65.78	70.93	28.97	59.1	31.93	67.46	21.84	61.73	20.28	73.31	12.82	59.01	10.62	63.2
529	17.633	63.66	54.72	64.09	53.24	62.99	52.2	52.68	47.7	56.69	52.05	49.06	54.9	53.12	60.9	51.1	63.29	56.43	72.5	59.99	63.25	65.5	71.71	28.97	58.71	32.21	67.21	23.52	61.14	22.38	72.64	15.25	58.94	13.45	63.44
530	17.667	63.37	54.58	63.71	53.18	62.8	52.44	52.54	47.96	56.81	52.37	49.52	55.12	52.88	60.47	53.37	63.46	57.09	72.14	62.3	64.03	66.31	72.09	29.58	58.5	32.23	66.68	22.47	61.51	20.4	72.95	13.48	58.5	10.28	62.91
531	17.7	63.34	54.44	63.65	53.07	62.77	52.35	52.46	47.97	56.81	52.4	49.46	55.13	52.86	60.49	53.47	63.46	57.21	72.13	62.2	64.09	66.15	72.05	29.45	58.44	32.12	66.59	22.36	61.3	20.36	72.7	13.6	58.25	10.52	62.58
532	17.733	63.37	54.42	63.67	53.05	62.8	52.34	52.47	47.98	56.82	52.43	49.48	55.18	52.83	60.53	53.47	63.53	57.26	72.13	62.14	64.05	66.27	72.02	29.39	58.26	32.02	66.42	22.34	61.12	20.31	72.53	13.66	57.9	10.6	62.28
533	17.767	63.34	54.55	63.66	53.19	62.79	52.45	52.47	48.12	56.83	52.51	49.48	55.28	52.75	60.51	53.13	63.72	57.19	72.06	61.96	64.14	66.48	72.17	29.44	58.1	31.97	66.23	22.47	60.87	20.27	72.25	13.69	57.51	10.58	62.01
534	17.8	63.38	54.89	63.71	53.57	62.82	52.81	52.57	48.59	56.89	52.93	49.7	55.67	52.85	60.82	53.3	64.0	57.48	72.24	62.06	64.38	66.61	72.26	29.67	58.24	32.11	66.33	22.67	60.71	20.28	72.06	13.79	57.28	10.6	61.74
535	17.833	63.46	55.05	63.74	53.73	62.91	52.98	52.44	48.72	56.99	53.11	49.66	55.8	52.86	61.02	53.26	64.05	57.65	72.34	62.11	64.41	66.93	72.29	29.61	58.5	32.08	66.65	22.67	60.79	20.17	72.24	13.63	57.48	10.46	62.02
536	17.867	63.49	55.03	63.76	53.77	62.96	52.99	52.39	48.87	57.07	53.2	49.69	55.94	52.85	60.99	53.22	64.18	57.7	72.17	62.07	64.49	67.14	72.27	29.57	58.56	32.02	66.6	22.68	60.93	20.13	72.25	13.63	57.71	10.46	62.26
537	17.9	63.51	55.2	63.76	53.89	62.98	53.13	52.39	48.92	57.11	53.23	49.76	56.03	52.96	61.03	53.31	64.36	58.05	72.23	62.24	64.53	67.51	72.03	29.82	58.9	32.28	66.92	22.96	61.12	20.4	72.45	13.72	57.84	10.63	62.4
538	17.933	63.58	55.39	63.86	54.12	63.04	53.35	52.55	49.24	57.18	53.46	49.91	56.15	53.15	61.08	53.69	64.25	58.5	72.18	62.59	64.45	67.9	71.91	30.03	59.01	32.49	66.99	23.17	61.14	20.61	72.39	14.02	57.97	10.85	62.35
539	17.967	63.67	55.63	63.92	54.41	63.15	53.62	52.53	49.58	57.34	53.77	49.93	56.27	53.24	61.15	53.94	64.06	58.81	71.97	62.64	64.41	68.05	72.07	29.89	58.56	32.39	66.5	23.24	60.59	20.68	71.71	14.57	57.41	11.37	61.68
540	18.0	63.79	55.9	64.1	54.68	63.32	53.83	52.79	49.76	57.54	53.82	50.11	56.35	53.35	61.27	54.2	63.97	59.1	72.04	62.76	64.31	68.46	71.92	29.89	58.55	32.29	66.57	23.23	60.3	20.58	71.49	14.83	57.21	11.61	61.29
541	18.033	63.89	56.27	64.21	55.01	63.44	54.21	52.89	49.86	57.58	54.01	50.09	56.24	53.35	61.3	54.19	63.75	59.19	71.95	62.93	64.19	68.68	71.9	29.99	58.38	32.38	66.52	23.39	59.74	20.72	71.06	15.15	56.6	12.02	60.77
542	18.067	63.87	56.71	64.2	55.43	63.49	54.63	52.81	50.0	57.67	54.17	49.94	56.04	53.25	61.23	54.05	63.66	59.07	72.03	62.89	64.18	68.88	71.87	29.77	58.17	32.18	66.4	23.36	59.45	20.63	70.88	15.16	56.31	11.97	60.5
543	18.1	64.05	56.87	64.37	55.64	63.7	54.82	52.83	50.18	57.82	54.38	49.88	55.89	53.21	61.25	54.08	63.33	58.91	71.93	63.03	64.08	68.96	71.79	29.69	57.96	32.12	66.29	23.35	59.16	20.7	70.68	15.23	56.04	12.16	60.21
544	18.133	64.2	56.94	64.53	55.7	63.85	54.88	52.91	50.16	57.93	54.4	49.9	55.8	53.25	61.2	53.98	63.31	58.74	71.88	62.99	64.11	68.75	71.77	29.72	57.97	32.18	66.33	23.36	59.04	20.74	70.6	15.21	55.95	12.24	60.19
545	18.167	64.23	56.76	64.52	55.55	63.89	54.71	52.75	50.08	57.98	54.37	49.78	55.68	53.3	61.23	53.99	63.12	58.76	71.92	62.9	64.06	68.64	71.68	29.55	57.96	32.17	66.37	23.3	59.16	20.86	70.77	15.07	56.14	12.21	60.37
546	18.2	64.25	56.76	64.57	55.56	63.94	54.68	52.78	50.05	58.04	54.25	49.79	55.6	53.35	61.13	53.94	63.03	58.8	71.89	63.05	63.98	68.66	71.67	29.55	57.84	32.21	66.25	23.51	59.27	21.03	70.88	14.99	56.41	12.09	60.6
547	18.233	64.38	56.77	64.7	55.6	64.06	54.7	52.85	50.15	58.14	54.38	49.86	55.66	53.29	61.2	53.99	63.12	58.69	71.93	63.09	64.23	68.61	72.11	29.41	57.66	32.01	66.08	23.47	59.19	20.93	70.79	15.25	56.43	12.34	60.71
548	18.267	64.35	56.6	64.7	55.46	64.06	54.51	52.95	50.06	58.2	54.15	49.87	55.55	53.18	60.98	53.76	63.18	58.07	71.84	62.59	64.27	67.94	71.91	29.47	57.76	31.98	66.07	23.57	59.61	21.16	71.06	15.57	57.02	12.75	61.17
549	18.3	64.44	56.51	64.82	55.37	64.14	54.38	53.14	50.03	58.25	54.02	49.98	55.67	53.11	60.9	53.67	63.71	57.61	72.09	62.51	64.5	67.65	72.33	29.45	57.77	31.81	66.0	23.41	59.97	20.97	71.3	15.56	57.04	12.56	61.2
550	18.333	64.71	56.97	65.16	55.81	64.39	54.78	53.52	50.24	58.42	54.26	50.25	55.69	53.24	61.08	53.77	63.64	57.27	72.32	62.62	64.64	67.51	72.58	29.61	57.81	31.87	66.19	23.36	59.94	20.97	71.45	15.44	57.12	12.47	61.32
551	18.367	64.85	57.1	65.34	55.95	64.54	54.88	53.75	50.28	58.58	54.23	50.43	55.64	53.35	60.99	53.77	63.69	57.14	72.37	62.5	64.64	67.41	72.43	29.78	58.17	31.99	66.55	23.32	60.26	20.96	71.77	15.43	57.67	12.45	61.77
552	18.4	64.9	57.31	65.38	56.15	64.63	55.06	53.75	50.38	58.71	54.27	50.45	55.69	53.47	60.96	53.67	63.89	57.1	72.46	62.56	64.83	67.33	72.6	29.92	58.62	32.22	66.96	23.43	60.61	21.1	72.07	15.42	58.04	12.47	62.13
553	18.433	64.98	57.51	65.48	56.36	64.67	55.26	53.85	50.64	58.69	54.54	50.53	56.0	53.47	61.27	53.62	64.06	57.14	72.56	62.55	64.83	67.52	72.48	30.06	58.95	32.29	67.31	23.47	60.71	21.14	72.21	15.31	58.07	12.53	62.21
554	18.467	65.03	57.48	65.54	56.3	64.73	55.21	53.9	50.55	58.72	54.45	50.56	56.08	53.52	61.34	53.78	64.36	57.26	72.89	62.73	64.88	67.63	72.51	29.95	59.0	32.19	67.39	23.38	60.86	21.04	72.38	15.22	58.09	12.32	62.19
555	18.5	65.08	57.49	65.59	56.3	64.77	55.21	53.94	50.55	58.72	54.46	50.56	56.12	53.51	61.44	53.82	64.46	57.25	73.04	62.71	64.9	67.55	72.44	29.9	58.99	32.14	67.4	23.38	60.84	21.06	72.4	15.28	58.02	12.39	62.09
556	18.533	65.11	57.56	65.6	56.37	64.78	55.29	53.95	50.59	58.7	54.54	50.53	56.1	53.49	61.52	53.84	64.32	57.18	73.01	62.69	64.95	67.46	72.45	29.96	58.92	32.21	67.37	23.54	60.85	21.29	72.43	15.45	58.0	12.62	62.1
557	18.567	65.04	57.56	65.54	56.4	64.71	55.3	53.95	50.72	58.67	54.61	50.6	56.21	53.54	61.46	53.78	64.41	57.19	72.92	62.77	65.23	67.6	72.82	30.19	58.97	32.42	67.33	23.73	60.98	21.4	72.46	15.4	58.1	12.43	62.22
558	18.6	65.02	57.79	65.54	56.61	64.7	55.5	53.99	50.83	58.67	54.66	50.62	56.29	53.47	61.51	53.59	64.78	56.93	73.2	62.59	65.28	67.19	72.55	30.25	59.18	32.44	67.51	23.8	61.31	21.51	72.8	15.34	58.39	12.51	62.5
559	18.633	65.07	58.04	65.61	56.83	64.76	55.71	54.1	50.9	58.71	54.75	50.75	56.31	53.51	61.66	53.69	64.81	56.68	73.44	62.6	65.27	66.78	72.36	30.35	59.32	32.51	67.73	23.81	61.42	21.59	73.01	15.23	58.46	12.5	62.57
560	18.667	65.07	58.4	65.69	57.16	64.74	56.0	54.42	51.07	58.66	54.83	50.98	56.46	53.49	61.89	53.83	64.9	56.45	73.76	62.64	65.25	66.15	72.11	30.54	59.38	32.56	67.84	23.93	61.56	21.77	73.24	15.28	58.56	12.78	62.55
561	18.7	65.12	58.58	65.79	57.4	64.82	56.18	54.69	51.26	58.76	54.85	51.18	56.25	53.39	61.6	53.75	64.62	55.84	73.49	62.36	65.53	65.7	72.66	30.77	59.29	32.57	67.68	24.13	61.91	21.86	73.45	15.49	59.1	12.82	62.97
562	18.733	65.03	58.57	65.72	57.4	64.72	56.18	54.74	51.31	58.64	54.87	51.15	56.28	53.22	61.6	53.58	64.69	55.36	73.54	61.97	65.85	64.99	73.08	30.91	59.36	32.64	67.67	24.19	61.89	21.93	73.32	15.68	59.11	12.99	62.9
563	18.767	64.96	58.68	65.66	57.59	64.69	56.31	54.67	51.54	58.62	54.99	50.99	56.3	53.02	61.55	53.11	64.48	54.82	73.23	61.49	66.08	64.41	73.63	30.87	59.25	32.59	67.48	24.23	61.99	21.91	73.29	15.7	59.46	12.97	63.18
564	18.8	64.96	58.79	65.62	57.71	64.72	56.44	54.57	51.62	58.66	55.09	50.91	56.27	52.89	61.55	52.88	64.47	54.25	73.25	61.13	66.18	63.58	73.88	30.87	59.18	32.62	67.37	24.32	61.94	21.95	73.19	15.8	59.38	12.97	63.16
565	18.833	64.96	58.8	65.63	57.7	64.72	56.42	54.58	51.55	58.61	55.05	50.84	56.27	52.74	61.59	52.74	64.56	53.81	73.34	61.02	66.27	63.34	74.07	30.8	59.12	32.51	67.32	24.27	62.12	21.93	73.37	15.83	59.47	12.97	63.28
566	18.867	64.98	58.89	65.66	57.78	64.73	56.48	54.69	51.6	58.61	55.06	50.92	56.37	52.74	61.58	52.68	64.91	53.27	73.57	60.94	66.55	62.62	74.45	30.99	59.24	32.65	67.37	24.2	62.37	21.85	73.51	15.91	59.5	12.87	63.27
567	18.9	65.05	58.92	65.74	57.79	64.8	56.5	54.7	51.54	58.65	55.07	50.95	56.28	52.69	61.64	52.64	64.93	53.03	73.72	60.82	66.71	62.61	74.36	30.94	59.14	32.57	67.35	24.18	62.35	21.87	73.63	15.81	59.41	12.84	63.28
568	18.933	65.06	58.91	65.77	57.81	64.81	56.47	54.79	51.6	58.59	55.03	50.95	56.3	52.51	61.52	52.22	64.83	52.29	73.36	60.47	66.77	62.02	74.43	31.18	59.13	32.69	67.25	24.25	62.48	21.95	73.62	15.74	59.43	12.84	63.3
569	18.967	65.09	58.8	65.83	57.78	64.85	56.36	54.9	51.71	58.64	54.97	51.03	56.36	52.46	61.22	51.9	64.66	51.72	72.63	60.1	66.76	61.38	74.54	31.36	58.94	32.79	66.83	24.33	62.52	21.99	73.37	15.71	59.5	12.74	63.32
570	19.0	65.07	58.86	65.79	57.86	64.85	56.43	54.76	51.67	58.67	54.98	50.91	56.19	52.47	61.03	51.75	64.35	51.45	72.28	60.1	66.73	60.82	74.92	31.17	58.8	32.73	66.68	23.88	62.31	21.55	73.15	15.27	59.43	12.27	63.29
571	19.033	65.14	58.9	65.83	57.91	64.93	56.5	54.76	51.7	58.79	55.04	51.03	56.18	52.65	60.9	51.83	64.15	51.23	71.9	60.13	66.86	60.3	74.96	31.38	59.05	33.04	66.82	23.88	62.67	21.57	73.42	14.99	60.13	11.9	63.98
572	19.067	65.19	59.25	65.88	58.3	65.03	56.83	54.77	51.98	58.98	55.19	50.97	56.22	52.82	60.67	51.45	64.38	51.02	71.59	59.75	67.33	59.92	75.18	31.25	59.33	33.07	66.94	23.64	63.39	21.47	73.92	14.83	61.03	11.73	64.83
573	19.1	65.28	59.8	65.96	58.84	65.16	57.39	54.63	52.21	59.07	55.57	50.79	56.15	52.78	60.77	51.17	64.32	50.88	71.54	59.55	67.49	59.86	75.2	30.74	59.35	32.7	67.1	22.94	63.27	20.78	74.01	13.98	61.13	10.96	65.06
574	19.133	65.56	60.46	66.33	59.57	65.48	57.99	55.08	52.77	59.41	55.91	51.13	56.22	53.02	60.89	51.12	64.09	51.04	71.51	59.55	67.63	59.91	75.17	30.96	59.56	32.8	67.41	23.18	63.53	20.95	74.41	13.92	61.63	11.07	65.42
575	19.167	65.49	61.58	66.27	60.8	65.55	59.09	54.98	53.62	59.73	56.61	51.07	56.34	53.2	61.01	50.69	63.96	50.92	71.3	58.96	68.12	59.38	75.4	30.59	59.43	32.62	67.25	22.96	63.71	20.76	74.54	13.72	62.01	10.95	65.64
576	19.2	66.18	63.08	67.13	62.25	66.26	60.17	55.62	54.1	60.21	57.12	51.59	56.2	53.54	62.17	50.48	62.76	51.13	71.99	58.3	68.68	59.8	75.83	29.61	57.47	31.73	66.17	23.26	62.74	21.06	74.58	12.97	61.73	11.16	65.26
577	19.233	65.75	63.87	66.66	63.14	65.94	61.14	55.67	54.92	60.24	57.59	51.71	56.51	53.5	61.7	50.71	63.36	50.94	71.78	59.01	68.35	59.8	75.41	30.72	59.13	32.56	67.37	23.84	63.66	21.57	75.02	13.91	61.95	11.67	65.43
578	19.267	65.78	64.95	66.64	64.26	66.06	62.23	55.59	55.67	60.5	58.4	51.8	56.8	53.58	62.15	50.6	63.31	50.82	71.87	58.71	68.58	59.54	75.69	30.5	59.09	32.38	67.42	23.77	63.43	21.35	74.93	13.82	61.73	11.62	65.29
579	19.3	65.36	66.54	66.18	65.87	65.69	63.82	55.43	56.66	60.41	59.37	51.77	56.9	53.64	62.49	50.69	63.63	50.79	72.7	58.8	69.04	59.69	76.09	30.35	58.96	32.32	67.4	23.93	63.5	21.64	75.12	14.26	61.62	11.97	65.15
580	19.333	65.56	67.15	66.37	66.58	65.97	64.49	55.5	57.22	60.76	59.92	51.8	57.01	53.85	62.72	50.78	63.66	50.82	72.93	58.63	69.28	59.8	76.26	30.05	59.11	32.17	67.61	23.71	63.62	21.57	75.26	14.12	61.98	11.82	65.34
581	19.367	65.39	67.88	66.18	67.35	65.84	65.2	55.41	57.94	60.8	60.47	51.84	57.45	53.95	63.1	50.81	64.01	50.85	73.38	58.59	69.59	60.02	76.1	30.27	59.53	32.39	67.99	23.93	63.91	21.78	75.51	14.31	62.33	11.88	65.5
582	19.4	65.54	68.15	66.32	67.62	65.99	65.47	55.47	58.15	60.89	60.7	51.9	57.61	54.05	63.23	50.95	64.07	50.98	73.35	58.63	69.64	60.04	76.2	30.23	59.55	32.38	67.99	23.82	63.91	21.66	75.49	14.2	62.38	11.72	65.52
583	19.433	65.53	68.01	66.31	67.52	65.99	65.38	55.47	58.2	60.95	60.69	51.82	57.6	54.1	63.12	51.02	64.05	51.08	73.25	58.46	69.63	60.14	76.11	30.25	59.54	32.48	67.87	23.98	64.1	21.92	75.48	14.68	62.91	12.09	65.83
584	19.467	65.52	68.02	66.32	67.53	65.97	65.37	55.47	58.25	60.9	60.68	51.81	57.68	54.1	63.08	50.98	64.3	51.26	73.35	58.49	69.78	60.4	76.31	30.23	59.72	32.42	68.02	23.84	64.38	21.73	75.73	14.42	63.06	11.74	65.94
585	19.5	65.48	68.02	66.27	67.48	65.92	65.36	55.39	58.15	60.85	60.67	51.85	57.62	54.09	63.26	51.26	64.32	51.76	73.81	58.95	69.64	61.25	76.18	30.22	59.69	32.35	68.17	24.0	64.2	21.71	75.8	14.52	63.01	11.76	66.0
586	19.533	65.52	67.99	66.29	67.44	65.95	65.36	55.34	58.19	60.85	60.77	51.85	57.71	54.12	63.51	51.52	64.13	52.07	73.94	59.18	69.4	61.71	76.04	30.33	59.7	32.46	68.27	24.19	64.1	21.87	75.81	14.64	62.93	11.83	65.91
587	19.567	65.49	68.02	66.23	67.49	65.93	65.43	55.29	58.33	60.91	60.92	51.82	57.87	54.24	63.56	51.57	64.33	52.22	73.94	59.02	69.49	61.66	76.16	30.26	59.58	32.49	68.05	24.11	64.1	21.83	75.66	14.9	62.95	11.94	65.89
588	19.6	65.38	68.17	66.1	67.63	65.82	65.6	55.18	58.4	60.83	61.05	51.79	57.88	54.2	63.59	51.59	64.21	52.1	73.84	59.04	69.54	61.41	76.32	30.13	59.44	32.38	67.91	23.92	64.02	21.63	75.61	14.69	62.86	11.72	65.89
589	19.633	65.46	68.34	66.18	67.79	65.88	65.78	55.23	58.55	60.89	61.27	51.89	58.03	54.32	63.78	51.81	64.21	52.44	73.93	59.31	69.43	61.63	76.39	30.08	59.36	32.36	67.89	23.89	64.0	21.55	75.67	14.59	62.88	11.58	65.99
590	19.667	65.38	68.31	66.07	67.73	65.8	65.76	55.05	58.45	60.86	61.27	51.77	58.0	54.32	63.87	51.91	64.44	52.63	74.31	59.5	69.38	61.89	76.43	29.83	59.41	32.19	68.01	23.65	64.16	21.33	75.93	14.56	63.12	11.48	66.31
591	19.7	65.3	68.34	65.96	67.77	65.74	65.82	54.97	58.54	60.89	61.33	51.79	58.1	54.4	63.84	52.04	64.64	53.06	74.33	59.75	69.39	62.33	76.48	29.82	59.43	32.19	67.98	23.74	64.16	21.31	75.86	14.78	63.2	11.61	66.42
592	19.733	65.28	68.34	65.9	67.75	65.73	65.83	54.82	58.48	60.88	61.34	51.66	57.98	54.36	63.85	52.04	64.58	53.32	74.37	59.82	69.18	62.64	75.98	29.71	59.28	32.12	67.9	23.83	63.82	21.37	75.62	14.99	62.9	11.88	66.17
593	19.767	65.22	68.41	65.87	67.86	65.68	65.89	54.82	58.63	60.88	61.36	51.68	58.01	54.44	63.73	52.11	64.54	53.65	74.2	60.1	69.19	63.01	75.71	29.85	59.25	32.31	67.79	24.08	63.72	21.58	75.43	15.0	63.08	11.86	66.2
594	19.8	64.94	68.33	65.54	67.76	65.41	65.87	54.44	58.57	60.67	61.4	51.43	57.96	54.32	63.67	52.14	64.6	53.79	74.24	60.43	69.2	63.16	76.12	29.67	58.98	32.23	67.49	23.92	63.61	21.35	75.29	14.97	63.0	11.64	66.25
595	19.833	64.76	68.26	65.3	67.66	65.23	65.81	54.02	58.36	60.48	61.29	51.12	57.81	54.07	63.43	52.05	64.8	53.83	74.12	60.8	69.06	63.36	75.85	29.13	58.9	31.75	67.4	23.37	63.61	20.74	75.32	14.37	62.95	11.06	66.42
596	19.867	64.83	68.09	65.38	67.46	65.3	65.62	54.02	58.11	60.45	61.05	50.96	57.71	54.01	63.18	51.78	65.26	53.92	74.2	60.8	68.89	63.63	75.58	28.91	59.12	31.56	67.6	23.06	63.85	20.54	75.52	14.3	62.92	11.13	66.48
597	19.9	64.83	68.01	65.38	67.33	65.25	65.55	54.04	57.9	60.28	60.94	50.96	57.46	53.93	63.09	51.75	65.16	53.87	74.31	60.82	68.99	63.46	75.62	29.26	59.31	31.91	67.82	23.58	63.84	21.06	75.6	14.25	62.97	11.22	66.6
598	19.933	64.64	67.96	65.19	67.31	65.08	65.5	54.02	57.91	60.23	60.82	50.97	57.39	54.0	62.95	51.71	65.08	53.92	74.29	60.58	69.11	63.32	75.73	29.43	59.36	32.11	67.78	23.73	64.14	21.26	75.77	14.37	63.46	11.28	66.89
599	19.967	64.59	67.88	65.18	67.23	65.02	65.41	54.14	57.86	60.21	60.68	51.02	57.36	54.15	62.9	51.68	65.02	54.07	74.29	60.6	69.26	63.65	75.6	29.73	59.55	32.47	67.93	24.28	65.09	22.05	76.67	14.79	64.57	11.83	67.93
600	20.0	64.67	67.89	65.25	67.24	65.07	65.43	54.21	57.99	60.3	60.84	51.24	57.61	54.23	63.14	51.82	64.96	54.18	74.22	60.76	69.26	63.63	75.49	30.03	59.98	32.7	68.35	24.52	65.12	22.08	76.74	14.74	64.81	11.75	68.24
601	20.033	64.63	67.57	65.12	66.89	65.05	65.2	53.87	57.5	60.28	60.65	50.83	56.68	54.07	62.7	51.95	63.96	53.94	73.97	61.01	68.9	63.94	76.06	29.57	59.27	32.39	67.9	24.18	64.63	21.96	76.52	15.24	64.72	12.1	68.41
602	20.067	64.67	68.0	65.24	67.35	65.08	65.57	54.2	58.01	60.36	60.98	51.18	57.35	54.19	63.04	52.13	64.63	54.11	74.18	61.16	69.13	64.05	76.31	29.58	59.56	32.21	68.07	23.97	64.97	21.6	76.69	15.19	64.81	11.97	68.4
603	20.1	64.57	68.06	65.11	67.45	65.01	65.63	54.21	58.06	60.45	60.89	51.27	57.18	54.32	62.79	52.03	64.56	54.1	74.09	61.14	69.4	64.19	76.45	30.06	59.81	32.74	68.21	24.81	65.57	22.5	77.15	15.81	65.83	12.65	69.37
604	20.133	64.51	68.19	65.04	67.59	64.96	65.76	54.22	58.2	60.49	60.96	51.33	57.24	54.39	62.74	52.05	64.57	54.15	74.01	61.1	69.53	64.15	76.79	30.08	59.62	32.77	67.95	24.93	65.68	22.61	77.17	15.97	66.01	12.74	69.54
605	20.167	64.64	68.4	65.19	67.77	65.05	65.97	54.39	58.38	60.52	61.19	51.5	57.6	54.58	62.93	52.34	65.16	54.54	74.25	61.38	69.73	64.48	76.77	30.1	59.55	32.79	67.83	24.81	65.64	22.51	77.08	15.88	65.83	12.59	69.38
606	20.2	64.74	68.62	65.3	67.98	65.15	66.17	54.46	58.59	60.59	61.41	51.53	57.81	54.67	63.22	52.29	65.23	54.68	74.41	61.36	69.88	64.71	76.79	30.21	59.6	32.94	67.94	24.99	65.56	22.8	77.08	15.94	65.67	12.9	69.25
607	20.233	64.85	68.68	65.46	68.03	65.23	66.21	54.73	58.68	60.63	61.46	51.76	57.83	54.83	63.32	52.57	64.91	54.96	74.36	61.5	69.92	64.89	76.79	30.52	59.44	33.19	67.83	25.38	65.27	23.2	76.85	16.2	65.55	13.27	69.0
608	20.267	64.86	68.71	65.48	68.05	65.23	66.23	54.75	58.64	60.62	61.43	51.78	57.79	54.83	63.29	52.77	65.05	55.17	74.56	61.8	69.78	65.34	76.74	30.45	59.51	33.09	67.95	25.3	65.26	23.07	76.87	16.22	65.44	13.2	68.87
609	20.3	65.05	68.76	65.72	68.1	65.43	66.23	54.86	58.76	60.71	61.5	51.81	57.95	54.85	63.59	52.89	64.95	55.34	74.72	62.12	69.57	65.64	76.36	30.55	59.79	33.18	68.34	25.39	65.0	23.11	76.72	16.19	65.31	13.33	68.59
610	20.333	65.05	68.78	65.76	68.17	65.46	66.25	54.91	58.85	60.84	61.51	51.98	57.8	54.98	63.67	53.42	64.13	55.56	74.56	62.9	69.05	66.12	75.85	30.62	59.92	33.21	68.65	25.37	64.74	23.02	76.68	15.9	65.15	12.99	68.27
611	20.367	65.09	68.57	65.78	67.99	65.54	66.06	54.83	58.62	60.99	61.32	51.93	57.38	55.12	63.37	53.6	63.63	55.73	74.34	63.04	68.63	66.54	75.68	30.33	59.72	33.01	68.55	24.81	64.5	22.5	76.53	15.5	64.9	12.38	67.92
612	20.4	65.13	68.53	65.81	67.96	65.58	66.03	54.8	58.6	61.03	61.26	51.91	57.34	55.2	63.27	53.87	63.66	56.11	74.36	63.39	68.45	67.1	75.43	30.26	59.7	32.98	68.54	24.71	64.26	22.36	76.27	15.42	64.6	12.18	67.48
613	20.433	65.12	68.4	65.84	67.85	65.58	65.89	54.81	58.62	61.0	61.21	51.83	57.34	55.15	63.19	53.71	63.49	55.88	74.12	63.2	68.54	66.97	75.6	30.23	59.43	32.96	68.21	24.64	64.13	22.38	76.06	15.3	64.6	12.07	67.4
614	20.467	65.18	68.17	65.84	67.59	65.62	65.67	54.77	58.27	61.01	60.94	51.8	57.16	55.13	62.9	53.7	63.76	55.88	74.1	63.25	68.46	67.04	75.54	30.1	59.31	32.85	68.05	24.58	64.22	22.33	76.09	15.38	64.51	12.09	67.46
615	20.5	65.07	68.09	65.7	67.47	65.53	65.55	54.54	57.99	60.92	60.75	51.63	56.95	55.02	62.9	53.47	63.68	55.81	74.29	63.31	68.23	66.99	75.33	29.96	59.27	32.79	68.13	24.75	63.91	22.53	75.97	15.18	64.08	12.09	67.22
616	20.533	65.03	67.82	65.67	67.2	65.46	65.31	54.59	57.84	60.81	60.57	51.58	56.81	54.98	62.63	53.41	63.63	55.74	74.05	63.11	68.26	66.63	75.42	30.23	58.99	33.09	67.7	25.05	63.69	22.92	75.56	15.67	63.98	12.63	67.05
617	20.567	64.87	67.44	65.48	66.78	65.3	64.96	54.37	57.52	60.59	60.27	51.42	56.63	54.8	62.34	53.47	63.61	55.94	73.84	63.24	68.11	66.9	75.08	30.25	59.0	33.07	67.63	25.05	63.5	22.78	75.29	15.55	63.91	12.38	66.94
618	20.6	64.87	67.19	65.48	66.5	65.26	64.72	54.39	57.22	60.53	60.06	51.47	56.5	54.78	62.21	53.54	63.68	56.0	73.81	63.43	67.93	66.97	74.64	30.17	58.85	32.96	67.5	25.08	63.5	22.82	75.35	15.54	63.61	12.39	66.83
619	20.633	64.76	67.27	65.37	66.58	65.18	64.76	54.4	57.0	60.55	59.86	51.5	56.1	54.87	62.14	53.5	63.29	56.22	73.96	63.55	67.79	67.18	74.53	30.1	58.6	32.93	67.47	25.09	63.51	22.87	75.66	15.61	63.52	12.68	66.79
620	20.667	64.71	67.08	65.3	66.38	65.12	64.61	54.34	56.76	60.49	59.71	51.47	55.85	54.85	61.93	53.49	63.16	56.11	73.84	63.54	67.73	67.21	74.51	30.03	58.5	32.88	67.39	24.83	63.94	22.65	76.12	15.45	64.03	12.39	67.41
621	20.7	64.85	67.05	65.47	66.33	65.25	64.54	54.48	56.59	60.54	59.6	51.6	55.64	54.88	61.97	53.63	62.58	56.14	73.68	63.62	67.62	67.3	74.47	30.17	58.37	32.98	67.39	25.19	63.62	22.95	75.98	15.51	63.85	12.54	67.25
622	20.733	65.13	66.72	65.79	66.0	65.51	64.16	54.72	56.47	60.76	59.35	51.78	55.92	55.15	61.94	53.64	63.16	56.33	73.83	63.76	67.78	67.7	74.53	30.3	58.71	33.11	67.65	24.92	63.92	22.69	76.19	15.05	64.32	11.95	67.66
623	20.767	65.1	66.71	65.75	66.01	65.52	64.14	54.66	56.36	60.79	59.19	51.63	55.66	55.14	61.68	53.45	62.98	56.25	73.63	63.66	67.68	67.66	74.51	30.21	58.68	33.13	67.6	24.95	63.96	22.89	76.17	15.2	64.51	12.27	67.79
624	20.8	65.16	66.64	65.81	65.94	65.56	64.09	54.73	56.42	60.8	59.21	51.67	55.82	55.13	61.71	53.39	63.18	56.17	73.63	63.52	67.87	67.5	74.64	30.5	58.99	33.37	67.81	25.3	64.4	23.28	76.48	15.56	64.94	12.71	68.21
625	20.833	65.19	66.53	65.82	65.83	65.6	64.01	54.68	56.32	60.84	59.23	51.66	55.67	55.06	61.79	53.47	62.67	56.09	73.42	63.37	67.67	67.43	74.39	30.37	58.97	33.2	67.9	25.1	64.02	23.06	76.25	15.37	64.41	12.58	67.71
626	20.867	65.29	66.52	65.93	65.81	65.71	63.96	54.71	56.25	60.88	59.18	51.61	55.63	54.98	61.92	53.26	62.62	55.96	73.54	63.37	67.51	67.33	74.27	30.36	58.94	33.19	67.97	25.4	63.85	23.4	76.21	15.48	64.2	13.0	67.61
627	20.9	65.41	66.43	66.07	65.72	65.82	63.87	54.88	56.18	60.97	59.12	51.79	55.57	55.08	61.93	53.31	62.34	55.77	73.41	63.24	67.65	66.9	74.53	30.67	59.05	33.47	68.1	25.44	63.87	23.44	76.27	15.51	64.35	13.08	67.73
628	20.933	65.5	66.35	66.16	65.69	65.92	63.81	55.04	56.3	61.16	59.17	52.02	55.66	55.25	61.88	53.3	62.2	55.57	73.13	63.02	67.54	66.33	74.45	30.87	58.58	33.61	67.53	25.73	63.66	23.62	75.96	15.64	64.08	12.99	67.5
629	20.967	65.57	66.37	66.2	65.76	66.03	63.85	54.89	56.4	61.31	59.24	51.85	55.67	55.19	61.73	53.12	62.54	55.52	73.12	62.97	67.39	66.59	74.27	30.35	57.95	33.14	66.85	25.51	63.63	23.43	75.87	15.59	63.71	12.78	67.25
630	21.0	65.64	66.15	66.28	65.52	66.08	63.63	55.01	56.22	61.33	59.09	51.91	55.56	55.23	61.71	53.29	62.46	55.67	73.2	63.07	67.36	66.68	74.31	30.43	57.73	33.19	66.68	25.63	63.33	23.55	75.6	16.01	63.48	13.21	67.0
631	21.033	65.76	66.01	66.4	65.4	66.21	63.47	55.08	56.05	61.47	58.89	51.99	55.41	55.31	61.48	53.27	62.49	55.61	73.08	63.2	67.43	66.81	74.29	30.28	57.87	33.07	66.81	25.5	63.72	23.5	76.01	15.61	63.88	12.87	67.47
632	21.067	65.56	65.87	66.19	65.27	66.03	63.36	54.92	56.15	61.34	58.9	51.86	55.56	55.19	61.54	53.26	62.53	55.6	73.06	63.0	67.42	66.68	74.13	30.45	58.2	33.22	67.01	25.69	63.84	23.64	75.93	15.81	63.93	13.0	67.28
633	21.1	65.35	66.01	65.98	65.42	65.86	63.46	54.73	56.18	61.21	58.84	51.63	55.49	55.08	61.39	52.74	62.7	55.55	73.02	62.61	67.52	66.54	74.03	30.39	58.54	33.26	67.27	25.78	64.12	23.77	76.11	15.67	64.45	13.05	67.73
634	21.133	65.43	65.54	66.05	64.92	65.9	63.03	54.75	55.85	61.18	58.61	51.61	55.33	55.13	61.28	52.96	62.52	55.63	72.92	62.81	67.35	66.54	74.06	30.49	58.36	33.4	67.1	25.81	64.13	23.9	76.12	15.85	64.36	13.19	67.69
635	21.167	65.48	65.46	66.11	64.84	65.93	62.94	54.82	55.77	61.18	58.54	51.68	55.26	55.12	61.26	53.0	62.27	55.46	72.77	62.89	67.3	66.46	74.04	30.54	58.23	33.42	67.02	25.78	63.88	23.86	75.93	15.66	64.17	12.98	67.52
636	21.2	65.43	65.44	66.04	64.79	65.87	62.93	54.77	55.72	61.13	58.53	51.73	55.35	55.14	61.3	53.1	62.45	55.54	72.88	63.07	67.2	66.41	73.98	30.74	58.27	33.61	67.02	25.99	63.72	23.99	75.75	15.77	64.11	13.05	67.54
637	21.233	65.48	65.3	66.09	64.69	65.96	62.78	54.93	55.58	61.39	58.3	51.97	55.04	55.44	61.04	53.42	62.01	55.88	72.76	63.26	67.14	66.69	74.1	30.8	57.65	33.69	66.45	26.13	63.35	24.12	75.43	16.08	63.9	13.27	67.19
638	21.267	65.69	65.36	66.3	64.79	66.24	62.76	55.1	55.45	61.82	58.09	52.26	54.71	55.68	60.96	53.59	61.61	56.17	72.91	63.42	66.88	67.07	74.09	30.46	57.15	33.27	66.22	25.75	63.15	23.51	75.6	15.72	63.55	12.79	66.85
639	21.3	65.6	65.39	66.17	64.79	66.15	62.8	54.95	55.3	61.76	58.04	52.22	54.5	55.65	60.99	53.48	61.23	56.13	72.9	63.29	66.6	66.88	74.06	30.47	56.91	33.29	66.1	25.84	62.71	23.52	75.36	15.48	62.68	12.59	66.14
640	21.333	65.59	65.43	66.16	64.82	66.14	62.81	55.13	55.12	61.83	57.88	52.5	54.22	55.77	60.73	53.65	61.02	56.33	72.76	63.36	66.5	67.0	74.02	30.49	56.62	33.2	65.87	25.72	62.25	23.31	75.0	15.46	62.02	12.6	65.56
641	21.367	65.35	65.72	65.94	65.12	65.91	63.04	55.03	55.22	61.64	57.85	52.42	54.4	55.59	60.57	53.53	61.78	56.43	72.89	63.7	66.49	67.35	73.9	29.94	56.82	32.56	65.98	25.07	62.62	22.56	75.25	14.91	61.94	12.0	65.5
642	21.4	65.12	66.01	65.73	65.47	65.72	63.31	55.03	55.44	61.59	57.89	52.46	54.45	55.62	60.33	53.35	62.13	56.42	72.83	63.47	66.71	67.35	73.78	29.66	56.94	32.27	65.96	24.77	63.25	22.28	75.69	14.41	62.6	11.45	66.02
643	21.433	65.06	66.06	65.66	65.52	65.66	63.37	54.96	55.56	61.59	58.0	52.43	54.58	55.71	60.42	53.55	62.18	56.62	72.9	63.61	66.65	67.52	73.67	29.74	57.04	32.43	66.01	24.86	63.09	22.4	75.46	14.59	62.41	11.51	65.72
644	21.467	65.27	65.94	65.9	65.35	65.81	63.24	55.17	55.37	61.59	57.89	52.49	54.55	55.78	60.4	53.59	62.28	56.67	72.93	63.68	66.72	67.55	73.76	29.97	57.35	32.7	66.32	25.04	63.26	22.73	75.6	14.8	62.64	11.94	66.0
645	21.5	65.22	66.15	65.83	65.62	65.86	63.41	55.04	55.42	61.84	57.92	52.5	54.22	55.87	60.51	53.56	61.47	56.53	72.94	63.82	66.26	67.67	73.29	29.65	57.12	32.48	66.37	25.08	62.79	22.72	75.51	14.38	62.42	11.59	65.78
646	21.533	65.21	66.09	65.81	65.59	65.89	63.33	55.01	55.49	61.97	57.81	52.47	54.32	55.96	60.35	53.43	61.71	56.61	72.81	63.78	66.36	67.88	72.97	29.76	57.42	32.67	66.51	25.46	63.08	23.17	75.6	14.45	62.73	11.7	65.95
647	21.567	65.2	66.04	65.82	65.55	65.88	63.26	55.09	55.52	61.99	57.74	52.53	54.35	56.1	60.31	53.39	61.58	56.7	72.66	63.76	66.28	67.82	72.76	30.04	57.33	32.98	66.36	25.76	63.02	23.47	75.48	14.54	62.76	11.72	65.88
648	21.6	65.53	66.3	66.18	65.84	66.19	63.53	55.48	55.49	62.27	57.73	52.83	53.86	56.43	59.82	53.75	61.54	56.88	72.74	64.06	66.51	67.91	73.22	30.04	56.76	33.02	65.85	25.78	62.41	23.5	74.93	14.67	62.14	11.66	65.24
649	21.633	65.58	66.05	66.19	65.66	66.29	63.33	55.37	55.4	62.48	57.61	52.79	53.5	56.45	59.37	53.85	61.22	56.61	72.37	64.29	66.28	67.87	73.25	29.85	56.31	32.86	65.37	25.45	62.06	23.15	74.51	14.63	61.63	11.37	64.71
650	21.667	65.47	66.41	66.06	66.05	66.21	63.71	55.31	55.83	62.56	57.95	52.76	53.7	56.6	59.42	53.76	61.2	56.59	72.15	64.23	66.46	67.63	73.32	30.16	56.63	33.32	65.53	26.02	62.21	23.79	74.45	15.14	62.41	11.95	65.38
651	21.7	65.57	66.44	66.11	66.04	66.26	63.83	55.23	55.95	62.53	58.29	52.72	53.97	56.64	59.72	53.99	61.47	56.72	72.37	64.16	66.43	67.52	73.48	30.17	56.65	33.4	65.54	25.86	61.65	23.65	73.86	15.32	61.56	11.96	64.65
652	21.733	65.56	66.71	66.13	66.31	66.25	64.11	55.41	56.15	62.55	58.49	52.85	54.0	56.77	59.79	54.14	61.33	56.92	72.34	64.41	66.44	67.44	73.63	30.31	56.2	33.56	65.1	26.42	61.23	24.2	73.45	16.05	60.99	12.68	64.14
653	21.767	65.72	66.86	66.31	66.43	66.35	64.32	55.52	56.37	62.43	58.84	52.88	54.19	56.59	60.12	54.4	60.85	57.06	72.01	64.5	66.14	67.39	73.51	30.67	56.16	33.79	65.08	26.86	60.93	24.44	73.15	16.92	61.01	13.54	64.18
654	21.8	65.81	66.93	66.44	66.48	66.41	64.37	55.65	56.4	62.31	58.93	52.79	54.27	56.36	60.34	54.5	61.0	56.93	72.29	64.28	66.4	67.2	73.84	30.49	56.23	33.5	65.22	26.62	60.71	24.07	72.92	17.49	60.71	13.96	63.73
655	21.833	65.95	66.97	66.62	66.46	66.44	64.46	55.84	56.53	61.99	59.23	52.78	54.55	56.04	60.71	54.66	61.18	56.86	72.41	64.09	66.4	67.21	73.87	30.72	56.02	33.49	65.03	26.85	60.35	24.22	72.54	18.15	59.85	14.55	62.97
656	21.867	66.22	67.42	66.69	66.58	66.69	64.83	56.35	56.49	61.99	59.66	53.29	55.16	55.87	62.05	53.5	63.01	56.55	73.56	61.46	67.45	66.01	72.04	31.79	56.3	34.39	65.05	27.81	60.92	25.53	72.89	18.94	59.95	17.11	63.4
657	21.9	65.77	67.18	66.56	66.67	66.2	64.61	56.16	56.77	61.51	59.22	52.71	54.76	55.54	60.58	54.42	61.58	56.68	72.31	63.64	66.33	66.95	74.1	30.97	55.52	33.4	64.31	27.37	60.19	24.66	71.96	19.54	59.46	16.09	62.35
658	21.933	65.87	67.79	66.73	67.35	66.19	65.23	56.95	57.27	61.23	59.59	53.23	55.1	55.67	61.09	55.32	61.42	56.87	73.04	64.54	66.64	66.73	73.84	31.05	54.45	33.23	63.59	26.44	60.06	24.61	72.52	18.15	58.5	15.85	61.51
659	21.967	65.84	67.8	66.72	67.37	66.13	65.22	57.01	57.15	61.13	59.45	53.19	54.85	55.61	60.74	55.21	61.51	56.7	72.91	64.36	66.73	66.64	73.71	30.79	54.27	33.0	63.35	26.25	60.35	24.71	72.73	17.87	58.6	15.8	61.63
660	22.0	65.83	67.63	66.79	67.19	66.09	65.04	57.1	57.23	60.92	59.45	53.15	55.1	55.42	61.0	55.32	61.43	56.76	72.9	64.27	66.6	66.65	73.47	30.99	54.41	33.05	63.47	26.26	60.42	24.73	72.73	17.98	58.76	16.09	61.54
661	22.033	66.0	67.42	66.96	66.96	66.22	64.86	57.1	57.03	60.84	59.41	53.02	55.0	55.19	61.15	55.31	61.17	56.57	72.86	64.11	66.42	66.43	73.24	30.87	54.39	32.9	63.56	26.26	60.24	24.82	72.68	18.07	58.71	16.45	61.59
662	22.067	66.07	66.93	66.91	66.0	66.36	64.21	56.92	56.13	61.0	59.19	53.11	55.22	55.03	62.27	53.29	62.75	56.14	73.19	60.67	67.25	65.75	70.68	31.98	55.94	34.08	64.7	27.99	60.68	26.04	72.56	19.2	59.35	18.43	62.41
663	22.1	66.25	66.9	67.12	65.96	66.5	64.16	57.11	56.36	61.03	59.35	53.2	55.69	55.13	62.52	53.3	63.13	56.33	73.28	60.53	67.38	65.93	70.82	32.26	56.07	34.33	64.73	28.08	60.58	26.0	72.29	19.32	59.19	18.28	62.09
664	22.133	66.19	66.98	67.06	66.06	66.46	64.22	57.06	56.34	60.98	59.29	53.09	55.52	55.04	62.41	52.9	63.25	56.15	73.47	60.18	67.49	66.0	70.83	32.24	55.96	34.33	64.65	28.23	60.53	26.18	72.28	19.18	59.2	18.21	62.11
665	22.167	66.24	67.14	67.14	66.21	66.51	64.37	57.17	56.41	60.99	59.38	53.14	55.45	54.98	62.47	52.87	63.03	55.87	73.45	60.33	67.58	65.7	70.98	32.43	55.95	34.48	64.69	28.5	60.48	26.45	72.32	19.48	59.36	18.65	62.36
666	22.2	66.23	67.42	67.13	66.5	66.51	64.61	57.11	56.6	61.05	59.51	53.16	55.62	55.14	62.5	52.5	63.66	55.78	73.89	60.39	68.05	65.71	71.33	32.45	56.5	34.66	65.19	28.51	61.26	26.55	73.12	18.56	60.98	17.86	64.11
667	22.233	66.2	67.62	67.09	66.69	66.47	64.8	56.99	56.77	60.99	59.7	53.07	55.8	55.1	62.69	52.45	63.66	55.75	73.92	60.49	68.17	65.55	71.4	32.47	56.49	34.75	65.18	28.45	61.38	26.48	73.28	18.35	61.38	17.69	64.5
668	22.267	66.25	67.77	67.18	66.89	66.57	64.9	57.06	56.96	61.1	59.74	53.01	55.98	54.98	62.75	52.1	64.05	55.45	74.08	60.3	68.4	65.37	71.67	32.11	56.42	34.32	65.1	28.19	61.67	26.2	73.55	18.22	61.54	17.68	64.7
669	22.3	66.34	67.87	67.31	66.99	66.63	64.99	57.24	57.16	61.11	59.85	53.15	56.29	55.05	62.8	52.08	64.53	55.62	74.17	60.08	68.44	65.46	71.56	32.24	56.51	34.36	65.1	27.94	61.57	25.82	73.33	18.02	61.53	17.3	64.58
670	22.333	66.57	67.66	67.43	66.95	66.7	65.02	57.87	57.18	60.91	59.73	53.44	55.72	55.06	62.08	53.0	63.19	56.44	73.5	62.2	68.06	67.56	72.31	32.92	54.68	34.52	63.7	27.2	60.55	25.11	73.29	17.6	60.03	16.24	63.91
671	22.367	66.48	67.75	67.41	66.88	66.77	64.92	57.34	57.16	61.23	59.86	53.26	56.2	55.03	62.58	52.12	64.33	55.64	73.72	60.01	68.33	65.48	71.74	32.57	56.11	34.56	64.62	28.11	61.26	25.8	72.91	18.8	61.19	17.92	64.31
672	22.4	66.7	67.55	67.6	66.66	66.97	64.76	57.41	56.95	61.38	59.78	53.42	56.06	55.16	62.48	52.42	64.04	55.65	73.43	60.24	68.1	65.45	71.69	32.7	56.11	34.68	64.64	28.0	61.05	25.55	72.73	18.85	61.0	17.71	64.19
673	22.433	67.0	67.2	67.9	66.31	67.23	64.47	57.54	56.83	61.58	59.81	53.54	56.26	55.38	62.59	52.57	64.11	55.77	73.26	60.39	68.15	65.33	71.81	32.4	56.07	34.39	64.64	27.28	60.69	24.6	72.49	18.13	60.31	16.42	63.7
674	22.467	67.08	66.93	68.0	66.43	67.43	64.3	56.95	56.85	61.85	59.32	52.85	55.42	55.4	60.82	53.55	62.5	55.63	72.02	62.45	67.14	66.07	74.57	31.22	54.71	33.36	63.41	26.26	59.64	23.58	71.32	18.18	58.62	14.81	61.55
675	22.5	67.55	66.71	68.39	65.8	67.78	64.01	57.69	56.33	62.05	59.58	53.7	56.02	55.71	62.56	52.87	64.08	55.67	73.38	60.45	67.78	65.46	71.92	32.53	55.92	34.61	64.62	27.38	60.07	24.81	71.95	18.43	58.85	16.52	62.4
676	22.533	67.64	66.57	68.49	65.67	67.88	63.82	57.86	56.13	62.23	59.31	53.89	55.89	55.88	62.5	52.91	64.05	55.67	73.57	60.68	67.75	65.51	71.84	32.58	55.87	34.7	64.64	27.73	60.13	25.23	72.13	18.41	59.1	16.63	62.71
677	22.567	67.82	66.25	68.63	65.34	68.06	63.52	57.99	55.8	62.54	59.05	54.25	55.72	56.17	62.36	53.2	63.9	55.65	73.57	61.19	67.6	65.59	71.89	33.07	56.05	35.19	64.83	28.13	60.55	25.7	72.64	18.52	59.75	16.87	63.57
678	22.6	68.06	65.96	68.88	64.99	68.25	63.23	58.19	55.54	62.58	58.88	54.43	55.8	56.25	62.45	53.54	63.9	55.9	73.57	61.32	67.52	65.64	72.09	33.27	56.08	35.31	64.87	28.2	60.78	25.67	72.85	18.74	59.95	16.99	63.75
679	22.633	68.37	65.87	69.36	65.3	68.8	62.96	58.43	56.21	63.59	58.6	53.99	56.03	57.13	62.69	53.73	61.08	56.77	72.91	62.22	66.46	65.69	73.53	32.02	54.54	34.78	63.99	27.89	59.76	25.8	72.61	19.28	60.86	17.24	63.69
680	22.667	68.5	65.75	69.44	65.22	68.94	62.88	58.38	56.29	63.81	58.69	54.09	56.18	57.46	62.83	53.78	61.0	56.95	72.93	62.38	66.71	65.88	73.65	32.21	54.77	35.16	64.18	28.12	60.41	26.04	73.3	18.72	62.16	16.43	64.99
681	22.7	68.24	65.48	69.08	64.55	68.45	62.76	58.43	55.37	62.91	58.6	54.6	55.98	56.69	62.52	53.89	63.99	56.1	73.54	61.65	67.64	65.73	71.74	33.29	56.38	35.51	65.05	28.44	62.23	26.27	74.14	19.17	61.98	17.43	65.6
682	22.733	68.7	65.52	69.61	65.06	69.15	62.68	58.57	56.47	64.11	58.69	54.17	56.67	57.74	62.73	53.86	61.73	57.22	72.73	62.45	66.91	66.05	73.66	32.27	54.89	35.28	63.99	28.26	61.27	26.21	73.69	19.47	63.28	16.79	65.93
683	22.767	68.86	65.51	69.77	65.05	69.3	62.64	58.54	56.42	64.15	58.66	54.2	56.77	57.87	62.79	53.88	62.18	57.51	73.11	62.57	67.05	66.32	73.59	32.06	55.08	35.16	64.21	28.04	61.69	25.97	74.18	18.44	63.83	15.71	66.47
684	22.8	68.69	65.36	69.6	64.87	69.15	62.46	58.37	56.19	64.08	58.47	54.1	56.6	57.79	62.77	53.71	62.15	57.4	73.23	62.44	67.1	66.32	73.47	31.85	55.23	34.99	64.44	27.83	61.75	25.82	74.36	18.03	63.87	15.49	66.56
685	22.833	68.7	65.2	69.59	64.72	69.18	62.31	58.28	56.07	64.13	58.34	54.03	56.54	57.79	62.7	53.68	62.1	57.39	73.15	62.47	67.01	66.42	73.33	31.85	55.16	35.03	64.35	27.94	61.9	26.0	74.47	18.12	63.88	15.65	66.6
686	22.867	68.73	64.72	69.59	64.22	69.15	61.89	58.3	55.75	64.04	58.11	54.1	56.35	57.71	62.5	53.85	61.94	57.24	72.96	62.58	66.92	66.33	73.28	32.17	54.89	35.25	64.05	28.17	61.3	26.25	73.84	18.61	63.08	16.15	65.9
687	22.9	68.82	64.38	69.68	63.9	69.23	61.54	58.21	55.59	64.06	57.89	54.04	56.38	57.69	62.34	53.72	62.15	57.43	72.87	62.52	67.05	66.34	73.6	32.09	55.15	35.17	64.24	27.89	61.09	25.78	73.52	18.04	63.03	15.48	65.77
688	22.933	68.79	63.61	69.62	63.16	69.15	60.81	58.02	55.28	63.88	57.51	53.88	56.46	57.56	62.14	53.84	62.23	57.55	72.61	62.69	66.83	66.43	73.74	32.16	55.35	35.22	64.26	27.83	61.32	25.62	73.47	18.03	63.27	15.18	65.86
689	22.967	68.74	63.32	69.57	62.84	69.08	60.52	57.85	55.07	63.7	57.39	53.7	56.43	57.43	62.25	53.85	62.09	57.56	72.6	62.72	66.84	66.53	73.6	31.95	55.62	35.04	64.6	27.39	61.36	25.21	73.59	17.55	63.35	14.74	65.91
690	23.0	68.77	62.53	69.56	62.03	69.02	59.76	57.44	54.49	63.33	56.97	53.24	56.34	57.07	62.01	53.79	62.44	57.42	72.4	62.86	66.67	66.83	73.31	31.47	56.06	34.59	64.98	26.55	61.62	24.54	73.7	16.76	63.15	13.95	65.79
691	23.033	68.63	61.86	69.4	61.36	68.84	59.12	57.11	54.11	63.02	56.67	52.95	56.39	56.82	62.03	53.8	62.45	57.43	72.28	63.12	66.55	67.04	73.1	31.3	56.49	34.43	65.4	26.07	61.69	24.07	73.71	16.25	62.97	13.49	65.57
692	23.067	68.76	61.5	69.51	60.97	68.93	58.74	56.86	53.82	62.88	56.51	52.61	56.51	56.62	62.07	53.56	62.94	57.28	72.3	62.9	66.57	67.27	72.82	30.7	56.6	33.89	65.5	25.34	62.13	23.52	74.11	15.53	63.09	12.84	65.82
693	23.1	68.22	60.34	69.0	59.82	68.35	57.88	56.64	53.37	62.48	55.99	52.73	56.01	56.27	60.83	54.53	63.55	57.01	72.31	63.95	66.52	67.73	73.69	31.56	58.16	34.21	66.55	25.26	63.32	23.18	74.69	15.9	63.08	12.21	65.93
694	23.133	68.25	59.68	69.07	59.14	68.29	57.22	56.86	52.93	62.32	55.57	52.82	55.94	56.32	60.68	54.57	63.7	57.17	72.37	63.78	66.55	67.63	73.82	31.75	57.96	34.34	66.28	25.32	63.21	23.24	74.49	16.17	62.98	12.38	65.79
695	23.167	68.25	58.94	69.04	58.39	68.27	56.5	56.7	52.49	62.24	55.18	52.69	55.89	56.17	60.63	54.72	63.72	57.05	72.38	63.83	66.44	67.65	73.86	31.5	58.04	34.08	66.35	24.86	63.22	22.78	74.46	16.01	63.15	12.06	65.93
696	23.2	68.2	58.77	69.0	58.24	68.2	56.35	56.68	52.41	62.16	55.09	52.65	55.83	56.15	60.55	54.65	63.6	56.98	72.25	63.84	66.37	67.58	73.82	31.56	57.97	34.15	66.25	24.97	63.26	22.91	74.46	15.98	63.19	12.01	65.98
697	23.233	68.25	58.82	69.04	58.3	68.26	56.4	56.65	52.45	62.17	55.14	52.61	55.87	56.11	60.62	54.52	63.53	56.91	72.18	63.79	66.24	67.48	73.76	31.57	58.07	34.16	66.37	24.99	63.24	22.9	74.47	15.84	63.0	11.93	65.81
698	23.267	68.7	59.52	69.41	58.96	68.73	56.86	56.64	52.53	62.47	55.42	52.39	56.24	56.39	61.7	53.74	63.14	57.4	72.19	62.78	66.54	67.15	73.11	30.59	56.69	33.74	65.47	24.71	62.03	22.89	73.79	15.62	62.54	12.69	65.27
699	23.3	68.63	59.55	69.34	58.99	68.68	56.89	56.59	52.53	62.44	55.43	52.31	56.22	56.31	61.72	53.72	63.07	57.33	72.15	62.67	66.48	67.11	72.97	30.48	56.71	33.61	65.49	24.75	61.92	22.95	73.67	15.89	62.2	12.98	64.91
700	23.333	68.59	59.54	69.3	58.96	68.62	56.9	56.69	52.59	62.34	55.47	52.31	56.35	56.12	61.79	53.76	63.03	57.13	72.01	62.56	66.48	66.77	73.31	30.73	56.68	33.71	65.38	25.12	61.81	23.28	73.41	17.01	61.86	14.11	64.57
701	23.367	68.7	59.47	69.4	58.9	68.72	56.82	56.82	52.55	62.44	55.37	52.43	56.3	56.2	61.67	53.91	63.09	57.16	72.01	62.7	66.44	66.75	73.25	30.9	56.8	33.85	65.47	25.31	61.77	23.46	73.3	17.22	61.74	14.29	64.38
702	23.4	68.75	59.39	69.45	58.83	68.75	56.76	56.8	52.61	62.4	55.45	52.31	56.55	56.16	61.7	53.87	63.53	57.33	71.98	62.7	66.32	67.0	73.22	30.64	57.0	33.61	65.58	24.87	61.84	23.11	73.21	17.36	61.74	14.47	64.41
703	23.433	68.77	59.31	69.44	58.74	68.77	56.7	56.59	52.56	62.37	55.52	52.2	56.58	56.1	61.79	53.87	63.5	57.29	71.9	62.87	66.35	67.09	73.36	30.38	57.11	33.42	65.74	24.46	61.99	22.73	73.42	16.8	61.91	13.97	64.72
704	23.467	68.78	59.01	69.45	58.43	68.79	56.41	56.65	52.28	62.37	55.24	52.1	56.42	56.05	61.49	53.86	63.59	57.23	71.67	62.78	66.36	67.05	73.46	30.31	57.08	33.36	65.62	24.32	62.04	22.77	73.27	17.47	61.97	14.74	64.73
705	23.5	68.77	58.45	69.41	57.86	68.75	55.87	56.66	51.95	62.36	54.92	52.14	56.37	55.97	61.42	54.0	63.46	57.17	71.57	62.84	66.34	66.83	73.92	30.49	57.02	33.45	65.51	24.6	61.75	22.9	72.9	18.27	61.42	15.39	64.21
706	23.533	68.73	58.18	69.39	57.55	68.69	55.57	56.73	51.67	62.24	54.63	52.1	56.32	55.92	61.38	53.99	63.54	57.33	71.62	62.9	66.21	66.95	73.63	30.53	56.93	33.46	65.42	24.79	61.58	23.09	72.73	18.67	60.99	15.86	63.78
707	23.567	68.83	57.8	69.47	57.15	68.75	55.17	56.7	51.32	62.22	54.35	52.11	56.23	55.95	61.39	53.98	63.5	57.41	71.73	62.99	66.14	66.97	73.62	30.6	56.99	33.57	65.55	24.94	61.57	23.29	72.82	18.48	60.88	15.81	63.78
708	23.6	68.87	57.86	69.51	57.19	68.78	55.22	56.72	51.23	62.21	54.3	52.2	56.13	56.01	61.29	53.83	63.41	57.26	71.6	62.83	66.29	66.58	73.67	30.72	57.16	33.71	65.72	24.88	61.98	23.2	73.28	17.85	61.52	15.21	64.49
709	23.633	68.89	57.63	69.52	56.97	68.82	54.99	56.73	51.05	62.29	54.13	52.29	55.94	56.0	61.16	53.84	63.18	56.96	71.52	62.47	66.4	66.13	73.85	30.74	56.9	33.67	65.45	24.79	61.83	23.1	73.15	17.67	61.19	14.99	64.11
710	23.667	70.11	57.43	70.96	57.48	70.25	54.9	59.63	52.49	64.53	54.23	54.48	55.71	57.44	60.13	54.49	62.84	56.91	72.65	64.01	66.3	65.16	76.14	33.64	55.99	35.54	65.06	28.01	61.08	25.2	73.22	24.02	65.0	18.72	67.59
711	23.7	70.15	57.41	71.01	57.45	70.23	54.86	59.61	52.37	64.33	54.15	54.44	55.57	57.21	59.98	54.44	62.94	56.46	72.72	64.03	66.34	64.9	76.19	33.71	56.24	35.54	65.31	28.24	61.43	25.41	73.54	23.86	65.44	18.58	68.12
712	23.733	68.98	57.32	69.72	56.64	68.85	54.59	57.13	50.59	62.14	53.63	52.43	55.55	55.64	60.68	52.98	63.57	55.29	71.65	61.12	67.16	64.95	75.04	30.8	56.95	33.42	65.47	24.21	62.9	22.6	74.14	16.98	62.58	14.26	65.64
713	23.767	68.9	57.17	69.64	56.45	68.74	54.45	57.17	50.44	61.98	53.5	52.3	55.54	55.49	60.52	52.78	63.79	55.06	71.49	60.84	67.15	64.64	75.04	30.92	56.96	33.52	65.33	24.47	62.97	22.99	73.98	17.87	62.47	15.24	65.59
714	23.8	68.77	57.24	69.52	56.46	68.6	54.47	57.04	50.24	61.81	53.36	52.26	55.45	55.46	60.6	52.74	63.61	55.18	71.63	60.91	66.96	64.8	74.78	30.88	56.86	33.49	65.36	24.53	62.33	22.91	73.56	17.18	61.25	14.51	64.42
715	23.833	68.83	57.11	69.57	56.33	68.63	54.34	57.0	50.1	61.78	53.25	52.33	55.38	55.51	60.59	52.85	63.57	55.32	71.76	61.06	66.76	64.89	74.51	30.95	57.03	33.57	65.59	24.52	61.99	22.78	73.34	16.62	60.77	13.84	63.93
716	23.867	68.36	56.33	69.15	55.63	68.2	53.79	57.13	49.99	61.59	52.86	52.37	54.88	55.25	59.5	53.41	63.57	54.55	71.71	61.48	66.53	64.71	75.52	31.67	57.24	33.87	65.35	24.46	62.5	22.69	73.27	17.22	60.77	13.46	63.73
717	23.9	68.28	56.33	69.04	55.64	68.14	53.81	56.98	50.04	61.56	52.96	52.28	54.97	55.14	59.68	53.43	63.59	54.35	71.82	61.32	66.66	64.45	75.47	31.53	57.17	33.73	65.28	24.44	62.27	22.69	73.06	17.36	60.49	13.61	63.46
718	23.933	69.25	57.66	69.95	57.15	69.2	54.83	57.96	50.87	62.64	53.78	52.63	55.34	55.72	61.21	51.05	62.53	54.24	72.21	60.09	65.64	63.87	74.71	31.76	56.28	34.45	65.23	27.89	60.63	25.89	72.56	20.44	60.51	18.18	64.35
719	23.967	68.94	57.3	69.62	56.62	68.78	54.58	56.87	50.48	62.03	53.62	52.47	55.42	55.69	60.87	52.7	62.94	55.28	71.64	61.12	67.21	64.34	75.04	31.25	56.9	33.98	65.53	25.27	62.12	23.24	73.7	15.99	61.51	13.16	64.77
720	24.0	68.87	57.52	69.56	56.89	68.72	54.82	56.98	50.83	62.06	53.88	52.62	55.48	55.68	60.89	52.52	62.44	54.54	71.22	60.64	67.73	63.45	75.8	31.68	56.48	34.34	65.0	25.71	62.12	23.76	73.56	16.27	61.45	13.41	64.64
721	24.033	68.74	57.94	69.5	57.28	68.61	55.2	56.93	50.94	61.88	54.01	52.45	55.31	55.43	60.88	52.26	62.15	53.88	71.1	60.24	67.59	63.08	75.56	31.38	56.47	34.0	65.06	25.26	62.12	23.43	73.65	15.66	61.54	12.9	64.72
722	24.067	68.68	58.23	69.49	57.64	68.56	55.49	57.12	51.37	61.85	54.24	52.57	55.43	55.42	60.99	52.24	61.62	53.67	70.76	60.12	67.47	62.63	75.32	31.98	56.3	34.53	64.81	25.99	62.01	24.14	73.42	16.33	61.62	13.63	64.55
723	24.1	68.66	58.53	69.47	57.99	68.64	55.79	57.09	51.6	62.07	54.35	52.46	55.33	55.34	60.77	52.09	61.72	53.36	70.67	59.98	67.35	62.44	75.25	31.67	56.23	34.21	64.71	25.63	61.74	23.79	73.04	16.55	61.43	13.9	64.21
724	24.133	68.23	58.11	69.08	57.64	68.22	55.62	57.23	51.74	61.88	54.27	52.71	55.1	55.16	59.8	52.68	62.08	52.49	70.43	60.05	67.53	62.05	75.33	32.51	56.94	34.56	64.87	25.23	62.54	23.46	73.24	16.63	61.92	13.19	64.55
725	24.167	68.12	58.8	68.98	58.35	68.24	56.27	57.16	52.18	62.13	54.58	52.74	55.08	55.29	59.85	52.51	61.92	52.33	70.45	59.94	67.84	61.91	75.3	32.46	56.93	34.57	64.9	25.33	62.85	23.56	73.64	16.43	62.48	13.02	65.02
726	24.2	68.04	59.25	68.9	58.84	68.2	56.7	57.09	52.59	62.21	54.89	52.74	55.23	55.3	60.01	52.49	61.82	52.3	70.45	60.08	67.96	61.92	75.29	32.53	57.0	34.66	64.98	25.59	62.8	23.74	73.61	16.53	62.47	13.15	64.95
727	24.233	68.39	60.78	69.19	60.41	68.7	57.94	57.04	53.39	62.88	55.61	52.65	55.72	55.78	60.99	51.66	61.47	53.15	70.62	59.97	67.96	62.09	75.63	31.56	55.92	34.3	64.36	26.0	61.91	23.87	73.25	15.94	62.42	13.18	64.84
728	24.267	68.3	61.23	69.14	60.89	68.64	58.38	57.16	53.77	62.91	55.88	52.75	55.83	55.79	61.08	51.65	61.43	53.02	70.62	59.79	68.06	62.01	75.59	31.63	55.84	34.3	64.27	25.98	61.83	23.81	73.14	16.03	62.37	13.18	64.65
729	24.3	68.29	61.33	69.14	60.98	68.6	58.49	57.14	53.81	62.77	55.97	52.66	55.86	55.72	61.08	51.53	61.48	52.99	70.52	59.62	68.05	61.83	75.59	31.6	55.93	34.27	64.32	25.94	61.91	23.8	73.18	16.07	62.43	13.27	64.78
730	24.333	68.47	61.33	69.36	60.94	68.72	58.45	57.31	53.72	62.68	55.91	52.72	55.84	55.67	61.13	51.57	61.64	52.99	70.77	59.79	67.97	62.0	75.43	31.78	56.11	34.41	64.57	26.11	62.11	24.0	73.47	16.08	62.87	13.35	65.27
731	24.367	68.46	61.24	69.38	60.87	68.69	58.37	57.47	53.81	62.65	55.9	52.85	55.85	55.7	61.16	51.77	61.33	53.1	70.72	59.98	67.72	62.07	75.24	32.21	56.09	34.75	64.53	26.71	61.73	24.51	73.06	16.61	62.54	13.79	64.82
732	24.4	68.66	61.21	69.63	60.77	68.77	58.29	57.66	53.71	62.4	55.91	52.84	55.97	55.5	61.43	51.87	61.73	52.94	71.25	60.13	67.68	62.01	75.06	32.18	56.44	34.58	65.01	26.56	61.89	24.42	73.36	16.57	62.6	13.83	64.97
733	24.433	68.8	61.35	69.78	60.87	68.9	58.4	57.71	53.51	62.44	55.86	52.89	55.77	55.55	61.32	51.72	62.14	52.76	71.63	60.01	67.87	62.05	75.17	31.84	56.39	34.28	65.09	26.02	62.35	24.06	74.04	15.62	63.01	13.03	65.66
734	24.467	68.43	60.59	69.46	60.09	68.52	57.92	57.81	53.11	62.12	55.52	52.97	55.33	55.06	60.04	51.97	62.95	51.21	70.94	59.84	68.03	61.14	75.08	31.96	57.1	33.78	65.26	24.28	63.68	22.81	74.71	15.28	62.59	12.44	65.5
735	24.5	68.79	61.54	69.8	60.97	68.81	58.57	57.82	53.53	62.14	56.03	52.89	56.09	55.12	61.54	51.62	62.63	52.14	71.7	59.56	67.73	61.3	75.49	31.61	56.29	33.73	64.98	25.22	61.51	23.05	73.13	15.9	61.15	13.28	64.01
736	24.533	68.88	61.85	69.95	61.28	68.88	58.83	58.14	53.75	62.15	56.13	53.15	56.09	55.14	61.56	51.73	62.53	52.22	71.83	59.61	67.79	61.2	75.69	31.87	56.32	33.83	65.04	25.62	61.64	23.22	73.33	15.98	61.4	13.23	64.18
737	24.567	68.87	61.93	69.95	61.38	68.86	58.91	58.25	53.78	62.14	56.08	53.23	55.92	55.1	61.38	51.57	62.1	52.05	71.46	59.34	67.45	60.55	75.49	32.35	56.42	34.25	65.07	26.55	60.81	23.92	72.42	16.62	60.36	13.83	63.1
738	24.6	68.83	62.12	69.87	61.61	68.84	59.16	58.14	54.03	62.15	56.36	53.07	56.09	55.05	61.36	51.32	62.14	51.68	71.03	58.79	67.4	60.05	75.41	32.25	56.16	34.24	64.63	26.52	60.51	24.13	71.83	17.08	59.48	14.38	62.24
739	24.633	68.53	62.67	69.52	61.78	68.57	59.67	59.04	53.49	62.35	56.42	53.96	55.53	55.33	60.82	50.94	64.27	50.89	71.95	57.82	68.13	58.54	75.48	32.73	56.58	34.73	64.36	29.23	61.12	26.8	71.55	20.58	59.51	18.94	63.4
740	24.667	68.46	62.84	69.45	61.95	68.5	59.84	58.91	53.61	62.22	56.54	53.77	55.53	55.11	60.92	50.7	63.91	50.74	71.73	57.6	67.89	58.47	75.45	32.75	56.56	34.73	64.36	29.42	60.9	26.93	71.34	20.76	59.1	19.21	62.99
741	24.7	68.58	62.94	69.62	62.08	68.67	59.87	59.3	53.62	62.5	56.31	54.13	55.4	55.39	60.61	51.09	63.81	50.86	71.57	57.79	68.14	58.7	75.49	32.76	56.3	34.66	64.07	29.07	60.91	26.62	71.28	20.57	59.02	18.88	62.54
742	24.733	68.54	62.79	69.58	61.97	68.64	59.74	59.28	53.68	62.5	56.28	54.16	55.57	55.31	60.48	51.06	63.69	50.53	70.94	57.72	68.19	58.06	75.5	32.89	56.25	34.71	63.83	29.04	60.8	26.59	70.93	20.68	59.08	19.14	62.58
743	24.767	68.5	62.72	69.53	61.91	68.59	59.68	59.24	53.7	62.46	56.26	54.13	55.66	55.28	60.49	51.07	63.58	50.49	70.68	57.72	68.33	57.8	75.59	32.96	56.39	34.81	63.88	29.13	61.03	26.82	71.04	20.74	59.31	19.46	62.77
744	24.8	68.5	62.66	69.57	61.88	68.59	59.61	59.38	53.69	62.45	56.2	54.2	55.55	55.24	60.4	50.94	63.29	50.23	70.44	57.51	68.22	57.22	75.58	33.16	56.38	34.93	63.85	29.38	61.13	27.05	71.11	20.97	59.73	19.8	63.17
745	24.833	68.49	62.57	69.56	61.81	68.57	59.53	59.44	53.69	62.46	56.16	54.24	55.62	55.41	60.22	50.89	63.03	50.27	69.75	57.28	68.21	56.92	75.55	33.15	56.13	35.0	63.45	29.06	61.12	26.79	70.91	20.78	59.76	19.47	63.11
746	24.867	68.46	62.49	69.52	61.76	68.54	59.48	59.48	53.71	62.47	56.13	54.36	55.62	55.54	60.1	50.84	62.47	50.11	68.97	56.69	68.23	55.68	75.62	33.4	55.86	35.27	63.01	29.01	61.07	26.72	70.65	20.67	59.78	19.31	62.95
747	24.9	68.45	62.43	69.52	61.66	68.47	59.43	59.52	53.63	62.28	56.15	54.29	55.63	55.48	60.1	50.75	62.36	49.99	68.72	56.5	68.16	55.39	75.69	33.42	55.9	35.3	63.01	29.08	61.09	26.86	70.63	20.85	59.8	19.5	63.09
748	24.933	68.41	62.36	69.44	61.59	68.41	59.41	59.34	53.61	62.2	56.23	54.16	55.66	55.42	60.07	50.6	62.53	50.01	68.63	56.36	68.08	55.2	75.6	33.36	55.95	35.31	62.99	29.04	61.2	26.8	70.66	20.89	60.13	19.53	63.54
749	24.967	68.41	62.35	69.43	61.58	68.42	59.41	59.28	53.57	62.22	56.23	54.11	55.61	55.42	60.05	50.58	62.5	50.04	68.57	56.29	68.15	55.36	75.45	33.22	55.92	35.19	62.99	28.87	61.14	26.72	70.65	20.7	60.1	19.45	63.56
750	25.0	68.22	62.21	69.19	61.31	68.19	59.48	58.8	53.48	61.99	56.47	54.17	56.24	55.59	60.1	51.08	62.23	50.02	66.83	57.8	68.18	55.3	75.48	34.17	56.77	36.19	63.57	26.47	61.06	24.47	70.44	18.02	59.17	16.64	62.89
751	25.033	68.27	62.34	69.26	61.44	68.27	59.6	58.89	53.48	62.07	56.49	54.21	56.21	55.68	60.18	51.15	61.99	50.07	66.77	57.55	68.35	54.84	75.79	33.75	56.71	35.8	63.59	25.94	61.32	24.02	70.8	17.56	59.77	16.28	63.41
752	25.067	68.79	62.5	69.9	62.11	68.86	59.49	58.69	54.53	62.35	56.38	53.45	56.29	55.36	60.84	50.81	60.7	50.1	68.64	57.24	67.87	55.4	76.11	32.89	56.12	35.01	63.94	26.61	61.09	24.55	71.61	17.15	60.81	15.07	63.02
753	25.1	68.76	62.35	69.89	61.94	68.83	59.34	58.76	54.34	62.33	56.19	53.55	56.16	55.4	60.72	50.91	60.86	50.3	68.84	57.32	68.33	55.62	76.47	32.85	56.0	34.91	63.84	26.45	61.45	24.36	72.04	16.89	61.36	14.8	63.58
754	25.133	68.92	62.2	70.06	61.75	69.02	59.14	58.8	54.05	62.54	55.99	53.57	56.06	55.58	60.82	50.97	61.17	50.76	69.34	57.29	68.85	55.89	76.89	32.2	55.84	34.35	63.88	25.64	61.79	23.62	72.64	16.18	61.67	14.2	63.9
755	25.167	68.77	61.98	69.86	61.55	68.9	58.97	58.51	53.95	62.52	55.95	53.4	55.97	55.72	60.73	50.83	60.97	50.89	69.1	56.99	68.76	55.65	76.87	32.07	55.68	34.45	63.66	25.37	62.01	23.54	72.8	15.71	62.18	13.77	64.4
756	25.2	68.64	61.54	69.69	61.07	68.8	58.53	58.3	53.44	62.51	55.54	53.23	55.65	55.68	60.52	50.77	61.19	50.96	69.36	56.88	69.07	55.81	77.0	31.68	55.56	34.13	63.6	25.09	61.97	23.45	72.83	15.69	62.0	13.95	64.3
757	25.233	68.1	60.34	69.12	59.95	68.24	57.74	58.1	53.09	62.03	55.28	53.07	55.45	55.19	59.72	51.17	61.76	49.72	68.83	56.86	69.66	54.67	76.49	32.33	56.87	34.46	64.23	24.92	63.99	23.8	74.0	16.55	62.86	14.43	65.14
758	25.267	68.15	60.22	69.2	59.78	68.26	57.6	58.23	52.81	61.98	55.08	53.2	55.25	55.35	59.66	51.12	61.32	49.78	68.58	56.69	69.79	54.42	76.56	32.54	56.9	34.71	64.36	24.86	63.92	23.77	74.1	16.01	62.68	13.97	64.99
759	25.3	68.29	59.73	69.33	59.21	68.3	57.12	58.29	52.33	61.84	54.8	53.36	55.12	55.35	59.75	51.53	61.38	49.94	69.01	57.26	69.72	54.64	76.47	32.94	57.11	35.08	64.66	25.46	63.95	24.28	74.32	15.91	62.79	13.86	65.3
760	25.333	68.08	59.51	69.14	58.96	68.06	56.89	58.27	52.1	61.64	54.56	53.27	55.05	55.3	59.6	51.42	61.49	49.97	68.98	57.1	69.78	54.63	76.55	32.86	57.04	35.01	64.54	25.26	64.06	24.22	74.35	15.98	62.89	13.97	65.39
761	25.367	67.96	59.18	69.0	58.62	67.95	56.57	58.12	51.91	61.59	54.37	53.21	55.07	55.22	59.6	51.3	61.67	49.94	69.09	57.05	69.99	54.69	76.7	32.94	57.14	35.06	64.6	25.42	64.27	24.35	74.54	16.13	63.12	14.17	65.7
762	25.4	67.99	59.21	69.01	58.6	67.96	56.57	58.08	51.82	61.54	54.38	53.2	55.13	55.22	59.82	51.29	61.76	49.91	69.39	57.0	70.34	54.55	77.03	32.96	57.39	35.11	64.94	25.37	64.29	24.29	74.69	15.85	63.03	13.95	65.65
763	25.433	67.99	59.28	69.01	58.68	67.97	56.66	58.07	51.86	61.59	54.45	53.2	55.11	55.29	59.75	51.18	61.8	49.76	69.28	56.76	70.47	54.14	77.02	32.83	57.43	35.05	64.94	25.09	64.42	24.05	74.8	15.51	63.29	13.57	65.93
764	25.467	68.08	59.51	69.09	58.91	68.08	56.89	58.08	51.98	61.66	54.63	53.17	55.17	55.29	59.89	51.23	61.99	49.83	69.57	56.86	70.36	54.3	77.12	32.7	57.24	34.97	64.8	25.21	64.24	24.15	74.65	15.62	63.15	13.67	65.83
765	25.5	68.11	59.71	69.12	59.12	68.12	57.09	58.08	52.14	61.69	54.78	53.15	55.22	55.3	60.01	51.15	62.0	49.82	69.66	56.71	70.48	54.13	77.18	32.69	57.24	34.99	64.83	25.27	64.18	24.2	74.62	15.71	63.09	13.82	65.74
766	25.533	68.09	59.64	69.11	59.05	68.08	57.0	58.12	52.15	61.64	54.75	53.19	55.35	55.32	60.15	51.18	61.74	49.72	69.51	56.51	70.53	53.48	77.57	32.78	57.26	35.07	64.82	25.1	64.13	24.0	74.53	15.72	63.04	13.84	65.57
767	25.567	68.04	59.77	69.04	59.13	68.05	57.09	58.07	52.14	61.65	54.79	53.16	55.49	55.42	60.41	51.21	61.85	49.82	69.78	56.39	71.05	53.22	78.11	32.62	57.05	35.03	64.67	24.97	64.12	23.91	74.59	15.82	63.12	13.97	65.62
768	25.6	68.32	59.41	69.42	58.89	68.22	56.78	58.7	52.25	61.57	54.88	53.56	56.13	55.33	61.06	51.95	62.32	49.95	70.88	57.27	71.92	54.34	79.28	31.99	56.7	34.05	64.55	24.0	64.64	23.07	75.53	14.85	64.0	12.9	66.79
769	25.633	68.46	60.16	69.42	59.39	68.42	57.14	57.94	51.69	61.88	54.56	53.0	55.13	55.71	60.81	50.46	61.0	51.15	69.89	55.99	70.8	53.87	78.86	31.41	56.1	34.22	64.42	24.92	63.0	23.51	74.4	14.99	62.54	13.85	65.5
770	25.667	68.43	59.64	69.36	58.89	68.34	56.72	57.89	51.38	61.8	54.37	53.06	54.87	55.89	60.61	50.74	60.45	51.22	69.48	55.94	70.8	53.46	78.84	31.61	55.98	34.53	64.26	24.86	62.87	23.56	74.23	14.8	62.42	13.5	65.32
771	25.7	68.46	59.35	69.39	58.58	68.31	56.43	57.88	51.12	61.63	54.18	52.93	54.78	55.81	60.52	50.54	60.25	51.04	69.12	55.62	70.97	53.13	78.69	31.68	56.27	34.66	64.49	24.86	62.91	23.66	74.21	14.71	62.27	13.49	65.14
772	25.733	68.34	59.09	69.27	58.28	68.19	56.16	57.81	50.82	61.52	53.91	52.85	54.69	55.73	60.51	50.41	60.22	50.94	69.2	55.6	70.84	53.02	78.72	31.71	56.12	34.69	64.36	25.02	62.99	23.86	74.33	14.9	62.35	13.79	65.33
773	25.767	68.43	58.74	69.35	57.87	68.24	55.79	57.72	50.45	61.41	53.73	52.66	54.75	55.59	60.51	50.16	60.55	50.71	69.09	55.29	71.08	52.65	78.9	31.24	56.43	34.26	64.67	24.08	62.98	23.02	74.29	14.34	62.15	13.42	65.29
774	25.8	68.22	58.56	69.12	57.7	68.02	55.66	57.47	50.44	61.26	53.72	52.52	54.82	55.39	60.31	49.92	60.75	50.57	68.7	55.01	71.16	52.69	78.74	31.12	56.47	34.08	64.53	23.87	63.09	22.86	74.19	14.21	62.11	13.4	65.35
775	25.833	67.73	57.28	68.6	56.64	67.54	54.82	57.45	50.62	60.92	53.7	52.73	55.21	54.98	59.99	50.88	61.17	49.17	68.44	55.44	71.27	51.56	77.71	32.5	57.56	34.97	64.87	24.21	63.97	23.19	74.19	14.77	62.76	12.93	65.48
776	25.867	68.05	58.16	68.95	57.28	67.79	55.25	57.32	50.22	60.99	53.51	52.53	54.97	55.15	60.3	49.99	60.9	50.32	68.59	55.38	70.99	52.79	78.46	31.2	56.51	34.03	64.48	23.96	63.06	22.84	74.09	13.84	62.09	13.06	65.48
777	25.9	67.91	57.98	68.74	57.09	67.61	55.13	57.12	50.21	60.82	53.58	52.54	55.11	54.98	60.35	50.16	61.01	50.08	68.54	55.67	71.12	52.87	78.59	31.46	56.48	34.18	64.37	24.13	63.03	22.98	73.99	14.14	61.87	13.28	65.45
778	25.933	67.86	57.86	68.68	57.0	67.58	55.03	57.07	50.17	60.88	53.52	52.63	54.96	55.01	60.26	50.23	60.85	50.17	68.55	55.81	70.97	52.95	78.56	31.62	56.42	34.3	64.34	24.34	62.91	23.02	73.92	14.06	61.99	13.08	65.56
779	25.967	67.91	57.79	68.74	56.92	67.6	54.94	57.16	50.15	60.87	53.49	52.74	55.04	54.95	60.23	50.36	60.91	50.06	68.45	56.12	70.82	53.39	78.56	31.63	56.4	34.16	64.32	24.12	63.09	22.77	74.1	14.04	62.15	12.96	65.84
780	26.0	67.88	57.73	68.74	56.91	67.56	54.9	57.28	50.25	60.83	53.45	52.81	55.08	54.9	60.03	50.43	60.73	49.97	68.01	56.19	70.61	53.52	78.27	31.9	56.33	34.33	64.12	24.41	63.08	23.04	73.88	14.43	62.11	13.28	65.64
781	26.033	68.02	57.76	68.88	56.94	67.71	54.91	57.33	50.21	61.01	53.42	52.98	55.01	54.98	59.85	50.34	60.82	49.81	67.9	56.52	70.41	53.94	78.16	31.87	56.27	34.27	64.07	24.3	63.23	22.84	74.11	13.69	62.45	12.45	66.24
782	26.067	68.18	57.79	69.08	56.97	67.84	54.89	57.45	50.18	60.98	53.37	52.95	54.98	54.87	59.8	50.29	60.86	49.65	67.91	56.79	70.26	54.43	78.19	31.8	56.52	34.11	64.4	24.01	63.22	22.56	74.18	13.41	62.23	12.19	66.05
783	26.1	68.12	57.7	69.01	56.8	67.72	54.81	57.36	49.97	60.76	53.32	52.9	55.04	54.65	59.84	50.55	61.28	49.53	68.24	57.45	70.18	55.26	78.32	31.73	56.54	33.94	64.46	24.08	63.12	22.68	74.12	13.59	61.57	12.36	65.68
784	26.133	67.96	57.51	68.85	56.68	67.52	54.69	57.27	50.13	60.56	53.37	52.77	55.08	54.49	59.51	50.5	61.17	49.43	67.55	57.58	69.57	55.48	77.64	31.97	56.6	34.11	64.28	24.08	63.12	22.68	73.75	14.0	61.52	12.56	65.55
785	26.167	67.64	57.26	68.55	56.42	67.11	54.51	57.18	50.11	60.15	53.41	52.82	55.09	54.27	59.57	50.69	61.09	49.4	67.63	57.73	69.38	56.17	77.28	32.48	56.82	34.42	64.47	24.54	63.0	23.06	73.62	14.32	61.36	12.71	65.47
786	26.2	67.58	57.01	68.38	56.17	67.04	54.34	56.66	50.07	59.99	53.48	52.34	55.07	54.11	59.6	51.0	61.13	49.72	67.74	58.36	69.03	57.67	76.84	32.22	57.33	34.31	65.0	24.19	63.53	22.92	74.06	14.35	61.99	12.45	65.98
787	26.233	67.42	56.87	68.18	56.09	66.92	54.29	56.34	50.14	59.99	53.52	52.21	54.93	54.14	59.54	51.33	60.74	50.53	67.64	58.59	67.97	58.54	75.85	32.14	57.12	34.3	64.81	23.93	62.89	22.54	73.43	14.12	61.71	12.13	65.46
788	26.267	67.44	57.03	68.17	56.28	66.93	54.49	56.16	50.5	59.96	53.88	52.08	55.21	54.18	59.85	51.76	60.98	51.25	68.03	59.14	67.5	59.55	74.95	31.99	57.2	34.22	64.92	24.07	62.33	22.6	72.89	14.27	61.12	12.05	64.7
789	26.3	67.32	57.11	68.04	56.34	66.83	54.61	56.03	50.6	59.91	54.03	52.04	55.37	53.98	60.25	52.1	61.37	51.73	68.84	59.41	67.01	60.57	74.22	31.87	57.58	33.94	65.46	24.14	61.79	22.39	72.53	14.66	60.5	12.27	64.04
790	26.333	67.34	57.4	68.01	56.57	66.89	54.91	55.84	50.72	60.0	54.3	51.74	55.7	54.24	60.84	52.3	62.3	53.13	70.03	59.54	66.91	62.13	73.92	31.33	57.55	33.71	65.6	24.11	61.84	22.54	72.73	15.17	60.39	12.76	63.86
791	26.367	67.35	57.68	67.96	56.75	66.91	55.18	55.35	50.79	59.94	54.63	51.37	56.08	54.43	61.58	52.87	63.47	54.81	71.62	60.74	67.18	63.9	73.43	30.35	58.32	33.09	66.7	23.36	61.95	21.66	73.31	14.14	60.61	11.58	64.12
792	26.4	67.47	57.88	68.09	56.91	67.03	55.34	55.41	50.89	60.01	54.79	51.42	56.27	54.4	61.94	53.15	63.96	55.04	72.39	61.12	67.42	64.45	73.85	30.13	58.34	32.8	66.88	23.26	62.09	21.5	73.62	14.29	60.8	11.67	64.34
793	26.433	67.41	57.84	68.03	56.92	67.0	55.34	55.54	50.92	60.11	54.76	51.66	55.92	54.34	61.69	52.98	63.15	54.47	71.97	60.64	67.48	63.55	75.0	30.58	57.66	33.06	66.19	23.92	61.44	21.88	72.96	14.72	60.02	11.96	63.64
794	26.467	67.52	58.14	68.19	57.18	67.08	55.57	55.77	50.98	60.11	54.85	51.77	56.08	54.35	61.92	52.72	63.52	54.12	72.37	60.39	67.69	63.18	75.04	30.68	57.76	33.1	66.37	24.02	61.28	21.97	72.94	14.56	59.55	11.83	63.29
795	26.5	67.5	58.56	68.16	57.59	67.09	55.94	55.72	51.3	60.15	55.17	51.75	56.33	54.36	62.4	52.29	63.38	53.88	72.57	59.93	67.91	62.38	75.49	30.72	57.58	33.2	66.29	24.47	61.25	22.32	73.08	14.59	59.61	12.0	63.51
796	26.533	67.54	59.15	68.21	58.18	67.18	56.51	55.7	51.61	60.26	55.51	51.77	56.32	54.24	62.49	52.21	63.31	53.37	72.63	59.97	68.09	62.0	75.83	30.54	57.57	32.97	66.37	24.22	61.15	22.04	73.12	14.26	59.59	11.79	63.59
797	26.567	67.7	59.75	68.36	58.77	67.4	57.06	55.76	51.91	60.53	55.83	51.82	56.31	54.39	62.57	52.22	63.37	53.18	72.81	60.18	68.27	62.04	75.99	30.34	57.32	32.84	66.24	24.16	61.12	22.02	73.24	14.11	59.48	11.54	63.58
798	26.6	67.93	60.22	68.61	59.23	67.63	57.5	55.96	52.13	60.74	56.07	51.99	56.35	54.57	62.62	52.31	63.48	53.16	72.96	60.32	68.66	62.07	76.48	30.26	57.42	32.78	66.41	23.97	61.41	21.79	73.63	13.79	59.91	11.09	64.05
799	26.633	67.96	60.45	68.64	59.53	67.71	57.74	55.97	52.44	60.85	56.24	52.02	56.42	54.55	62.53	52.32	63.27	53.12	72.52	60.31	68.77	62.03	76.49	30.3	57.35	32.76	66.26	23.79	61.37	21.56	73.47	13.7	59.93	11.04	63.91
800	26.667	67.94	60.37	68.63	59.47	67.69	57.68	56.03	52.42	60.86	56.2	52.09	56.37	54.53	62.5	52.21	63.15	52.93	72.43	59.94	68.95	61.64	76.57	30.43	57.24	32.84	66.12	23.95	61.28	21.71	73.38	13.78	59.96	11.17	63.92
801	26.7	67.9	60.25	68.6	59.35	67.63	57.54	56.06	52.34	60.73	56.09	52.04	56.35	54.38	62.39	51.95	63.18	52.42	72.24	59.56	69.06	60.95	76.69	30.51	57.15	32.87	65.94	23.89	61.45	21.72	73.42	13.86	60.04	11.35	64.0
802	26.733	67.93	60.29	68.63	59.36	67.66	57.56	56.04	52.27	60.74	56.05	52.03	56.37	54.35	62.36	51.84	63.37	52.38	72.29	59.55	69.13	60.99	76.81	30.47	57.22	32.82	66.01	23.88	61.48	21.69	73.46	13.73	59.83	11.25	63.91
803	26.767	67.61	59.17	68.35	58.36	67.37	56.71	56.47	52.1	60.65	55.47	52.33	56.3	54.0	61.23	52.31	64.3	51.61	72.18	59.35	69.26	60.19	77.44	31.8	58.23	33.52	66.27	23.99	62.38	21.76	73.4	14.8	60.26	11.78	63.91
804	26.8	67.45	59.05	68.19	58.22	67.18	56.6	56.44	51.97	60.49	55.36	52.26	56.25	53.85	60.99	51.96	64.5	51.1	71.94	59.06	69.51	59.58	77.64	31.81	58.02	33.5	65.91	23.88	62.44	21.74	73.32	14.82	60.22	11.88	64.01
805	26.833	67.4	58.97	68.17	58.15	67.1	56.52	56.48	51.96	60.31	55.35	52.21	56.28	53.71	61.0	51.69	64.3	50.45	71.59	58.83	69.62	58.53	77.69	31.9	58.26	33.57	66.1	23.65	62.83	21.63	73.65	14.43	60.62	11.73	64.41
806	26.867	67.21	58.85	67.98	57.99	66.85	56.42	56.43	51.96	60.01	55.38	52.21	56.48	53.56	61.13	51.66	64.48	50.25	71.66	58.73	69.63	58.01	77.76	32.24	58.62	33.82	66.36	23.83	63.14	21.83	73.83	14.54	60.73	11.96	64.53
807	26.9	67.32	58.77	68.09	57.92	66.93	56.34	56.53	51.97	60.02	55.4	52.28	56.61	53.49	61.08	51.58	64.65	49.9	71.43	58.7	69.64	57.58	77.86	32.33	58.77	33.84	66.39	23.76	63.54	21.8	74.09	14.74	61.09	12.26	65.0
808	26.933	67.37	58.73	68.17	57.9	66.95	56.31	56.66	51.97	59.99	55.39	52.32	56.66	53.56	60.99	51.56	64.48	49.77	70.98	58.53	69.6	56.89	77.87	32.26	58.73	33.82	66.27	23.48	63.57	21.58	73.98	14.55	61.12	12.11	64.96
809	26.967	67.34	58.71	68.13	57.85	66.93	56.29	56.59	51.86	59.94	55.34	52.24	56.6	53.47	60.99	51.49	64.35	49.64	70.85	58.42	69.63	56.7	77.99	32.15	58.7	33.72	66.25	23.38	63.52	21.47	73.96	14.4	60.99	12.0	64.88
810	27.0	67.3	58.63	68.08	57.82	66.84	56.24	56.6	52.04	59.84	55.46	52.36	56.91	53.41	61.08	51.57	64.53	49.6	70.75	58.45	69.57	56.47	77.94	32.39	58.77	33.85	66.18	23.61	63.27	21.56	73.54	14.44	60.52	12.01	64.4
811	27.033	67.22	58.65	68.03	57.83	66.75	56.26	56.67	52.08	59.78	55.48	52.4	56.89	53.4	61.01	51.64	64.59	49.59	70.8	58.57	69.55	56.61	78.17	32.42	58.7	33.82	66.1	23.53	63.32	21.52	73.56	14.56	60.5	12.09	64.38
812	27.067	67.15	58.76	67.97	57.96	66.69	56.36	56.69	52.24	59.78	55.55	52.41	57.0	53.4	61.04	51.68	64.48	49.66	70.6	58.53	69.5	56.36	78.16	32.4	58.71	33.79	66.04	23.63	63.22	21.59	73.34	15.0	60.43	12.57	64.22
813	27.1	66.97	58.91	67.79	58.1	66.5	56.52	56.66	52.44	59.62	55.67	52.31	57.17	53.26	61.04	51.81	64.64	49.7	70.54	58.62	69.53	56.3	78.13	32.58	58.85	33.92	66.03	23.95	62.99	21.91	72.86	16.14	60.27	13.68	63.92
814	27.133	66.83	59.16	67.68	58.39	66.39	56.78	56.72	52.75	59.5	55.85	52.08	57.29	53.14	61.11	51.8	64.53	49.52	70.45	58.22	69.44	55.88	78.27	32.46	58.69	33.86	65.77	23.89	62.75	22.09	72.32	17.18	60.16	14.77	63.42
815	27.167	67.12	59.79	68.12	59.04	66.54	57.41	57.6	53.25	59.06	56.38	52.08	57.94	52.92	61.86	52.32	64.63	49.91	71.12	58.99	70.3	56.52	79.51	31.72	57.84	32.91	65.21	23.16	63.27	21.63	73.21	17.59	60.83	15.12	64.29
816	27.2	67.28	60.19	68.26	59.43	66.71	57.8	57.75	53.52	59.21	56.66	52.23	58.18	52.97	62.08	52.04	64.87	49.67	71.18	58.64	70.84	56.16	80.04	32.07	57.79	33.2	65.12	23.73	63.2	22.17	73.12	18.04	60.24	15.74	63.86
817	27.233	67.22	60.71	68.24	59.97	66.7	58.28	57.84	53.94	59.18	56.96	52.19	58.35	52.8	62.31	51.84	64.56	49.55	70.97	58.53	70.86	55.77	80.36	32.19	57.21	33.21	64.55	24.26	62.33	22.52	72.21	19.0	59.27	16.87	62.83
818	27.267	67.22	61.32	67.95	59.94	66.63	58.97	57.89	53.04	59.57	57.41	52.69	58.6	53.37	61.92	50.38	66.22	49.35	69.32	57.66	70.67	55.24	79.79	31.85	56.72	33.12	63.64	22.46	61.28	20.06	71.17	17.15	57.24	15.28	63.42
819	27.3	67.24	62.75	68.19	61.71	67.02	59.82	58.35	54.07	60.34	57.17	52.92	57.02	53.44	62.22	49.62	63.9	48.21	70.93	54.6	69.84	53.53	78.26	33.24	57.67	34.66	64.88	30.13	61.12	27.9	70.74	23.21	58.19	22.77	62.32
820	27.333	67.24	63.08	68.18	62.1	67.1	60.13	58.29	54.34	60.49	57.34	52.81	57.02	53.29	62.31	49.53	63.38	47.65	70.75	54.65	69.52	53.21	78.75	33.12	57.13	34.53	64.4	30.29	60.87	28.0	70.49	23.61	57.6	23.2	61.66
821	27.367	67.22	63.53	68.12	62.62	67.2	60.56	58.24	54.72	60.78	57.56	52.75	57.04	53.46	62.25	49.27	63.29	47.69	70.59	54.24	69.75	53.13	78.84	33.06	57.05	34.61	64.23	30.48	61.09	28.17	70.59	23.82	58.04	23.29	61.89
822	27.4	67.34	63.71	68.32	62.84	67.34	60.69	58.56	54.92	60.9	57.56	52.91	57.04	53.61	62.35	49.45	63.07	47.94	70.78	54.29	69.62	53.18	78.81	33.13	57.19	34.65	64.45	30.49	61.28	28.18	70.81	23.74	58.34	23.2	61.81
823	27.433	67.53	63.93	68.46	63.09	67.58	60.92	58.55	55.03	61.13	57.7	52.93	57.01	53.8	62.5	49.42	63.16	48.28	71.14	53.97	69.83	53.53	78.6	33.16	57.27	34.79	64.64	30.55	61.28	28.24	70.95	23.51	58.23	22.96	61.55
824	27.467	67.46	63.15	68.55	62.64	67.35	60.65	58.08	56.09	60.06	58.58	52.15	59.12	52.76	63.57	51.67	63.87	49.02	71.24	57.68	71.65	54.05	80.99	31.56	56.57	32.45	64.12	24.81	61.39	22.58	71.4	20.71	58.22	18.35	60.99
825	27.5	67.43	63.24	68.51	62.73	67.32	60.74	58.05	56.2	60.09	58.72	52.18	59.21	52.77	63.72	51.66	63.82	48.96	71.29	57.66	71.69	54.06	81.12	31.6	56.61	32.48	64.2	24.81	61.35	22.53	71.42	20.81	58.26	18.38	61.09
826	27.533	67.34	63.22	68.45	62.7	67.21	60.73	58.04	56.2	60.01	58.75	52.22	59.19	52.79	63.69	51.56	63.82	48.75	71.29	57.38	71.64	53.89	81.01	31.66	56.76	32.55	64.33	24.65	61.56	22.46	71.61	20.33	58.39	17.9	61.22
827	27.567	67.25	63.27	67.99	62.06	66.99	60.9	57.93	54.67	60.36	58.78	52.89	59.05	53.58	63.1	50.51	65.64	49.07	70.07	56.74	71.62	53.79	80.48	31.43	56.54	32.69	63.73	22.84	60.94	20.24	71.12	17.98	57.21	16.22	62.79
828	27.6	67.21	63.14	67.88	61.97	67.0	60.8	57.63	54.7	60.42	58.84	52.78	59.08	53.45	63.24	50.45	65.49	48.98	70.13	56.57	71.53	53.51	80.59	31.19	56.8	32.47	64.04	22.59	61.0	19.84	71.27	17.47	57.56	15.72	63.15
829	27.633	66.9	63.04	67.92	62.49	66.83	60.56	57.42	55.88	59.87	58.55	51.83	59.04	52.93	63.54	50.78	64.01	48.15	71.28	56.43	71.97	52.5	80.79	31.34	57.38	32.74	64.83	23.87	63.06	22.25	73.06	18.42	60.43	16.35	63.29
830	27.667	66.67	62.64	67.66	62.06	66.54	60.19	57.2	55.56	59.62	58.31	51.82	59.03	52.85	63.42	50.43	64.24	47.84	71.22	56.04	72.19	52.12	80.57	31.56	57.84	32.96	65.16	23.83	63.73	22.27	73.7	17.33	61.06	15.42	64.09
831	27.7	66.53	62.51	67.52	61.91	66.37	60.06	57.08	55.46	59.49	58.23	51.78	59.11	52.86	63.35	50.32	64.49	47.7	71.21	56.07	72.29	52.05	80.5	31.53	58.3	33.01	65.53	23.6	64.39	22.17	74.28	16.66	61.76	14.81	64.85
832	27.733	66.34	62.42	67.32	61.72	66.19	59.81	56.6	55.02	59.57	57.78	51.56	58.42	53.09	62.53	49.6	64.07	47.45	70.09	55.38	71.31	51.42	79.85	31.73	58.98	33.63	66.03	23.48	64.3	22.32	73.81	16.22	61.5	15.0	64.39
833	27.767	66.28	62.34	67.32	61.69	66.13	59.74	56.73	55.13	59.54	57.75	51.6	58.5	53.16	62.48	49.64	64.01	47.54	69.93	55.17	71.47	51.41	79.79	31.68	59.15	33.58	66.12	23.19	64.58	22.1	73.95	16.0	62.03	14.71	64.64
834	27.8	66.15	62.1	67.21	61.46	66.01	59.49	56.68	55.03	59.45	57.57	51.63	58.48	53.1	62.39	49.67	63.9	47.5	69.8	55.04	71.49	51.09	79.92	31.66	59.13	33.48	66.06	22.89	64.38	21.64	73.72	15.73	61.88	14.31	64.37
835	27.833	66.08	61.86	67.14	61.24	65.96	59.22	56.66	54.87	59.42	57.28	51.68	58.41	53.01	62.26	49.71	63.72	47.52	69.65	55.07	71.34	50.97	79.8	31.75	59.14	33.46	66.03	23.03	64.32	21.63	73.61	15.75	61.96	14.34	64.33
836	27.867	66.05	61.8	67.08	61.2	65.96	59.16	56.54	54.93	59.51	57.32	51.6	58.56	52.96	62.25	49.6	63.75	47.45	69.33	54.85	71.31	50.82	79.73	31.35	59.05	33.06	65.87	22.53	64.14	21.1	73.34	15.6	61.71	14.2	64.1
837	27.9	65.99	61.64	67.05	61.05	65.87	59.03	56.65	54.89	59.34	57.23	51.61	58.6	52.93	62.21	49.56	63.68	47.52	69.2	54.77	71.34	50.78	79.89	31.57	58.74	33.21	65.5	22.81	63.92	21.4	73.04	15.86	61.35	14.43	63.7
838	27.933	66.01	61.45	67.07	60.86	65.87	58.83	56.68	54.8	59.29	57.14	51.66	58.69	52.91	62.34	49.61	63.63	47.51	69.24	54.77	71.42	50.62	80.02	31.69	58.7	33.31	65.47	22.88	63.58	21.38	72.72	15.75	60.84	14.3	63.15
839	27.967	66.01	61.22	67.07	60.63	65.83	58.62	56.71	54.76	59.14	57.09	51.59	58.82	52.71	62.34	49.65	63.81	47.48	69.16	54.71	71.34	50.67	79.98	31.71	58.59	33.18	65.28	22.93	63.21	21.37	72.2	16.23	60.11	14.72	62.38
840	28.0	66.07	61.0	67.08	60.39	65.87	58.42	56.56	54.59	59.15	57.05	51.58	58.92	52.68	62.38	49.75	63.98	47.53	69.12	54.81	71.23	50.7	79.91	31.52	58.78	33.0	65.47	22.54	63.16	20.87	72.16	15.96	60.09	14.36	62.52
841	28.033	66.14	60.72	67.07	60.08	65.96	58.17	56.33	54.27	59.23	56.91	51.51	58.84	52.55	62.34	50.01	63.91	47.56	68.94	54.99	71.2	50.76	80.09	30.87	58.51	32.27	65.3	21.57	62.23	19.64	71.39	15.58	59.01	13.76	61.62
842	28.067	66.08	60.67	67.03	60.01	65.94	58.09	56.24	54.09	59.23	56.77	51.42	58.69	52.48	62.26	50.16	63.81	47.59	68.96	54.97	71.39	50.73	80.32	30.23	58.25	31.63	65.14	20.75	61.81	18.67	71.06	15.05	58.62	12.98	61.13
843	28.1	66.12	60.6	67.07	59.92	65.97	58.01	56.22	53.98	59.2	56.74	51.4	58.74	52.4	62.35	50.11	63.89	47.48	69.01	54.81	71.48	50.69	80.51	29.93	58.31	31.27	65.26	20.23	61.77	18.1	71.11	14.62	58.47	12.53	61.07
844	28.133	66.06	60.69	66.99	59.99	65.94	58.08	56.08	53.96	59.22	56.78	51.32	58.74	52.38	62.51	49.99	63.96	47.47	69.3	54.79	71.66	50.7	80.86	29.72	58.04	31.11	65.1	20.22	61.52	18.03	71.03	14.46	58.13	12.36	60.86
845	28.167	66.05	60.65	67.0	59.94	65.93	58.02	56.23	53.88	59.22	56.6	51.3	58.67	52.48	62.32	50.09	63.97	47.6	69.17	54.8	71.86	50.56	80.92	29.76	58.27	31.22	65.23	20.17	62.0	18.14	71.33	14.85	58.85	12.79	61.34
846	28.2	66.01	60.74	67.0	60.03	65.88	58.1	56.38	54.0	59.22	56.64	51.47	58.74	52.53	62.4	50.16	64.03	47.63	69.33	54.84	72.07	50.62	80.94	30.12	58.71	31.49	65.64	20.66	62.68	18.66	72.0	15.16	59.71	13.17	62.15
847	28.233	66.26	61.13	67.26	60.31	66.1	58.22	56.52	53.45	59.48	56.33	51.51	57.65	53.09	62.34	49.51	63.11	47.94	69.89	54.63	72.47	51.05	81.3	29.8	57.51	31.78	65.08	21.83	62.99	20.54	73.09	15.14	60.34	14.42	63.18
848	28.267	65.9	60.51	66.87	59.79	65.7	57.94	56.42	53.92	59.04	56.66	51.55	58.64	52.53	62.46	50.15	64.01	47.64	69.55	54.9	72.15	50.63	80.89	30.77	58.61	32.14	65.52	21.72	63.05	19.93	72.38	15.82	60.36	14.12	62.99
849	28.3	65.89	60.36	66.84	59.62	65.67	57.8	56.33	53.76	59.03	56.54	51.5	58.48	52.6	62.24	50.12	64.2	47.6	69.64	54.99	72.18	50.6	80.83	30.83	58.99	32.31	65.84	21.71	63.5	20.06	72.79	15.57	60.92	13.91	63.6
850	28.333	65.93	60.08	66.83	59.33	65.67	57.54	56.23	53.56	59.02	56.48	51.5	58.52	52.64	62.34	50.21	64.2	47.63	69.63	55.1	72.21	50.67	80.77	30.75	59.03	32.28	65.91	21.59	63.53	19.95	72.87	15.42	60.79	13.69	63.62
851	28.367	65.87	59.77	66.73	58.99	65.59	57.26	56.1	53.33	58.95	56.36	51.45	58.48	52.6	62.37	50.28	64.22	47.66	69.72	55.19	72.25	50.71	80.84	30.78	59.14	32.34	66.04	21.71	63.65	20.11	73.03	15.53	60.85	13.85	63.79
852	28.4	66.03	59.89	66.92	58.96	65.71	57.11	56.16	52.53	59.13	55.79	51.57	57.34	53.09	62.21	50.0	63.32	48.28	70.32	55.25	72.35	51.56	81.23	30.22	58.02	32.19	65.61	22.32	63.4	21.16	73.63	15.22	60.67	14.51	64.02
853	28.433	65.93	59.84	66.8	58.91	65.66	57.05	56.0	52.42	59.16	55.66	51.42	57.22	53.18	62.02	49.89	63.09	48.42	69.93	55.23	72.3	51.6	81.07	30.05	57.87	32.18	65.42	22.11	63.31	20.99	73.47	15.05	60.53	14.3	63.83
854	28.467	65.89	59.64	66.72	58.73	65.61	56.88	55.9	52.31	59.18	55.6	51.49	57.09	53.2	61.86	49.94	62.82	48.3	69.58	55.62	72.12	52.0	80.71	30.31	57.52	32.41	65.07	22.4	63.06	21.18	73.27	15.1	60.07	14.14	63.57
855	28.5	65.88	59.56	66.68	58.69	65.59	56.84	55.71	52.36	59.13	55.65	51.41	57.07	53.15	61.76	50.06	62.56	48.17	69.25	55.97	71.67	52.44	80.21	30.39	57.63	32.54	65.13	22.39	62.91	21.15	73.04	14.69	59.83	13.47	63.3
856	28.533	65.89	59.54	66.67	58.71	65.62	56.83	55.6	52.41	59.18	55.6	51.32	57.12	53.22	61.54	50.08	62.6	48.29	68.89	56.35	71.0	52.78	79.31	30.54	57.73	32.84	65.08	22.54	62.74	21.36	72.66	14.71	59.41	13.45	62.77
857	28.567	65.8	59.61	66.54	58.83	65.6	56.96	55.17	52.41	59.2	55.63	50.88	56.78	53.06	61.11	49.68	62.35	48.1	68.31	56.4	70.42	53.12	78.53	30.11	57.72	32.57	65.03	22.07	62.34	20.86	72.21	14.04	59.12	12.65	62.55
858	28.6	65.85	59.64	66.56	58.88	65.65	57.02	55.11	52.5	59.25	55.74	50.87	56.73	52.99	61.04	49.64	62.02	48.0	67.95	56.61	69.72	53.57	78.02	30.29	57.55	32.71	64.86	22.39	61.78	21.11	71.65	14.27	58.31	12.82	61.9
859	28.633	65.87	59.79	66.57	59.07	65.69	57.2	54.96	52.68	59.3	55.95	50.77	56.83	52.91	61.06	49.46	62.16	47.86	67.85	56.62	69.43	53.85	77.58	29.99	57.64	32.43	64.94	22.09	61.79	20.73	71.66	13.77	58.4	12.21	62.11
860	28.667	65.78	59.85	66.46	59.14	65.58	57.28	54.9	52.86	59.22	56.11	50.79	56.94	52.89	61.16	49.59	62.16	47.97	67.94	56.79	69.26	54.13	77.4	30.19	57.66	32.57	64.94	22.34	61.65	20.92	71.5	13.94	58.17	12.24	61.84
861	28.7	65.74	60.0	66.44	59.26	65.56	57.41	54.87	52.81	59.22	56.11	50.75	56.89	52.84	61.23	49.5	62.11	47.97	68.04	56.89	68.94	54.34	77.22	29.98	57.61	32.36	65.0	22.18	61.74	20.76	71.76	13.75	58.27	12.15	62.09
862	28.733	65.79	60.02	66.5	59.28	65.62	57.42	54.94	52.75	59.28	56.07	50.73	56.81	52.82	61.18	49.36	62.4	47.87	68.34	56.8	68.86	54.7	77.27	29.91	57.55	32.3	64.99	22.3	61.95	21.0	71.98	14.0	58.21	12.47	62.13
863	28.767	65.82	60.25	66.54	59.43	65.63	57.59	54.91	52.73	59.25	56.17	50.74	56.89	52.63	61.61	49.3	63.0	47.87	69.44	57.19	68.73	55.61	77.15	29.91	57.76	32.17	65.46	22.82	62.32	21.44	72.73	14.1	58.56	12.69	62.84
864	28.8	65.8	60.38	66.51	59.55	65.64	57.73	54.86	52.86	59.25	56.32	50.67	57.05	52.67	62.0	49.38	63.02	48.09	69.89	57.35	68.35	55.69	76.72	30.12	58.04	32.47	65.81	23.45	62.76	22.14	73.24	14.6	59.15	13.32	63.38
865	28.833	65.72	60.76	66.43	60.0	65.62	58.15	54.72	53.23	59.31	56.56	50.54	56.97	52.65	61.8	49.48	62.82	48.4	69.6	57.55	68.37	56.17	76.57	29.99	57.84	32.38	65.53	23.51	62.68	22.1	73.05	14.65	59.45	13.15	63.46
866	28.867	65.95	60.88	66.65	60.15	65.82	58.28	54.78	53.52	59.44	56.86	50.72	57.29	52.77	62.2	49.9	63.09	48.99	70.08	57.96	68.44	56.91	76.67	29.89	58.13	32.21	65.93	23.23	62.73	21.48	73.26	14.16	59.81	12.27	63.73
867	28.9	66.13	60.95	66.83	60.14	65.94	58.35	54.85	53.58	59.47	57.1	50.89	57.61	52.73	63.04	50.42	64.27	49.88	72.16	58.42	68.09	58.97	76.01	29.74	58.24	31.82	66.46	23.32	62.57	21.29	73.66	14.21	59.45	11.97	63.55
868	28.933	66.11	61.01	66.78	60.16	65.93	58.42	54.64	53.66	59.47	57.32	50.76	57.81	52.75	63.64	50.72	64.92	50.96	73.4	58.71	68.52	60.58	75.84	29.42	58.29	31.52	66.78	23.51	62.34	21.26	73.8	14.52	59.26	12.04	63.37
869	28.967	66.13	60.85	66.8	60.06	65.96	58.5	55.28	53.89	59.54	57.41	50.91	57.78	52.84	63.05	52.36	66.33	52.15	75.13	60.58	68.97	62.47	77.43	29.53	58.56	31.33	66.93	23.04	63.7	21.1	75.07	15.41	61.02	11.9	65.17
870	29.0	66.16	61.14	66.81	60.32	66.02	58.78	55.23	54.09	59.66	57.57	50.88	57.99	53.0	63.12	52.69	67.13	52.89	75.75	61.11	68.89	63.06	77.69	29.3	59.1	31.2	67.45	22.91	63.91	20.86	75.17	15.58	61.07	11.87	65.1
871	29.033	66.18	61.09	66.85	60.3	66.06	58.73	55.26	54.14	59.73	57.57	50.93	58.0	53.1	63.06	52.91	67.09	53.24	75.7	61.31	68.95	63.32	77.94	29.11	59.02	31.03	67.36	22.66	63.94	20.56	75.15	15.36	61.15	11.52	65.06
872	29.067	66.14	61.13	66.81	60.33	66.04	58.75	55.17	54.17	59.75	57.6	50.78	58.12	53.16	63.18	52.79	67.46	53.4	75.96	61.36	69.06	63.7	77.64	28.89	59.28	30.94	67.63	22.5	64.39	20.57	75.61	15.33	61.64	11.57	65.56
873	29.1	66.05	61.22	66.73	60.43	65.93	58.85	55.09	54.3	59.66	57.7	50.72	58.32	53.16	63.22	52.66	67.79	53.4	75.95	61.28	69.21	63.85	77.47	28.88	59.49	30.97	67.75	22.26	64.53	20.33	75.65	15.04	61.82	11.26	65.7
874	29.133	66.06	61.15	66.71	60.37	65.92	58.78	55.03	54.37	59.7	57.77	50.83	58.45	53.23	63.23	52.68	67.84	53.22	75.89	61.32	69.47	63.82	77.87	29.17	59.64	31.27	67.81	22.46	64.69	20.45	75.72	14.92	62.1	10.96	66.02
875	29.167	66.03	61.09	66.68	60.29	65.86	58.77	55.04	54.38	59.64	57.85	50.92	58.51	53.26	63.31	52.98	67.86	53.47	75.97	61.43	69.55	64.03	77.95	29.23	59.7	31.25	67.88	22.35	64.54	20.23	75.58	14.98	62.0	10.84	65.9
876	29.2	66.07	61.11	66.72	60.28	65.9	58.76	55.01	54.34	59.67	57.8	50.91	58.62	53.37	63.43	53.03	68.28	53.8	76.43	61.71	69.76	64.58	77.98	29.23	60.15	31.34	68.36	22.35	65.1	20.25	76.23	14.65	62.69	10.51	66.6
877	29.233	66.08	61.15	66.72	60.25	65.89	58.79	54.97	54.15	59.65	57.73	50.8	58.56	53.49	63.39	52.87	68.71	53.93	76.72	61.8	69.86	64.79	77.82	29.19	60.07	31.46	68.31	22.49	65.43	20.62	76.63	14.78	62.85	10.79	66.98
878	29.267	65.83	61.19	66.45	60.29	65.65	58.84	54.79	54.25	59.49	57.78	50.73	58.67	53.33	63.5	52.72	68.58	53.62	76.67	61.61	70.13	64.43	78.19	29.43	60.65	31.67	68.81	22.69	65.79	20.81	76.91	14.75	63.47	10.89	67.55
879	29.3	66.08	62.13	66.61	61.04	65.91	59.43	54.22	54.03	59.65	58.05	50.33	58.55	53.55	64.64	51.1	67.9	53.35	76.76	59.5	69.87	63.23	77.0	28.15	60.12	31.06	68.9	23.16	64.89	21.58	76.67	14.66	63.16	12.31	67.51
880	29.333	66.12	62.61	66.72	61.45	65.83	59.94	54.62	54.41	59.49	58.52	50.74	58.87	53.72	65.11	51.65	67.83	53.9	77.13	59.85	69.48	63.71	76.89	28.82	60.15	31.52	69.03	23.79	64.18	21.88	76.15	15.53	63.12	12.79	67.58
881	29.367	65.56	61.82	66.09	60.78	65.33	59.51	54.44	54.58	59.21	58.4	50.66	59.1	53.22	64.15	52.89	69.01	54.34	77.34	62.04	70.36	64.98	78.53	29.63	60.8	31.86	69.1	23.15	65.23	20.89	76.66	15.04	63.63	11.1	68.13
882	29.4	65.34	62.13	65.85	61.08	65.14	59.82	54.21	54.8	59.1	58.62	50.47	59.2	53.09	64.11	52.57	69.33	53.96	77.36	61.75	70.67	64.73	78.96	29.43	60.83	31.7	69.04	22.86	65.37	20.64	76.66	14.93	63.57	10.93	68.12
883	29.433	65.08	62.19	65.55	61.17	64.95	59.9	53.78	54.87	59.06	58.67	50.17	59.11	52.94	64.12	52.5	69.09	53.64	77.35	61.68	70.99	64.45	79.38	29.12	60.92	31.56	69.09	22.74	65.77	20.61	77.0	14.75	64.15	10.8	68.58
884	29.467	65.69	63.12	66.2	62.0	65.53	60.44	53.71	54.91	59.34	59.01	49.86	59.32	53.24	65.21	50.83	69.01	52.91	77.55	59.48	70.79	62.9	78.33	27.23	60.59	30.26	69.3	21.9	65.07	20.23	76.76	13.9	63.57	11.19	68.03
885	29.5	65.66	63.2	66.16	62.09	65.51	60.53	53.61	55.0	59.28	59.13	49.7	59.4	53.07	65.34	50.61	69.02	52.63	77.51	59.34	70.93	62.59	78.55	27.17	60.71	30.21	69.43	21.98	65.08	20.4	76.76	14.07	63.4	11.61	67.94
886	29.533	65.65	63.15	66.12	62.05	65.54	60.49	53.57	55.0	59.35	59.11	49.71	59.39	53.01	65.39	50.73	68.75	52.69	77.36	59.36	70.75	62.53	78.59	27.25	60.45	30.21	69.19	22.11	64.65	20.46	76.31	14.57	62.44	12.18	66.92
887	29.567	65.01	62.45	65.45	61.49	64.96	60.18	53.63	55.33	59.11	59.11	49.99	59.47	52.56	64.48	52.41	69.07	53.19	77.3	61.1	71.14	63.85	80.39	28.47	60.21	30.68	68.39	22.1	64.37	19.72	75.47	15.29	61.62	11.19	65.95
888	29.6	64.96	62.45	65.42	61.55	64.93	60.18	53.76	55.51	59.15	59.12	50.26	59.51	52.6	64.52	52.51	68.71	53.38	77.16	61.03	71.13	63.94	80.63	28.79	59.67	30.79	67.87	22.45	63.63	19.76	74.77	15.33	60.62	11.04	64.84
889	29.633	65.05	62.4	65.47	61.5	65.03	60.15	53.71	55.47	59.17	59.15	50.16	59.5	52.55	64.66	52.56	68.6	53.32	77.22	60.97	71.06	63.83	80.41	28.78	59.65	30.82	67.9	22.58	63.39	19.98	74.58	15.53	60.3	11.33	64.5
890	29.667	65.16	62.54	65.59	61.62	65.13	60.28	53.71	55.44	59.22	59.24	50.14	59.36	52.53	64.71	52.62	68.42	53.26	77.31	61.06	70.91	63.88	80.26	28.53	59.46	30.59	67.86	22.26	63.0	19.63	74.4	15.1	59.93	10.89	64.22
891	29.7	65.11	62.75	65.54	61.83	65.09	60.5	53.64	55.61	59.16	59.42	50.11	59.54	52.5	64.82	52.56	68.49	53.33	77.21	61.03	70.97	63.89	80.3	28.32	59.56	30.37	67.96	21.89	63.08	19.19	74.51	14.51	59.92	10.29	64.24
892	29.733	65.04	62.97	65.44	62.04	65.04	60.72	53.48	55.72	59.07	59.56	49.93	59.55	52.38	65.03	52.45	68.43	53.55	77.42	61.06	70.98	64.12	80.29	28.3	59.59	30.4	68.1	22.15	62.91	19.46	74.47	14.71	59.74	10.68	64.09
893	29.767	64.97	63.13	65.4	62.2	64.97	60.86	53.56	55.84	59.05	59.58	50.02	59.69	52.42	64.97	52.51	68.9	53.63	77.59	61.06	70.94	64.3	79.76	28.4	59.9	30.46	68.3	22.16	63.08	19.5	74.5	14.77	59.89	10.72	64.11
