Frame	Time	Nose_X	Nose_Y	L_Eye_X	L_Eye_Y	R_Eye_X	R_Eye_Y	L_Ear_X	L_Ear_Y	R_Ear_X	R_Ear_Y	L_Shoulder_X	L_Shoulder_Y	R_Shoulder_X	R_Shoulder_Y	L_Elbow_X	L_Elbow_Y	R_Elbow_X	R_Elbow_Y	L_Wrist_X	L_Wrist_Y	R_Wrist_X	R_Wrist_Y	L_Hip_X	L_Hip_Y	R_Hip_X	R_Hip_Y	L_Knee_X	L_Knee_Y	R_Knee_X	R_Knee_Y	L_Ankle_X	L_Ankle_Y	R_Ankle_X	R_Ankle_Y
1	0.033	73.83	57.94	75.47	58.38	75.42	53.38	68.48	45.35	72.51	43.3	61.98	40.02	63.7	43.47	55.05	52.6	55.81	60.28	65.17	56.98	68.06	58.79	36.21	41.51	39.15	48.03	46.83	53.1	46.99	61.83	29.74	61.16	32.38	62.18
2	0.067	73.63	57.68	75.26	58.14	75.24	53.11	68.22	45.12	72.31	43.02	61.64	39.84	63.45	43.14	54.72	52.69	55.61	60.06	65.14	56.74	67.89	58.45	35.86	41.52	38.91	47.94	46.67	52.92	46.91	61.5	29.47	61.0	32.25	61.98
3	0.1	73.61	57.78	75.33	58.26	75.19	53.17	68.35	45.13	72.1	42.98	61.6	39.66	63.18	43.18	54.53	52.38	55.47	60.07	64.8	56.75	67.74	58.25	35.62	41.34	38.5	47.89	46.43	52.72	46.62	61.47	29.29	60.89	32.26	61.84
4	0.133	73.45	57.78	75.23	58.25	75.04	53.14	68.24	45.09	71.89	42.92	61.34	39.49	62.93	43.16	54.34	52.03	55.28	59.98	64.63	56.71	67.61	58.2	35.25	41.31	38.16	47.93	46.24	52.61	46.51	61.42	29.11	60.81	32.27	61.68
5	0.167	73.19	57.67	74.96	58.17	74.79	53.04	68.03	45.12	71.67	42.83	61.11	39.58	62.74	42.93	54.15	52.32	55.24	59.73	64.63	56.76	67.54	58.02	35.24	41.42	38.17	47.83	46.27	52.6	46.48	61.12	29.15	60.67	32.23	61.41
6	0.2	73.21	57.73	74.85	58.1	74.76	53.12	67.83	44.89	71.98	42.84	61.28	39.91	63.15	43.33	54.42	51.83	55.38	59.99	64.72	55.48	66.82	58.34	35.67	41.29	38.53	48.16	46.85	52.44	47.38	61.68	29.55	60.06	32.21	61.3
7	0.233	72.66	57.68	74.31	58.39	74.04	53.12	68.33	43.75	71.15	41.61	61.38	37.47	63.46	41.22	52.29	50.9	54.33	58.57	65.98	56.01	65.57	58.2	34.53	40.43	38.2	47.2	46.05	51.13	48.75	60.88	26.64	56.33	32.55	59.71
8	0.267	72.56	57.64	74.16	58.35	73.97	53.1	68.05	43.73	71.02	41.6	61.07	37.49	63.18	41.17	52.21	51.11	54.25	58.65	65.91	55.97	65.42	58.25	34.21	40.64	37.87	47.36	45.85	51.16	48.38	60.81	26.79	56.47	32.53	59.79
9	0.3	72.48	57.51	74.09	58.23	73.89	52.95	67.9	43.61	70.84	41.43	60.75	37.25	62.89	40.98	51.93	51.12	54.1	58.75	65.75	55.94	65.24	58.27	34.05	40.57	37.75	47.3	45.79	51.0	48.33	60.63	26.99	56.79	32.79	60.03
10	0.333	72.4	57.52	74.06	58.19	73.8	52.85	67.9	43.49	70.7	41.21	60.52	37.33	62.79	40.82	51.28	51.7	53.86	58.79	65.48	56.15	65.09	58.29	33.77	40.83	37.6	47.43	46.25	50.99	48.91	60.47	27.08	57.03	33.08	60.46
11	0.367	72.26	57.44	73.89	58.1	73.66	52.82	67.66	43.37	70.55	41.24	60.27	37.02	62.57	41.04	51.36	51.07	53.87	59.01	65.26	56.21	64.9	58.31	33.44	40.91	37.29	47.76	46.0	50.64	48.69	60.45	27.01	56.7	33.11	60.09
12	0.4	72.08	57.36	73.74	58.04	73.45	52.77	67.64	43.54	70.36	41.33	60.34	37.32	62.44	41.06	51.32	51.28	53.71	58.91	65.34	56.14	64.9	58.29	33.79	40.69	37.49	47.41	46.06	50.57	48.57	60.25	26.98	56.56	32.84	60.01
13	0.433	71.95	56.95	73.16	57.46	73.1	52.49	66.29	42.84	69.22	41.05	59.02	38.33	61.32	41.01	51.3	52.9	53.61	58.77	65.73	56.6	65.98	58.3	33.16	38.38	36.68	45.13	45.67	49.2	47.61	59.17	28.76	54.27	31.8	58.92
14	0.467	71.63	57.22	73.19	57.93	73.0	52.73	67.11	43.55	69.92	41.31	60.0	37.27	61.93	40.8	51.11	51.09	53.4	58.46	65.27	55.84	64.76	58.03	33.91	39.95	37.49	46.53	45.99	50.11	48.2	59.68	27.1	56.19	32.66	59.75
15	0.5	71.45	57.23	72.95	57.91	72.82	52.78	66.83	43.47	69.75	41.37	59.79	37.15	61.77	40.83	51.05	50.87	53.47	58.4	65.22	55.82	64.75	58.02	33.73	39.96	37.36	46.6	46.02	49.86	48.29	59.52	27.16	55.86	32.85	59.58
16	0.533	71.37	57.24	72.89	57.93	72.75	52.74	66.76	43.43	69.66	41.24	59.64	36.97	61.58	40.81	50.9	50.67	53.27	58.59	65.17	55.72	64.66	58.03	33.68	40.09	37.3	46.82	46.06	49.84	48.27	59.59	27.14	56.05	32.9	59.65
17	0.567	71.11	57.22	72.6	57.94	72.53	52.75	66.46	43.45	69.47	41.2	59.35	36.83	61.38	40.67	50.83	50.4	53.23	58.43	65.1	55.65	64.57	58.05	33.7	40.09	37.39	46.77	45.96	49.9	48.17	59.53	27.24	56.23	32.97	59.59
18	0.6	70.94	57.27	72.56	57.61	72.4	52.65	65.76	44.34	69.47	42.32	59.21	39.46	61.19	42.59	52.22	52.05	53.89	59.14	62.95	55.77	65.27	57.51	33.75	39.98	36.96	46.38	46.12	50.79	47.58	59.49	27.96	59.56	32.36	61.17
19	0.633	70.7	57.36	72.34	57.69	72.18	52.73	65.6	44.45	69.27	42.4	59.05	39.53	60.98	42.76	52.12	52.12	53.64	59.46	62.83	55.87	64.95	57.62	33.6	40.07	36.8	46.5	45.89	50.88	47.32	59.64	27.73	59.77	32.14	61.27
20	0.667	70.52	57.41	72.19	57.75	72.01	52.77	65.56	44.61	69.16	42.47	59.03	39.77	60.85	42.89	52.04	52.13	53.44	59.4	62.63	55.78	64.72	57.64	33.61	40.08	36.74	46.44	45.83	50.89	47.19	59.54	27.61	59.9	32.07	61.3
21	0.7	70.4	57.5	72.13	57.85	71.9	52.79	65.53	44.69	68.98	42.39	58.86	39.71	60.61	42.92	51.85	52.08	53.23	59.61	62.39	56.0	64.63	57.61	33.59	40.19	36.66	46.6	45.65	50.94	46.89	59.61	27.48	60.21	31.89	61.28
22	0.733	70.23	57.57	71.98	57.94	71.73	52.85	65.44	44.76	68.84	42.41	58.77	39.8	60.47	42.86	51.65	52.4	53.03	59.69	62.13	56.04	64.39	57.63	33.33	40.23	36.4	46.55	45.47	51.02	46.73	59.58	27.16	60.48	31.67	61.56
23	0.767	69.68	57.41	71.14	57.93	70.95	52.75	65.32	42.88	68.15	41.01	58.77	37.68	60.77	40.77	49.03	52.05	51.66	58.23	63.28	55.39	63.06	57.91	31.71	38.58	35.33	45.1	45.92	49.22	48.94	58.92	25.49	54.94	31.67	59.85
24	0.8	69.63	57.45	71.09	58.0	70.93	52.77	65.32	42.95	68.24	41.02	58.83	37.77	60.78	40.77	48.87	52.2	51.5	58.24	63.08	55.35	62.89	57.79	31.64	38.6	35.22	45.08	46.04	49.35	48.99	59.03	25.32	55.1	31.53	60.05
25	0.833	69.49	57.27	70.94	57.79	70.77	52.63	65.16	42.86	68.06	41.02	58.66	37.69	60.65	40.85	48.7	52.06	51.31	58.3	62.89	55.39	62.64	57.85	31.65	38.69	35.26	45.23	45.77	49.22	48.76	58.99	25.22	54.95	31.4	59.97
26	0.867	69.34	57.41	70.89	57.94	70.62	52.68	65.29	43.01	67.93	40.96	58.7	37.86	60.56	40.79	48.42	52.24	51.11	58.21	62.63	55.43	62.39	57.82	31.64	38.69	35.16	45.12	45.83	49.37	48.72	58.99	25.07	55.07	31.29	59.94
27	0.9	69.29	57.26	70.81	57.82	70.58	52.56	65.21	42.97	67.95	40.91	58.69	37.86	60.55	40.72	48.45	52.25	51.07	58.09	62.66	55.33	62.42	57.65	31.71	38.77	35.21	45.15	45.74	49.47	48.58	59.01	25.01	55.19	31.18	60.01
28	0.933	69.11	57.23	70.64	57.78	70.42	52.5	65.02	42.9	67.78	40.81	58.44	37.81	60.4	40.69	48.32	52.15	50.95	58.06	62.58	55.48	62.22	57.77	31.48	38.97	35.09	45.32	45.61	49.66	48.53	59.14	24.87	55.56	31.13	60.22
29	0.967	68.97	57.01	70.44	57.59	70.3	52.39	64.73	42.89	67.71	40.89	58.24	37.84	60.22	40.72	48.33	52.16	50.83	58.0	62.55	55.47	62.15	57.72	31.32	39.13	34.92	45.45	45.39	49.85	48.25	59.29	24.8	55.7	30.9	60.42
30	1.0	68.84	57.25	70.33	57.83	70.18	52.55	64.7	42.95	67.63	40.84	58.19	37.82	60.15	40.61	48.06	52.2	50.66	57.92	62.42	55.45	62.05	57.7	31.16	38.98	34.79	45.26	45.44	49.91	48.32	59.32	24.59	56.01	30.85	60.72
31	1.033	68.72	57.21	70.24	57.82	70.09	52.49	64.64	43.04	67.57	40.79	58.08	37.9	60.07	40.61	47.94	52.16	50.6	57.91	62.4	55.28	62.09	57.6	31.12	38.92	34.76	45.18	45.27	49.91	48.07	59.26	24.34	55.99	30.51	60.52
32	1.067	68.95	57.31	70.68	57.79	70.59	52.55	64.21	44.82	67.9	42.13	57.48	39.9	59.24	42.44	50.05	53.1	51.42	59.51	61.02	56.51	63.34	57.28	32.23	40.48	35.41	46.42	44.53	51.55	45.57	59.58	25.79	61.39	30.23	62.1
33	1.1	68.58	57.19	70.09	57.84	69.97	52.52	64.45	43.1	67.46	40.83	57.93	37.85	59.92	40.52	47.97	52.11	50.78	57.74	62.38	55.31	62.29	57.48	30.97	38.65	34.6	44.87	45.08	49.67	47.7	58.94	24.37	55.64	30.36	60.04
34	1.133	68.58	57.15	70.07	57.79	69.98	52.46	64.37	43.03	67.42	40.79	57.81	37.79	59.85	40.51	47.93	52.01	50.69	57.74	62.42	55.33	62.25	57.56	30.83	38.53	34.5	44.79	45.0	49.49	47.68	58.81	24.33	55.55	30.33	59.99
35	1.167	68.56	57.13	70.0	57.78	69.98	52.5	64.25	43.03	67.51	40.9	57.79	37.72	59.88	40.45	48.01	52.05	50.71	57.71	62.42	55.29	62.25	57.51	30.64	38.48	34.34	44.76	44.75	49.35	47.42	58.69	24.28	55.48	30.21	60.01
36	1.2	68.56	57.14	69.95	57.81	70.01	52.53	64.14	43.01	67.56	40.85	57.7	37.63	59.84	40.2	47.91	52.1	50.67	57.46	62.41	55.2	62.2	57.42	30.69	38.5	34.43	44.67	44.89	49.38	47.56	58.56	24.49	55.61	30.5	60.11
37	1.233	68.53	57.15	69.92	57.85	70.01	52.56	64.09	43.07	67.56	40.86	57.64	37.58	59.79	40.18	47.86	51.83	50.64	57.26	62.37	55.21	62.17	57.33	30.73	38.57	34.5	44.74	44.93	49.43	47.61	58.61	24.46	55.87	30.51	60.3
38	1.267	68.51	57.13	69.86	57.85	69.99	52.57	63.96	43.05	67.56	40.88	57.55	37.5	59.7	40.13	47.72	51.66	50.56	57.08	62.25	55.07	62.17	57.11	30.74	38.56	34.5	44.74	44.93	49.26	47.57	58.48	24.38	55.65	30.49	60.15
39	1.3	68.72	57.19	70.31	57.74	70.43	52.53	63.69	44.69	67.86	42.08	57.09	39.51	58.98	41.85	49.58	52.39	51.05	58.24	60.89	56.14	63.14	56.8	31.97	40.11	35.29	45.89	44.72	51.06	45.78	58.9	25.84	60.98	30.45	61.99
40	1.333	68.71	57.12	70.23	57.67	70.43	52.52	63.51	44.6	67.91	42.13	57.07	39.41	58.98	41.83	49.49	52.31	50.97	58.14	60.87	56.04	63.14	56.7	31.94	39.99	35.3	45.8	44.63	51.0	45.7	58.95	25.72	60.89	30.38	62.15
41	1.367	68.79	57.0	70.26	57.55	70.51	52.45	63.49	44.47	68.0	42.1	57.13	39.29	59.09	41.73	49.51	52.09	50.93	57.89	60.92	55.92	63.12	56.66	32.08	39.86	35.47	45.69	44.67	51.01	45.79	58.99	25.79	61.01	30.44	62.42
42	1.4	68.48	56.92	69.73	57.61	69.96	52.48	63.65	42.82	67.49	40.93	57.36	37.27	59.57	40.09	47.54	51.37	50.32	56.85	62.13	55.07	62.06	57.12	30.81	38.51	34.63	44.76	44.77	49.27	47.41	58.64	24.56	55.84	30.61	60.69
43	1.433	68.38	56.96	69.65	57.67	69.87	52.5	63.64	42.85	67.43	40.89	57.34	37.26	59.55	40.06	47.48	51.3	50.32	56.78	62.09	55.09	62.04	57.11	30.77	38.49	34.6	44.73	44.79	49.26	47.44	58.59	24.48	55.8	30.56	60.58
44	1.467	68.39	56.96	69.67	57.67	69.89	52.49	63.65	42.85	67.45	40.88	57.34	37.27	59.55	40.06	47.47	51.35	50.31	56.82	62.05	55.15	62.0	57.14	30.73	38.55	34.56	44.78	44.77	49.38	47.41	58.69	24.43	55.91	30.53	60.65
45	1.5	68.39	57.0	69.64	57.71	69.89	52.53	63.59	42.79	67.46	40.82	57.32	37.18	59.53	39.94	47.33	51.37	50.29	56.73	62.04	55.18	62.04	57.09	30.74	38.63	34.59	44.84	44.94	49.45	47.6	58.78	24.39	56.08	30.61	60.93
46	1.533	68.32	57.03	69.59	57.72	69.81	52.53	63.56	42.83	67.32	40.81	57.23	37.29	59.44	40.0	47.28	51.5	50.3	56.8	62.03	55.34	62.06	57.18	30.82	38.84	34.67	45.0	44.92	49.54	47.57	58.8	24.38	56.31	30.6	61.03
47	1.567	68.29	57.02	69.57	57.72	69.78	52.52	63.58	42.86	67.35	40.85	57.29	37.41	59.48	40.09	47.29	51.48	50.24	56.76	62.04	55.24	61.99	57.22	30.69	38.63	34.53	44.81	44.75	49.73	47.4	59.02	24.18	56.39	30.36	61.2
48	1.6	68.27	57.04	69.57	57.77	69.78	52.55	63.58	42.96	67.37	40.9	57.25	37.51	59.46	40.16	47.31	51.55	50.23	56.87	62.06	55.2	62.01	57.26	30.51	38.85	34.35	45.03	44.46	50.05	47.09	59.32	23.91	56.67	30.02	61.37
49	1.633	68.51	57.16	70.05	57.73	70.25	52.54	63.33	44.64	67.72	42.11	56.84	39.44	58.83	41.92	49.31	52.27	50.69	58.3	60.69	56.28	63.24	56.9	31.73	40.15	35.11	46.0	44.17	51.67	45.19	59.63	25.29	61.76	29.67	62.85
50	1.667	68.41	57.14	69.95	57.71	70.15	52.52	63.18	44.59	67.59	42.08	56.64	39.34	58.65	41.96	49.13	52.21	50.57	58.43	60.54	56.32	63.22	56.86	31.61	40.36	35.0	46.28	44.09	51.72	45.1	59.76	25.31	61.75	29.72	62.82
51	1.7	68.42	57.17	69.95	57.73	70.16	52.56	63.19	44.64	67.62	42.16	56.7	39.4	58.68	42.04	49.12	52.25	50.52	58.47	60.49	56.38	63.17	56.83	31.7	40.32	35.08	46.25	44.11	51.75	45.11	59.83	25.34	61.8	29.74	62.94
52	1.733	68.41	57.19	69.95	57.76	70.15	52.58	63.2	44.67	67.61	42.18	56.69	39.44	58.66	42.08	49.13	52.26	50.48	58.51	60.5	56.35	63.11	56.84	31.65	40.35	35.01	46.28	44.13	51.75	45.14	59.82	25.31	61.8	29.73	62.93
53	1.767	68.4	57.15	69.96	57.71	70.14	52.53	63.21	44.63	67.56	42.13	56.62	39.39	58.62	42.04	49.09	52.16	50.46	58.43	60.48	56.29	63.12	56.82	31.57	40.32	34.95	46.25	44.07	51.69	45.13	59.76	25.34	61.77	29.77	62.88
54	1.8	68.44	57.16	69.97	57.73	70.17	52.56	63.18	44.64	67.61	42.17	56.63	39.39	58.65	41.93	49.07	52.31	50.48	58.37	60.51	56.22	63.12	56.8	31.57	40.31	34.98	46.19	44.09	51.6	45.16	59.6	25.32	61.59	29.78	62.78
55	1.833	68.49	57.22	70.0	57.78	70.22	52.63	63.17	44.65	67.66	42.25	56.68	39.4	58.72	41.99	49.1	52.25	50.48	58.33	60.51	56.21	63.11	56.8	31.56	40.22	34.99	46.13	44.01	51.55	45.09	59.62	25.24	61.46	29.65	62.76
56	1.867	68.51	57.19	70.03	57.74	70.23	52.59	63.25	44.63	67.67	42.21	56.79	39.42	58.71	41.99	49.2	52.29	50.47	58.36	60.65	56.23	63.06	56.79	31.71	40.2	35.06	46.1	44.13	51.58	45.12	59.64	25.31	61.47	29.72	62.75
57	1.9	68.57	57.09	70.07	57.63	70.29	52.53	63.22	44.49	67.71	42.2	56.82	39.3	58.71	42.04	49.21	52.09	50.36	58.36	60.69	56.09	62.97	56.76	31.71	40.18	35.06	46.18	44.09	51.49	45.08	59.73	25.33	61.34	29.76	62.84
58	1.933	68.62	57.12	70.16	57.65	70.32	52.53	63.32	44.47	67.66	42.16	56.83	39.27	58.67	42.06	49.23	52.08	50.36	58.44	60.65	56.2	62.93	56.82	31.71	40.22	35.02	46.26	43.99	51.53	44.97	59.8	25.34	61.45	29.76	62.87
59	1.967	68.6	57.14	70.21	57.68	70.29	52.52	63.45	44.53	67.58	42.13	56.85	39.22	58.64	42.1	49.29	51.84	50.34	58.47	60.63	56.26	62.86	56.85	31.76	40.23	35.01	46.32	43.89	51.56	44.85	59.87	25.28	61.66	29.66	62.87
60	2.0	68.62	57.03	70.28	57.56	70.27	52.39	63.58	44.44	67.46	42.02	56.95	39.19	58.51	42.11	49.32	51.81	50.28	58.51	60.73	56.24	62.83	56.87	31.91	40.3	35.01	46.43	43.8	51.59	44.67	59.96	25.3	61.8	29.73	63.05
61	2.033	68.7	56.99	70.42	57.5	70.32	52.32	63.73	44.38	67.41	41.94	56.96	39.22	58.48	42.09	49.26	51.96	50.24	58.56	60.72	56.32	62.79	56.89	31.93	40.4	35.01	46.52	43.88	51.53	44.77	59.88	25.44	61.74	29.9	62.99
62	2.067	68.78	56.96	70.53	57.47	70.39	52.29	63.84	44.35	67.44	41.93	57.05	39.14	58.51	42.13	49.39	51.73	50.25	58.55	60.77	56.32	62.77	56.93	31.88	40.33	34.91	46.53	43.7	51.45	44.59	59.9	25.34	61.69	29.8	62.92
63	2.1	68.83	57.02	70.59	57.52	70.43	52.34	63.88	44.43	67.41	42.0	57.01	39.21	58.45	42.25	49.37	51.66	50.16	58.55	60.73	56.35	62.67	56.98	31.93	40.37	34.93	46.59	43.68	51.48	44.51	59.95	25.43	61.7	29.8	62.89
64	2.133	68.8	57.05	70.58	57.56	70.42	52.33	63.83	44.47	67.36	41.96	56.87	39.26	58.32	42.21	49.28	51.83	50.06	58.61	60.78	56.39	62.65	56.95	31.83	40.41	34.85	46.59	43.67	51.6	44.49	59.96	25.45	61.8	29.85	62.85
65	2.167	68.77	57.03	70.55	57.54	70.39	52.33	63.79	44.46	67.36	42.0	56.88	39.21	58.3	42.28	49.36	51.72	50.09	58.72	60.82	56.3	62.69	56.95	31.75	40.43	34.75	46.69	43.57	51.58	44.36	60.05	25.44	61.72	29.81	62.83
66	2.2	68.69	57.02	70.44	57.53	70.31	52.35	63.7	44.44	67.28	42.04	56.83	39.23	58.22	42.31	49.28	51.66	50.08	58.58	60.71	56.12	62.58	56.85	31.7	40.33	34.69	46.56	43.67	51.47	44.48	59.93	25.62	61.64	30.13	62.89
67	2.233	68.74	56.97	70.47	57.47	70.35	52.32	63.68	44.34	67.31	42.03	56.84	39.14	58.27	42.25	49.3	51.65	50.12	58.56	60.72	56.0	62.55	56.8	31.65	40.29	34.66	46.55	43.55	51.42	44.36	59.93	25.56	61.61	30.03	62.97
68	2.267	68.76	56.93	70.46	57.42	70.37	52.3	63.59	44.2	67.32	42.0	56.81	38.98	58.27	42.29	49.32	51.48	50.1	58.64	60.69	55.89	62.48	56.74	31.43	40.28	34.48	46.65	43.25	51.49	44.1	60.16	25.27	61.59	29.75	63.04
69	2.3	68.73	56.89	70.36	57.37	70.35	52.31	63.44	44.02	67.34	41.95	56.81	38.77	58.28	42.11	49.25	51.49	50.07	58.57	60.72	55.81	62.45	56.62	31.39	40.13	34.46	46.53	43.15	51.46	44.05	60.22	25.18	61.48	29.79	63.2
70	2.333	68.74	56.92	70.43	57.39	70.31	52.3	63.56	44.02	67.16	41.9	56.77	38.74	58.15	42.07	49.21	51.52	50.04	58.56	60.64	55.98	62.34	56.68	31.43	40.15	34.44	46.52	43.17	51.4	44.09	60.11	25.39	61.47	30.05	63.11
71	2.367	68.75	56.87	70.43	57.3	70.28	52.28	63.5	43.94	67.05	41.93	56.71	38.66	58.09	42.16	49.3	51.35	50.11	58.64	60.65	55.92	62.36	56.71	31.35	40.3	34.34	46.77	42.99	51.45	43.89	60.3	25.39	61.41	29.91	63.14
72	2.4	68.69	56.82	70.41	57.27	70.21	52.23	63.5	43.88	66.96	41.87	56.72	38.45	58.04	42.06	49.36	51.07	50.07	58.57	60.66	55.87	62.37	56.72	31.22	40.28	34.16	46.81	42.73	51.4	43.53	60.33	25.1	61.32	29.46	62.99
73	2.433	68.68	56.8	70.38	57.24	70.19	52.26	63.38	43.83	66.87	41.93	56.61	38.32	57.91	42.04	49.35	50.86	50.05	58.46	60.59	55.78	62.35	56.74	31.05	40.3	33.95	46.88	42.54	51.49	43.29	60.49	25.11	61.28	29.39	63.08
74	2.467	68.68	56.98	70.4	57.41	70.19	52.43	63.41	44.03	66.83	42.13	56.64	38.49	57.81	42.26	49.51	50.83	50.05	58.56	60.52	55.82	62.31	56.82	30.95	40.23	33.73	46.85	42.28	51.48	42.83	60.51	25.09	61.12	29.2	62.8
75	2.5	68.68	56.86	70.4	57.27	70.16	52.34	63.36	43.91	66.74	42.1	56.57	38.38	57.78	42.2	49.43	50.67	50.04	58.39	60.44	55.74	62.22	56.84	30.92	40.15	33.72	46.79	42.12	51.34	42.72	60.41	25.08	61.07	29.18	62.87
76	2.533	68.63	56.83	70.3	57.25	70.12	52.34	63.19	43.84	66.75	42.11	56.48	38.3	57.76	42.15	49.34	50.72	49.94	58.43	60.49	55.61	62.25	56.82	30.76	40.01	33.63	46.67	41.98	51.44	42.63	60.56	24.94	61.2	29.03	63.16
77	2.567	68.67	56.74	70.29	57.11	70.13	52.32	62.99	43.62	66.65	42.15	56.3	38.11	57.76	42.11	49.27	50.66	50.05	58.36	60.37	55.37	62.31	56.68	30.49	40.08	33.47	46.82	41.47	51.44	42.24	60.68	24.72	60.89	28.77	63.12
78	2.6	68.55	56.35	69.85	56.93	69.84	52.16	63.11	41.96	66.56	40.94	56.43	35.79	58.63	40.06	47.55	49.85	49.71	57.27	61.99	54.84	61.31	57.1	29.61	39.05	33.47	46.15	41.09	49.87	44.07	60.36	22.43	56.69	28.65	61.88
79	2.633	68.54	56.34	69.84	56.96	69.83	52.16	63.1	42.03	66.57	40.93	56.46	35.82	58.61	39.94	47.62	49.82	49.72	57.1	62.08	54.79	61.31	57.09	29.7	39.05	33.53	46.07	40.94	50.01	43.86	60.4	22.19	56.9	28.35	61.96
80	2.667	68.67	56.69	70.3	57.07	70.1	52.29	63.07	43.59	66.59	42.14	56.37	38.1	57.79	42.14	49.4	50.31	50.1	58.14	60.29	55.19	62.31	56.66	30.43	39.78	33.36	46.54	41.28	51.57	42.03	60.83	24.67	60.71	28.56	62.92
81	2.7	68.56	56.63	70.14	57.02	70.02	52.25	62.92	43.53	66.62	42.11	56.33	37.99	57.81	42.06	49.31	50.16	50.1	58.03	60.21	55.08	62.32	56.59	30.43	39.63	33.4	46.39	41.33	51.54	42.08	60.83	24.6	60.75	28.53	63.01
82	2.733	68.58	56.53	70.13	56.92	70.01	52.21	62.87	43.4	66.59	42.1	56.35	37.89	57.82	41.95	49.43	50.19	50.2	57.96	60.28	55.07	62.33	56.6	30.25	39.53	33.23	46.28	41.08	51.47	41.92	60.78	24.46	60.45	28.45	62.88
83	2.767	68.56	56.45	70.08	56.85	70.01	52.14	62.81	43.3	66.64	41.99	56.33	37.8	57.86	41.73	49.29	50.24	50.09	57.73	60.17	55.04	62.34	56.43	30.37	39.42	33.4	46.07	41.4	51.58	42.34	60.76	24.65	60.53	28.69	63.03
84	2.8	68.56	56.36	70.03	56.75	70.0	52.09	62.74	43.15	66.65	41.94	56.3	37.64	57.92	41.59	49.25	50.22	50.04	57.66	60.26	55.02	62.28	56.46	30.42	39.28	33.54	45.94	41.36	51.52	42.42	60.74	24.77	60.57	28.84	63.24
85	2.833	68.54	56.38	70.0	56.77	70.0	52.08	62.68	43.2	66.68	41.94	56.22	37.77	57.9	41.62	49.16	50.49	50.05	57.71	60.17	55.33	62.27	56.5	30.28	39.47	33.42	46.07	41.35	51.61	42.38	60.74	24.77	60.54	28.85	63.13
86	2.867	68.59	56.35	70.05	56.74	70.03	52.08	62.75	43.17	66.68	41.95	56.37	37.74	57.99	41.61	49.33	50.32	50.1	57.6	60.23	55.25	62.26	56.5	30.53	39.35	33.64	45.95	41.28	51.73	42.31	60.87	24.73	60.66	28.76	63.24
87	2.9	68.57	56.37	70.06	56.76	70.01	52.08	62.81	43.16	66.65	41.9	56.39	37.68	57.96	41.65	49.33	50.03	50.07	57.54	60.15	55.23	62.23	56.5	30.61	39.32	33.68	45.97	41.31	51.7	42.32	60.9	24.76	60.67	28.83	63.16
88	2.933	68.59	56.43	70.08	56.83	70.02	52.13	62.83	43.24	66.64	41.94	56.39	37.78	57.94	41.7	49.23	50.16	50.03	57.58	60.05	55.28	62.26	56.54	30.75	39.43	33.82	46.05	41.46	51.78	42.43	60.92	24.89	60.76	28.93	63.23
89	2.967	68.54	56.43	70.03	56.83	69.98	52.1	62.79	43.2	66.61	41.88	56.31	37.7	57.92	41.59	49.14	50.24	49.96	57.61	60.08	55.43	62.32	56.62	30.59	39.33	33.71	45.94	41.49	51.55	42.55	60.68	24.83	60.6	28.92	63.1
90	3.0	68.61	56.31	70.11	56.69	70.03	51.99	62.82	43.04	66.61	41.8	56.29	37.62	57.94	41.62	49.06	50.23	49.85	57.74	60.14	55.37	62.31	56.6	30.65	39.42	33.79	46.11	41.48	51.57	42.57	60.83	24.83	60.57	28.87	63.21
91	3.033	68.46	55.64	69.24	56.19	69.64	51.81	61.58	41.53	65.69	40.75	54.98	36.64	57.57	40.13	48.24	49.73	50.09	56.48	62.44	55.31	62.52	57.32	30.46	38.15	34.23	45.32	40.39	50.37	42.65	60.99	24.88	56.14	28.09	61.29
92	3.067	68.63	56.16	70.12	56.53	70.04	51.85	62.86	43.02	66.68	41.77	56.41	37.69	58.12	41.65	49.15	50.25	50.0	57.7	60.16	55.46	62.37	56.53	30.99	39.64	34.13	46.3	41.39	51.75	42.47	60.96	24.72	60.5	28.65	63.01
93	3.1	68.41	55.57	69.26	56.14	69.6	51.72	61.73	41.66	65.67	40.74	55.12	36.87	57.63	40.3	48.43	49.81	50.2	56.62	62.49	55.26	62.49	57.27	30.81	38.54	34.45	45.67	40.43	50.62	42.45	61.13	25.05	56.03	27.91	60.86
94	3.133	68.34	55.52	69.19	56.07	69.51	51.66	61.72	41.69	65.59	40.74	55.14	37.0	57.61	40.43	48.54	49.87	50.22	56.77	62.5	55.21	62.42	57.22	31.06	38.83	34.65	45.96	40.43	50.84	42.36	61.32	25.16	56.12	27.9	60.79
95	3.167	68.46	56.02	70.07	56.43	69.9	51.64	62.99	43.27	66.57	41.63	56.6	38.02	58.04	41.91	49.39	50.13	50.17	57.92	60.36	55.37	62.44	56.37	32.07	40.37	34.91	47.01	41.58	52.22	42.08	61.3	24.86	60.93	28.33	62.65
96	3.2	68.36	56.01	70.02	56.46	69.85	51.53	63.06	43.25	66.62	41.33	56.55	37.94	58.06	41.62	49.34	50.4	50.13	58.04	60.51	55.44	62.56	56.3	31.77	40.3	34.7	46.84	41.64	52.07	42.25	60.97	24.59	60.99	28.14	62.38
97	3.233	68.35	55.79	70.06	56.24	69.82	51.29	63.15	43.14	66.57	41.17	56.56	38.02	58.03	41.6	49.39	50.54	50.14	58.07	60.65	55.31	62.47	56.28	31.7	40.56	34.59	47.06	41.64	52.23	42.21	61.04	24.55	61.06	28.06	62.39
98	3.267	68.4	55.62	70.11	56.07	69.89	51.08	63.22	42.95	66.67	40.92	56.56	37.87	58.13	41.49	49.51	50.53	50.33	58.21	60.83	55.09	62.57	56.2	31.59	40.67	34.53	47.21	41.67	52.21	42.3	61.02	24.62	60.95	28.19	62.14
99	3.3	68.47	55.34	70.15	55.76	69.94	50.86	63.24	42.72	66.77	40.88	56.73	37.91	58.28	41.6	49.63	50.66	50.45	58.3	61.05	54.95	62.46	56.09	31.6	40.87	34.52	47.46	41.52	52.27	42.14	61.24	24.44	60.74	28.0	62.28
100	3.333	68.41	55.27	70.09	55.73	69.91	50.78	63.24	42.67	66.84	40.75	56.72	37.78	58.37	41.43	49.43	50.46	50.39	58.11	60.86	54.75	62.57	55.97	31.75	40.8	34.75	47.35	41.74	52.27	42.4	61.17	24.51	60.73	28.04	62.18
101	3.367	68.3	55.15	70.0	55.6	69.81	50.65	63.18	42.63	66.73	40.68	56.6	37.76	58.27	41.49	49.25	50.31	50.32	58.1	60.71	54.83	62.52	55.97	31.78	40.87	34.77	47.46	41.75	52.26	42.42	61.21	24.48	60.79	28.08	62.2
102	3.4	68.38	55.16	70.09	55.61	69.89	50.64	63.21	42.64	66.8	40.68	56.56	37.84	58.26	41.56	49.12	50.47	50.25	58.17	60.62	54.97	62.48	55.93	31.67	40.97	34.68	47.57	41.85	52.19	42.5	61.15	24.48	60.65	28.12	62.08
103	3.433	68.34	55.14	70.01	55.58	69.87	50.65	63.08	42.56	66.8	40.69	56.48	37.69	58.23	41.53	49.05	50.18	50.15	58.04	60.55	54.75	62.4	55.84	31.59	40.89	34.64	47.54	41.83	52.24	42.56	61.29	24.45	60.73	28.16	62.29
104	3.467	68.44	55.12	70.1	55.53	69.94	50.64	63.09	42.49	66.8	40.73	56.45	37.7	58.19	41.61	49.2	50.25	50.12	58.17	60.68	54.69	62.42	55.89	31.31	41.01	34.37	47.71	41.77	52.25	42.59	61.34	24.51	60.63	28.26	62.32
105	3.5	68.48	55.19	70.17	55.59	69.97	50.68	63.17	42.51	66.77	40.74	56.46	37.73	58.19	41.63	49.13	50.48	50.15	58.32	60.68	54.87	62.47	55.87	31.33	41.1	34.39	47.8	41.94	52.23	42.78	61.32	24.67	60.67	28.46	62.39
106	3.533	68.45	55.2	70.17	55.6	69.92	50.68	63.13	42.6	66.67	40.81	56.37	37.89	58.02	41.75	49.15	50.64	50.11	58.45	60.66	54.79	62.46	55.93	31.08	41.34	34.09	48.03	41.76	52.31	42.55	61.36	24.47	60.72	28.3	62.42
107	3.567	68.41	55.25	70.11	55.64	69.9	50.76	63.05	42.57	66.68	40.89	56.32	37.71	58.01	41.8	49.14	50.32	50.11	58.48	60.59	54.72	62.45	56.06	30.96	41.26	34.0	48.07	41.71	52.21	42.52	61.43	24.52	60.69	28.39	62.51
108	3.6	68.47	55.21	70.17	55.58	69.93	50.72	63.1	42.54	66.66	40.91	56.34	37.84	57.97	41.96	49.23	50.51	50.09	58.65	60.7	54.68	62.32	56.07	30.83	41.39	33.85	48.21	41.69	52.32	42.52	61.57	24.59	60.72	28.51	62.65
109	3.633	68.42	55.22	70.12	55.58	69.9	50.73	62.99	42.61	66.61	40.97	56.19	37.95	57.87	42.04	49.12	50.5	50.04	58.6	60.6	54.53	62.3	56.07	30.79	41.56	33.83	48.34	41.73	52.51	42.54	61.69	24.73	60.83	28.61	62.73
110	3.667	68.43	55.24	70.15	55.61	69.91	50.74	63.03	42.64	66.63	40.96	56.18	37.93	57.86	41.98	49.16	50.62	50.01	58.72	60.66	54.65	62.37	56.21	30.59	41.49	33.63	48.28	41.56	52.36	42.41	61.54	24.6	60.75	28.49	62.62
111	3.7	68.39	55.2	70.14	55.58	69.86	50.71	62.99	42.63	66.55	40.98	56.1	37.88	57.82	42.06	49.24	50.46	50.11	58.78	60.69	54.63	62.41	56.17	30.47	41.57	33.52	48.44	41.16	52.39	42.07	61.66	24.33	60.67	28.27	62.45
112	3.733	68.4	55.23	70.15	55.61	69.87	50.73	62.99	42.64	66.55	40.97	56.12	37.92	57.79	42.02	49.2	50.67	50.08	58.84	60.65	54.7	62.43	56.18	30.34	41.68	33.38	48.52	41.05	52.52	41.94	61.76	24.12	60.86	28.09	62.66
113	3.767	68.36	55.26	70.13	55.64	69.83	50.75	63.0	42.73	66.52	41.01	56.09	38.08	57.74	42.16	49.17	50.75	50.09	58.92	60.59	54.84	62.43	56.2	30.31	41.76	33.31	48.59	41.09	52.6	41.92	61.82	24.13	60.98	28.12	62.71
114	3.8	68.19	55.18	69.67	55.82	69.54	50.79	63.11	41.51	66.35	39.81	56.23	36.06	58.41	40.11	48.07	49.65	49.54	57.67	62.18	54.08	61.26	56.49	29.85	40.39	33.56	47.42	39.95	50.84	42.83	60.93	21.77	56.68	27.67	60.32
115	3.833	68.2	55.16	69.68	55.8	69.54	50.79	63.14	41.57	66.38	39.89	56.34	36.12	58.41	40.18	48.18	49.64	49.53	57.68	62.24	54.02	61.11	56.49	29.89	40.35	33.51	47.4	39.84	50.76	42.64	60.9	21.64	56.58	27.54	60.27
116	3.867	68.23	55.24	69.73	55.89	69.58	50.84	63.18	41.64	66.4	39.91	56.34	36.17	58.39	40.24	48.17	49.62	49.49	57.75	62.18	53.98	61.07	56.49	29.91	40.58	33.52	47.63	39.85	50.85	42.63	60.98	21.62	56.68	27.55	60.26
117	3.9	68.22	55.31	69.77	55.96	69.57	50.86	63.26	41.73	66.35	39.87	56.29	36.25	58.36	40.27	48.05	49.72	49.46	57.82	62.09	54.11	61.04	56.55	29.96	40.67	33.57	47.71	39.85	50.84	42.64	60.91	21.61	56.71	27.56	60.11
118	3.933	68.26	55.34	69.81	55.99	69.61	50.88	63.32	41.76	66.41	39.89	56.35	36.3	58.41	40.34	48.08	49.71	49.44	57.87	62.09	54.14	60.98	56.6	29.96	40.62	33.56	47.68	39.74	50.81	42.52	60.92	21.54	56.67	27.49	60.05
119	3.967	68.31	55.36	69.86	55.99	69.66	50.9	63.35	41.74	66.47	39.93	56.41	36.32	58.51	40.45	48.18	49.71	49.47	58.02	62.18	54.11	61.02	56.69	29.97	40.67	33.6	47.8	39.71	50.92	42.54	61.09	21.52	56.62	27.46	60.06
120	4.0	68.27	55.41	69.83	56.05	69.62	50.91	63.5	41.81	66.56	39.88	56.64	36.43	58.7	40.34	48.16	50.01	49.49	58.01	62.17	54.13	61.01	56.65	30.24	40.52	33.83	47.52	39.95	50.95	42.73	60.98	21.65	56.74	27.5	60.14
121	4.033	68.35	55.5	70.19	55.88	69.85	50.89	63.17	43.19	66.64	41.19	56.31	38.72	57.88	42.67	49.33	51.53	50.03	59.81	60.64	55.06	62.22	56.33	31.0	42.53	33.91	49.33	40.94	53.14	41.51	62.24	23.91	61.37	27.58	62.52
122	4.067	68.37	55.52	70.18	55.92	69.88	50.93	63.19	43.19	66.73	41.2	56.41	38.71	57.98	42.54	49.36	51.68	50.1	59.78	60.7	55.04	62.27	56.33	31.07	42.42	33.98	49.15	41.09	53.24	41.64	62.27	23.97	61.45	27.57	62.68
123	4.1	68.49	55.51	70.3	55.91	70.0	50.91	63.27	43.16	66.8	41.16	56.51	38.66	57.98	42.59	49.55	51.66	50.17	59.96	60.93	55.2	62.37	56.58	31.18	42.54	34.02	49.35	41.04	53.27	41.47	62.4	23.94	61.45	27.49	62.62
124	4.133	68.55	55.47	70.4	55.84	70.02	50.87	63.39	43.11	66.77	41.18	56.64	38.68	58.02	42.69	49.74	51.53	50.17	59.98	61.05	55.15	62.23	56.62	31.18	42.56	33.95	49.45	40.78	53.3	41.19	62.54	23.8	61.38	27.26	62.61
125	4.167	68.53	55.57	70.35	55.96	70.02	50.97	63.31	43.27	66.82	41.29	56.58	38.84	58.05	42.76	49.66	51.67	50.15	59.96	60.97	55.24	62.26	56.62	31.2	42.58	34.03	49.42	40.7	53.4	41.1	62.56	23.67	61.54	27.09	62.68
126	4.2	68.31	55.61	69.82	56.26	69.69	51.12	63.51	41.91	66.79	40.03	56.9	36.63	58.87	40.51	48.28	50.38	49.53	58.25	62.2	54.44	60.95	56.7	30.26	40.86	33.78	47.87	39.98	51.4	42.57	61.52	21.33	56.94	27.11	60.45
127	4.233	68.24	55.71	69.74	56.38	69.62	51.24	63.47	42.05	66.76	40.14	56.91	36.73	58.89	40.52	48.21	50.41	49.54	58.16	62.13	54.5	60.98	56.73	30.47	40.87	33.99	47.82	40.11	51.45	42.66	61.5	21.44	56.96	27.13	60.43
128	4.267	68.28	55.75	69.77	56.39	69.64	51.27	63.46	42.04	66.71	40.17	56.9	36.81	58.87	40.57	48.14	50.56	49.61	58.16	62.05	54.45	60.97	56.66	30.51	40.9	34.02	47.84	40.07	51.46	42.61	61.51	21.44	56.81	27.16	60.38
129	4.3	68.2	55.76	69.66	56.4	69.58	51.32	63.36	42.04	66.74	40.25	56.91	36.87	58.87	40.68	48.21	50.55	49.61	58.2	62.07	54.34	60.95	56.59	30.26	40.92	33.77	47.88	39.97	51.51	42.51	61.63	21.29	56.75	27.04	60.47
130	4.333	68.17	55.8	69.64	56.45	69.54	51.35	63.36	42.09	66.71	40.28	56.88	36.88	58.88	40.69	48.22	50.51	49.64	58.2	62.08	54.34	61.01	56.59	30.23	40.89	33.76	47.85	39.97	51.47	42.54	61.56	21.27	56.57	27.02	60.23
131	4.367	68.19	55.71	69.64	56.34	69.56	51.26	63.33	41.94	66.73	40.2	56.85	36.81	58.88	40.63	48.19	50.55	49.58	58.17	62.14	54.29	61.02	56.57	30.02	40.8	33.59	47.78	39.99	51.35	42.66	61.48	21.29	56.5	27.12	60.32
132	4.4	68.15	55.68	69.61	56.31	69.51	51.24	63.33	41.97	66.67	40.2	56.87	36.84	58.87	40.62	48.17	50.47	49.58	58.08	62.12	54.23	61.06	56.48	30.23	40.73	33.78	47.67	40.1	51.31	42.76	61.41	21.31	56.48	27.16	60.28
133	4.433	68.14	55.65	69.61	56.27	69.5	51.18	63.36	41.87	66.65	40.11	56.89	36.72	58.83	40.57	48.1	50.4	49.51	58.07	62.03	54.19	61.0	56.41	30.11	40.61	33.62	47.59	40.11	51.12	42.76	61.3	21.23	56.28	27.17	60.17
134	4.467	68.11	55.66	69.59	56.29	69.47	51.17	63.38	41.86	66.64	40.04	56.9	36.7	58.88	40.45	48.05	50.43	49.56	57.99	62.02	54.17	61.04	56.34	30.21	40.56	33.75	47.5	40.2	51.15	42.87	61.24	21.24	56.3	27.17	60.1
135	4.5	68.11	55.68	69.58	56.3	69.46	51.18	63.4	41.8	66.64	40.01	56.98	36.69	58.88	40.46	48.05	50.44	49.47	57.99	62.01	54.17	61.01	56.35	30.23	40.63	33.73	47.57	40.36	51.17	43.05	61.28	21.23	56.19	27.26	60.1
136	4.533	68.09	55.69	69.58	56.29	69.43	51.18	63.4	41.77	66.57	39.96	56.9	36.67	58.84	40.37	47.98	50.56	49.46	57.98	62.04	54.17	60.99	56.32	30.12	40.7	33.66	47.59	40.37	51.17	43.09	61.24	21.25	56.18	27.25	60.11
137	4.567	68.15	55.67	69.65	56.26	69.48	51.13	63.45	41.68	66.57	39.87	56.95	36.6	58.84	40.28	47.98	50.48	49.41	57.88	62.15	54.09	61.04	56.25	30.17	40.63	33.68	47.55	40.44	51.03	43.1	61.15	21.15	55.92	27.11	59.93
138	4.6	68.17	55.67	69.66	56.26	69.49	51.14	63.48	41.71	66.6	39.9	57.02	36.64	58.88	40.24	48.06	50.62	49.58	57.86	62.22	54.15	61.17	56.24	30.2	40.58	33.68	47.46	40.55	50.95	43.19	61.02	21.23	55.87	27.18	59.89
139	4.633	68.12	55.78	69.62	56.39	69.46	51.2	63.49	41.73	66.61	39.79	56.99	36.59	58.91	40.13	47.92	50.55	49.58	57.75	62.17	54.2	61.21	56.25	30.18	40.49	33.72	47.33	40.76	50.88	43.38	60.89	21.15	55.85	27.09	59.76
140	4.667	68.08	55.72	69.57	56.36	69.45	51.15	63.48	41.7	66.67	39.73	57.02	36.49	58.97	40.05	47.96	50.41	49.67	57.66	62.17	54.25	61.16	56.35	30.16	40.41	33.72	47.25	40.68	50.86	43.26	60.85	21.21	55.96	27.15	59.79
141	4.7	68.12	55.78	69.61	56.41	69.47	51.24	63.53	41.73	66.69	39.82	57.14	36.52	59.02	39.99	47.99	50.45	49.69	57.5	62.37	54.14	61.14	56.36	30.22	40.31	33.75	47.12	40.75	51.07	43.32	61.07	21.22	56.45	27.15	60.53
142	4.733	68.11	55.85	69.62	56.47	69.46	51.29	63.58	41.78	66.68	39.87	57.16	36.58	59.01	40.09	47.97	50.4	49.71	57.5	62.42	54.19	61.09	56.46	30.25	40.44	33.76	47.26	40.76	51.12	43.31	61.15	21.29	56.74	27.29	60.83
143	4.767	68.03	55.91	69.55	56.58	69.41	51.34	63.54	41.88	66.68	39.82	57.09	36.48	58.84	39.94	47.88	50.32	49.66	57.47	62.41	54.16	61.09	56.45	30.11	40.16	33.56	46.97	40.86	51.1	43.27	61.11	21.39	56.96	27.4	60.94
144	4.8	68.05	55.96	69.55	56.65	69.46	51.39	63.47	41.94	66.71	39.82	57.01	36.47	58.72	39.82	47.74	50.45	49.61	57.39	62.4	54.14	61.07	56.4	30.07	40.36	33.49	47.13	40.76	51.32	43.05	61.28	21.29	57.4	27.28	61.34
145	4.833	67.99	56.07	69.47	56.81	69.46	51.51	63.26	42.03	66.74	39.86	56.81	36.45	58.55	39.79	47.59	50.53	49.58	57.45	62.42	54.17	61.08	56.37	29.64	40.74	33.1	47.53	40.45	51.82	42.67	61.82	20.75	58.41	26.88	62.3
146	4.867	67.95	56.27	69.45	57.02	69.44	51.69	63.17	42.16	66.63	39.96	56.58	36.45	58.32	39.8	47.32	50.64	49.45	57.53	62.37	54.31	61.02	56.49	29.36	40.81	32.85	47.62	40.29	52.06	42.51	62.09	20.63	59.22	26.88	63.13
147	4.9	67.98	56.38	69.46	57.13	69.46	51.82	63.11	42.12	66.63	40.03	56.55	36.37	58.31	39.85	47.27	50.57	49.41	57.54	62.33	54.39	61.06	56.59	29.21	40.82	32.78	47.68	40.27	52.19	42.65	62.3	20.48	59.62	27.01	63.7
148	4.933	67.9	56.4	69.33	57.13	69.37	51.9	62.93	42.18	66.53	40.23	56.36	36.5	58.23	39.98	46.98	50.6	49.26	57.35	62.11	54.51	60.76	56.66	29.06	40.98	32.73	47.79	40.28	52.44	42.83	62.54	20.5	60.29	27.24	64.63
149	4.967	67.83	56.47	69.27	57.22	69.35	51.95	62.87	42.22	66.52	40.2	56.24	36.42	58.1	39.87	46.84	50.63	49.17	57.33	62.14	54.43	60.73	56.63	28.91	40.81	32.6	47.59	40.48	52.59	43.08	62.63	20.73	61.18	27.72	65.51
150	5.0	67.8	56.52	69.21	57.27	69.31	52.03	62.78	42.27	66.5	40.32	56.19	36.43	58.03	39.83	46.81	50.7	49.16	57.24	62.09	54.4	60.75	56.59	28.76	40.68	32.45	47.42	40.44	52.56	43.06	62.57	20.88	61.17	27.9	65.63
151	5.033	67.72	56.54	69.1	57.29	69.24	52.07	62.67	42.21	66.43	40.3	56.06	36.36	57.97	39.68	46.56	50.72	49.1	57.03	62.12	54.44	60.72	56.68	28.72	40.54	32.52	47.22	40.74	52.54	43.56	62.51	20.97	61.65	28.32	66.33
152	5.067	67.58	56.58	68.95	57.35	69.12	52.13	62.48	42.23	66.33	40.33	55.83	36.24	57.79	39.55	46.1	50.69	48.98	56.86	61.95	54.48	60.6	56.64	28.45	40.34	32.33	47.02	40.73	52.47	43.62	62.48	20.74	62.02	28.39	66.9
153	5.1	67.56	56.67	68.96	57.41	69.08	52.16	62.51	42.25	66.22	40.31	55.7	36.29	57.69	39.66	45.91	50.65	48.83	56.92	62.0	54.6	60.62	56.71	28.31	40.14	32.24	46.86	41.08	52.11	44.09	62.2	20.82	61.71	28.66	66.7
154	5.133	67.5	56.8	68.87	57.57	69.07	52.33	62.36	42.34	66.26	40.48	55.53	36.12	57.54	39.71	45.66	50.56	48.66	57.11	61.82	54.61	60.53	56.89	28.08	40.1	32.03	46.91	41.09	52.31	44.11	62.52	21.2	62.3	29.17	67.41
155	5.167	67.49	56.88	68.88	57.61	69.04	52.39	62.35	42.34	66.16	40.54	55.44	36.27	57.52	39.85	45.47	50.86	48.69	57.29	61.72	54.61	60.43	56.85	27.98	40.39	31.99	47.19	41.27	52.45	44.39	62.66	21.15	62.22	29.28	67.49
156	5.2	67.49	56.92	68.82	57.67	69.07	52.46	62.23	42.33	66.26	40.58	55.34	36.2	57.52	39.87	45.19	50.9	48.58	57.34	61.48	54.78	60.23	56.88	27.92	40.33	32.03	47.16	41.34	52.32	44.53	62.62	21.16	62.27	29.47	67.68
157	5.233	67.44	57.14	68.77	57.85	69.02	52.63	62.17	42.37	66.16	40.66	55.16	36.22	57.42	39.95	44.9	51.2	48.42	57.6	61.32	55.07	60.05	57.15	27.75	40.35	31.97	47.2	41.58	52.29	45.06	62.6	21.37	62.54	30.15	68.09
158	5.267	67.37	57.2	68.63	57.86	68.92	52.74	62.03	42.35	66.06	40.81	55.15	36.27	57.4	40.09	44.82	51.41	48.46	57.79	61.17	55.24	60.0	57.3	27.97	40.31	32.21	47.14	41.95	52.11	45.59	62.46	21.69	62.41	30.8	68.24
159	5.3	67.34	57.33	68.56	57.94	68.86	52.9	61.99	42.49	65.97	41.04	55.16	36.6	57.38	40.37	44.89	51.52	48.55	57.69	61.15	55.28	59.99	57.32	28.14	40.29	32.38	47.05	42.46	51.95	46.19	62.25	22.11	62.11	31.38	68.14
160	5.333	67.24	57.35	68.47	57.92	68.72	52.91	62.04	42.53	65.83	41.08	55.32	36.76	57.3	40.48	44.7	51.54	48.5	57.55	60.89	55.31	59.98	57.13	28.66	39.96	32.77	46.65	43.35	51.24	47.15	61.53	22.44	61.48	32.22	67.78
161	5.367	67.29	57.43	68.49	57.93	68.71	52.98	62.14	42.45	65.86	41.17	55.53	36.92	57.49	40.58	44.53	51.71	48.37	57.42	60.94	55.13	59.93	56.99	28.72	40.03	32.89	46.69	44.03	51.19	48.09	61.56	22.34	61.25	32.45	68.17
162	5.4	67.28	57.41	68.48	57.88	68.68	52.91	62.2	42.36	65.8	41.03	55.53	36.94	57.64	40.47	44.44	51.74	48.38	57.24	60.85	55.14	59.88	56.94	28.97	39.98	33.25	46.5	44.72	51.04	48.9	61.23	22.71	61.07	32.73	67.96
163	5.433	67.27	57.34	68.46	57.83	68.69	52.84	62.18	42.32	65.87	40.98	55.53	36.96	57.75	40.45	44.21	51.66	48.26	57.04	60.76	55.2	59.92	56.82	29.15	39.86	33.51	46.36	45.05	50.86	49.28	61.05	22.69	60.9	32.69	67.88
164	5.467	67.29	57.24	68.45	57.73	68.71	52.8	62.13	42.37	65.91	41.06	55.5	36.97	57.88	40.5	44.62	51.49	48.58	57.01	60.79	55.13	60.07	56.77	29.23	39.6	33.65	46.09	44.67	50.55	48.96	60.63	22.98	60.39	32.72	67.08
165	5.5	67.39	57.22	68.53	57.7	68.81	52.78	62.18	42.34	65.97	41.05	55.52	36.91	57.96	40.46	44.67	51.18	48.58	56.7	60.81	55.18	60.07	56.76	29.32	39.34	33.78	45.84	44.89	50.0	49.26	60.1	23.13	59.81	32.91	66.54
166	5.533	67.43	57.21	68.61	57.7	68.84	52.76	62.3	42.41	65.99	41.04	55.56	36.94	58.01	40.38	44.75	51.07	48.56	56.48	60.77	55.21	60.04	56.86	29.43	39.05	33.87	45.48	45.19	49.43	49.42	59.39	23.58	59.29	33.0	65.9
167	5.567	67.51	57.14	68.66	57.62	68.9	52.73	62.36	42.36	66.06	41.09	55.71	36.88	58.14	40.34	44.97	50.86	48.71	56.26	60.89	55.16	60.05	56.87	29.42	38.94	33.85	45.37	45.27	49.07	49.51	59.07	23.59	58.74	32.97	65.49
168	5.6	67.49	57.18	68.67	57.67	68.9	52.74	62.33	42.38	66.06	41.07	55.6	36.85	58.08	40.4	44.86	50.91	48.74	56.5	60.82	55.24	60.08	56.91	29.19	39.08	33.63	45.58	45.09	49.11	49.3	59.2	23.36	58.57	32.72	65.25
169	5.633	67.48	57.18	68.65	57.66	68.9	52.71	62.3	42.29	66.05	40.95	55.52	36.77	58.07	40.35	44.77	50.83	48.68	56.5	60.85	55.22	60.11	56.84	29.13	39.06	33.64	45.6	45.22	49.01	49.49	59.14	23.33	58.44	32.75	65.12
170	5.667	67.46	57.16	68.64	57.65	68.9	52.67	62.27	42.26	66.03	40.87	55.46	36.68	58.01	40.27	44.74	50.84	48.62	56.58	60.82	55.23	60.09	56.86	29.16	39.1	33.66	45.64	45.12	49.01	49.38	59.11	23.33	58.54	32.74	65.07
171	5.7	67.44	57.21	68.65	57.69	68.87	52.7	62.3	42.33	65.95	40.89	55.44	36.75	57.94	40.32	44.66	50.91	48.55	56.62	60.74	55.29	60.04	56.88	29.26	39.07	33.73	45.6	45.11	48.96	49.35	59.03	23.36	58.59	32.82	65.07
172	5.733	67.43	57.21	68.64	57.69	68.86	52.7	62.27	42.31	65.92	40.89	55.41	36.7	57.87	40.34	44.69	50.82	48.52	56.66	60.79	55.3	60.04	56.92	29.18	39.05	33.63	45.62	45.06	48.92	49.26	59.04	23.3	58.44	32.74	64.92
173	5.767	67.41	57.22	68.63	57.68	68.81	52.68	62.32	42.23	65.86	40.79	55.45	36.64	57.93	40.27	44.67	50.78	48.53	56.6	60.83	55.34	60.06	56.93	29.28	39.0	33.75	45.55	45.37	48.86	49.6	58.97	23.39	58.52	32.8	65.06
174	5.8	67.46	57.1	68.68	57.53	68.83	52.57	62.35	42.11	65.83	40.77	55.38	36.52	57.98	40.16	44.42	50.6	48.49	56.32	60.73	55.26	60.21	56.78	29.24	38.89	33.79	45.46	45.55	48.41	49.87	58.61	23.41	58.3	32.8	65.12
175	5.833	67.44	57.12	68.69	57.55	68.81	52.55	62.32	42.12	65.77	40.71	55.29	36.55	57.91	40.18	44.45	50.59	48.5	56.36	60.81	55.21	60.26	56.69	29.17	38.98	33.73	45.55	45.54	48.41	49.82	58.57	23.38	58.18	32.69	64.85
176	5.867	67.53	57.07	68.79	57.49	68.88	52.52	62.45	42.12	65.8	40.73	55.43	36.54	57.97	40.12	44.56	50.59	48.51	56.27	60.81	55.17	60.28	56.66	29.41	38.93	33.89	45.48	45.57	48.37	49.75	58.48	23.56	57.99	32.69	64.63
177	5.9	67.56	57.03	68.86	57.45	68.88	52.45	62.55	42.1	65.75	40.64	55.48	36.59	57.94	40.05	44.55	50.73	48.46	56.26	60.88	55.13	60.36	56.62	29.5	38.88	33.92	45.39	45.5	48.36	49.64	58.43	23.43	57.86	32.51	64.49
178	5.933	67.53	56.99	68.85	57.41	68.85	52.36	62.58	42.05	65.72	40.49	55.48	36.61	57.89	39.92	44.46	51.12	48.37	56.45	60.83	55.18	60.34	56.62	29.44	38.81	33.83	45.26	45.46	48.37	49.54	58.34	23.46	57.88	32.48	64.43
179	5.967	67.59	57.0	68.94	57.46	68.94	52.33	62.66	42.08	65.81	40.39	55.52	36.58	57.86	39.83	44.47	51.19	48.34	56.54	60.81	55.21	60.29	56.65	29.41	38.86	33.73	45.3	45.35	48.53	49.25	58.45	23.36	57.89	32.22	64.22
180	6.0	67.6	56.96	68.94	57.45	68.97	52.33	62.66	42.13	65.9	40.44	55.61	36.49	57.92	39.9	44.66	50.81	48.38	56.55	60.82	55.1	60.32	56.58	29.54	38.92	33.8	45.45	45.32	48.63	49.03	58.66	23.38	57.72	31.91	63.92
181	6.033	67.64	56.92	68.99	57.39	69.0	52.28	62.71	42.04	65.94	40.42	55.67	36.5	57.91	39.95	44.6	51.02	48.38	56.71	60.8	55.05	60.31	56.54	29.33	38.95	33.55	45.51	45.24	48.66	48.96	58.78	23.15	57.76	31.83	64.15
182	6.067	67.65	56.82	69.01	57.29	69.01	52.17	62.72	41.94	65.94	40.32	55.7	36.45	57.9	39.95	44.7	51.11	48.42	56.94	60.85	55.02	60.34	56.55	29.27	38.98	33.45	45.6	44.99	48.74	48.64	58.91	23.02	57.64	31.64	63.97
183	6.1	67.47	56.78	69.0	56.94	68.89	52.16	62.08	43.46	65.91	41.92	55.13	39.76	57.44	42.53	47.3	53.08	49.13	58.6	59.19	55.67	59.86	56.88	30.01	41.26	33.87	47.42	43.4	51.34	47.15	59.89	25.28	61.03	33.38	64.07
184	6.133	67.46	56.63	69.0	56.8	68.9	51.98	62.01	43.32	65.94	41.72	55.05	39.64	57.5	42.45	47.32	53.19	49.22	58.92	59.31	55.41	60.15	56.6	29.9	41.46	33.79	47.7	43.08	51.58	46.72	60.2	24.94	60.99	32.67	63.85
185	6.167	67.45	56.62	68.98	56.8	68.87	51.99	62.03	43.32	65.94	41.74	55.18	39.6	57.47	42.45	47.44	53.22	49.21	59.05	59.42	55.35	60.17	56.59	29.89	41.45	33.65	47.73	43.07	51.62	46.39	60.33	24.91	61.02	32.22	63.94
186	6.2	67.43	56.65	68.97	56.82	68.85	52.01	62.02	43.34	65.92	41.76	55.18	39.63	57.46	42.53	47.51	53.23	49.24	59.19	59.52	55.14	60.26	56.51	29.88	41.44	33.6	47.77	43.01	51.75	46.16	60.51	24.97	60.99	31.97	63.89
187	6.233	67.47	56.64	69.0	56.8	68.89	52.0	61.99	43.31	65.95	41.76	55.17	39.56	57.46	42.51	47.53	53.25	49.23	59.3	59.62	55.11	60.33	56.55	29.82	41.54	33.52	47.92	42.93	51.83	45.93	60.66	24.97	61.07	31.69	64.0
188	6.267	67.48	56.58	68.99	56.75	68.92	51.96	61.98	43.25	66.06	41.71	55.25	39.5	57.62	42.5	47.7	53.15	49.32	59.34	59.8	55.07	60.4	56.55	29.91	41.51	33.64	47.92	42.8	51.95	45.71	60.83	24.82	61.07	31.28	63.94
189	6.3	67.54	56.68	69.05	56.86	68.99	52.03	61.97	43.32	66.08	41.74	55.18	39.51	57.53	42.5	47.67	53.25	49.19	59.45	59.89	55.06	60.42	56.6	29.85	41.68	33.58	48.11	42.78	52.11	45.68	60.97	24.8	61.21	31.28	64.03
190	6.333	67.52	56.66	69.05	56.87	68.99	51.99	61.97	43.35	66.08	41.66	55.14	39.53	57.49	42.41	47.63	53.34	49.21	59.44	59.89	55.03	60.47	56.48	29.86	41.8	33.57	48.17	42.87	52.28	45.69	61.03	24.83	61.32	31.23	63.96
191	6.367	67.51	56.68	69.06	56.88	68.98	52.0	61.99	43.34	66.07	41.65	55.16	39.53	57.51	42.42	47.62	53.34	49.21	59.44	59.89	55.13	60.39	56.47	29.88	41.81	33.6	48.18	42.94	52.26	45.77	61.02	24.82	61.28	31.25	63.93
192	6.4	67.66	56.51	69.0	56.98	68.98	51.94	62.67	41.69	65.95	40.25	55.82	36.33	57.91	40.02	45.13	51.43	48.58	57.57	60.98	54.75	60.44	56.2	29.03	39.42	33.03	46.19	43.95	49.39	47.31	59.77	22.54	56.99	30.6	63.27
193	6.433	67.63	56.48	68.98	56.98	68.97	51.92	62.63	41.74	65.92	40.21	55.74	36.33	57.85	39.92	45.05	51.49	48.51	57.54	60.86	54.66	60.4	56.11	29.15	39.55	33.14	46.25	43.93	49.52	47.22	59.77	22.63	57.08	30.51	63.19
194	6.467	67.67	56.38	68.99	56.87	69.0	51.85	62.62	41.62	65.94	40.19	55.77	36.23	57.86	39.9	45.13	51.3	48.5	57.45	60.91	54.57	60.38	56.08	29.14	39.45	33.13	46.19	43.87	49.48	47.21	59.81	22.58	56.96	30.54	63.19
195	6.5	67.71	56.28	69.01	56.76	69.03	51.78	62.6	41.56	65.98	40.21	55.81	36.23	57.9	39.93	45.24	51.23	48.51	57.4	60.97	54.57	60.37	56.13	29.14	39.48	33.14	46.24	43.82	49.45	47.17	59.82	22.56	56.85	30.49	63.15
196	6.533	67.73	56.17	69.03	56.63	69.02	51.69	62.59	41.44	65.9	40.17	55.76	36.14	57.86	39.94	45.31	51.13	48.57	57.39	61.01	54.58	60.41	56.15	29.16	39.49	33.16	46.28	43.85	49.45	47.23	59.85	22.71	56.87	30.62	63.23
197	6.567	67.71	56.18	69.01	56.65	69.02	51.69	62.58	41.42	65.91	40.12	55.75	36.11	57.86	39.85	45.23	51.11	48.55	57.31	61.02	54.51	60.41	56.14	29.13	39.41	33.15	46.18	43.93	49.46	47.3	59.83	22.71	56.93	30.62	63.31
198	6.6	67.67	56.12	68.98	56.59	68.98	51.6	62.56	41.38	65.85	39.98	55.66	36.07	57.77	39.77	45.12	51.06	48.49	57.23	60.98	54.42	60.41	56.02	29.18	39.39	33.2	46.13	44.0	49.49	47.38	59.8	22.81	57.01	30.76	63.28
199	6.633	67.69	56.06	68.99	56.53	69.0	51.57	62.58	41.31	65.9	39.99	55.73	36.05	57.85	39.84	45.23	51.01	48.58	57.3	61.01	54.45	60.44	56.07	29.19	39.42	33.21	46.21	43.91	49.57	47.34	59.96	22.76	57.02	30.77	63.35
200	6.667	67.72	55.97	68.96	56.42	69.02	51.5	62.48	41.15	65.91	39.93	55.67	35.97	57.86	39.75	45.22	51.2	48.62	57.35	61.03	54.46	60.45	56.06	29.1	39.54	33.18	46.32	43.85	49.66	47.3	60.05	22.8	57.0	30.76	63.45
201	6.7	67.76	55.88	68.95	56.32	69.05	51.5	62.43	41.08	65.97	40.07	55.74	36.03	57.94	39.88	45.26	51.14	48.6	57.24	60.97	54.42	60.37	56.03	29.12	39.52	33.23	46.32	43.79	49.62	47.35	60.09	22.78	56.94	30.89	63.68
202	6.733	67.71	55.84	68.89	56.3	69.02	51.47	62.4	41.1	65.99	40.06	55.74	35.98	57.94	39.84	45.35	51.04	48.64	57.2	60.96	54.44	60.33	56.01	29.06	39.45	33.15	46.24	43.73	49.62	47.27	60.06	22.8	57.04	30.9	63.67
203	6.767	67.7	55.79	68.87	56.26	69.02	51.41	62.37	41.02	66.03	39.94	55.75	35.89	57.94	39.71	45.36	50.99	48.59	57.15	61.04	54.4	60.34	56.01	29.04	39.34	33.15	46.12	43.8	49.63	47.35	60.06	22.77	57.16	30.87	63.78
204	6.8	67.8	55.63	68.94	56.09	69.1	51.31	62.4	40.92	66.08	39.97	55.85	35.87	58.02	39.71	45.58	50.87	48.66	57.02	61.11	54.34	60.33	56.03	29.12	39.31	33.19	46.09	43.66	49.6	47.15	60.06	22.79	57.11	30.69	63.81
205	6.833	67.93	55.45	69.04	55.86	69.2	51.16	62.39	40.68	66.12	39.93	55.84	35.79	58.09	39.76	45.49	50.83	48.63	57.0	61.07	54.27	60.35	56.01	29.15	39.3	33.28	46.16	43.6	49.53	47.21	60.13	22.73	56.9	30.73	63.91
206	6.867	67.89	55.46	69.02	55.86	69.14	51.13	62.44	40.68	66.05	39.86	55.82	35.83	58.06	39.73	45.38	50.88	48.6	56.98	61.03	54.29	60.34	56.01	29.14	39.27	33.27	46.1	43.65	49.59	47.31	60.15	22.74	57.01	30.83	64.0
207	6.9	67.91	55.5	69.07	55.91	69.18	51.15	62.5	40.72	66.06	39.82	55.82	35.81	58.05	39.69	45.33	50.89	48.6	56.98	61.02	54.29	60.38	56.02	29.25	39.31	33.37	46.14	43.62	49.59	47.27	60.12	22.78	57.02	30.9	63.9
208	6.933	67.88	55.46	69.03	55.88	69.16	51.1	62.41	40.7	66.02	39.74	55.68	35.73	57.96	39.57	45.25	50.91	48.56	57.03	61.05	54.31	60.45	56.09	29.3	39.32	33.46	46.14	43.53	49.59	47.2	60.07	22.78	57.15	30.9	63.91
209	6.967	67.95	55.38	69.1	55.82	69.24	51.03	62.46	40.65	66.1	39.69	55.76	35.73	58.0	39.52	45.24	50.89	48.52	56.93	61.13	54.21	60.44	56.05	29.31	39.17	33.46	45.99	43.5	49.59	47.15	60.09	22.65	57.21	30.81	64.04
210	7.0	68.0	55.31	69.16	55.75	69.29	50.96	62.47	40.63	66.11	39.67	55.78	35.83	57.98	39.54	45.28	50.98	48.52	56.85	61.21	54.14	60.47	56.05	29.31	39.19	33.43	45.97	43.35	49.75	47.0	60.2	22.51	57.34	30.69	64.17
211	7.033	67.97	55.31	69.14	55.77	69.29	50.93	62.45	40.65	66.13	39.59	55.7	35.84	57.94	39.53	45.16	51.03	48.53	56.93	61.2	54.2	60.49	56.05	29.23	39.34	33.38	46.13	43.25	49.93	46.93	60.37	22.33	57.87	30.65	64.57
212	7.067	67.99	55.23	69.18	55.71	69.32	50.84	62.46	40.64	66.14	39.52	55.6	35.71	57.9	39.44	45.12	50.76	48.5	56.8	61.15	54.06	60.46	55.97	29.13	39.26	33.3	46.06	43.22	49.86	46.87	60.29	22.43	57.82	30.6	64.39
213	7.1	68.01	55.22	69.2	55.69	69.32	50.83	62.6	40.62	66.18	39.46	55.91	35.7	57.98	39.34	45.4	50.78	48.56	56.72	61.19	54.06	60.41	55.96	29.48	39.32	33.48	46.06	43.34	50.09	46.87	60.44	22.54	58.16	30.71	64.66
214	7.133	68.08	55.2	69.27	55.68	69.41	50.83	62.61	40.59	66.25	39.47	55.89	35.62	58.01	39.36	45.44	50.66	48.57	56.74	61.19	54.08	60.38	56.02	29.51	39.39	33.55	46.18	43.29	50.08	46.86	60.47	22.69	58.2	30.86	64.65
215	7.167	68.06	55.12	69.25	55.61	69.39	50.76	62.58	40.56	66.23	39.44	55.87	35.52	57.98	39.35	45.51	50.41	48.62	56.66	61.22	53.95	60.46	55.91	29.46	39.21	33.48	46.05	43.13	49.91	46.69	60.35	22.6	58.06	30.79	64.46
216	7.2	68.02	55.07	69.21	55.58	69.37	50.76	62.57	40.59	66.27	39.5	55.88	35.45	58.03	39.35	45.63	50.21	48.67	56.61	61.19	53.88	60.52	55.93	29.51	39.17	33.53	46.01	43.19	49.96	46.71	60.38	22.95	58.09	30.97	64.45
217	7.233	68.06	55.03	69.24	55.55	69.42	50.73	62.54	40.53	66.31	39.47	55.8	35.38	58.08	39.36	45.58	50.01	48.7	56.54	61.23	53.81	60.52	55.91	29.41	39.14	33.54	46.02	43.18	49.89	46.8	60.37	22.83	58.09	30.9	64.47
218	7.267	68.02	54.93	69.17	55.46	69.37	50.64	62.48	40.49	66.31	39.44	55.83	35.45	58.09	39.38	45.61	50.01	48.68	56.5	61.28	53.76	60.5	55.83	29.4	39.14	33.52	46.01	43.15	49.94	46.76	60.44	22.59	58.07	30.61	64.5
219	7.3	68.03	54.91	69.16	55.42	69.38	50.63	62.45	40.41	66.34	39.43	55.82	35.36	58.13	39.4	45.62	49.91	48.72	56.5	61.28	53.79	60.43	55.78	29.4	39.23	33.57	46.15	43.1	49.98	46.86	60.56	22.55	58.24	30.8	64.73
220	7.333	68.06	54.85	69.18	55.34	69.41	50.6	62.43	40.3	66.35	39.45	55.83	35.29	58.13	39.45	45.65	49.82	48.69	56.49	61.28	53.73	60.41	55.78	29.33	39.19	33.51	46.17	42.95	49.97	46.76	60.64	22.53	58.32	30.94	64.96
221	7.367	67.95	54.82	69.09	55.34	69.33	50.53	62.41	40.36	66.36	39.35	55.82	35.45	58.12	39.4	45.66	50.02	48.66	56.51	61.37	53.69	60.4	55.76	29.17	39.17	33.34	46.06	42.79	50.01	46.55	60.57	22.25	58.33	30.59	64.82
222	7.4	67.96	54.83	69.12	55.35	69.32	50.54	62.52	40.42	66.39	39.39	55.99	35.55	58.24	39.43	45.85	50.05	48.72	56.45	61.5	53.68	60.41	55.8	29.38	39.26	33.51	46.1	42.76	50.35	46.48	60.81	22.35	58.75	30.56	65.14
223	7.433	67.92	54.87	69.08	55.42	69.3	50.59	62.47	40.46	66.37	39.41	55.93	35.47	58.15	39.41	45.86	49.96	48.74	56.5	61.52	53.69	60.41	55.88	29.2	39.08	33.32	45.97	42.45	50.24	46.13	60.76	22.23	58.56	30.46	64.9
224	7.467	67.92	54.79	69.1	55.33	69.3	50.48	62.47	40.39	66.32	39.29	55.8	35.44	58.03	39.38	45.68	49.93	48.66	56.49	61.54	53.75	60.32	55.94	29.04	39.05	33.16	45.96	42.57	50.23	46.28	60.79	22.17	58.61	30.53	65.0
225	7.5	67.75	54.81	68.97	55.42	69.2	50.45	62.43	40.57	66.33	39.16	55.77	35.52	57.9	39.19	45.71	49.99	48.64	56.38	61.57	53.71	60.28	56.01	28.95	38.95	33.0	45.71	42.58	50.48	46.22	60.79	22.15	59.23	30.61	65.23
226	7.533	67.75	54.77	68.97	55.39	69.2	50.43	62.38	40.54	66.31	39.17	55.74	35.52	57.81	39.2	45.68	50.07	48.64	56.42	61.6	53.69	60.33	55.97	28.86	38.97	32.89	45.76	42.26	50.71	45.91	61.05	21.96	59.49	30.6	65.53
227	7.567	67.78	54.82	68.96	55.42	69.2	50.53	62.34	40.54	66.27	39.3	55.74	35.61	57.83	39.16	45.52	50.27	48.63	56.19	61.62	53.68	60.33	55.9	28.87	38.93	32.94	45.65	42.17	51.01	46.0	61.34	21.79	59.99	30.72	66.36
228	7.6	67.77	54.89	68.94	55.52	69.26	50.59	62.18	40.54	66.32	39.26	55.37	35.38	57.6	39.04	45.08	50.33	48.52	56.31	61.35	53.72	60.14	55.96	28.41	39.09	32.63	45.86	41.93	51.23	46.02	61.57	21.94	60.97	31.49	67.27
229	7.633	67.75	54.88	68.92	55.51	69.23	50.62	62.12	40.46	66.26	39.32	55.23	35.22	57.55	39.03	45.01	50.3	48.59	56.36	61.33	53.74	60.15	56.02	28.15	39.15	32.43	45.98	41.75	51.39	45.96	61.8	22.21	61.28	31.91	67.72
230	7.667	67.64	54.87	68.8	55.57	69.22	50.6	61.9	40.46	66.3	39.2	54.72	34.99	57.3	38.85	44.6	50.25	48.59	56.4	61.17	53.71	59.92	56.13	27.32	39.31	31.82	46.16	41.11	52.12	45.67	62.48	22.04	62.93	32.4	69.13
231	7.7	67.48	55.01	69.0	55.71	69.1	50.66	62.28	41.15	66.29	39.64	55.33	35.08	57.17	39.32	45.47	49.29	48.82	56.56	60.56	53.74	59.88	56.68	28.15	40.08	31.83	47.01	41.2	53.08	43.84	63.19	22.37	64.27	30.71	68.95
232	7.733	67.39	54.94	68.94	55.66	69.01	50.57	62.32	41.11	66.16	39.48	55.36	34.82	57.15	39.02	45.7	48.92	48.95	56.34	60.71	53.63	59.98	56.7	28.33	39.55	31.91	46.48	40.89	52.87	43.22	62.93	22.5	64.52	30.22	68.88
233	7.767	67.25	54.8	68.84	55.6	68.9	50.45	62.27	41.18	66.05	39.32	55.35	34.48	56.88	38.69	45.99	48.2	48.67	56.11	60.93	53.3	59.86	56.75	28.68	39.27	32.03	46.2	40.68	53.33	42.49	63.31	22.72	65.39	29.68	69.24
234	7.8	67.21	54.52	68.78	55.35	68.85	50.27	62.15	41.06	66.03	39.32	55.31	34.29	56.78	38.63	46.22	48.0	48.76	56.06	60.82	53.13	59.91	56.6	28.35	39.19	31.55	46.2	39.84	53.89	41.39	63.94	22.61	65.66	29.05	69.46
235	7.833	67.08	54.46	68.69	55.35	68.71	50.19	62.18	41.09	65.77	39.06	55.37	34.0	56.33	37.95	46.23	47.82	48.48	55.43	60.89	52.9	59.91	56.22	29.01	38.55	31.86	45.33	40.04	53.6	40.86	63.33	23.33	66.14	29.07	69.59
236	7.867	67.04	54.39	68.64	55.32	68.73	50.1	62.07	40.99	65.73	38.82	55.09	33.66	56.09	37.51	45.98	47.36	48.22	54.89	60.76	52.7	59.67	56.24	28.84	37.8	31.73	44.52	40.25	52.6	41.01	62.2	23.84	65.52	29.59	68.87
237	7.9	66.97	54.36	68.56	55.32	68.66	50.12	62.1	41.08	65.71	38.83	55.14	33.46	56.13	37.24	45.92	46.91	48.25	54.38	60.53	52.58	59.53	56.14	29.3	37.33	32.15	43.95	40.61	52.18	41.3	61.64	24.41	65.19	30.01	68.42
238	7.933	66.96	54.43	68.48	55.37	68.66	50.24	61.92	40.97	65.72	38.93	54.76	33.35	56.18	37.32	45.33	46.59	48.21	54.08	60.22	52.5	59.29	56.05	28.7	37.12	31.97	43.82	40.87	51.02	42.42	60.67	24.21	63.99	31.0	67.78
239	7.967	66.91	54.7	68.42	55.59	68.6	50.45	62.0	41.09	65.7	39.06	54.8	33.53	56.29	37.51	44.69	46.58	47.89	53.93	59.86	52.55	59.09	56.01	29.18	36.85	32.65	43.47	42.4	50.28	44.89	59.94	24.5	63.54	32.97	67.83
240	8.0	67.17	54.97	68.63	55.7	68.77	50.64	62.22	40.87	65.81	39.17	55.08	33.92	56.73	37.79	44.32	46.89	48.19	53.43	59.8	52.67	59.31	55.75	29.1	36.47	32.9	43.02	43.65	48.34	47.38	58.11	24.03	60.66	34.69	66.02
241	8.033	67.41	55.25	68.86	55.81	68.93	50.84	62.72	40.86	66.1	39.36	55.71	34.48	57.52	38.0	44.28	46.72	48.12	52.36	59.95	52.62	59.27	55.72	29.32	36.45	33.3	42.73	46.22	47.01	50.53	56.65	24.72	59.11	35.88	65.61
242	8.067	67.57	55.18	68.86	55.64	69.01	50.8	62.72	40.4	66.23	39.23	56.05	34.46	58.11	37.83	44.7	46.86	48.68	51.81	60.21	52.54	59.44	55.02	29.5	35.72	33.68	41.88	46.87	46.18	51.32	55.81	24.84	57.18	35.7	64.22
243	8.1	67.69	55.17	68.95	55.58	69.09	50.76	62.86	40.27	66.36	39.18	56.24	34.52	58.56	37.79	44.94	46.75	48.94	51.53	60.57	52.51	59.7	55.03	29.57	35.55	33.93	41.64	47.81	45.67	52.22	55.22	25.12	56.32	35.35	63.56
244	8.133	67.88	55.14	69.14	55.54	69.25	50.74	63.04	40.25	66.43	39.2	56.42	34.64	58.68	37.71	45.21	46.67	49.13	51.09	60.7	52.39	59.8	55.02	29.66	35.54	33.98	41.51	48.0	45.58	52.38	54.97	25.32	55.81	35.42	63.1
245	8.167	68.23	55.31	69.5	55.67	69.59	50.93	63.16	40.38	66.6	39.5	56.42	34.69	58.81	38.18	45.47	46.12	49.25	51.15	60.95	52.53	59.99	55.29	29.74	35.51	34.09	41.75	47.98	45.15	52.19	54.87	25.58	55.15	35.22	62.48
246	8.2	68.19	55.29	69.5	55.65	69.55	50.87	63.16	40.5	66.5	39.47	56.32	34.85	58.69	38.37	45.64	46.38	49.35	51.69	60.9	52.57	59.99	55.25	29.67	35.75	33.89	42.03	47.8	45.21	51.62	54.91	25.69	54.61	34.6	61.54
247	8.233	68.03	55.32	69.35	55.66	69.35	50.9	63.13	40.51	66.32	39.5	56.29	34.86	58.59	38.37	45.6	46.38	49.33	51.71	60.75	52.53	59.92	55.37	29.55	35.63	33.74	41.88	47.88	44.99	51.72	54.66	25.78	54.33	34.74	61.34
248	8.267	67.98	55.27	69.27	55.61	69.31	50.9	62.97	40.48	66.27	39.57	56.16	34.75	58.46	38.32	45.41	46.27	49.09	51.62	60.44	52.38	59.73	55.39	29.51	35.81	33.68	42.07	47.79	44.9	51.58	54.57	25.88	54.23	34.8	61.36
249	8.3	67.93	55.44	69.31	55.81	69.28	50.99	63.07	40.69	66.21	39.56	56.08	34.78	58.26	38.3	45.15	46.34	48.83	51.75	60.25	52.52	59.59	55.46	29.36	35.88	33.46	42.13	47.88	44.81	51.62	54.45	25.71	54.33	34.79	61.27
250	8.333	67.79	55.49	69.07	55.59	69.05	51.2	62.2	41.49	65.99	40.83	55.52	37.51	58.07	39.75	47.26	48.47	48.83	52.11	59.23	52.65	59.26	55.67	29.28	36.42	33.74	42.07	44.2	45.77	50.71	54.03	25.83	56.55	37.75	62.01
251	8.367	67.64	55.54	69.15	56.02	69.03	51.06	63.06	41.21	66.01	39.67	56.03	35.06	57.93	38.29	45.28	46.48	48.71	51.89	59.92	52.78	59.32	55.77	29.16	35.64	33.0	41.74	47.13	44.56	50.44	53.9	25.24	54.13	33.88	60.31
252	8.4	67.64	55.63	69.16	56.13	69.03	51.13	63.03	41.27	65.95	39.65	55.87	34.94	57.83	38.2	44.92	46.32	48.66	51.71	59.8	52.94	59.31	55.58	29.41	35.74	33.3	41.86	47.2	44.5	50.54	53.89	25.21	54.17	34.04	60.28
253	8.433	67.6	55.51	69.11	56.02	68.98	51.06	63.01	41.21	65.9	39.6	55.92	34.86	57.86	38.08	45.09	46.07	48.71	51.43	59.9	52.75	59.3	55.41	29.53	35.42	33.42	41.51	47.05	44.32	50.43	53.68	25.08	54.07	33.86	60.15
254	8.467	67.61	55.5	69.08	56.0	68.99	51.1	62.96	41.15	65.94	39.7	55.92	34.8	57.94	38.15	45.14	45.73	48.67	51.17	59.93	52.64	59.23	55.34	29.46	35.19	33.43	41.34	47.0	44.06	50.5	53.52	25.18	53.89	34.02	60.17
255	8.5	67.62	55.49	69.07	55.99	69.0	51.1	62.93	41.08	65.98	39.72	55.9	34.69	57.97	38.19	45.05	45.75	48.61	51.39	59.88	52.67	59.2	55.41	29.31	34.99	33.35	41.22	46.88	43.92	50.51	53.52	24.98	53.86	33.99	60.3
256	8.533	67.68	55.51	69.12	56.0	69.06	51.14	62.94	41.07	65.99	39.75	55.88	34.73	57.93	38.13	45.07	45.6	48.68	50.98	59.93	52.56	59.26	55.37	29.3	34.93	33.32	41.11	46.88	43.78	50.42	53.3	25.34	53.7	34.3	60.2
257	8.567	67.67	55.39	69.1	55.86	69.02	51.05	62.97	40.99	65.96	39.72	55.96	34.73	57.98	38.03	45.18	45.5	48.72	50.66	59.98	52.36	59.22	55.14	29.37	34.78	33.38	40.91	46.79	43.66	50.31	53.13	25.35	53.61	34.2	60.2
258	8.6	67.69	55.36	69.12	55.82	69.03	51.03	62.92	40.91	65.93	39.74	55.85	34.58	57.9	38.1	44.99	45.25	48.53	50.74	59.94	52.26	59.19	55.16	29.25	34.75	33.29	41.02	46.75	43.41	50.33	53.09	25.17	53.38	34.13	60.16
259	8.633	67.65	55.18	69.09	55.63	68.96	50.89	62.97	40.84	65.89	39.71	56.01	34.64	57.9	38.0	45.33	45.24	48.68	50.49	60.16	52.15	59.23	55.14	29.1	34.6	33.05	40.78	46.6	43.23	50.13	52.83	25.0	53.26	33.94	60.13
260	8.667	67.66	55.15	69.09	55.61	68.97	50.87	63.02	40.81	65.95	39.69	56.17	34.58	57.95	37.86	45.24	45.16	48.46	50.25	60.29	51.96	59.09	54.94	29.47	34.41	33.36	40.57	46.87	43.04	50.3	52.67	25.07	53.16	33.98	60.22
261	8.7	67.62	55.07	69.04	55.55	68.93	50.84	63.01	40.83	65.93	39.69	56.24	34.63	57.92	37.82	45.34	45.02	48.5	49.96	60.19	51.91	58.88	54.8	29.66	34.44	33.48	40.52	46.74	43.1	50.07	52.63	25.09	53.17	33.96	60.11
262	8.733	67.64	54.99	69.05	55.45	68.93	50.75	63.04	40.68	65.97	39.63	56.36	34.49	58.05	37.83	45.42	44.91	48.5	50.1	60.41	51.73	59.02	54.76	29.76	34.3	33.59	40.48	46.8	42.92	50.17	52.61	24.96	53.09	33.84	60.22
263	8.767	67.69	54.85	69.1	55.31	68.99	50.62	63.06	40.54	66.03	39.51	56.39	34.38	58.14	37.81	45.49	44.66	48.57	50.02	60.57	51.5	59.19	54.67	29.78	34.22	33.65	40.47	46.63	42.94	50.03	52.71	24.94	53.16	33.81	60.27
264	8.8	67.7	54.8	69.07	55.27	69.02	50.6	63.0	40.52	66.12	39.53	56.38	34.36	58.19	37.81	45.54	44.66	48.58	50.08	60.55	51.46	59.04	54.82	29.78	34.17	33.66	40.42	46.64	42.96	50.01	52.72	25.12	53.15	33.86	60.28
265	8.833	67.67	54.78	69.06	55.27	69.01	50.55	63.02	40.51	66.13	39.42	56.43	34.25	58.14	37.69	45.53	44.65	48.5	50.19	60.6	51.49	58.97	54.92	29.84	34.12	33.66	40.38	46.65	43.0	49.97	52.78	24.97	53.24	33.76	60.27
266	8.867	67.72	54.74	69.12	55.24	69.07	50.5	63.06	40.47	66.19	39.35	56.45	34.21	58.2	37.64	45.58	44.67	48.57	50.23	60.71	51.45	59.09	54.91	29.85	34.17	33.68	40.43	46.66	43.04	49.94	52.8	25.02	53.34	33.69	60.3
267	8.9	67.76	54.71	69.18	55.2	69.1	50.43	63.15	40.4	66.18	39.22	56.48	34.14	58.26	37.57	45.69	44.52	48.71	50.13	60.76	51.53	59.19	54.95	29.86	34.14	33.72	40.39	46.72	43.02	50.05	52.75	25.04	53.4	33.75	60.23
268	8.933	67.81	54.69	69.24	55.21	69.19	50.4	63.17	40.41	66.3	39.12	56.45	34.04	58.3	37.42	45.63	44.36	48.66	49.96	60.7	51.62	59.16	54.97	29.84	34.1	33.74	40.33	46.82	43.02	50.15	52.68	25.04	53.51	33.67	60.19
269	8.967	67.85	54.71	69.26	55.22	69.22	50.43	63.23	40.38	66.35	39.15	56.56	34.09	58.44	37.43	45.74	44.37	48.75	49.82	60.69	51.68	59.11	54.97	29.87	34.02	33.8	40.2	46.89	43.02	50.28	52.64	25.09	53.52	33.72	60.26
270	9.0	67.88	54.73	69.3	55.24	69.24	50.44	63.32	40.37	66.38	39.13	56.71	34.08	58.55	37.43	45.91	44.28	48.86	49.77	60.84	51.59	59.22	54.81	30.03	33.9	33.93	40.1	46.85	43.16	50.15	52.81	25.08	53.53	33.54	60.23
271	9.033	67.84	54.68	69.27	55.18	69.19	50.39	63.32	40.46	66.33	39.19	56.72	34.33	58.46	37.58	45.94	44.5	48.83	49.87	61.0	51.41	59.4	54.64	30.13	33.99	33.92	40.17	46.82	43.17	50.02	52.8	25.12	53.53	33.52	60.25
272	9.067	67.74	54.7	69.22	55.24	69.13	50.38	63.27	40.56	66.26	39.11	56.51	34.3	58.34	37.49	45.72	44.29	48.72	49.62	60.77	51.56	59.1	54.53	30.02	34.03	33.89	40.15	46.84	43.24	50.16	52.75	25.07	53.66	33.66	60.08
273	9.1	67.75	54.73	69.26	55.28	69.14	50.38	63.34	40.66	66.23	39.09	56.53	34.37	58.36	37.53	45.87	44.27	48.88	49.66	60.74	51.65	59.15	54.5	30.19	34.16	34.0	40.26	46.76	43.54	49.91	52.97	25.17	53.81	33.42	59.91
274	9.133	67.74	54.75	69.23	55.29	69.12	50.42	63.3	40.66	66.22	39.19	56.51	34.41	58.38	37.64	45.84	44.4	48.89	49.79	60.71	51.7	59.22	54.5	30.09	34.09	33.95	40.21	46.75	43.44	50.02	52.93	25.19	53.68	33.56	59.93
275	9.167	67.77	54.78	69.23	55.31	69.15	50.48	63.25	40.7	66.25	39.33	56.43	34.45	58.36	37.81	45.65	44.33	48.69	49.82	60.45	51.62	58.99	54.34	30.01	34.13	33.9	40.32	46.86	43.42	50.17	53.02	25.25	53.55	33.6	59.98
276	9.2	67.68	54.85	69.19	55.4	69.09	50.51	63.25	40.85	66.2	39.33	56.36	34.54	58.24	37.86	45.68	44.26	48.67	49.8	60.37	51.74	58.85	54.39	29.92	34.21	33.76	40.37	46.8	43.44	49.97	52.95	25.29	53.62	33.56	59.76
277	9.233	67.65	54.88	69.12	55.44	69.07	50.56	63.16	40.84	66.24	39.4	56.32	34.51	58.3	37.93	45.68	44.16	48.66	49.82	60.43	51.66	58.9	54.38	29.81	34.07	33.72	40.28	46.77	43.32	50.02	52.91	25.32	53.55	33.6	59.8
278	9.267	67.63	54.83	69.14	55.41	69.08	50.48	63.22	40.88	66.28	39.28	56.31	34.58	58.28	37.8	45.66	44.23	48.62	49.69	60.4	51.67	58.8	54.39	29.78	34.08	33.68	40.2	46.76	43.35	49.98	52.77	25.37	53.55	33.61	59.59
279	9.3	67.61	54.71	69.1	55.27	69.05	50.36	63.18	40.72	66.24	39.2	56.28	34.56	58.28	37.83	45.64	44.31	48.67	49.78	60.47	51.53	58.92	54.29	29.66	34.14	33.6	40.3	46.61	43.38	49.91	52.86	25.29	53.49	33.66	59.67
280	9.333	67.79	54.71	69.3	55.27	69.23	50.31	63.34	40.65	66.36	39.06	56.41	34.5	58.39	37.72	45.76	44.44	48.73	49.86	60.53	51.66	59.06	54.31	29.79	34.27	33.71	40.4	46.76	43.5	49.97	52.93	25.31	53.62	33.5	59.64
281	9.367	67.84	54.58	69.34	55.11	69.26	50.2	63.38	40.53	66.4	39.04	56.46	34.57	58.48	37.79	45.81	44.54	48.75	49.9	60.54	51.53	59.04	54.25	29.71	34.31	33.66	40.46	46.75	43.54	50.07	53.0	25.31	53.5	33.52	59.71
282	9.4	67.97	54.46	69.39	54.98	69.38	50.11	63.35	40.33	66.57	38.96	56.56	34.45	58.67	37.7	46.03	44.62	48.85	49.97	60.62	51.48	59.05	54.29	29.63	34.29	33.66	40.42	46.86	43.57	50.3	53.04	25.34	53.45	33.55	59.79
283	9.433	67.94	54.4	69.32	54.9	69.36	50.06	63.25	40.2	66.56	38.9	56.48	34.34	58.71	37.71	45.87	44.68	48.86	50.17	60.63	51.49	59.11	54.23	29.74	34.4	33.83	40.61	46.93	43.75	50.4	53.33	25.32	53.56	33.46	60.01
284	9.467	68.08	54.44	69.45	54.97	69.52	50.09	63.38	40.26	66.78	38.9	56.65	34.42	58.96	37.68	46.01	44.82	48.92	50.16	60.58	51.44	59.15	54.07	29.92	34.38	34.02	40.52	47.03	44.01	50.37	53.48	25.46	53.64	33.17	59.92
285	9.5	68.14	54.41	69.49	54.91	69.57	50.05	63.42	40.19	66.82	38.85	56.71	34.45	59.05	37.75	46.32	44.76	49.1	50.21	60.67	51.51	59.34	54.19	29.97	34.41	34.08	40.55	47.04	44.04	50.44	53.45	25.73	53.39	33.38	59.53
286	9.533	68.07	54.44	69.45	54.96	69.51	50.1	63.44	40.36	66.79	38.98	56.71	34.58	59.01	37.92	46.6	44.52	49.18	50.14	60.69	51.63	59.29	54.3	29.82	34.45	33.89	40.6	46.85	43.99	50.23	53.37	25.78	53.14	33.38	59.07
287	9.567	68.07	54.35	69.46	54.88	69.5	50.03	63.48	40.3	66.76	38.92	56.76	34.49	59.0	37.93	46.69	44.31	49.22	50.14	60.68	51.57	59.29	54.22	30.07	34.38	34.07	40.57	46.88	43.98	50.16	53.42	25.95	52.88	33.39	58.75
288	9.6	68.22	54.34	69.59	54.84	69.62	50.0	63.6	40.2	66.83	38.86	56.92	34.62	59.13	37.89	46.77	44.8	49.43	50.24	60.83	51.62	59.53	54.23	30.16	34.43	34.14	40.56	46.82	44.06	50.06	53.44	26.01	52.79	33.41	58.77
289	9.633	68.35	54.37	69.7	54.87	69.76	50.03	63.61	40.15	66.99	38.89	56.89	34.51	59.22	37.98	46.66	44.73	49.41	50.45	60.9	51.63	59.61	54.26	30.07	34.56	34.14	40.83	47.05	44.01	50.36	53.6	26.01	52.64	33.44	58.81
290	9.667	68.4	54.38	69.75	54.86	69.82	50.03	63.63	40.09	67.03	38.86	56.88	34.42	59.31	38.01	46.81	44.63	49.52	50.62	61.07	51.66	59.79	54.53	29.98	34.59	34.12	40.93	47.1	44.05	50.5	53.68	26.1	52.72	33.54	58.85
291	9.7	68.41	54.44	69.75	54.9	69.84	50.08	63.6	40.04	67.03	38.87	56.81	34.32	59.32	38.07	46.86	44.42	49.51	50.64	61.04	51.8	59.69	54.59	29.9	34.63	34.1	41.02	47.2	44.08	50.72	53.78	26.17	52.77	33.71	58.89
292	9.733	68.35	54.49	69.74	54.96	69.75	50.08	63.77	40.21	66.95	38.85	56.98	34.58	59.32	38.1	46.85	44.67	49.48	50.59	60.99	51.74	59.79	54.28	30.33	34.66	34.39	40.93	47.37	44.28	50.76	53.81	26.33	52.97	33.76	58.89
293	9.767	68.39	54.49	69.79	54.97	69.83	50.03	63.84	40.14	67.11	38.72	57.11	34.55	59.46	38.08	46.89	44.72	49.39	50.73	61.17	51.68	59.75	54.23	30.31	34.49	34.42	40.79	47.46	44.19	50.96	53.78	26.05	53.07	33.66	59.02
294	9.8	68.47	54.38	69.86	54.84	69.91	49.9	63.89	40.06	67.19	38.64	57.08	34.53	59.58	38.04	46.91	44.86	49.44	50.85	61.08	51.71	59.74	54.22	30.32	34.68	34.5	40.94	47.7	44.29	51.34	53.79	26.31	53.24	33.91	59.09
295	9.833	68.37	54.42	69.75	54.87	69.81	49.91	63.86	39.98	67.16	38.56	57.08	34.45	59.61	38.0	46.81	45.01	49.53	51.07	61.24	51.48	59.89	54.05	30.2	34.44	34.43	40.74	47.94	44.26	51.72	53.86	26.23	53.2	34.08	59.25
296	9.867	68.41	54.23	69.74	54.69	69.86	49.78	63.87	39.9	67.33	38.52	57.31	34.46	59.76	38.03	47.07	45.12	49.77	51.22	61.28	51.75	60.06	54.22	30.48	34.7	34.61	40.98	48.27	44.59	51.92	54.2	26.44	53.34	34.17	59.39
297	9.9	68.33	54.14	69.69	54.6	69.75	49.69	63.88	39.85	67.19	38.43	57.21	34.39	59.7	37.93	47.06	45.3	49.94	51.32	61.25	51.73	60.1	54.19	30.44	34.89	34.57	41.12	48.31	44.93	52.02	54.43	26.71	53.64	34.44	59.59
298	9.933	68.53	53.69	69.79	54.09	69.87	49.37	63.95	39.53	67.32	38.41	57.47	34.57	60.01	37.89	47.36	45.74	50.29	51.12	61.48	51.67	60.32	54.01	30.77	35.08	34.9	41.19	48.25	45.24	52.02	54.68	26.99	53.52	34.51	59.92
299	9.967	68.48	53.7	69.72	54.1	69.8	49.35	64.02	39.36	67.31	38.2	57.57	34.42	60.24	37.62	47.23	45.84	50.69	50.9	61.61	51.32	60.52	53.33	31.01	34.84	35.28	40.89	48.34	45.29	52.32	54.7	26.86	53.44	34.68	59.9
300	10.0	68.65	53.32	69.78	53.7	69.99	49.01	63.97	38.95	67.62	37.94	57.67	34.35	60.6	37.52	47.26	46.24	50.89	51.1	62.06	51.02	60.8	53.07	31.22	34.82	35.7	40.89	48.6	45.24	52.76	54.74	26.94	53.28	34.81	60.12
301	10.033	68.74	52.8	69.9	53.18	70.08	48.47	64.08	38.54	67.69	37.46	57.7	34.11	60.76	37.37	47.5	46.12	51.16	51.25	62.44	50.98	61.03	53.06	31.67	34.96	36.2	41.09	48.65	45.64	52.84	55.13	27.27	53.47	35.03	60.0
302	10.067	68.72	52.16	69.77	52.48	70.05	47.92	63.9	37.94	67.8	37.15	57.67	33.98	60.89	37.37	47.21	46.56	51.11	51.54	62.3	50.65	60.93	52.42	31.83	35.49	36.46	41.7	48.27	46.02	52.77	55.71	27.15	53.35	35.36	60.3
303	10.1	68.66	52.09	69.76	52.46	70.03	47.76	64.11	37.86	67.93	36.78	57.99	33.78	60.97	37.25	47.45	46.35	51.08	51.85	62.57	50.4	60.97	52.24	32.4	35.75	36.85	42.03	48.27	46.54	52.59	56.31	27.08	53.94	35.31	60.43
304	10.133	68.71	52.12	69.92	52.51	70.11	47.69	64.32	37.89	67.97	36.57	58.08	33.7	60.94	37.28	47.46	46.41	50.99	52.37	62.55	50.0	60.99	51.98	32.81	36.45	37.14	42.84	47.99	47.21	52.18	56.98	26.9	54.3	35.15	60.23
305	10.167	68.92	52.11	70.21	52.51	70.34	47.6	64.65	37.88	68.13	36.4	58.25	33.61	61.03	37.19	47.47	46.29	50.88	52.45	62.52	50.01	60.8	52.2	32.95	36.35	37.22	42.77	48.09	47.23	52.23	57.0	26.92	54.71	35.17	60.43
306	10.2	68.93	52.02	70.22	52.43	70.37	47.53	64.57	37.89	68.18	36.43	58.11	33.58	61.07	37.3	47.5	46.14	50.97	52.53	62.58	49.85	60.85	52.11	32.89	36.54	37.26	43.02	47.85	47.34	52.07	57.14	26.91	55.04	35.12	60.61
307	10.233	68.9	52.11	70.18	52.53	70.36	47.63	64.49	38.03	68.18	36.57	58.0	33.74	61.05	37.41	47.38	46.26	51.05	52.52	62.66	50.03	60.99	52.27	32.83	36.7	37.27	43.15	47.93	47.6	52.21	57.36	26.92	55.51	35.24	61.12
308	10.267	68.9	52.21	70.2	52.64	70.37	47.69	64.56	38.07	68.23	36.53	58.02	33.73	61.04	37.42	47.34	46.28	51.02	52.63	62.62	50.09	60.89	52.28	32.69	36.76	37.11	43.23	48.03	47.62	52.33	57.42	26.92	55.69	35.39	61.24
309	10.3	68.99	52.11	70.26	52.51	70.44	47.63	64.57	38.0	68.27	36.63	58.05	33.78	61.1	37.6	47.36	46.28	51.02	52.73	62.66	50.13	60.92	52.39	32.7	36.85	37.14	43.4	47.96	47.63	52.34	57.56	26.95	55.62	35.45	61.43
310	10.333	68.97	52.17	70.24	52.55	70.43	47.69	64.5	38.02	68.25	36.7	57.92	33.81	61.05	37.78	47.21	46.33	50.94	52.95	62.53	50.23	60.84	52.41	32.57	36.99	37.04	43.62	47.85	47.67	52.3	57.72	26.92	55.69	35.53	61.54
311	10.367	69.02	52.29	70.31	52.65	70.45	47.83	64.57	38.12	68.22	36.88	57.98	33.89	61.11	37.99	47.28	46.08	50.93	52.89	62.54	50.37	60.79	52.63	32.74	37.17	37.21	43.86	47.81	47.79	52.29	57.92	26.96	55.83	35.51	61.73
312	10.4	68.98	52.33	70.28	52.7	70.42	47.84	64.63	38.12	68.23	36.81	58.07	33.92	61.12	37.87	47.29	46.27	50.97	52.84	62.56	50.21	60.79	52.44	32.74	37.06	37.18	43.68	47.88	47.72	52.37	57.77	26.99	55.84	35.71	61.74
313	10.433	69.09	52.38	70.38	52.72	70.52	47.89	64.64	38.12	68.25	36.87	58.03	33.9	61.16	37.96	47.32	46.25	51.04	52.94	62.63	50.47	60.84	52.61	32.79	37.18	37.28	43.86	47.91	47.73	52.45	57.86	27.08	55.88	35.78	61.8
314	10.467	69.09	52.4	70.37	52.74	70.52	47.92	64.57	38.15	68.22	36.91	57.92	33.89	61.07	38.0	47.3	46.34	51.09	53.12	62.54	50.33	60.85	52.43	32.71	37.2	37.21	43.9	47.8	47.68	52.36	57.82	27.11	55.82	35.84	61.67
315	10.5	69.09	52.41	70.35	52.78	70.53	47.95	64.53	38.2	68.24	36.95	57.9	33.87	61.07	38.0	47.34	46.24	51.1	53.09	62.48	50.28	60.87	52.47	32.81	37.14	37.3	43.83	47.8	47.72	52.33	57.83	27.2	55.84	35.89	61.6
316	10.533	69.09	52.3	70.35	52.66	70.53	47.86	64.49	38.15	68.24	36.95	57.89	33.92	61.06	38.08	47.35	46.24	51.03	53.1	62.48	50.27	60.85	52.45	32.79	37.24	37.27	43.95	47.79	47.76	52.3	57.89	27.19	55.73	35.79	61.55
317	10.567	69.03	52.33	70.31	52.69	70.47	47.87	64.51	38.2	68.19	36.92	57.88	33.94	61.0	38.02	47.3	46.32	51.03	53.1	62.47	50.25	60.88	52.4	32.84	37.27	37.29	43.94	47.83	47.76	52.27	57.82	27.21	55.8	35.79	61.54
318	10.6	69.04	52.27	70.64	52.94	70.71	47.73	64.99	39.31	68.29	36.96	57.72	33.95	59.82	38.44	48.02	44.97	51.15	53.39	62.84	50.88	61.13	52.88	33.06	38.13	36.84	44.71	48.04	47.9	50.42	57.51	28.25	56.39	36.22	60.1
319	10.633	69.07	52.2	70.66	52.87	70.73	47.69	65.01	39.29	68.31	36.97	57.79	33.95	59.83	38.42	48.16	45.1	51.25	53.49	62.94	50.86	61.19	52.87	33.06	38.1	36.79	44.67	47.98	48.02	50.37	57.63	28.29	56.46	36.27	60.21
320	10.667	69.17	52.21	70.7	52.87	70.84	47.71	64.93	39.16	68.39	36.93	57.73	33.86	59.84	38.44	48.11	45.21	51.24	53.66	62.98	50.99	61.26	52.91	33.03	38.13	36.82	44.78	48.02	48.06	50.45	57.79	28.29	56.38	36.33	60.26
321	10.7	69.13	52.37	70.73	53.03	70.82	47.78	65.01	39.29	68.38	36.9	57.74	33.92	59.81	38.5	48.05	45.22	51.23	53.78	62.97	51.12	61.25	52.96	32.99	38.2	36.76	44.86	48.11	48.13	50.46	57.84	28.17	56.56	36.23	60.22
322	10.733	69.14	52.35	70.73	53.01	70.83	47.77	64.99	39.27	68.37	36.91	57.72	33.94	59.81	38.51	48.06	45.28	51.23	53.8	62.94	51.11	61.28	52.95	32.95	38.24	36.73	44.89	48.04	48.09	50.42	57.79	28.12	56.43	36.18	60.1
323	10.767	69.17	52.38	70.75	53.03	70.84	47.82	65.0	39.26	68.36	36.96	57.78	33.96	59.85	38.52	48.09	45.42	51.29	53.86	62.94	51.18	61.29	53.04	33.04	38.24	36.81	44.88	47.92	48.11	50.31	57.81	28.13	56.4	36.19	60.15
324	10.8	69.09	52.61	70.73	53.26	70.76	47.97	65.1	39.4	68.25	36.93	57.8	33.97	59.79	38.52	48.06	45.33	51.23	53.92	62.9	51.4	61.21	53.26	33.15	38.26	36.86	44.9	48.03	48.19	50.3	57.86	28.17	56.67	36.15	60.19
325	10.833	69.09	52.54	70.73	53.19	70.75	47.92	65.11	39.39	68.26	36.93	57.85	34.02	59.81	38.53	48.07	45.35	51.22	53.87	62.85	51.33	61.17	53.22	33.2	38.28	36.9	44.88	48.08	48.24	50.35	57.86	28.17	56.73	36.14	60.27
326	10.867	69.09	52.55	70.74	53.19	70.74	47.92	65.14	39.39	68.25	36.94	57.89	34.1	59.82	38.54	48.09	45.51	51.22	53.91	62.89	51.34	61.25	53.25	33.17	38.25	36.85	44.82	48.05	48.19	50.3	57.8	28.15	56.62	36.09	60.23
327	10.9	69.1	52.54	70.73	53.17	70.74	47.91	65.11	39.37	68.24	36.95	57.87	34.14	59.81	38.54	48.13	45.59	51.2	53.92	62.94	51.27	61.25	53.22	33.11	38.25	36.81	44.8	48.03	48.14	50.34	57.73	28.15	56.49	36.12	60.16
328	10.933	69.12	52.58	70.78	53.21	70.76	47.94	65.18	39.42	68.27	37.0	57.94	34.19	59.86	38.63	48.18	45.5	51.17	53.93	63.04	51.23	61.36	53.31	33.1	38.24	36.77	44.83	48.16	48.03	50.45	57.67	28.11	56.31	36.05	60.03
329	10.967	69.11	52.59	70.76	53.2	70.74	47.95	65.15	39.41	68.23	37.02	57.9	34.21	59.86	38.68	48.24	45.56	51.21	54.05	63.08	51.23	61.36	53.38	32.99	38.28	36.7	44.89	48.04	48.01	50.41	57.66	28.07	56.3	36.07	60.03
330	11.0	69.12	52.64	70.77	53.24	70.76	47.97	65.13	39.41	68.26	37.01	57.84	34.18	59.85	38.75	48.22	45.48	51.17	54.18	63.13	51.32	61.42	53.49	32.87	38.34	36.61	45.01	48.19	47.98	50.58	57.71	28.07	56.32	36.06	60.06
331	11.033	69.07	52.66	70.71	53.28	70.71	48.0	65.08	39.45	68.2	37.01	57.8	34.25	59.81	38.71	48.19	45.76	51.23	54.23	63.03	51.45	61.35	53.48	32.94	38.49	36.67	45.09	48.0	48.19	50.32	57.81	28.02	56.5	35.93	60.1
332	11.067	69.09	52.59	70.73	53.2	70.72	47.94	65.08	39.38	68.19	36.98	57.82	34.2	59.81	38.67	48.27	45.76	51.29	54.25	63.02	51.43	61.32	53.48	32.92	38.46	36.64	45.06	47.89	48.2	50.22	57.82	28.0	56.47	35.9	60.06
333	11.1	69.1	52.58	70.71	53.18	70.72	47.95	65.06	39.35	68.19	36.97	57.84	34.18	59.82	38.62	48.35	45.78	51.33	54.21	63.09	51.45	61.35	53.47	32.9	38.43	36.62	45.01	47.94	48.23	50.29	57.83	28.02	56.53	35.92	60.17
334	11.133	68.82	52.76	70.55	53.4	70.44	48.06	65.13	39.65	67.91	36.95	57.78	34.35	59.57	38.48	48.15	45.72	51.1	53.89	63.08	51.34	61.34	53.36	33.16	38.06	36.75	44.47	47.95	48.24	50.09	57.59	28.25	56.71	35.98	60.05
335	11.167	68.79	52.79	70.48	53.42	70.39	48.11	65.06	39.61	67.88	36.95	57.79	34.31	59.6	38.39	48.29	45.83	51.2	53.94	63.24	51.34	61.4	53.42	33.1	38.07	36.72	44.46	47.89	48.24	50.09	57.58	28.16	56.64	35.88	60.05
336	11.2	68.75	52.78	70.44	53.43	70.35	48.1	65.07	39.62	67.88	36.94	57.79	34.28	59.64	38.37	48.14	45.83	51.29	53.95	63.14	51.42	61.46	53.45	33.2	38.04	36.84	44.43	47.95	48.31	50.14	57.67	28.22	56.77	35.97	60.18
337	11.233	68.75	52.7	70.43	53.34	70.35	48.04	65.03	39.53	67.85	36.89	57.7	34.2	59.59	38.4	48.11	45.72	51.34	53.96	63.08	51.43	61.42	53.4	33.09	38.05	36.75	44.49	47.82	48.4	50.06	57.83	28.25	56.81	36.04	60.23
338	11.267	68.71	52.63	70.39	53.29	70.33	47.96	64.99	39.55	67.84	36.82	57.65	34.23	59.55	38.33	48.11	45.81	51.39	53.94	63.05	51.39	61.45	53.31	33.09	38.1	36.76	44.49	47.77	48.52	49.98	57.83	28.21	56.94	35.98	60.19
339	11.3	68.75	52.51	70.43	53.16	70.35	47.87	65.01	39.47	67.87	36.83	57.7	34.24	59.63	38.35	48.27	45.88	51.5	53.98	63.07	51.41	61.44	53.43	33.02	38.23	36.7	44.61	47.47	48.53	49.74	57.82	28.14	56.93	35.89	60.19
340	11.333	68.7	52.53	70.4	53.21	70.33	47.87	65.0	39.53	67.87	36.78	57.66	34.2	59.56	38.25	48.23	45.79	51.46	53.91	62.97	51.29	61.41	53.39	32.97	38.16	36.61	44.5	47.48	48.56	49.68	57.78	28.09	56.98	35.83	60.08
341	11.367	68.72	52.43	70.37	53.11	70.35	47.82	64.92	39.46	67.9	36.79	57.66	34.22	59.58	38.2	48.3	45.98	51.48	53.93	63.08	51.2	61.43	53.37	32.93	38.26	36.6	44.57	47.41	48.68	49.65	57.86	28.05	56.98	35.8	60.19
342	11.4	68.73	52.48	70.39	53.17	70.37	47.85	64.94	39.48	67.92	36.75	57.64	34.16	59.57	38.16	48.3	45.95	51.51	53.96	63.06	51.25	61.43	53.35	32.91	38.3	36.58	44.62	47.41	48.7	49.64	57.88	28.07	57.07	35.83	60.18
343	11.433	68.72	52.5	70.41	53.2	70.36	47.85	65.0	39.5	67.9	36.71	57.69	34.11	59.55	38.11	48.3	45.82	51.5	53.89	63.06	51.32	61.43	53.38	33.08	38.29	36.69	44.61	47.48	48.77	49.62	57.93	28.15	57.17	35.87	60.16
344	11.467	68.81	52.75	70.21	53.08	70.17	48.13	64.54	38.51	67.65	36.86	57.7	34.3	60.56	37.92	47.32	47.81	51.18	54.1	62.42	50.94	61.1	53.06	32.74	37.76	36.99	44.2	47.4	48.61	51.73	58.23	27.07	56.19	35.64	61.32
345	11.5	68.74	52.78	70.17	53.13	70.13	48.14	64.52	38.6	67.65	36.86	57.63	34.25	60.52	37.94	47.35	47.71	51.21	54.21	62.43	51.01	61.08	53.16	32.72	37.79	36.99	44.26	47.3	48.54	51.59	58.15	27.1	56.24	35.65	61.13
346	11.533	68.74	52.74	70.17	53.08	70.12	48.09	64.5	38.53	67.58	36.79	57.54	34.14	60.44	37.84	47.37	47.64	51.22	54.18	62.5	50.98	61.1	53.15	32.63	37.76	36.9	44.24	47.3	48.48	51.56	58.08	27.23	56.22	35.74	61.07
347	11.567	68.76	52.51	70.17	52.85	70.15	47.89	64.42	38.31	67.6	36.63	57.52	33.96	60.41	37.73	47.55	47.52	51.24	54.18	62.68	50.93	61.14	53.1	32.55	37.81	36.81	44.33	47.16	48.47	51.38	58.11	27.16	56.12	35.56	60.96
348	11.6	68.7	52.4	70.43	53.1	70.37	47.67	64.94	39.22	67.82	36.33	57.48	33.52	59.33	37.86	48.49	45.23	51.47	54.05	63.16	51.33	61.27	53.52	32.64	38.31	36.24	44.83	47.1	48.78	49.17	58.13	27.96	57.3	35.61	59.92
349	11.633	68.79	52.3	70.49	53.01	70.45	47.62	64.95	39.15	67.91	36.36	57.52	33.45	59.41	37.83	48.54	45.15	51.5	53.97	63.11	51.27	61.26	53.53	32.59	38.41	36.22	44.95	46.95	48.85	49.07	58.23	27.82	57.39	35.48	60.12
350	11.667	68.68	52.63	70.1	53.04	70.12	47.97	64.5	38.38	67.73	36.51	57.73	33.75	60.43	37.42	47.6	47.33	51.21	54.0	62.67	50.96	61.11	53.13	32.6	37.86	36.74	44.32	47.49	48.66	51.5	58.24	27.0	56.61	35.4	61.29
351	11.7	68.59	52.71	70.02	53.13	70.01	48.06	64.44	38.52	67.61	36.59	57.72	33.89	60.31	37.41	47.52	47.52	51.19	53.93	62.59	50.97	61.11	53.1	32.68	37.9	36.75	44.26	47.54	48.77	51.47	58.22	26.9	56.76	35.37	61.4
352	11.733	68.46	52.85	69.92	53.32	69.92	48.16	64.43	38.68	67.61	36.59	57.67	33.9	60.28	37.25	47.28	47.61	51.11	53.82	62.55	50.84	61.05	53.0	32.62	37.69	36.73	43.95	47.66	48.69	51.59	57.99	26.79	56.84	35.38	61.36
353	11.767	68.51	52.71	69.93	53.19	69.97	48.09	64.39	38.6	67.67	36.66	57.78	33.92	60.27	37.27	47.38	47.56	51.03	53.69	62.53	50.74	61.06	53.0	32.55	37.75	36.57	44.01	47.66	48.74	51.47	58.08	26.76	56.58	35.19	61.33
354	11.8	68.5	52.84	69.92	53.33	69.97	48.22	64.31	38.72	67.63	36.75	57.62	33.97	60.14	37.29	47.24	47.69	50.98	53.72	62.44	50.95	60.91	53.18	32.37	37.95	36.45	44.18	47.56	48.94	51.45	58.21	26.55	56.83	35.21	61.53
355	11.833	68.56	52.97	69.95	53.44	69.99	48.39	64.37	38.81	67.67	36.97	57.84	34.07	60.27	37.47	47.5	47.68	51.18	53.8	62.65	51.3	61.16	53.46	32.52	37.9	36.52	44.19	47.65	48.88	51.42	58.31	26.58	56.64	35.04	61.55
356	11.867	68.48	53.21	69.85	53.69	69.91	48.64	64.34	38.84	67.66	37.04	57.99	34.01	60.23	37.28	47.32	47.8	51.05	53.53	62.67	51.46	61.08	53.37	32.5	37.88	36.46	44.07	48.18	49.13	51.95	58.55	26.29	57.85	35.09	63.1
357	11.9	68.41	53.39	69.64	53.98	69.83	48.83	64.09	38.89	67.5	36.95	57.72	34.01	59.98	37.05	47.08	48.4	50.72	54.12	62.85	51.9	61.41	53.72	31.68	36.8	35.75	43.08	46.99	48.7	50.81	58.42	25.66	56.7	33.94	62.44
358	11.933	68.38	53.47	69.55	54.08	69.84	48.9	63.86	38.81	67.57	36.92	57.47	34.1	60.0	37.02	46.74	48.69	50.76	54.04	62.94	51.9	61.53	53.68	31.13	36.9	35.47	43.13	46.8	49.21	51.02	58.92	25.05	57.65	33.95	63.61
359	11.967	68.44	53.43	69.63	54.01	69.87	48.79	63.97	38.71	67.57	36.75	57.68	34.39	60.11	36.86	46.43	49.34	50.55	53.89	63.18	51.83	61.43	53.6	31.17	37.26	35.58	43.31	46.8	50.02	51.51	59.62	23.59	59.45	33.48	65.78
360	12.0	68.41	53.68	69.63	54.27	69.87	48.95	64.0	38.76	67.59	36.69	57.65	34.37	60.04	36.78	46.14	49.47	50.38	53.94	63.13	51.82	61.36	53.62	31.05	37.1	35.52	43.14	46.93	50.13	51.91	59.72	23.45	60.07	34.04	66.44
361	12.033	68.42	53.69	69.63	54.25	69.85	48.98	64.04	38.77	67.6	36.82	57.75	34.53	60.19	37.01	46.24	49.57	50.42	54.06	63.16	51.9	61.39	53.72	31.14	37.26	35.6	43.32	46.98	50.27	51.97	59.9	23.57	59.95	33.95	66.45
362	12.067	68.53	53.62	69.69	54.13	69.91	48.94	64.05	38.57	67.62	36.8	57.88	34.58	60.29	37.03	46.21	49.66	50.38	53.88	63.27	51.91	61.43	53.65	31.22	37.43	35.76	43.47	47.14	50.38	52.43	60.09	23.23	60.08	34.12	67.02
363	12.1	68.57	53.63	69.74	54.17	69.99	48.97	64.04	38.67	67.7	36.89	57.73	34.63	60.29	37.2	46.15	49.6	50.54	54.03	63.07	52.01	61.4	53.75	31.08	37.44	35.7	43.56	46.72	50.16	52.24	59.91	23.28	59.12	34.57	65.87
364	12.133	68.56	53.51	69.72	54.06	69.97	48.92	64.02	38.66	67.68	36.97	57.76	34.64	60.15	37.2	46.26	49.73	50.56	53.99	62.96	52.01	61.35	53.75	31.1	37.25	35.65	43.34	46.29	50.02	52.11	59.7	23.4	59.14	35.44	65.93
365	12.167	68.61	53.32	69.75	53.86	70.02	48.77	63.97	38.52	67.75	36.97	57.63	34.52	60.23	37.25	46.27	49.72	50.7	54.19	62.92	52.03	61.58	53.87	30.93	37.15	35.57	43.35	46.02	49.53	51.83	59.3	23.76	57.97	35.52	64.8
366	12.2	68.67	53.17	69.8	53.72	70.13	48.64	63.86	38.54	67.84	37.0	57.41	34.45	60.2	37.27	46.19	49.76	50.8	54.3	62.75	52.11	61.77	53.85	30.86	37.3	35.54	43.55	45.63	49.41	51.35	59.16	23.96	57.99	35.48	64.59
367	12.233	68.64	53.18	69.79	53.73	70.06	48.67	64.01	38.57	67.83	37.03	57.99	34.46	60.22	37.29	46.6	49.7	50.75	54.32	62.75	52.12	61.68	53.82	31.58	37.38	35.9	43.61	45.61	49.37	51.1	59.16	23.44	57.74	35.21	64.29
368	12.267	68.68	53.29	69.86	53.82	70.07	48.73	64.23	38.53	67.85	36.92	58.33	34.39	60.35	37.26	46.85	49.61	50.82	54.44	62.81	52.22	61.69	53.85	32.01	37.3	36.15	43.56	45.95	49.48	51.01	59.34	23.73	57.6	34.89	64.05
369	12.3	68.58	53.41	69.74	53.94	69.97	48.89	64.07	38.67	67.69	37.09	57.99	34.31	60.15	37.28	46.72	49.53	50.7	54.53	62.78	52.12	61.75	53.88	32.06	37.39	36.3	43.69	45.84	49.22	51.21	59.04	24.22	57.18	35.69	63.56
370	12.333	68.42	53.55	69.56	54.03	69.78	49.0	64.0	38.63	67.47	37.02	57.94	34.26	59.99	37.18	46.61	49.58	50.55	54.48	62.77	52.23	61.71	53.92	32.24	37.55	36.46	43.78	46.25	49.37	51.73	59.14	24.56	57.55	36.28	64.05
371	12.367	68.37	53.65	69.49	54.19	69.8	49.1	63.79	38.78	67.48	37.06	57.49	34.14	59.76	37.0	46.5	49.64	50.4	54.54	62.75	52.27	61.69	54.09	31.8	37.59	36.19	43.77	45.98	49.39	51.68	58.94	24.9	58.05	36.85	64.19
372	12.4	68.41	53.54	69.49	54.02	69.78	49.07	63.74	38.65	67.38	37.17	57.55	33.89	59.74	37.1	46.79	49.17	50.46	54.57	62.83	52.29	61.86	54.18	32.09	37.59	36.33	43.94	46.24	49.15	51.48	58.95	25.59	57.47	36.61	63.8
373	12.433	68.58	53.64	69.84	53.83	69.74	49.29	63.58	39.16	66.84	38.31	57.36	35.58	59.37	38.66	48.08	50.48	50.52	55.54	62.93	52.06	61.92	54.12	32.77	39.42	36.82	45.95	44.73	50.26	51.72	59.93	25.04	58.54	38.37	64.32
374	12.467	68.58	53.62	69.81	53.85	69.78	49.3	63.46	39.22	66.84	38.29	57.13	35.49	59.19	38.36	47.96	50.68	50.43	55.36	62.64	52.1	61.88	54.14	32.65	39.49	36.77	45.85	44.53	50.35	51.81	59.71	25.32	59.42	39.11	64.95
375	12.5	68.59	53.56	69.81	53.81	69.8	49.29	63.39	39.18	66.81	38.34	57.06	35.31	58.99	38.37	48.08	50.45	50.38	55.38	62.65	52.18	61.8	54.33	32.57	39.45	36.68	45.9	44.05	50.07	51.69	59.5	25.27	59.51	39.94	65.01
376	12.533	68.59	53.44	69.8	53.66	69.8	49.2	63.34	39.07	66.82	38.35	57.03	35.21	59.05	38.49	48.25	50.13	50.46	55.47	62.76	52.18	61.86	54.6	32.51	39.3	36.6	45.85	44.22	49.98	51.43	59.54	25.77	59.3	39.51	64.85
377	12.567	68.56	53.48	69.77	53.69	69.76	49.23	63.39	39.04	66.83	38.34	57.16	35.15	59.17	38.55	48.4	49.78	50.54	55.43	63.0	52.13	61.94	54.71	32.5	39.19	36.5	45.84	44.43	50.05	51.15	59.78	25.73	59.03	38.61	64.64
378	12.6	68.63	53.35	69.81	53.58	69.85	49.17	63.37	39.03	66.96	38.4	57.22	35.15	59.2	38.59	48.52	49.61	50.52	55.29	62.98	52.15	61.72	54.86	32.68	39.06	36.74	45.7	44.09	49.87	51.33	59.6	25.6	59.05	39.48	64.68
379	12.633	68.63	53.34	69.81	53.58	69.85	49.14	63.38	39.03	66.96	38.33	57.19	35.16	59.21	38.5	48.44	49.82	50.49	55.38	62.9	52.07	61.78	54.72	32.64	39.08	36.74	45.68	44.05	49.87	51.41	59.52	25.48	59.1	39.5	64.66
380	12.667	68.61	53.31	69.82	53.55	69.83	49.12	63.41	39.07	66.94	38.39	57.22	35.16	59.22	38.5	48.56	49.71	50.55	55.3	62.92	52.04	61.8	54.76	32.59	38.92	36.62	45.52	43.95	49.69	51.04	59.34	25.68	58.8	39.16	64.33
381	12.7	68.57	53.45	69.79	53.7	69.78	49.22	63.38	39.18	66.84	38.4	57.06	35.36	59.14	38.44	48.33	50.16	50.44	55.27	62.77	52.23	61.68	54.82	32.38	38.87	36.55	45.3	43.93	49.84	51.43	59.22	25.48	58.96	39.54	64.42
382	12.733	68.53	53.46	69.71	53.68	69.7	49.27	63.39	39.09	66.83	38.48	57.34	35.34	59.21	38.57	48.43	49.91	50.37	55.17	62.86	52.11	61.7	54.56	32.64	38.88	36.63	45.42	44.13	49.73	51.32	59.4	25.27	58.24	38.98	64.09
383	12.767	68.55	53.47	69.73	53.68	69.72	49.28	63.39	39.09	66.83	38.5	57.35	35.4	59.13	38.64	48.38	49.9	50.25	55.12	62.91	52.25	61.61	54.72	32.57	38.93	36.54	45.48	44.2	49.91	51.49	59.61	25.24	58.58	39.29	64.57
384	12.8	68.85	53.48	69.46	53.75	69.92	49.69	62.53	38.49	66.58	38.59	56.84	34.69	58.3	38.04	48.67	49.22	50.27	54.35	63.47	52.71	61.83	54.46	31.25	36.95	35.18	43.98	41.91	48.2	48.59	59.21	24.6	55.75	37.74	63.7
385	12.833	68.58	53.53	69.75	53.73	69.76	49.24	63.32	39.02	66.88	38.35	57.24	35.5	59.25	38.56	47.93	50.33	50.17	55.2	62.94	52.26	61.66	54.5	32.43	39.22	36.54	45.72	44.82	50.1	51.85	59.78	24.88	58.53	38.35	64.68
386	12.867	68.65	53.36	69.8	53.55	69.81	49.12	63.31	38.84	66.91	38.31	57.26	35.36	59.21	38.44	47.91	50.43	50.17	55.15	62.86	52.08	61.67	54.29	32.36	39.23	36.45	45.74	44.58	49.92	51.77	59.63	24.88	58.51	38.71	64.86
387	12.9	68.71	53.26	69.88	53.44	69.87	49.0	63.4	38.78	66.96	38.24	57.29	35.34	59.29	38.47	47.93	50.41	50.17	55.27	62.87	52.12	61.66	54.35	32.41	39.31	36.48	45.87	44.63	50.01	51.63	59.77	24.96	58.45	38.34	64.75
388	12.933	69.14	53.29	69.68	53.51	70.2	49.54	62.47	38.17	66.8	38.57	56.81	34.43	58.49	38.09	48.49	49.2	50.35	54.49	63.39	52.69	62.18	54.22	31.19	37.12	35.21	44.36	42.08	47.93	48.44	59.29	24.77	55.3	37.21	63.7
389	12.967	68.79	53.33	70.0	53.54	69.98	49.04	63.45	38.92	67.03	38.28	57.26	35.43	59.24	38.53	47.92	50.47	50.17	55.38	62.97	52.06	61.82	54.37	32.21	39.31	36.22	45.9	44.46	50.1	51.18	59.88	24.81	58.63	37.76	64.79
390	13.0	68.78	53.26	69.97	53.45	69.96	49.01	63.38	38.87	66.99	38.3	57.19	35.38	59.28	38.49	48.1	50.49	50.36	55.41	63.02	51.89	61.92	54.29	32.18	39.25	36.24	45.82	44.42	50.12	51.09	59.84	25.1	58.46	37.75	64.59
391	13.033	68.79	53.24	70.02	53.45	69.97	48.95	63.43	38.96	66.98	38.24	57.16	35.39	59.21	38.47	48.19	50.55	50.41	55.59	63.08	51.86	62.06	54.33	32.11	39.29	36.06	45.88	44.27	50.05	50.57	59.74	25.14	58.37	37.19	64.21
392	13.067	68.87	52.64	70.37	52.99	70.37	48.23	63.74	39.82	67.4	38.14	57.13	35.59	58.35	39.19	48.88	49.4	50.61	56.19	62.51	52.3	61.75	53.76	33.83	40.15	36.9	46.51	46.61	51.47	48.56	60.37	29.49	62.1	36.91	65.26
393	13.1	68.8	53.48	69.73	54.05	70.23	49.25	63.36	39.24	67.16	37.7	56.99	34.97	58.28	38.1	47.47	48.7	49.97	55.01	63.57	51.73	62.33	54.85	32.24	36.76	35.87	43.41	44.52	48.87	47.96	59.09	26.87	57.47	35.99	63.66
394	13.133	68.82	53.1	70.02	53.32	70.0	48.89	63.44	38.89	67.0	38.28	57.28	35.36	59.09	38.55	48.37	50.3	50.32	55.43	63.03	51.93	61.92	54.33	32.23	39.38	36.1	45.99	44.17	50.3	50.89	60.05	25.06	58.9	38.1	64.86
395	13.167	68.83	53.11	70.02	53.31	70.01	48.89	63.46	38.82	67.04	38.28	57.3	35.39	59.17	38.65	48.3	50.25	50.36	55.42	63.07	51.98	61.99	54.27	32.24	39.59	36.18	46.24	44.38	50.49	51.28	60.33	25.04	58.92	38.38	65.03
396	13.2	68.82	53.05	69.98	53.25	69.99	48.86	63.45	38.76	67.07	38.26	57.39	35.37	59.24	38.57	48.29	50.23	50.32	55.23	63.0	52.05	61.84	54.18	32.28	39.44	36.22	46.03	44.36	50.5	51.31	60.32	24.96	59.02	38.35	65.25
397	13.233	68.86	53.03	70.08	53.26	70.04	48.79	63.56	38.78	67.09	38.16	57.41	35.33	59.14	38.43	48.1	50.43	50.23	55.24	62.97	52.05	61.92	54.1	32.23	39.36	36.06	45.93	44.5	50.38	51.13	60.16	25.01	59.2	38.07	65.39
398	13.267	68.97	52.54	70.51	52.89	70.46	48.03	63.98	39.59	67.54	37.82	57.38	35.65	58.49	39.03	48.61	50.01	50.48	56.36	62.43	52.78	61.77	53.67	33.72	40.53	36.77	46.83	46.61	52.18	48.65	61.09	28.73	63.08	36.46	66.37
399	13.3	68.91	53.03	70.0	53.56	70.29	48.66	63.71	38.43	67.67	37.22	57.21	34.05	59.92	37.07	46.53	49.69	50.67	54.36	62.84	52.26	62.08	53.97	30.96	38.07	35.53	44.41	44.94	49.64	50.19	59.42	24.33	57.7	34.78	64.27
400	13.333	68.95	53.03	70.04	53.51	70.27	48.62	63.9	38.26	67.71	37.14	57.63	34.15	60.16	37.34	46.57	49.58	50.66	54.49	62.81	52.45	61.95	53.94	31.21	37.94	35.65	44.41	45.34	49.59	50.49	59.7	23.81	56.94	34.21	63.88
401	13.367	69.02	52.94	70.09	53.4	70.34	48.52	63.83	38.16	67.78	37.13	57.46	34.29	60.34	37.52	46.41	49.62	50.73	54.53	62.87	52.29	61.93	53.97	30.83	38.01	35.49	44.54	45.12	49.71	50.25	59.9	23.57	57.0	33.52	64.07
402	13.4	69.03	52.84	70.03	53.26	70.36	48.41	63.67	37.86	67.81	36.97	57.18	34.2	60.21	37.37	45.86	50.07	50.52	54.6	62.8	52.24	61.71	53.92	30.28	38.24	35.14	44.75	45.32	50.07	51.02	60.34	23.47	58.19	34.47	65.85
403	13.433	69.01	52.96	70.1	53.43	70.39	48.45	63.86	37.99	67.87	36.82	57.53	34.17	60.14	37.24	46.03	49.85	50.37	54.52	62.93	52.15	61.72	53.87	30.41	38.19	34.98	44.67	45.45	50.54	50.7	60.82	22.76	59.64	33.57	67.03
404	13.467	69.09	52.88	70.15	53.34	70.46	48.41	63.81	37.93	67.88	36.83	57.3	33.9	60.06	37.15	45.9	49.65	50.34	54.55	62.8	52.07	61.75	53.87	30.21	38.09	34.84	44.64	45.7	50.42	50.83	60.78	23.46	60.09	33.77	67.58
405	13.5	69.09	52.86	70.18	53.34	70.48	48.37	63.73	38.04	67.82	36.85	56.96	33.98	59.97	37.22	45.87	49.72	50.33	54.75	62.75	52.23	61.73	54.06	29.94	38.0	34.68	44.55	45.5	50.14	50.44	60.4	23.8	59.44	33.41	66.58
406	13.533	68.99	53.04	70.09	53.54	70.45	48.42	63.61	38.08	67.81	36.67	56.95	34.24	59.73	37.38	45.14	49.87	49.86	54.82	62.58	52.28	61.44	53.96	29.91	38.09	34.65	44.71	45.33	50.34	50.43	60.84	21.98	59.94	32.71	67.28
407	13.567	69.03	52.51	70.65	52.83	70.56	47.88	63.99	39.46	67.69	37.73	57.26	35.87	58.72	39.54	48.05	50.23	50.19	57.0	62.22	52.87	61.75	53.88	32.73	41.0	35.93	47.58	46.05	52.37	47.78	61.72	26.96	62.49	33.82	66.01
408	13.6	69.07	52.83	70.23	53.29	70.46	48.28	63.87	38.05	67.72	36.79	56.94	34.01	59.77	37.42	45.98	49.53	50.28	54.95	62.3	52.27	61.52	54.34	29.73	37.54	34.27	44.16	45.5	49.65	50.15	59.88	24.61	58.25	33.89	65.14
409	13.633	69.1	52.75	70.45	53.03	70.52	48.12	64.08	38.03	67.83	36.99	57.08	34.19	60.04	38.08	46.03	48.98	50.51	54.71	62.19	51.83	61.06	54.12	30.1	38.82	34.57	45.58	45.89	50.71	50.43	60.91	24.67	59.76	34.29	66.21
410	13.667	69.11	52.79	70.47	53.08	70.52	48.16	64.08	38.07	67.77	36.98	57.01	34.13	59.98	37.96	46.07	48.99	50.54	54.66	62.12	51.79	61.06	54.1	30.18	38.88	34.64	45.59	45.8	50.75	50.34	60.84	24.82	59.84	34.36	66.13
411	13.7	69.05	52.84	70.43	53.15	70.51	48.15	64.06	38.1	67.8	36.83	56.93	34.1	59.94	37.83	45.91	49.0	50.49	54.6	62.12	51.74	61.12	53.95	30.12	38.77	34.61	45.43	45.99	50.72	50.42	60.74	24.85	60.11	34.27	66.22
412	13.733	69.0	52.79	70.37	53.13	70.49	48.09	64.06	38.14	67.86	36.76	56.98	34.13	59.92	37.75	45.94	49.01	50.47	54.51	62.09	51.68	61.12	53.83	30.16	38.79	34.6	45.39	46.12	50.73	50.46	60.66	24.88	60.15	34.31	66.14
413	13.767	68.98	52.76	70.36	53.1	70.46	48.06	64.06	38.09	67.83	36.72	56.98	34.1	59.9	37.71	45.93	49.02	50.48	54.5	62.13	51.68	61.17	53.78	30.12	38.78	34.53	45.39	46.07	50.68	50.36	60.63	24.85	60.02	34.23	66.05
414	13.8	68.96	52.66	70.35	53.02	70.44	47.97	64.05	38.07	67.85	36.68	57.02	34.17	59.92	37.68	45.99	49.11	50.5	54.46	62.22	51.56	61.2	53.72	30.05	38.87	34.45	45.43	45.96	50.73	50.19	60.62	24.62	59.9	33.91	65.91
415	13.833	69.09	52.53	70.48	52.89	70.56	47.86	64.18	37.98	67.97	36.61	57.22	34.12	60.0	37.52	46.15	49.15	50.54	54.29	62.24	51.32	61.2	53.52	30.17	38.85	34.5	45.36	45.87	50.71	50.08	60.53	24.67	59.71	33.98	65.75
416	13.867	69.07	52.59	70.48	52.95	70.55	47.88	64.25	37.97	67.97	36.57	57.26	34.04	60.01	37.61	46.18	48.86	50.51	54.37	62.37	51.33	61.25	53.6	30.16	38.74	34.45	45.37	45.99	50.56	50.14	60.56	24.71	59.66	33.99	65.72
417	13.9	69.09	52.56	70.53	52.9	70.55	47.82	64.34	37.93	67.95	36.52	57.34	34.05	60.03	37.61	46.21	48.98	50.54	54.47	62.45	51.37	61.29	53.53	30.24	38.69	34.5	45.34	45.97	50.53	50.1	60.56	24.63	59.68	33.9	65.76
418	13.933	69.05	52.69	70.52	53.05	70.53	47.91	64.35	38.08	67.9	36.51	57.3	34.05	59.91	37.55	46.18	48.93	50.51	54.45	62.43	51.4	61.28	53.53	30.38	38.62	34.56	45.22	46.18	50.47	50.14	60.41	24.85	59.76	34.0	65.59
419	13.967	68.99	52.68	70.46	53.06	70.48	47.91	64.33	38.14	67.9	36.52	57.27	34.07	59.91	37.57	46.25	48.82	50.53	54.4	62.44	51.4	61.22	53.51	30.32	38.68	34.51	45.28	46.12	50.47	50.12	60.38	24.81	59.83	34.02	65.55
420	14.0	69.0	52.67	70.49	53.04	70.49	47.89	64.32	38.14	67.86	36.53	57.19	34.02	59.84	37.65	46.25	48.69	50.51	54.47	62.41	51.41	61.25	53.5	30.27	38.69	34.47	45.35	46.05	50.36	50.06	60.32	24.88	59.78	34.09	65.43
421	14.033	68.99	52.64	70.46	53.02	70.48	47.89	64.26	38.12	67.86	36.55	57.16	34.03	59.83	37.55	46.2	48.8	50.5	54.33	62.34	51.34	61.21	53.45	30.23	38.69	34.45	45.27	46.03	50.39	50.1	60.27	24.84	59.79	34.11	65.52
422	14.067	68.98	52.69	70.48	53.06	70.46	47.91	64.29	38.12	67.77	36.52	57.11	34.02	59.79	37.61	46.16	48.76	50.47	54.42	62.38	51.44	61.21	53.44	30.21	38.75	34.44	45.39	46.0	50.37	50.03	60.32	24.86	59.76	34.04	65.45
423	14.1	68.96	52.66	70.45	53.03	70.44	47.88	64.28	38.1	67.77	36.47	57.14	34.01	59.8	37.47	46.22	48.92	50.55	54.41	62.41	51.33	61.25	53.38	30.22	38.75	34.43	45.32	45.96	50.42	49.96	60.27	24.83	59.69	33.95	65.35
424	14.133	68.91	52.76	70.39	53.12	70.4	47.95	64.2	38.1	67.74	36.47	57.02	33.99	59.76	37.51	46.07	48.86	50.47	54.42	62.41	51.46	61.27	53.46	30.1	38.83	34.38	45.43	46.04	50.4	50.11	60.29	24.77	59.74	34.01	65.44
425	14.167	68.95	52.73	70.42	53.1	70.42	47.97	64.22	38.11	67.75	36.53	57.08	33.98	59.75	37.47	46.15	48.92	50.5	54.39	62.38	51.34	61.22	53.38	30.09	38.78	34.32	45.36	45.96	50.41	49.98	60.3	24.81	59.7	33.98	65.47
426	14.2	68.93	52.74	70.4	53.1	70.4	47.98	64.2	38.07	67.71	36.51	57.07	33.88	59.73	37.5	46.19	48.72	50.52	54.42	62.39	51.39	61.23	53.38	30.16	38.81	34.38	45.45	45.95	50.39	49.96	60.36	24.83	59.69	34.0	65.43
427	14.233	68.95	52.8	70.39	53.14	70.38	48.09	64.16	38.09	67.66	36.67	57.08	33.88	59.73	37.56	46.28	48.73	50.55	54.43	62.39	51.38	61.24	53.3	30.14	38.8	34.35	45.48	45.79	50.32	49.82	60.36	24.86	59.5	33.96	65.4
428	14.267	68.92	52.82	70.36	53.19	70.38	48.11	64.11	38.13	67.66	36.66	57.01	33.83	59.67	37.52	46.19	48.65	50.47	54.4	62.27	51.3	61.16	53.27	30.08	38.76	34.3	45.43	45.8	50.3	49.83	60.32	24.82	59.55	33.98	65.37
429	14.3	68.94	52.85	70.39	53.19	70.36	48.15	64.14	38.13	67.59	36.72	57.04	33.8	59.66	37.56	46.25	48.57	50.52	54.4	62.25	51.28	61.16	53.21	30.16	38.73	34.35	45.44	45.72	50.26	49.74	60.34	24.89	59.38	33.96	65.24
430	14.333	68.96	52.92	70.41	53.27	70.39	48.23	64.16	38.17	67.65	36.82	57.07	33.78	59.71	37.63	46.22	48.41	50.46	54.36	62.21	51.33	61.1	53.34	30.08	38.69	34.3	45.45	45.72	50.09	49.81	60.26	24.86	59.23	34.04	65.22
431	14.367	68.96	52.91	70.42	53.26	70.39	48.21	64.17	38.15	67.64	36.79	57.05	33.76	59.71	37.6	46.19	48.43	50.46	54.35	62.18	51.24	61.11	53.26	30.03	38.67	34.25	45.43	45.7	50.11	49.8	60.26	24.83	59.2	34.02	65.18
432	14.4	68.97	52.88	70.41	53.23	70.4	48.19	64.15	38.16	67.65	36.79	57.07	33.82	59.7	37.61	46.21	48.52	50.42	54.37	62.19	51.25	61.07	53.19	30.14	38.77	34.34	45.5	45.75	50.13	49.77	60.26	24.81	59.18	33.92	65.14
433	14.433	68.95	52.86	70.41	53.23	70.39	48.18	64.18	38.21	67.67	36.78	57.12	33.84	59.7	37.59	46.31	48.54	50.5	54.39	62.25	51.21	61.11	53.17	30.13	38.79	34.27	45.52	45.66	50.24	49.59	60.34	24.78	59.2	33.78	65.06
434	14.467	68.94	52.79	70.39	53.15	70.37	48.12	64.13	38.17	67.61	36.78	57.06	33.85	59.62	37.62	46.23	48.52	50.41	54.34	62.17	51.21	61.06	53.12	30.2	38.83	34.34	45.55	45.69	50.19	49.65	60.28	24.8	59.24	33.89	65.13
435	14.5	68.93	52.74	70.36	53.11	70.38	48.09	64.11	38.14	67.68	36.76	57.06	33.78	59.68	37.57	46.36	48.43	50.49	54.32	62.21	51.16	61.03	53.13	30.1	38.83	34.28	45.55	45.5	50.24	49.49	60.33	24.8	59.35	33.86	65.17
436	14.533	68.95	52.66	70.38	53.03	70.39	48.01	64.12	38.07	67.67	36.69	57.08	33.75	59.66	37.52	46.33	48.45	50.47	54.3	62.19	51.1	61.06	53.11	30.18	38.83	34.33	45.55	45.54	50.29	49.5	60.36	24.82	59.34	33.85	65.18
437	14.567	68.96	52.61	70.38	52.99	70.42	47.97	64.1	38.02	67.71	36.65	57.07	33.7	59.68	37.45	46.33	48.43	50.48	54.23	62.21	51.0	61.05	53.01	30.1	38.8	34.28	45.5	45.57	50.31	49.53	60.37	24.83	59.34	33.83	65.2
438	14.6	68.99	52.6	70.4	52.96	70.42	47.98	64.08	38.02	67.68	36.71	57.04	33.74	59.66	37.47	46.35	48.54	50.5	54.26	62.2	51.02	61.12	53.04	30.08	38.8	34.26	45.49	45.47	50.27	49.47	60.31	24.87	59.31	33.87	65.23
439	14.633	69.04	52.57	70.42	52.93	70.47	47.98	64.09	37.96	67.75	36.74	57.14	33.73	59.78	37.42	46.37	48.61	50.53	54.2	62.23	51.03	61.13	53.03	30.18	38.72	34.37	45.4	45.49	50.26	49.55	60.32	24.83	59.23	33.87	65.33
440	14.667	69.02	52.54	70.39	52.9	70.44	47.97	64.05	37.94	67.7	36.73	57.1	33.65	59.73	37.4	46.39	48.47	50.53	54.12	62.28	50.92	61.18	52.92	30.17	38.67	34.36	45.38	45.37	50.17	49.42	60.28	24.77	59.15	33.8	65.27
441	14.7	69.0	52.58	70.4	52.97	70.43	47.97	64.11	38.02	67.7	36.68	57.12	33.66	59.68	37.32	46.34	48.43	50.46	54.03	62.25	50.84	61.19	52.8	30.24	38.52	34.39	45.19	45.46	50.14	49.45	60.17	24.81	59.18	33.84	65.15
442	14.733	69.04	52.56	70.43	52.94	70.47	47.97	64.13	38.0	67.74	36.68	57.17	33.65	59.68	37.3	46.46	48.37	50.48	53.97	62.27	50.78	61.1	52.8	30.22	38.45	34.34	45.1	45.42	50.13	49.37	60.15	24.85	59.15	33.83	65.12
443	14.767	69.0	52.54	70.39	52.92	70.43	47.92	64.11	37.92	67.66	36.55	57.12	33.57	59.65	37.17	46.43	48.45	50.55	53.99	62.3	50.78	61.13	52.8	30.21	38.47	34.36	45.1	45.46	50.23	49.49	60.2	24.81	59.28	33.94	65.18
444	14.8	69.0	52.58	70.4	52.99	70.44	47.95	64.19	37.99	67.74	36.53	57.25	33.61	59.7	37.08	46.47	48.57	50.61	53.93	62.29	50.78	61.11	52.75	30.31	38.36	34.4	44.91	45.6	50.25	49.6	60.12	24.87	59.41	34.1	65.23
445	14.833	69.03	52.51	70.44	52.9	70.45	47.89	64.22	37.93	67.71	36.51	57.27	33.61	59.72	37.05	46.48	48.6	50.62	53.9	62.27	50.78	61.08	52.77	30.33	38.39	34.43	44.92	45.55	50.26	49.55	60.11	24.85	59.34	33.96	65.21
446	14.867	68.97	52.55	70.39	52.95	70.39	47.93	64.2	38.02	67.67	36.55	57.29	33.68	59.66	37.09	46.6	48.61	50.66	53.93	62.3	50.8	61.09	52.87	30.29	38.41	34.33	44.92	45.45	50.3	49.37	60.11	24.8	59.34	33.89	65.12
447	14.9	68.98	52.61	70.4	53.02	70.41	47.97	64.24	38.04	67.72	36.55	57.33	33.71	59.71	37.09	46.52	48.69	50.63	53.94	62.25	50.88	61.03	52.88	30.33	38.42	34.38	44.92	45.55	50.33	49.52	60.12	24.8	59.41	34.02	65.21
448	14.933	68.97	52.61	70.38	53.01	70.4	47.98	64.17	38.03	67.65	36.55	57.22	33.65	59.64	37.04	46.51	48.68	50.64	53.95	62.25	50.88	61.08	52.89	30.31	38.42	34.38	44.92	45.5	50.28	49.47	60.07	24.86	59.37	34.03	65.15
449	14.967	68.97	52.65	70.36	53.05	70.41	48.02	64.14	38.03	67.69	36.57	57.21	33.65	59.67	37.07	46.45	48.65	50.62	53.94	62.22	50.9	61.06	52.9	30.31	38.44	34.4	44.95	45.6	50.3	49.59	60.12	24.88	59.35	34.04	65.18
450	15.0	69.02	52.63	70.4	53.02	70.46	48.0	64.14	38.0	67.73	36.56	57.22	33.68	59.69	37.03	46.37	48.76	50.58	53.87	62.2	50.82	61.08	52.79	30.35	38.49	34.46	44.96	45.71	50.32	49.71	60.11	24.93	59.38	34.11	65.3
451	15.033	69.0	52.61	70.36	53.0	70.42	48.0	64.14	38.0	67.7	36.58	57.26	33.7	59.71	37.05	46.47	48.78	50.62	53.9	62.22	50.85	61.07	52.83	30.46	38.5	34.55	44.96	45.7	50.35	49.69	60.12	24.98	59.34	34.09	65.25
452	15.067	69.02	52.56	70.36	52.94	70.43	47.98	64.12	37.94	67.7	36.59	57.25	33.68	59.75	37.05	46.5	48.77	50.65	53.88	62.26	50.83	61.06	52.82	30.45	38.49	34.57	44.96	45.63	50.34	49.7	60.14	24.97	59.3	34.15	65.29
453	15.1	68.99	52.52	70.32	52.91	70.4	47.95	64.07	37.93	67.69	36.58	57.24	33.66	59.71	37.02	46.54	48.73	50.63	53.82	62.25	50.81	61.04	52.81	30.46	38.48	34.58	44.93	45.63	50.35	49.68	60.11	25.03	59.31	34.21	65.28
454	15.133	68.97	52.59	70.31	52.98	70.38	48.02	64.09	37.98	67.67	36.62	57.27	33.69	59.71	37.04	46.56	48.75	50.67	53.84	62.25	50.87	61.08	52.85	30.52	38.45	34.62	44.89	45.66	50.43	49.74	60.18	25.07	59.38	34.31	65.3
455	15.167	68.99	52.51	70.3	52.89	70.39	47.96	64.06	37.88	67.67	36.58	57.23	33.63	59.75	36.96	46.57	48.79	50.71	53.82	62.27	50.78	61.09	52.82	30.46	38.5	34.61	44.93	45.64	50.51	49.79	60.24	25.11	59.36	34.31	65.36
456	15.2	68.95	52.54	70.26	52.91	70.36	47.98	63.99	37.84	67.64	36.57	57.09	33.58	59.74	36.99	46.41	48.75	50.7	53.83	62.24	50.84	61.1	52.82	30.27	38.56	34.52	45.02	45.69	50.52	49.93	60.3	25.1	59.42	34.36	65.5
457	15.233	68.98	52.51	70.28	52.85	70.37	47.96	64.0	37.76	67.64	36.59	57.11	33.59	59.81	37.03	46.5	48.78	50.76	53.87	62.3	50.81	61.12	52.89	30.14	38.59	34.44	45.07	45.58	50.5	49.92	60.32	25.05	59.35	34.36	65.55
458	15.267	68.99	52.5	70.28	52.84	70.37	47.98	64.01	37.78	67.65	36.65	57.15	33.61	59.84	37.09	46.57	48.67	50.76	53.81	62.3	50.76	61.1	52.9	30.21	38.46	34.49	44.96	45.56	50.45	49.92	60.29	25.13	59.3	34.41	65.55
459	15.3	68.95	52.53	70.23	52.9	70.35	48.02	63.96	37.83	67.67	36.66	57.13	33.6	59.85	37.0	46.56	48.62	50.79	53.67	62.28	50.69	61.08	52.89	30.1	38.4	34.42	44.83	45.63	50.44	50.03	60.2	25.11	59.38	34.47	65.59
460	15.333	68.94	52.52	70.21	52.88	70.34	48.01	63.93	37.8	67.67	36.65	57.09	33.57	59.83	37.0	46.57	48.58	50.79	53.67	62.29	50.72	61.1	52.94	30.06	38.4	34.39	44.85	45.55	50.47	49.96	60.24	25.07	59.37	34.44	65.58
461	15.367	68.94	52.53	70.22	52.9	70.35	48.02	63.92	37.81	67.67	36.67	57.08	33.54	59.82	37.0	46.51	48.52	50.76	53.64	62.26	50.76	61.11	52.96	30.07	38.38	34.4	44.85	45.59	50.45	50.0	60.25	25.05	59.42	34.44	65.65
462	15.4	68.95	52.5	70.23	52.87	70.36	47.99	63.97	37.8	67.69	36.63	57.15	33.56	59.84	36.97	46.53	48.55	50.74	53.6	62.26	50.73	61.09	52.95	30.12	38.32	34.42	44.76	45.66	50.43	50.05	60.19	25.12	59.38	34.51	65.63
463	15.433	68.92	52.53	70.22	52.9	70.32	48.01	64.01	37.81	67.69	36.62	57.2	33.56	59.9	36.96	46.5	48.5	50.75	53.52	62.25	50.76	61.05	52.92	30.09	38.21	34.4	44.63	45.71	50.46	50.1	60.23	25.07	59.45	34.42	65.71
464	15.467	68.91	52.48	70.21	52.86	70.32	47.96	64.01	37.78	67.7	36.58	57.19	33.54	59.91	36.91	46.55	48.5	50.79	53.5	62.27	50.71	61.09	52.9	30.03	38.19	34.35	44.61	45.66	50.45	50.07	60.19	25.06	59.45	34.4	65.68
465	15.5	68.91	52.45	70.2	52.84	70.32	47.93	63.98	37.76	67.7	36.56	57.19	33.47	59.84	36.85	46.47	48.39	50.66	53.42	62.23	50.68	61.06	52.93	30.04	38.11	34.31	44.54	45.73	50.39	50.07	60.17	25.02	59.44	34.36	65.73
466	15.533	68.92	52.42	70.19	52.81	70.33	47.92	63.92	37.71	67.68	36.54	57.13	33.39	59.8	36.76	46.46	48.34	50.66	53.34	62.22	50.65	61.09	52.91	30.01	38.02	34.3	44.44	45.73	50.36	50.07	60.12	25.06	59.39	34.36	65.71
467	15.567	68.93	52.41	70.2	52.8	70.34	47.9	63.93	37.68	67.7	36.5	57.14	33.36	59.84	36.7	46.43	48.32	50.67	53.26	62.31	50.66	61.18	52.83	30.01	38.08	34.33	44.5	45.72	50.37	50.03	60.15	24.93	59.36	34.13	65.71
468	15.6	68.89	52.34	70.18	52.75	70.3	47.82	63.99	37.67	67.7	36.4	57.24	33.33	59.89	36.61	46.59	48.15	50.74	53.11	62.4	50.58	61.21	52.84	30.1	37.91	34.38	44.29	45.65	50.35	49.92	60.07	24.84	59.44	34.0	65.64
469	15.633	68.88	52.27	70.17	52.69	70.29	47.75	64.06	37.63	67.72	36.3	57.39	33.31	59.9	36.42	46.69	48.27	50.78	53.04	62.4	50.51	61.18	52.89	30.19	37.7	34.36	43.98	45.69	50.41	49.9	60.0	24.87	59.52	34.03	65.67
470	15.667	68.84	52.2	70.12	52.62	70.24	47.7	64.03	37.51	67.69	36.23	57.42	33.18	59.94	36.32	46.77	48.18	50.86	52.98	62.42	50.5	61.1	52.84	30.17	37.65	34.37	43.94	45.57	50.38	49.87	60.0	24.75	59.48	34.04	65.67
471	15.7	68.81	52.2	70.11	52.63	70.22	47.65	64.05	37.41	67.65	36.04	57.37	33.02	59.91	36.09	46.62	48.18	50.78	52.87	62.4	50.56	61.16	52.74	30.07	37.6	34.3	43.87	45.43	50.42	49.71	60.02	24.39	59.54	33.63	65.66
472	15.733	68.82	52.19	70.11	52.63	70.24	47.64	64.02	37.39	67.7	36.01	57.33	32.94	59.91	36.06	46.5	48.02	50.74	52.78	62.44	50.53	61.25	52.64	30.08	37.54	34.34	43.86	45.47	50.32	49.74	60.0	24.43	59.56	33.69	65.72
473	15.767	68.81	52.21	70.13	52.68	70.25	47.64	64.07	37.46	67.7	35.97	57.34	32.9	59.87	35.91	46.49	48.02	50.71	52.69	62.43	50.53	61.2	52.67	30.09	37.42	34.32	43.69	45.4	50.27	49.6	59.85	24.39	59.69	33.59	65.69
474	15.8	68.84	52.11	70.14	52.6	70.28	47.59	64.05	37.39	67.73	35.95	57.41	32.74	59.86	35.79	46.67	47.84	50.75	52.62	62.5	50.43	61.27	52.66	30.15	37.34	34.32	43.62	45.18	50.33	49.29	59.94	24.26	59.73	33.33	65.71
475	15.833	68.84	52.14	70.12	52.63	70.28	47.63	63.97	37.39	67.71	35.95	57.31	32.72	59.86	35.72	46.6	47.89	50.7	52.55	62.44	50.5	61.23	52.66	30.14	37.38	34.38	43.63	45.18	50.34	49.32	59.89	24.28	59.79	33.26	65.76
476	15.867	68.85	52.09	70.1	52.59	70.29	47.61	63.94	37.35	67.73	35.94	57.34	32.68	59.87	35.61	46.59	47.96	50.68	52.47	62.46	50.53	61.28	52.67	30.2	37.31	34.44	43.52	45.15	50.3	49.28	59.82	24.26	59.84	33.22	65.87
477	15.9	68.82	52.18	70.07	52.7	70.26	47.7	63.91	37.43	67.7	35.97	57.3	32.69	59.86	35.58	46.58	47.94	50.68	52.45	62.43	50.61	61.24	52.7	30.21	37.31	34.47	43.5	45.01	50.35	49.08	59.83	24.11	59.85	32.95	65.75
478	15.933	68.82	52.15	70.09	52.69	70.27	47.67	63.93	37.47	67.72	35.94	57.31	32.65	59.82	35.47	46.58	47.91	50.61	52.37	62.38	50.61	61.25	52.71	30.24	37.24	34.45	43.4	44.99	50.29	48.92	59.71	24.16	59.87	32.75	65.68
479	15.967	68.8	52.13	70.05	52.68	70.25	47.65	63.88	37.43	67.7	35.91	57.27	32.6	59.82	35.41	46.57	47.91	50.67	52.34	62.4	50.5	61.28	52.56	30.22	37.2	34.46	43.35	44.9	50.35	48.84	59.76	24.06	59.95	32.64	65.73
480	16.0	68.81	52.12	70.08	52.68	70.26	47.64	63.92	37.47	67.7	35.92	57.34	32.58	59.78	35.4	46.63	47.79	50.62	52.3	62.37	50.47	61.26	52.57	30.31	37.16	34.46	43.33	44.8	50.33	48.58	59.75	24.04	59.98	32.47	65.68
481	16.033	68.81	52.1	70.08	52.65	70.26	47.63	63.93	37.43	67.68	35.89	57.36	32.55	59.81	35.36	46.71	47.75	50.65	52.26	62.45	50.43	61.27	52.57	30.35	37.06	34.51	43.21	44.8	50.25	48.6	59.66	24.06	59.97	32.47	65.68
482	16.067	68.81	52.03	70.08	52.6	70.26	47.56	63.9	37.41	67.69	35.82	57.3	32.48	59.77	35.26	46.72	47.71	50.63	52.26	62.52	50.36	61.36	52.57	30.28	37.04	34.45	43.2	44.65	50.17	48.43	59.56	23.97	59.96	32.31	65.57
483	16.1	68.79	52.03	70.07	52.6	70.24	47.57	63.89	37.44	67.66	35.88	57.27	32.55	59.81	35.33	46.79	47.67	50.62	52.21	62.63	50.41	61.31	52.63	30.31	37.13	34.52	43.28	44.55	50.14	48.32	59.51	24.02	59.9	32.21	65.49
484	16.133	68.74	52.11	70.03	52.69	70.2	47.63	63.9	37.55	67.66	35.93	57.29	32.57	59.77	35.34	46.77	47.64	50.59	52.19	62.52	50.46	61.3	52.63	30.32	37.12	34.47	43.27	44.47	50.14	48.13	59.49	23.98	59.92	32.1	65.4
485	16.167	68.7	52.06	70.03	52.64	70.15	47.55	63.95	37.52	67.59	35.83	57.32	32.58	59.77	35.28	46.73	47.66	50.57	52.14	62.51	50.44	61.29	52.51	30.41	37.09	34.54	43.2	44.5	50.16	48.15	59.46	23.91	60.02	32.04	65.42
486	16.2	68.72	52.01	70.05	52.59	70.17	47.52	63.94	37.49	67.59	35.82	57.28	32.51	59.73	35.22	46.75	47.59	50.51	52.12	62.56	50.33	61.34	52.54	30.33	36.96	34.45	43.09	44.49	50.05	48.16	59.36	23.96	59.92	32.04	65.38
487	16.233	68.73	51.97	70.06	52.54	70.18	47.47	63.94	37.45	67.58	35.79	57.27	32.52	59.73	35.25	46.72	47.57	50.49	52.12	62.6	50.29	61.36	52.5	30.31	36.99	34.45	43.15	44.46	50.05	48.12	59.4	23.92	59.9	31.98	65.4
488	16.267	68.73	51.97	70.07	52.56	70.18	47.47	63.95	37.44	67.6	35.78	57.26	32.48	59.74	35.22	46.71	47.55	50.51	52.11	62.56	50.26	61.35	52.49	30.2	36.99	34.35	43.15	44.37	50.02	48.01	59.38	23.87	59.85	31.88	65.33
489	16.3	68.73	51.97	70.07	52.55	70.18	47.47	63.94	37.44	67.59	35.78	57.21	32.47	59.72	35.23	46.67	47.56	50.5	52.12	62.53	50.28	61.33	52.5	30.19	36.97	34.36	43.13	44.35	50.0	48.02	59.36	23.96	59.88	32.0	65.35
490	16.333	68.73	51.98	70.07	52.57	70.19	47.48	63.96	37.46	67.63	35.77	57.27	32.45	59.74	35.19	46.71	47.52	50.52	52.09	62.55	50.26	61.35	52.48	30.23	36.93	34.37	43.08	44.42	50.0	48.05	59.35	23.98	59.91	32.0	65.36
491	16.367	68.72	51.98	70.05	52.57	70.18	47.48	63.9	37.44	67.6	35.77	57.19	32.45	59.7	35.19	46.63	47.61	50.47	52.14	62.55	50.28	61.33	52.47	30.13	36.96	34.32	43.12	44.4	50.0	48.08	59.34	23.9	59.92	32.0	65.4
492	16.4	68.72	52.01	70.05	52.61	70.19	47.51	63.93	37.5	67.64	35.8	57.24	32.49	59.71	35.19	46.65	47.67	50.49	52.16	62.52	50.31	61.32	52.48	30.22	36.99	34.36	43.13	44.42	50.04	48.04	59.36	23.96	59.96	32.02	65.41
493	16.433	68.74	52.02	70.06	52.61	70.2	47.53	63.93	37.47	67.66	35.8	57.27	32.45	59.75	35.16	46.68	47.69	50.57	52.16	62.56	50.38	61.35	52.53	30.19	37.01	34.34	43.15	44.38	50.03	47.99	59.37	23.91	59.99	31.97	65.48
494	16.467	68.61	51.97	69.96	52.61	70.1	47.5	63.87	37.59	67.59	35.81	57.3	32.38	59.67	35.2	46.85	47.17	50.56	52.01	62.6	50.34	61.3	52.48	30.53	37.16	34.59	43.35	44.1	50.04	47.55	59.4	23.6	60.12	31.63	65.23
495	16.5	68.6	51.99	69.95	52.63	70.09	47.52	63.85	37.61	67.57	35.83	57.25	32.42	59.64	35.2	46.78	47.24	50.53	52.0	62.55	50.36	61.28	52.48	30.48	37.11	34.56	43.29	44.05	50.02	47.55	59.36	23.59	60.12	31.68	65.24
496	16.533	68.6	52.01	69.96	52.65	70.09	47.53	63.88	37.62	67.56	35.82	57.28	32.41	59.63	35.21	46.82	47.13	50.49	51.96	62.58	50.35	61.26	52.48	30.56	37.06	34.61	43.24	44.13	49.93	47.54	59.28	23.73	60.05	31.71	65.14
497	16.567	68.62	51.96	70.0	52.59	70.09	47.48	63.92	37.61	67.52	35.81	57.26	32.37	59.57	35.22	46.88	46.99	50.45	51.96	62.58	50.3	61.29	52.5	30.6	36.99	34.61	43.21	44.07	49.84	47.5	59.2	23.87	60.05	31.82	65.1
498	16.6	68.65	52.01	70.02	52.66	70.13	47.55	63.97	37.68	67.6	35.85	57.36	32.33	59.65	35.12	46.98	46.88	50.56	51.76	62.61	50.35	61.29	52.55	30.72	36.93	34.71	43.09	44.08	49.84	47.43	59.15	23.97	60.14	31.85	65.13
499	16.633	68.67	52.01	70.05	52.67	70.15	47.54	64.0	37.65	67.58	35.82	57.42	32.27	59.62	35.09	47.08	46.83	50.59	51.79	62.65	50.43	61.32	52.63	30.7	36.84	34.63	43.03	43.91	49.7	47.18	59.06	23.74	59.88	31.57	64.82
500	16.667	68.69	51.95	70.08	52.6	70.15	47.49	64.05	37.6	67.61	35.82	57.55	32.32	59.71	35.14	47.09	46.86	50.61	51.79	62.6	50.4	61.25	52.61	30.77	36.81	34.69	43.02	43.85	49.59	47.13	58.99	23.61	59.75	31.5	64.8
501	16.7	68.65	51.99	70.04	52.63	70.11	47.54	64.03	37.63	67.55	35.87	57.57	32.31	59.61	35.19	47.01	46.75	50.44	51.71	62.55	50.48	61.25	52.57	30.79	36.78	34.62	43.0	44.04	49.65	47.18	59.12	23.64	59.91	31.41	65.09
502	16.733	68.65	52.0	70.06	52.67	70.12	47.56	64.07	37.74	67.57	35.91	57.6	32.35	59.57	35.18	47.09	46.67	50.4	51.68	62.57	50.44	61.22	52.64	30.88	36.7	34.65	42.91	43.96	49.63	47.02	59.05	23.66	59.95	31.35	64.97
503	16.767	68.64	51.97	70.06	52.65	70.11	47.54	64.07	37.75	67.55	35.93	57.62	32.3	59.54	35.16	47.21	46.54	50.41	51.66	62.58	50.38	61.21	52.68	30.86	36.6	34.59	42.84	43.74	49.52	46.75	58.96	23.56	59.88	31.17	64.85
504	16.8	68.63	51.91	70.06	52.6	70.1	47.5	64.09	37.76	67.54	35.93	57.63	32.28	59.54	35.16	47.28	46.42	50.46	51.61	62.56	50.39	61.2	52.74	30.85	36.52	34.57	42.76	43.59	49.44	46.6	58.87	23.53	59.84	31.13	64.73
505	16.833	68.64	51.9	70.07	52.6	70.12	47.47	64.07	37.68	67.57	35.82	57.61	32.13	59.52	34.97	47.23	46.48	50.45	51.62	62.59	50.39	61.18	52.79	30.71	36.37	34.44	42.6	43.57	49.38	46.57	58.79	23.47	59.83	31.14	64.74
506	16.867	68.64	51.9	70.09	52.61	70.13	47.45	64.1	37.72	67.57	35.8	57.59	32.13	59.47	34.97	47.22	46.44	50.41	51.61	62.56	50.32	61.17	52.72	30.66	36.38	34.37	42.61	43.47	49.4	46.46	58.79	23.41	59.82	31.1	64.63
507	16.9	68.64	51.91	70.08	52.63	70.13	47.47	64.07	37.75	67.58	35.82	57.54	32.12	59.45	34.95	47.24	46.45	50.43	51.61	62.55	50.32	61.2	52.74	30.56	36.4	34.28	42.63	43.32	49.38	46.29	58.75	23.39	59.81	31.02	64.56
508	16.933	68.64	51.91	70.08	52.63	70.13	47.48	64.07	37.74	67.58	35.83	57.56	32.13	59.47	34.96	47.21	46.46	50.44	51.6	62.54	50.3	61.19	52.72	30.6	36.43	34.32	42.66	43.35	49.4	46.34	58.79	23.39	59.82	31.04	64.61
509	16.967	68.65	51.89	70.09	52.61	70.13	47.45	64.08	37.72	67.57	35.81	57.54	32.11	59.47	34.93	47.22	46.49	50.47	51.61	62.55	50.33	61.22	52.73	30.58	36.45	34.31	42.67	43.34	49.39	46.34	58.77	23.38	59.79	31.03	64.57
510	17.0	68.64	51.9	70.09	52.61	70.13	47.46	64.08	37.72	67.57	35.82	57.55	32.13	59.49	34.95	47.21	46.47	50.46	51.6	62.52	50.36	61.2	52.74	30.6	36.49	34.33	42.72	43.34	49.37	46.31	58.76	23.36	59.69	30.95	64.47
511	17.033	68.73	51.9	70.26	52.62	70.21	47.41	64.35	37.89	67.64	35.82	57.8	32.35	59.61	35.11	47.6	46.34	50.56	51.6	62.76	50.28	61.36	52.7	30.86	36.47	34.47	42.68	43.41	49.41	46.26	58.72	23.35	59.82	30.74	64.28
512	17.067	68.69	51.97	70.28	52.71	70.19	47.42	64.35	38.04	67.54	35.77	57.64	32.42	59.42	35.14	47.59	46.25	50.6	51.61	62.77	50.5	61.49	52.95	30.87	36.51	34.43	42.72	43.26	49.43	45.97	58.64	23.39	59.84	30.7	63.88
