Frame	Time	Nose_X	Nose_Y	L_Eye_X	L_Eye_Y	R_Eye_X	R_Eye_Y	L_Ear_X	L_Ear_Y	R_Ear_X	R_Ear_Y	L_Shoulder_X	L_Shoulder_Y	R_Shoulder_X	R_Shoulder_Y	L_Elbow_X	L_Elbow_Y	R_Elbow_X	R_Elbow_Y	L_Wrist_X	L_Wrist_Y	R_Wrist_X	R_Wrist_Y	L_Hip_X	L_Hip_Y	R_Hip_X	R_Hip_Y	L_Knee_X	L_Knee_Y	R_Knee_X	R_Knee_Y	L_Ankle_X	L_Ankle_Y	R_Ankle_X	R_Ankle_Y
1	0.033	62.39	42.16	62.93	41.56	61.7	40.03	51.85	38.41	56.03	41.3	49.03	45.43	51.93	49.0	52.31	54.07	53.34	61.91	58.41	61.08	61.32	70.12	27.75	48.61	29.99	55.98	19.16	54.31	16.95	64.44	11.06	52.53	5.56	55.04
2	0.067	62.42	42.14	62.93	41.55	61.71	40.03	51.75	38.5	55.99	41.42	48.99	45.61	51.86	49.1	52.42	54.37	53.36	62.06	58.48	61.0	61.37	70.04	27.6	48.69	29.83	56.01	18.93	54.37	16.72	64.43	10.89	52.42	5.38	54.93
3	0.1	62.45	43.22	62.64	41.79	61.87	40.6	51.77	36.97	56.19	40.57	49.2	45.13	51.95	48.86	50.75	55.07	52.82	60.9	59.15	60.84	61.07	69.08	29.55	48.92	31.97	55.98	23.13	53.1	21.14	62.88	14.68	51.04	11.83	55.34
4	0.133	62.61	43.09	62.79	41.66	62.03	40.46	51.87	36.9	56.31	40.53	49.34	45.18	52.02	48.95	51.04	55.14	52.77	61.03	59.35	60.83	61.18	69.04	29.47	48.91	31.85	56.01	22.91	53.01	20.93	62.84	14.56	50.79	11.6	55.05
5	0.167	62.67	42.97	62.8	41.5	62.1	40.31	51.85	36.77	56.43	40.44	49.52	45.37	52.02	49.29	51.12	55.22	52.82	61.37	59.43	60.78	61.41	69.04	29.68	49.04	31.96	56.24	23.48	53.04	21.36	63.03	14.8	50.72	12.02	55.16
6	0.2	62.78	43.16	62.93	41.66	62.22	40.47	51.98	36.9	56.56	40.52	49.66	45.55	52.13	49.39	51.27	55.67	53.16	61.78	59.72	61.09	61.86	69.49	29.86	49.42	32.09	56.62	23.62	53.39	21.48	63.36	15.07	51.16	12.39	55.57
7	0.233	63.05	42.92	63.24	41.44	62.42	40.24	52.38	36.74	56.66	40.38	50.04	45.52	52.28	49.23	51.5	55.71	53.09	61.54	59.9	61.44	61.76	69.69	30.13	49.29	32.21	56.44	23.66	53.4	21.47	63.36	15.05	51.01	12.3	55.52
8	0.267	63.41	42.84	63.64	41.82	62.8	40.54	52.53	38.05	57.16	41.49	50.08	46.14	52.8	49.31	53.05	55.75	53.66	61.87	60.86	61.79	64.01	72.07	29.09	48.58	31.33	55.61	19.63	54.8	17.31	64.52	11.89	51.2	6.31	54.92
9	0.3	63.66	42.92	63.9	41.87	63.05	40.6	52.72	37.98	57.42	41.48	50.33	46.02	53.09	49.37	53.42	55.46	53.88	61.96	61.11	61.68	64.26	72.14	29.21	48.64	31.47	55.82	19.5	54.57	17.11	64.49	11.74	51.13	6.03	54.84
10	0.333	63.9	43.27	64.15	42.11	63.27	40.92	52.92	37.95	57.57	41.68	50.5	46.03	53.25	49.79	53.77	55.42	54.27	62.49	61.47	61.84	64.72	72.35	29.14	48.7	31.41	56.18	19.44	54.55	16.98	64.88	11.63	51.36	5.93	55.25
11	0.367	64.08	43.52	64.36	42.32	63.44	41.18	53.21	37.88	57.71	41.71	50.65	45.75	53.52	49.72	53.93	54.95	54.45	62.36	61.44	61.76	64.69	72.32	29.33	48.69	31.67	56.28	19.55	54.47	17.22	64.96	11.7	51.46	6.07	55.35
12	0.4	64.2	43.62	64.51	42.45	63.58	41.28	53.42	38.03	57.88	41.76	50.89	45.74	53.59	49.51	53.96	54.99	54.4	62.15	61.38	61.69	64.77	72.34	29.55	48.7	31.76	56.21	19.74	54.48	17.31	64.85	11.82	51.46	6.12	55.35
13	0.433	64.43	43.78	64.76	42.64	63.77	41.46	53.67	38.31	58.04	42.01	51.08	46.05	53.83	49.77	54.14	55.35	54.57	62.48	61.47	61.78	64.82	72.4	29.82	48.95	32.06	56.41	19.97	54.69	17.63	65.01	12.07	51.63	6.35	55.45
14	0.467	64.65	43.82	64.96	42.61	63.95	41.5	53.8	38.16	58.12	42.07	51.2	46.04	53.96	50.12	54.34	55.29	54.76	62.93	61.61	61.57	64.93	72.25	30.01	48.93	32.29	56.59	20.38	54.83	18.13	65.44	12.29	51.58	6.73	55.61
15	0.5	64.86	43.81	65.23	42.64	64.15	41.51	54.21	38.2	58.29	42.04	51.39	45.89	54.16	49.96	54.45	55.12	54.84	62.83	61.59	61.58	65.04	72.42	30.18	48.79	32.42	56.46	20.51	54.9	18.4	65.46	12.63	51.65	7.08	55.54
16	0.533	65.05	44.07	65.44	42.97	64.41	41.77	54.39	38.55	58.61	42.23	51.66	45.9	54.3	49.97	54.61	54.85	55.08	62.68	61.75	61.58	65.26	72.28	30.58	48.94	32.72	56.62	21.13	54.62	18.86	65.19	13.05	51.63	7.58	55.38
17	0.567	65.29	44.09	65.66	42.96	64.59	41.79	54.57	38.55	58.7	42.32	51.89	46.08	54.52	50.19	54.86	55.08	55.45	62.97	61.81	61.73	65.47	72.53	30.82	49.02	32.95	56.74	21.24	54.7	18.93	65.35	12.94	51.65	7.41	55.46
18	0.6	65.27	44.36	65.61	43.2	64.6	42.05	54.45	38.68	58.74	42.46	51.82	46.18	54.56	50.39	54.87	55.3	55.78	63.37	61.95	61.78	65.8	72.61	30.89	48.91	33.09	56.69	21.62	54.52	19.29	65.27	13.13	51.44	7.7	55.31
19	0.633	65.37	44.5	65.73	43.34	64.74	42.18	54.59	38.74	58.85	42.48	51.78	46.11	54.56	50.51	54.71	55.01	55.62	63.38	61.85	61.73	65.66	72.48	31.04	48.83	33.25	56.69	22.08	54.54	19.92	65.38	13.62	51.36	8.46	55.2
20	0.667	65.62	44.98	66.0	43.88	65.05	42.65	54.77	39.1	59.14	42.71	51.8	46.1	54.69	50.5	54.61	54.92	55.64	63.34	61.94	61.78	65.64	72.31	31.21	48.98	33.49	56.84	22.49	54.43	20.36	65.27	13.91	51.21	8.86	54.89
21	0.7	65.87	45.11	66.24	44.0	65.27	42.82	54.99	39.29	59.25	42.96	52.01	46.43	54.77	50.79	55.06	55.28	56.07	63.59	62.23	61.65	65.94	72.15	31.43	48.92	33.62	56.74	23.02	54.15	20.88	64.93	14.7	50.95	9.81	54.67
22	0.733	65.85	45.33	66.24	44.23	65.27	43.07	55.1	39.58	59.31	43.17	52.06	46.47	54.8	50.84	55.28	55.55	56.59	63.93	62.46	61.84	66.19	72.38	31.57	49.37	33.7	57.16	23.43	54.38	21.27	65.1	15.44	51.5	10.73	55.07
23	0.767	66.18	45.65	66.65	44.54	65.64	43.38	55.62	39.7	59.71	43.19	52.47	46.19	55.15	50.67	55.76	55.22	56.97	63.95	62.64	61.7	66.33	72.0	32.01	49.28	34.05	57.13	24.03	54.36	21.84	65.15	16.13	51.68	11.4	55.04
24	0.8	66.46	45.89	66.91	44.89	65.95	43.64	55.67	40.2	60.11	43.57	52.54	46.5	55.57	50.94	55.78	55.36	57.46	64.08	62.85	62.01	66.37	72.17	32.19	49.66	34.48	57.46	24.5	54.8	22.46	65.53	16.45	52.28	11.95	55.53
25	0.833	66.65	46.12	67.08	45.18	66.18	43.88	55.65	40.66	60.34	44.0	52.55	46.91	55.76	51.63	55.8	55.25	57.81	64.38	62.88	62.48	66.29	72.42	32.4	50.43	34.84	58.33	24.93	55.41	22.95	66.24	16.84	53.31	12.71	56.38
26	0.867	66.98	46.01	67.34	45.06	66.48	43.76	55.72	40.74	60.61	44.14	52.72	47.29	55.89	52.09	55.99	55.68	58.1	64.84	63.18	62.7	66.64	72.89	32.59	51.12	34.98	59.11	25.16	55.47	23.09	66.38	17.48	53.37	13.46	56.61
27	0.9	67.16	45.96	67.51	45.04	66.65	43.7	55.9	40.76	60.77	44.08	52.91	47.31	56.04	52.12	56.3	55.6	58.05	64.92	63.32	62.81	66.52	73.0	32.87	51.23	35.23	59.2	25.34	55.71	23.27	66.58	17.8	53.9	13.7	56.93
28	0.933	67.27	46.01	67.63	45.12	66.74	43.74	56.11	40.98	60.89	44.18	53.11	47.56	56.3	52.13	56.44	55.9	58.34	64.9	63.38	63.09	66.52	73.07	33.17	51.37	35.54	59.22	25.54	55.9	23.49	66.59	18.13	54.11	13.93	57.0
29	0.967	67.47	45.87	67.82	44.98	66.95	43.61	56.18	40.75	61.06	44.06	53.22	47.19	56.39	52.05	56.5	55.36	58.25	64.83	63.43	62.93	66.52	73.05	33.25	51.16	35.64	59.18	25.68	55.75	23.64	66.69	17.92	54.03	13.79	57.05
30	1.0	67.73	45.7	68.09	44.82	67.16	43.44	56.41	40.67	61.19	44.0	53.39	47.3	56.64	52.07	56.62	55.67	58.59	64.96	63.79	63.05	66.78	73.07	33.5	51.26	35.95	59.26	25.97	55.88	23.99	66.8	18.07	54.09	13.99	57.17
31	1.033	68.23	45.67	68.56	44.77	67.56	43.41	56.68	40.69	61.29	44.16	53.54	47.7	56.77	52.49	56.81	56.19	58.99	65.31	64.14	63.16	67.23	73.31	33.65	51.6	36.1	59.67	26.01	55.84	24.05	66.84	18.42	54.1	14.5	57.34
32	1.067	68.45	45.76	68.84	44.89	67.74	43.5	57.03	40.83	61.41	44.23	53.77	47.86	57.08	52.53	57.06	56.38	59.33	65.46	64.5	63.35	67.68	73.51	33.92	52.05	36.39	60.12	26.03	56.33	24.06	67.31	18.36	54.73	14.2	57.81
33	1.1	69.07	45.57	69.47	44.59	68.23	43.27	57.47	40.39	61.47	44.1	54.06	47.91	57.26	52.89	57.63	56.43	59.77	65.78	65.22	63.28	68.14	73.41	33.94	52.11	36.38	60.44	25.91	56.19	24.03	67.55	18.02	54.41	14.11	57.75
34	1.133	69.3	45.49	69.7	44.46	68.41	43.16	57.65	40.28	61.52	44.07	54.24	48.03	57.28	53.1	57.91	56.75	59.75	66.25	65.4	63.65	68.46	73.9	34.08	52.41	36.43	60.83	25.88	56.47	24.02	67.92	18.12	54.72	14.19	58.12
35	1.167	69.56	45.18	69.97	44.19	68.6	42.89	57.9	40.14	61.59	43.98	54.35	48.04	57.48	53.05	57.74	56.77	60.07	66.08	65.38	63.51	68.65	74.11	34.26	52.35	36.67	60.76	26.13	56.47	24.29	67.9	18.26	54.64	14.36	58.19
36	1.2	69.2	46.21	69.5	44.36	68.26	43.52	58.18	38.78	61.55	43.54	54.76	47.63	58.03	52.9	56.88	57.79	59.32	65.78	65.52	64.19	68.6	74.97	34.94	51.57	37.71	59.79	27.17	56.3	26.02	67.56	18.71	53.08	16.04	58.29
37	1.233	69.3	46.38	69.59	44.45	68.39	43.61	58.17	38.67	61.66	43.42	54.76	47.71	58.15	53.06	57.02	58.13	59.69	66.33	65.82	63.94	69.3	74.47	34.87	51.73	37.71	60.05	27.44	56.25	26.35	67.66	18.72	53.0	16.12	58.25
38	1.267	69.42	46.06	69.71	44.22	68.53	43.3	58.49	38.69	62.02	43.19	55.33	47.79	58.54	52.85	57.63	57.83	59.88	65.84	65.96	64.19	69.14	74.42	35.36	51.9	38.05	60.04	27.55	56.37	26.32	67.55	19.08	53.28	16.27	58.16
39	1.3	69.65	46.11	69.97	44.25	68.71	43.37	58.86	38.72	62.15	43.31	55.82	47.84	58.7	53.11	58.18	57.99	60.35	66.38	66.24	64.34	69.76	74.53	35.77	51.81	38.19	60.1	28.05	56.46	26.67	67.87	19.52	53.57	16.76	58.55
40	1.333	69.78	46.12	70.14	44.24	68.8	43.33	59.26	38.67	62.31	43.21	56.29	47.86	59.04	53.23	58.35	57.91	60.83	66.59	66.55	64.15	70.14	74.55	36.44	51.74	38.77	60.15	28.81	56.49	27.36	68.08	20.0	53.49	17.42	58.6
41	1.367	69.8	46.05	70.15	44.26	68.88	43.27	59.25	38.88	62.5	43.21	56.38	48.01	59.14	53.26	58.36	57.75	60.93	66.44	66.46	64.44	70.1	74.87	36.66	51.83	38.97	60.16	28.96	56.67	27.43	68.13	20.04	53.62	17.38	58.45
42	1.4	69.85	45.97	70.21	44.19	68.94	43.21	59.38	38.83	62.58	43.11	56.49	47.9	59.16	53.07	58.39	57.68	60.76	66.22	66.39	64.75	69.85	75.06	36.89	51.56	39.12	59.82	29.13	56.52	27.62	67.91	20.44	53.31	17.85	58.12
43	1.433	70.11	46.01	70.49	44.13	69.04	43.26	59.74	38.77	62.42	43.31	56.85	48.25	59.28	53.58	58.78	57.93	61.31	66.57	66.73	65.0	70.15	75.14	37.31	51.88	39.39	60.26	29.59	56.49	27.96	68.14	20.56	53.25	18.09	58.41
44	1.467	70.11	45.98	70.51	44.03	68.95	43.21	59.75	38.64	62.17	43.32	56.71	48.51	59.3	53.89	58.62	58.09	61.45	66.6	66.83	65.04	70.19	74.96	37.23	52.12	39.42	60.51	29.53	56.67	27.99	68.4	20.37	53.43	18.0	58.77
45	1.5	70.23	45.98	70.61	43.99	68.94	43.3	59.87	38.63	62.0	43.57	56.76	48.64	59.34	54.0	58.73	58.33	61.73	66.6	66.85	65.13	70.48	75.13	37.3	52.29	39.49	60.66	29.42	56.62	27.81	68.37	20.31	53.43	17.76	59.02
46	1.533	70.55	46.09	71.02	44.09	69.15	43.43	60.45	38.78	62.02	43.76	57.13	48.87	59.58	54.21	59.04	58.29	62.06	66.54	66.87	65.11	70.44	75.14	37.78	52.54	39.87	60.9	29.9	56.68	28.39	68.41	20.76	53.57	18.4	59.15
47	1.567	70.64	46.19	71.11	44.12	69.19	43.52	60.57	38.73	61.98	43.83	57.22	48.95	59.65	54.36	59.16	58.42	62.38	66.7	66.97	64.97	70.64	75.19	37.8	52.53	39.85	60.96	29.96	56.52	28.41	68.37	20.82	52.99	18.54	58.74
48	1.6	70.73	46.13	71.17	44.09	69.3	43.48	60.55	38.8	62.12	43.91	57.26	49.05	59.73	54.53	59.45	58.54	62.55	66.98	67.42	65.14	71.08	75.36	37.79	52.51	39.88	60.98	30.22	56.38	28.67	68.26	21.16	53.06	18.76	58.81
49	1.633	70.92	46.2	71.39	44.23	69.39	43.62	60.89	39.25	62.19	44.35	57.72	49.54	59.95	54.9	59.86	58.62	63.1	66.91	67.66	65.24	71.24	75.38	38.18	53.19	40.1	61.61	30.35	56.54	28.61	68.39	21.31	53.34	18.94	59.11
50	1.667	70.83	46.21	71.28	44.27	69.32	43.64	60.8	39.4	62.18	44.42	57.69	49.72	60.04	55.04	59.83	58.7	63.33	67.04	67.58	65.08	71.31	75.42	38.32	53.39	40.28	61.78	30.43	56.79	28.71	68.58	21.38	53.54	19.0	59.2
51	1.7	70.74	46.34	71.15	44.44	69.27	43.78	60.59	39.56	62.19	44.49	57.58	49.74	60.0	54.88	59.69	58.82	63.29	66.88	67.49	65.27	71.24	75.52	38.28	53.42	40.3	61.69	30.35	57.01	28.57	68.64	21.25	54.02	18.76	59.58
52	1.733	70.76	46.32	71.18	44.48	69.31	43.78	60.63	39.74	62.26	44.55	57.6	49.83	60.04	54.85	59.72	58.92	63.38	66.85	67.44	65.47	71.28	75.6	38.34	53.21	40.35	61.4	30.41	56.65	28.58	68.16	21.5	53.6	18.86	58.98
53	1.767	70.93	46.36	71.35	44.51	69.47	43.81	60.74	39.72	62.35	44.59	57.65	49.96	60.1	54.96	59.73	58.99	63.4	66.78	67.51	65.33	71.33	75.46	38.28	53.33	40.29	61.55	30.34	56.68	28.54	68.22	21.48	53.42	18.92	58.91
54	1.8	70.98	46.34	71.37	44.5	69.52	43.81	60.65	39.72	62.37	44.67	57.56	49.94	60.02	55.04	59.55	58.82	63.23	66.64	67.42	65.26	71.08	75.34	38.08	53.15	40.13	61.41	30.32	56.53	28.51	68.16	21.3	53.09	18.84	58.73
55	1.833	71.32	46.63	71.83	44.76	69.84	44.0	61.25	39.81	62.55	44.62	57.98	50.08	60.22	55.13	59.84	59.1	63.49	66.98	67.76	65.08	71.28	75.12	38.42	53.22	40.27	61.55	30.5	56.67	28.63	68.4	21.4	53.22	18.99	58.76
56	1.867	71.49	47.02	72.06	45.17	70.04	44.33	61.48	40.1	62.67	44.76	58.01	50.25	60.25	55.23	59.78	59.15	63.38	67.01	67.75	65.01	71.07	75.1	38.39	53.12	40.22	61.46	30.43	56.78	28.57	68.46	21.44	53.23	19.03	58.56
57	1.9	71.67	47.27	72.28	45.44	70.22	44.56	61.75	40.38	62.82	45.0	58.26	50.49	60.44	55.62	60.01	59.22	63.55	67.42	68.0	64.72	71.21	74.9	38.52	53.18	40.29	61.66	30.56	56.65	28.67	68.5	21.54	53.14	19.12	58.44
58	1.933	71.84	47.69	72.51	45.87	70.37	44.98	62.14	40.74	62.98	45.31	58.68	50.59	60.6	55.71	60.35	59.02	63.53	67.3	68.21	64.8	71.13	74.86	38.91	53.16	40.51	61.65	30.75	56.75	28.8	68.67	21.63	53.6	19.23	58.88
59	1.967	72.1	47.99	72.77	46.25	70.66	45.31	62.25	41.15	63.24	45.66	58.71	50.83	60.72	55.82	60.42	59.4	63.57	67.43	68.3	65.11	71.23	74.97	38.8	53.48	40.49	61.91	30.67	56.83	28.72	68.61	21.72	53.74	19.21	58.86
60	2.0	72.23	48.1	72.85	46.37	70.81	45.44	62.16	41.24	63.41	45.83	58.73	50.84	60.74	55.84	60.53	59.46	63.55	67.39	68.57	65.62	71.41	75.16	38.63	53.54	40.35	62.0	30.5	56.6	28.43	68.46	21.55	53.49	18.91	58.71
61	2.033	72.23	48.33	72.8	46.62	70.86	45.67	61.89	41.43	63.46	46.02	58.46	51.02	60.67	55.99	60.22	59.66	63.49	67.43	68.32	65.58	71.24	75.07	38.41	53.68	40.27	62.11	30.4	56.77	28.35	68.56	21.52	53.64	18.91	58.87
62	2.067	72.27	48.14	72.79	46.47	70.86	45.55	61.85	41.47	63.42	46.08	58.5	51.1	60.67	55.88	60.37	59.69	63.58	67.16	68.19	65.43	71.23	75.13	38.52	53.59	40.32	61.88	30.32	56.81	28.25	68.41	21.57	53.7	18.85	58.87
63	2.1	72.27	47.71	72.78	46.04	70.8	45.14	61.84	41.3	63.33	45.98	58.61	51.21	60.58	55.98	60.5	59.84	63.45	67.22	68.27	65.59	71.06	75.1	38.51	53.61	40.21	61.89	30.18	56.61	28.05	68.22	21.48	53.5	18.8	58.81
64	2.133	71.99	47.51	72.51	45.82	70.52	44.92	61.75	41.23	63.1	45.83	58.61	51.31	60.39	56.2	60.57	59.75	63.42	67.46	68.28	65.63	71.15	75.18	38.63	53.72	40.18	62.03	30.41	56.72	28.22	68.39	21.63	53.55	19.0	58.78
65	2.167	71.83	47.35	72.37	45.62	70.3	44.76	61.78	41.04	62.87	45.7	58.67	51.22	60.31	56.08	60.69	59.78	63.37	67.46	68.36	65.7	71.22	75.22	38.79	53.54	40.24	61.83	30.43	56.5	28.25	68.17	21.55	53.32	18.93	58.63
66	2.2	71.69	47.22	72.28	45.38	70.08	44.63	61.91	40.66	62.61	45.45	58.74	50.96	60.26	55.85	60.7	59.82	63.29	67.49	68.19	65.51	70.92	75.21	38.89	53.55	40.26	61.84	30.46	56.77	28.32	68.48	21.47	53.3	18.87	58.79
67	2.233	71.63	47.27	72.32	45.35	69.98	44.61	62.32	40.47	62.51	45.22	59.05	50.89	60.3	55.76	60.8	59.69	63.19	67.41	68.17	65.41	70.74	75.27	39.17	53.54	40.35	61.85	30.58	56.92	28.39	68.66	21.55	53.24	19.01	58.75
68	2.267	71.58	47.31	72.41	45.37	69.89	44.64	62.76	40.47	62.46	45.16	59.35	50.72	60.44	55.55	60.95	59.61	63.25	67.41	68.13	65.26	70.52	75.41	39.42	53.55	40.47	61.86	30.55	57.08	28.36	68.81	21.62	53.61	19.05	59.06
69	2.3	71.47	47.37	72.31	45.4	69.78	44.67	62.79	40.47	62.39	45.13	59.37	50.73	60.49	55.51	60.96	59.62	63.34	67.35	68.01	65.49	70.5	75.62	39.46	53.43	40.51	61.7	30.47	56.95	28.28	68.63	21.72	53.54	19.09	58.9
70	2.333	71.5	47.38	72.35	45.39	69.8	44.68	62.86	40.42	62.39	45.11	59.42	50.68	60.5	55.5	60.97	59.6	63.35	67.38	67.99	65.49	70.48	75.68	39.57	53.44	40.58	61.73	30.61	56.98	28.42	68.69	21.88	53.48	19.27	58.9
71	2.367	71.57	47.34	72.45	45.44	69.91	44.63	62.99	40.62	62.51	45.07	59.46	50.8	60.58	55.57	60.85	59.44	63.43	67.31	67.92	65.36	70.59	75.56	39.84	53.62	40.85	61.87	31.02	57.26	28.86	68.87	22.33	54.08	19.76	59.25
72	2.4	71.62	47.37	72.48	45.47	69.96	44.65	62.96	40.62	62.57	45.12	59.45	50.82	60.61	55.64	60.84	59.48	63.5	67.37	67.99	65.49	70.66	75.51	39.77	53.5	40.81	61.79	31.04	57.01	28.84	68.7	22.4	53.86	19.82	59.11
73	2.433	71.66	47.24	72.48	45.33	69.99	44.55	62.88	40.49	62.57	45.06	59.41	50.71	60.6	55.61	60.86	59.4	63.43	67.41	67.84	65.31	70.47	75.46	39.79	53.52	40.87	61.83	31.01	56.99	28.84	68.7	22.26	53.64	19.69	58.9
74	2.467	72.09	46.54	72.89	45.11	70.63	44.32	63.19	40.76	63.23	45.26	59.05	49.74	60.57	54.33	61.95	59.63	62.97	68.09	68.63	66.28	71.15	77.42	38.93	51.53	40.24	59.59	30.01	57.69	28.05	68.85	21.66	53.86	17.27	58.24
75	2.5	72.12	46.53	72.92	45.09	70.65	44.3	63.22	40.72	63.24	45.25	59.11	49.7	60.52	54.5	62.17	59.46	63.02	68.3	68.86	66.35	71.35	77.39	38.93	51.5	40.16	59.68	30.16	57.55	28.16	68.88	21.73	53.69	17.38	58.09
76	2.533	72.12	46.57	72.91	45.11	70.63	44.35	63.25	40.75	63.23	45.34	59.2	49.73	60.54	54.55	62.3	59.53	63.13	68.36	68.95	66.4	71.42	77.44	38.96	51.39	40.15	59.59	30.19	57.31	28.13	68.68	21.75	53.46	17.39	57.96
77	2.567	72.09	46.73	72.9	45.29	70.66	44.47	63.19	40.91	63.34	45.35	59.07	49.78	60.66	54.65	62.22	59.5	63.3	68.55	69.05	66.6	71.6	77.71	38.93	51.46	40.27	59.69	30.36	57.38	28.41	68.75	22.03	53.58	17.68	57.92
78	2.6	72.08	46.87	72.93	45.47	70.65	44.62	63.3	41.11	63.32	45.46	59.08	49.76	60.63	54.51	62.25	59.52	63.3	68.43	69.08	66.48	71.59	77.56	38.89	51.29	40.2	59.45	30.32	57.3	28.41	68.55	22.13	53.65	17.79	57.86
79	2.633	72.15	47.05	73.03	45.7	70.78	44.79	63.29	41.34	63.47	45.59	58.93	49.85	60.67	54.5	62.08	59.59	63.27	68.33	69.05	66.51	71.62	77.6	38.66	51.23	40.07	59.36	30.13	57.3	28.34	68.46	22.35	53.69	18.05	57.82
80	2.667	72.11	47.13	72.98	45.79	70.76	44.88	63.22	41.43	63.46	45.64	58.82	49.89	60.56	54.38	61.81	59.74	63.08	68.13	68.85	66.55	71.57	77.53	38.58	51.29	39.99	59.32	30.07	57.43	28.34	68.46	22.38	53.79	18.19	57.94
81	2.7	72.23	47.24	73.11	45.9	70.88	44.96	63.3	41.44	63.52	45.67	58.85	49.91	60.63	54.51	61.83	59.58	63.11	68.17	68.94	66.42	71.62	77.49	38.55	51.2	39.99	59.33	29.96	57.24	28.24	68.39	22.1	53.44	17.91	57.59
82	2.733	72.12	47.34	73.02	45.99	70.78	45.06	63.31	41.54	63.45	45.72	58.88	49.93	60.52	54.47	61.86	59.6	63.01	68.13	68.9	66.39	71.57	77.45	38.63	51.16	39.97	59.24	30.08	57.28	28.33	68.37	22.24	53.56	18.11	57.67
83	2.767	72.11	47.31	73.02	45.98	70.75	45.03	63.35	41.56	63.42	45.73	58.97	49.94	60.5	54.58	61.97	59.47	62.96	68.24	68.99	66.46	71.57	77.45	38.71	51.12	39.97	59.26	30.14	57.2	28.32	68.39	22.11	53.51	17.94	57.61
84	2.8	71.55	48.29	72.56	46.45	70.02	45.49	63.26	41.39	62.81	45.57	59.58	50.87	60.66	55.91	60.77	59.2	63.38	67.76	68.12	65.38	70.55	75.5	39.9	53.39	40.9	61.81	31.63	56.8	29.41	68.63	22.85	53.71	20.43	58.71
85	2.833	72.02	47.58	73.0	46.17	70.68	45.26	63.61	41.59	63.43	45.73	59.21	49.86	60.59	54.65	62.26	59.24	62.91	68.44	69.01	66.32	71.42	77.58	38.94	51.05	40.08	59.28	30.29	57.34	28.45	68.63	22.22	53.63	17.95	57.64
86	2.867	72.03	47.54	73.0	46.11	70.66	45.23	63.66	41.55	63.42	45.74	59.3	49.89	60.68	54.66	62.39	59.38	62.98	68.53	69.07	66.47	71.43	77.69	39.08	51.07	40.24	59.27	30.38	57.36	28.58	68.63	22.29	53.61	18.04	57.66
87	2.9	72.01	47.39	72.99	45.99	70.63	45.1	63.68	41.52	63.39	45.68	59.35	49.81	60.57	54.57	62.48	59.35	63.03	68.5	69.19	66.62	71.63	77.78	39.05	51.13	40.08	59.34	30.3	57.13	28.35	68.42	22.31	53.4	17.98	57.42
88	2.933	72.02	47.26	73.0	45.9	70.63	45.0	63.7	41.53	63.41	45.65	59.39	49.78	60.67	54.39	62.56	59.3	63.06	68.26	69.25	66.54	71.59	77.6	39.13	51.14	40.2	59.26	30.26	57.21	28.36	68.37	22.26	53.54	17.84	57.48
89	2.967	72.01	47.21	72.99	45.81	70.61	44.95	63.73	41.38	63.38	45.59	59.41	49.65	60.7	54.4	62.66	59.11	62.95	68.29	69.26	66.46	71.49	77.63	39.22	51.05	40.32	59.22	30.38	57.26	28.59	68.47	22.45	53.5	18.07	57.48
90	3.0	72.12	47.26	73.11	45.86	70.7	44.99	63.87	41.46	63.48	45.62	59.58	49.83	60.82	54.48	62.69	59.29	63.06	68.34	69.37	66.5	71.54	77.71	39.41	51.22	40.49	59.36	30.52	57.26	28.72	68.46	22.51	53.55	18.26	57.59
91	3.033	72.12	47.45	73.09	46.02	70.73	45.15	63.86	41.51	63.55	45.68	59.58	49.88	60.89	54.63	62.67	59.28	63.05	68.5	69.29	66.56	71.45	77.79	39.49	51.36	40.61	59.54	30.7	57.5	28.91	68.76	22.56	53.74	18.29	57.77
92	3.067	72.15	47.54	73.14	46.08	70.76	45.21	63.93	41.48	63.55	45.64	59.58	49.86	60.89	54.6	62.61	59.31	63.04	68.5	69.3	66.62	71.49	77.85	39.48	51.35	40.59	59.55	30.66	57.49	28.86	68.78	22.52	53.67	18.24	57.72
93	3.1	72.17	47.61	73.16	46.2	70.81	45.3	63.92	41.61	63.62	45.69	59.51	49.84	60.96	54.47	62.53	59.29	62.96	68.35	69.19	66.59	71.22	77.83	39.47	51.34	40.68	59.45	30.67	57.64	28.98	68.78	22.58	53.9	18.28	57.79
94	3.133	72.17	47.59	73.15	46.19	70.84	45.27	63.88	41.63	63.68	45.66	59.52	49.9	60.94	54.6	62.61	59.4	63.05	68.62	69.26	66.62	71.29	77.83	39.44	51.43	40.6	59.58	30.75	57.57	28.94	68.77	22.62	53.84	18.21	57.67
95	3.167	72.15	47.59	73.14	46.23	70.83	45.29	63.91	41.71	63.66	45.66	59.52	49.82	60.95	54.46	62.56	59.19	62.95	68.4	69.16	66.52	71.07	77.74	39.57	51.44	40.74	59.54	30.81	57.65	29.03	68.75	22.61	54.02	18.18	57.72
96	3.2	72.21	47.54	73.19	46.17	70.86	45.25	63.93	41.68	63.67	45.72	59.61	49.88	60.93	54.53	62.55	59.29	63.02	68.44	69.23	66.52	71.2	77.69	39.61	51.41	40.72	59.54	30.84	57.46	28.95	68.66	22.35	53.71	17.97	57.58
97	3.233	72.28	47.57	73.29	46.22	70.95	45.25	64.02	41.73	63.76	45.69	59.68	49.94	60.93	54.58	62.55	59.32	62.99	68.49	69.28	66.53	71.24	77.7	39.54	51.42	40.59	59.58	30.75	57.43	28.8	68.66	22.27	53.66	17.87	57.49
98	3.267	72.35	47.66	73.38	46.31	71.01	45.33	64.1	41.77	63.78	45.72	59.78	49.96	60.99	54.51	62.53	59.38	62.99	68.39	69.33	66.55	71.29	77.7	39.59	51.52	40.61	59.67	30.58	57.32	28.57	68.56	21.85	53.65	17.44	57.5
99	3.3	72.41	47.68	73.42	46.34	71.06	45.37	64.11	41.8	63.85	45.78	59.87	49.93	60.97	54.54	62.75	59.3	62.99	68.45	69.5	66.45	71.42	77.64	39.58	51.48	40.53	59.67	30.56	57.25	28.48	68.56	21.86	53.64	17.35	57.52
100	3.333	71.96	48.3	73.05	46.49	70.43	45.48	64.08	41.4	63.23	45.42	60.42	50.87	61.1	55.74	61.22	59.22	63.3	67.64	68.38	65.52	69.98	75.34	40.71	53.55	41.44	61.93	32.15	56.54	29.67	68.39	23.15	53.36	20.47	58.25
101	3.367	72.43	47.82	73.4	46.43	71.1	45.51	64.0	41.81	63.86	45.86	59.74	49.93	60.94	54.54	62.72	59.5	63.12	68.54	69.48	66.55	71.58	77.74	39.53	51.45	40.55	59.62	30.7	57.28	28.65	68.55	22.27	53.8	17.84	57.74
102	3.4	72.2	47.71	73.19	46.13	70.68	45.32	64.05	41.65	63.44	45.75	60.14	50.03	60.92	54.52	62.53	59.48	63.67	67.94	68.6	66.25	70.99	78.04	40.4	52.38	41.11	60.41	30.62	56.69	28.43	67.79	22.76	53.69	19.32	57.72
103	3.433	72.19	47.59	73.18	46.02	70.64	45.22	64.06	41.61	63.4	45.71	60.16	49.98	60.96	54.4	62.59	59.46	63.68	67.85	68.65	66.25	71.03	78.09	40.5	52.34	41.23	60.33	30.62	56.83	28.5	67.85	22.86	53.93	19.37	57.97
104	3.467	72.13	47.55	73.19	46.0	70.59	45.14	64.22	41.65	63.35	45.61	60.19	50.04	60.96	54.27	62.49	59.51	63.58	67.67	68.54	66.2	70.87	78.04	40.49	52.38	41.18	60.27	30.49	56.9	28.41	67.77	22.84	54.01	19.35	57.88
105	3.5	72.27	47.55	73.32	46.18	70.9	45.26	64.22	41.78	63.66	45.68	59.78	49.87	60.86	54.17	62.63	59.59	62.79	68.21	69.23	66.56	71.13	77.95	39.79	51.63	40.73	59.56	30.69	58.0	28.84	68.88	22.7	54.82	18.34	58.58
106	3.533	72.33	47.56	73.36	46.19	70.93	45.26	64.25	41.81	63.78	45.72	59.95	49.98	61.12	54.22	62.7	59.81	63.03	68.38	69.27	66.8	71.35	78.06	39.9	51.75	40.88	59.69	30.65	57.92	28.78	68.86	22.37	54.76	17.91	58.58
107	3.567	72.25	47.43	73.23	46.06	70.88	45.12	63.93	41.65	63.68	45.63	59.65	49.96	60.99	54.38	62.53	59.74	63.04	68.53	69.32	66.82	71.52	78.07	39.61	51.58	40.71	59.62	30.58	57.73	28.72	68.81	22.18	54.41	17.7	58.3
108	3.6	72.41	47.44	73.39	46.11	71.08	45.11	63.93	41.69	63.82	45.59	59.55	49.9	61.06	54.33	62.47	59.63	63.08	68.5	69.42	66.82	71.54	78.06	39.58	51.66	40.81	59.71	30.6	57.78	28.84	68.85	22.24	54.75	17.81	58.49
109	3.633	72.54	47.66	73.53	46.32	71.2	45.34	64.08	41.85	63.92	45.76	59.72	49.99	61.11	54.31	62.52	59.86	63.21	68.5	69.34	66.94	71.49	78.2	39.62	51.67	40.77	59.69	30.58	57.6	28.65	68.65	22.19	54.67	17.72	58.47
110	3.667	72.79	48.0	73.76	46.66	71.48	45.68	64.14	42.0	64.16	45.97	59.67	49.96	61.19	54.4	62.53	59.79	63.27	68.55	69.49	66.85	71.71	78.14	39.37	51.48	40.59	59.62	30.43	57.43	28.51	68.61	22.1	54.3	17.59	58.16
111	3.7	72.79	48.22	73.77	46.74	71.3	45.84	64.31	42.29	64.0	46.32	60.38	50.47	61.35	54.7	62.52	59.86	64.06	67.79	68.72	66.68	71.21	78.27	40.36	52.6	41.19	60.58	30.43	56.64	28.14	67.68	22.6	54.05	19.05	58.1
112	3.733	73.11	48.38	74.11	47.09	71.79	46.06	64.46	42.57	64.42	46.47	60.02	50.48	61.36	54.69	62.69	60.31	63.63	68.6	69.66	66.85	71.88	78.16	39.59	51.61	40.66	59.66	30.63	57.37	28.57	68.45	22.42	54.46	18.05	58.39
113	3.767	73.04	48.34	74.08	47.03	71.7	46.01	64.57	42.55	64.34	46.42	60.11	50.53	61.29	54.63	62.67	60.46	63.51	68.55	69.56	66.93	71.78	78.27	39.62	51.58	40.59	59.57	30.58	57.37	28.52	68.37	22.52	54.43	18.24	58.39
114	3.8	72.83	48.01	73.88	46.73	71.45	45.7	64.5	42.49	64.14	46.31	60.09	50.68	61.24	54.61	62.66	60.76	63.55	68.63	69.5	67.06	71.74	78.39	39.73	51.79	40.66	59.66	30.58	57.58	28.51	68.41	22.73	54.59	18.37	58.47
115	3.833	72.78	47.61	73.81	46.31	71.34	45.34	64.47	42.2	63.99	46.11	60.12	50.57	61.17	54.52	62.73	60.78	63.49	68.62	69.51	67.0	71.51	78.3	39.87	51.84	40.75	59.68	30.65	57.66	28.55	68.47	22.69	54.59	18.34	58.55
116	3.867	72.82	47.52	73.83	46.14	71.34	45.23	64.47	41.9	63.94	45.98	60.11	50.39	61.12	54.53	62.75	60.68	63.54	68.74	69.62	66.84	71.71	78.32	39.79	51.62	40.66	59.6	30.66	57.4	28.58	68.41	22.72	54.23	18.49	58.43
117	3.9	72.69	47.47	73.73	46.06	71.2	45.18	64.51	41.79	63.83	45.88	60.19	50.25	61.16	54.34	62.91	60.5	63.6	68.56	69.6	66.72	71.67	78.3	39.84	51.51	40.67	59.46	30.51	57.33	28.35	68.3	22.6	54.26	18.18	58.41
118	3.933	72.72	47.4	73.73	45.99	71.2	45.11	64.48	41.77	63.79	45.87	60.19	50.33	61.19	54.5	62.95	60.43	63.63	68.63	69.55	66.69	71.56	78.32	40.01	51.66	40.87	59.62	30.7	57.56	28.59	68.54	22.68	54.37	18.33	58.49
119	3.967	72.74	47.4	73.73	46.01	71.23	45.12	64.45	41.85	63.86	45.93	60.24	50.46	61.24	54.63	63.02	60.52	63.66	68.77	69.55	66.81	71.58	78.42	40.04	51.78	40.9	59.73	30.76	57.69	28.64	68.67	22.7	54.47	18.29	58.57
120	4.0	72.94	47.73	73.9	46.47	71.51	45.49	64.38	42.37	64.16	46.3	60.09	50.66	61.32	54.64	62.76	60.73	63.6	68.64	69.49	66.98	71.54	78.4	39.88	51.98	40.9	59.82	30.75	57.82	28.71	68.63	22.77	54.77	18.4	58.74
121	4.033	73.19	48.45	74.12	47.25	71.89	46.23	64.34	43.02	64.62	46.9	60.02	50.89	61.38	54.84	62.76	60.95	63.45	68.74	69.38	67.12	71.62	78.37	39.52	52.0	40.61	59.84	30.5	57.91	28.48	68.66	23.01	54.94	18.52	58.8
122	4.067	73.58	49.12	74.45	47.92	72.39	46.86	64.26	43.37	65.13	47.29	59.88	50.91	61.66	55.02	62.52	61.02	63.63	68.92	69.38	67.39	71.86	78.51	39.26	52.0	40.64	59.98	30.47	57.68	28.58	68.63	22.98	54.92	18.63	58.87
123	4.1	73.75	49.5	74.62	48.44	72.67	47.22	64.09	43.9	65.49	47.61	59.59	51.12	61.81	55.08	61.97	61.05	63.47	68.7	69.13	67.56	71.69	78.31	38.89	52.09	40.58	60.01	30.19	57.64	28.45	68.47	22.7	55.1	18.4	58.86
124	4.133	74.04	49.7	74.85	48.74	73.07	47.43	63.92	44.16	65.92	47.81	59.41	51.13	61.86	55.14	61.67	61.03	63.21	68.71	68.94	67.86	71.77	78.39	38.54	52.23	40.41	60.19	30.04	57.54	28.31	68.41	22.48	55.18	18.14	58.85
125	4.167	74.07	49.81	74.79	48.9	73.2	47.55	63.5	44.3	66.15	47.97	59.11	51.12	61.9	55.35	61.43	60.81	63.07	68.82	68.76	67.97	71.54	78.44	38.16	52.24	40.3	60.29	29.89	57.46	28.14	68.45	22.06	55.18	17.58	58.8
126	4.2	74.22	49.72	74.89	48.85	73.37	47.47	63.33	44.33	66.31	48.04	59.0	51.24	61.91	55.41	61.31	61.1	63.14	68.87	68.94	68.16	71.89	78.52	37.82	52.25	40.06	60.31	29.59	57.18	27.76	68.22	21.7	54.9	17.17	58.65
127	4.233	74.22	49.56	74.85	48.76	73.42	47.28	63.08	44.36	66.47	47.97	58.83	51.39	61.96	55.53	61.0	61.13	63.15	68.9	68.97	68.26	71.97	78.64	37.58	52.37	39.98	60.44	29.56	57.32	27.75	68.4	21.38	55.04	16.91	58.83
128	4.267	74.15	49.3	74.71	48.56	73.42	47.02	62.63	44.34	66.59	47.88	58.57	51.5	61.9	55.58	60.81	61.19	63.16	68.86	68.91	68.37	72.16	78.7	37.08	52.7	39.6	60.76	29.03	57.42	27.12	68.48	20.87	55.18	16.32	58.93
129	4.3	74.14	49.52	74.7	48.88	73.51	47.22	62.5	44.7	66.86	48.03	58.54	51.59	62.01	55.57	60.63	61.16	62.96	68.86	68.78	68.4	72.08	78.74	37.06	52.78	39.69	60.79	29.0	57.56	27.05	68.54	20.62	55.59	15.9	59.13
130	4.333	74.06	49.58	74.64	49.05	73.46	47.3	62.42	45.14	66.94	48.24	58.57	51.82	61.98	55.6	60.77	61.38	63.02	68.97	68.96	68.57	72.34	78.69	36.92	52.86	39.48	60.77	28.84	57.43	26.75	68.27	20.48	55.79	15.55	59.09
131	4.367	73.77	50.24	74.32	49.75	73.39	47.89	62.0	45.7	67.33	48.56	58.38	51.94	61.99	55.72	60.41	61.36	62.8	69.08	68.55	68.68	72.07	78.78	36.59	52.87	39.3	60.75	28.89	57.32	26.67	68.1	20.48	56.01	15.63	59.12
132	4.4	73.61	50.89	74.14	50.45	73.4	48.52	61.75	46.27	67.67	48.97	58.34	52.04	61.98	55.88	60.44	61.19	62.72	69.17	68.47	68.79	72.19	78.85	36.31	52.94	39.02	60.87	28.66	57.15	26.12	67.96	20.25	56.02	15.12	58.85
133	4.433	75.44	51.36	76.03	51.33	75.34	48.93	63.93	47.11	69.68	49.49	59.79	52.16	63.59	56.48	60.44	61.05	64.25	70.93	70.19	69.14	73.04	80.72	38.14	53.1	40.82	62.42	31.16	55.99	28.05	68.56	23.74	58.39	18.12	61.13
134	4.467	75.48	52.4	76.08	52.37	75.47	49.91	63.9	47.86	69.85	50.2	59.7	52.48	63.5	56.99	60.27	61.0	64.03	71.24	70.13	69.18	72.9	80.84	37.83	53.17	40.48	62.62	31.03	55.99	27.83	68.76	23.51	58.31	17.93	61.1
135	4.5	73.31	52.71	73.8	52.27	73.33	50.33	61.37	47.67	68.11	50.32	58.28	52.46	62.04	56.58	60.44	61.24	62.49	69.73	68.14	69.23	72.08	79.19	35.92	52.96	38.7	61.0	28.63	57.1	25.79	68.04	20.24	56.01	14.88	58.69
136	4.533	73.33	52.89	73.84	52.44	73.35	50.5	61.46	47.79	68.15	50.42	58.34	52.53	62.04	56.67	60.52	61.37	62.55	69.91	68.2	69.17	72.2	79.1	35.86	52.99	38.59	61.06	28.67	57.11	25.83	68.1	20.26	55.87	14.9	58.57
137	4.567	73.4	53.15	73.91	52.66	73.41	50.75	61.47	47.86	68.11	50.57	58.34	52.65	62.02	56.77	60.52	61.54	62.64	69.94	68.45	69.1	72.34	79.01	35.88	53.09	38.61	61.18	28.7	57.01	25.88	68.05	20.26	55.62	15.06	58.49
138	4.6	73.37	53.68	73.87	53.18	73.39	51.29	61.41	48.22	68.07	50.97	58.28	52.77	61.95	56.92	60.52	61.63	62.63	70.01	68.45	69.09	72.33	79.11	35.8	53.1	38.52	61.21	28.59	56.87	25.73	67.93	20.24	55.46	15.02	58.36
139	4.633	73.36	54.21	73.87	53.72	73.39	51.84	61.39	48.51	68.03	51.3	58.25	52.66	61.96	57.01	60.45	61.15	62.65	69.87	68.47	69.18	72.36	79.09	35.92	52.96	38.68	61.18	28.85	56.46	25.96	67.69	20.02	55.31	14.84	58.26
140	4.667	73.15	55.17	73.66	54.63	73.23	52.8	61.24	49.09	67.88	51.95	58.04	52.85	61.72	57.35	60.44	61.28	62.44	70.11	68.56	69.42	72.59	79.11	35.66	52.84	38.43	61.11	28.92	56.54	26.17	67.85	20.31	55.49	15.24	58.55
141	4.7	73.1	55.89	73.61	55.29	73.16	53.55	61.14	49.56	67.78	52.58	57.96	53.17	61.62	57.73	60.53	61.69	62.47	70.48	68.73	69.42	72.59	79.12	35.46	53.16	38.23	61.46	28.79	57.28	26.09	68.65	20.36	56.16	15.42	59.42
142	4.733	73.14	56.38	73.63	55.78	73.22	54.04	61.09	49.93	67.86	52.93	57.91	53.36	61.65	57.87	60.68	61.88	62.79	70.53	69.11	69.38	73.13	78.86	35.37	53.41	38.2	61.7	28.91	57.48	26.26	68.82	20.63	56.47	15.82	59.75
143	4.767	76.09	57.47	76.72	57.39	76.18	54.91	64.49	51.46	70.43	53.84	59.85	53.96	63.82	59.0	60.62	61.02	64.28	72.24	71.34	69.03	73.85	81.28	38.03	53.56	40.75	63.4	32.64	56.94	29.93	70.27	25.53	60.2	20.56	63.57
144	4.8	76.13	57.47	76.76	57.43	76.24	54.9	64.51	51.55	70.54	53.85	59.88	54.09	63.92	59.04	60.45	61.04	64.33	72.13	71.1	69.21	73.75	81.3	37.93	53.63	40.71	63.42	32.54	56.97	29.77	70.25	24.93	60.22	19.97	63.48
145	4.833	76.15	57.36	76.84	57.3	76.25	54.78	64.78	51.49	70.58	53.8	60.16	54.1	64.0	59.21	60.63	60.94	64.35	72.36	71.35	69.37	73.64	81.42	38.24	53.59	40.87	63.49	32.7	56.96	29.82	70.43	25.12	59.86	20.08	63.18
146	4.867	75.97	57.27	76.63	57.17	76.03	54.72	64.75	51.43	70.4	53.76	60.23	54.16	64.0	59.12	60.82	61.17	64.48	72.3	71.52	69.51	73.52	81.53	38.66	53.63	41.24	63.36	33.42	57.21	30.59	70.49	26.03	60.13	21.01	63.58
147	4.9	75.8	56.64	76.42	56.51	75.82	54.1	64.54	50.89	70.2	53.29	60.16	53.95	63.85	58.85	60.72	61.3	64.3	72.21	71.36	69.94	73.45	81.72	38.66	53.82	41.23	63.5	33.27	57.29	30.37	70.51	25.73	60.23	20.68	63.71
148	4.933	75.66	55.79	76.24	55.64	75.62	53.3	64.33	50.31	69.92	52.8	60.0	53.8	63.77	58.64	60.71	61.34	64.42	72.02	71.13	69.94	73.37	81.63	38.69	53.74	41.31	63.33	33.17	57.25	30.33	70.33	25.79	59.97	20.7	63.43
149	4.967	75.45	55.11	76.01	54.96	75.4	52.66	64.11	49.85	69.75	52.39	59.93	53.67	63.7	58.45	60.78	61.42	64.52	71.95	71.05	69.84	73.43	81.42	38.55	53.72	41.18	63.26	32.72	57.41	29.83	70.41	25.41	60.13	20.17	63.51
150	5.0	75.37	54.81	75.93	54.67	75.33	52.38	64.2	49.73	69.83	52.23	60.04	53.72	63.8	58.39	60.69	61.55	64.41	71.87	70.81	69.81	73.0	81.21	38.87	53.81	41.51	63.24	33.02	57.5	30.2	70.35	25.97	60.23	20.86	63.56
151	5.033	75.36	54.27	75.87	54.14	75.28	51.88	63.95	49.44	69.68	52.03	59.82	53.76	63.68	58.47	60.65	61.68	64.36	71.98	70.56	69.85	72.94	81.18	38.68	53.85	41.38	63.26	32.92	57.21	30.08	70.01	25.83	59.76	20.56	63.05
152	5.067	74.96	53.8	75.48	53.67	74.95	51.4	63.75	49.09	69.59	51.61	59.74	53.53	63.61	58.24	60.58	61.52	64.27	71.9	70.47	69.96	72.83	81.24	38.59	53.83	41.31	63.22	32.66	57.32	29.79	70.08	25.59	59.84	20.34	62.96
153	5.1	74.95	53.45	75.47	53.27	74.88	51.05	63.69	48.73	69.4	51.36	59.68	53.43	63.54	58.19	60.66	61.58	64.34	71.96	70.62	70.01	73.03	81.31	38.5	53.78	41.24	63.21	32.51	57.27	29.67	70.08	25.45	59.7	20.17	62.91
154	5.133	74.97	53.39	75.49	53.24	74.9	50.99	63.66	48.75	69.42	51.35	59.67	53.41	63.54	58.21	60.68	61.47	64.28	71.98	70.56	69.87	72.96	81.22	38.47	53.78	41.23	63.23	32.51	57.27	29.66	70.07	25.29	59.85	19.97	62.97
155	5.167	74.93	53.33	75.44	53.18	74.85	50.95	63.56	48.72	69.36	51.35	59.63	53.46	63.52	58.17	60.66	61.61	64.3	71.93	70.42	69.79	72.92	81.18	38.46	53.83	41.25	63.21	32.47	57.26	29.62	69.96	25.19	59.98	19.88	63.1
156	5.2	74.83	53.27	75.32	53.12	74.77	50.9	63.45	48.69	69.33	51.32	59.55	53.45	63.48	58.17	60.56	61.51	64.25	71.83	70.26	69.71	72.83	81.12	38.37	53.85	41.2	63.21	32.37	57.28	29.54	69.96	25.16	59.95	19.9	63.04
157	5.233	74.76	53.34	75.29	53.18	74.74	50.94	63.54	48.71	69.41	51.27	59.61	53.48	63.52	58.15	60.53	61.61	64.24	71.95	70.3	69.73	72.85	81.23	38.41	53.99	41.2	63.35	32.36	57.46	29.5	70.13	25.33	60.11	20.04	63.15
158	5.267	74.66	53.42	75.18	53.25	74.64	51.03	63.5	48.81	69.33	51.37	59.58	53.57	63.48	58.29	60.6	61.62	64.26	72.06	70.39	69.45	72.79	81.08	38.45	53.92	41.23	63.29	32.56	57.27	29.72	69.95	25.61	59.9	20.36	62.99
159	5.3	74.66	53.53	75.19	53.35	74.67	51.11	63.54	48.85	69.42	51.39	59.57	53.64	63.53	58.39	60.52	61.71	64.28	72.22	70.36	69.4	72.75	81.16	38.33	54.05	41.14	63.46	32.35	57.29	29.5	70.02	25.46	59.9	20.24	62.95
160	5.333	74.71	53.37	75.25	53.18	74.71	50.94	63.59	48.71	69.4	51.26	59.6	53.66	63.46	58.36	60.55	61.75	64.28	72.15	70.32	69.43	72.72	81.27	38.31	54.22	41.07	63.61	32.16	57.29	29.25	69.97	25.42	59.89	20.29	62.9
161	5.367	74.58	53.07	75.13	52.87	74.6	50.63	63.58	48.49	69.39	50.99	59.58	53.64	63.43	58.24	60.42	61.93	64.21	72.14	70.2	69.55	72.64	81.33	38.31	54.35	41.05	63.69	31.94	57.46	29.0	70.07	25.61	59.92	20.43	62.87
162	5.4	74.34	52.93	74.91	52.72	74.38	50.49	63.74	48.39	69.36	50.77	59.78	53.49	63.45	57.96	60.43	61.84	64.06	71.98	70.1	69.59	72.3	81.43	38.85	54.18	41.44	63.39	32.61	57.28	29.65	69.74	26.4	59.75	21.27	62.67
163	5.433	74.03	52.7	74.59	52.52	74.11	50.29	63.35	48.39	69.15	50.77	59.41	53.65	63.25	58.11	60.2	61.82	64.06	71.89	69.88	69.51	72.3	81.43	38.45	54.33	41.19	63.5	32.07	57.26	29.17	69.62	26.02	59.85	21.07	62.63
164	5.467	73.91	52.66	74.46	52.48	74.01	50.26	63.33	48.41	69.17	50.74	59.42	53.62	63.23	58.05	60.12	61.89	64.02	71.93	69.86	69.57	72.29	81.54	38.54	54.37	41.25	63.5	32.25	57.28	29.33	69.59	26.28	59.78	21.32	62.56
165	5.5	72.77	52.68	73.07	52.15	72.69	50.31	60.78	48.38	67.55	51.07	58.06	54.31	61.57	58.22	60.55	63.17	63.2	71.09	68.15	69.59	72.55	79.85	36.33	54.51	38.89	62.34	29.58	58.15	26.83	68.74	22.07	56.34	17.5	59.28
166	5.533	72.74	52.47	73.06	51.94	72.64	50.12	60.9	48.22	67.48	50.9	58.19	54.16	61.6	58.11	60.61	62.99	63.09	71.08	68.07	69.61	72.43	80.01	36.61	54.54	39.08	62.39	29.6	58.22	26.82	68.84	21.98	56.44	17.27	59.32
167	5.567	72.62	52.54	72.93	52.04	72.54	50.21	60.8	48.36	67.47	50.99	58.15	54.13	61.56	58.13	60.55	62.77	63.03	71.01	67.86	69.75	72.09	80.14	36.71	54.51	39.2	62.32	29.9	58.14	27.08	68.71	22.14	56.45	17.48	59.23
168	5.6	72.61	52.54	72.9	52.05	72.55	50.2	60.74	48.4	67.51	51.06	58.14	54.23	61.52	58.39	60.5	62.72	62.95	71.18	67.8	69.79	71.98	80.31	36.66	54.5	39.14	62.4	29.94	57.93	27.04	68.6	22.17	56.1	17.52	58.92
169	5.633	72.55	52.94	72.85	52.42	72.51	50.59	60.73	48.61	67.51	51.25	58.06	54.27	61.51	58.34	60.44	62.84	62.89	71.13	67.71	69.84	71.95	80.37	36.49	54.41	39.01	62.26	29.83	58.11	27.01	68.71	22.24	56.25	17.6	59.07
170	5.667	72.5	53.06	72.83	52.57	72.49	50.72	60.76	48.77	67.52	51.35	58.03	54.27	61.49	58.27	60.36	62.81	62.81	71.01	67.57	69.92	71.83	80.35	36.46	54.4	38.97	62.19	29.81	58.21	26.97	68.72	22.28	56.31	17.56	59.02
171	5.7	72.42	53.76	72.75	53.26	72.48	51.38	60.68	49.2	67.61	51.73	57.93	54.42	61.48	58.39	60.22	63.05	62.88	71.2	67.62	70.07	72.03	80.53	36.33	54.42	38.89	62.23	29.89	58.15	27.01	68.66	22.32	56.35	17.67	59.04
172	5.733	72.41	53.89	72.76	53.37	72.48	51.5	60.74	49.24	67.63	51.76	57.97	54.41	61.53	58.4	60.26	63.06	62.9	71.24	67.66	70.08	72.08	80.53	36.36	54.37	38.92	62.19	29.91	58.15	27.07	68.68	22.44	56.33	17.8	59.03
173	5.767	72.44	53.93	72.78	53.43	72.5	51.56	60.7	49.32	67.62	51.85	57.91	54.43	61.51	58.38	60.24	62.99	62.88	71.13	67.56	70.09	72.04	80.68	36.25	54.52	38.84	62.32	29.67	58.32	26.82	68.79	22.21	56.47	17.46	59.08
174	5.8	72.48	53.94	72.82	53.48	72.56	51.57	60.72	49.37	67.7	51.86	57.93	54.37	61.52	58.36	60.15	62.83	62.8	71.05	67.42	70.02	71.89	80.71	36.3	54.65	38.88	62.47	29.6	58.24	26.68	68.72	22.07	56.48	17.32	59.01
175	5.833	72.35	53.36	72.65	52.88	72.38	51.01	60.54	49.04	67.47	51.61	57.86	54.34	61.32	58.44	60.19	62.76	62.67	71.12	67.3	70.05	71.75	80.78	36.3	54.68	38.8	62.52	29.57	58.3	26.62	68.81	22.07	56.37	17.29	58.96
176	5.867	72.46	52.84	72.72	52.37	72.49	50.48	60.46	48.65	67.52	51.28	57.79	54.19	61.31	58.47	60.16	62.47	62.68	71.09	67.33	69.86	71.83	80.7	36.22	54.58	38.75	62.55	29.51	58.06	26.58	68.71	21.95	56.02	17.26	58.66
177	5.9	72.75	52.29	73.0	51.8	72.69	49.94	60.66	48.24	67.52	50.96	57.94	54.25	61.39	58.45	60.39	62.86	62.87	71.27	67.5	69.74	71.93	80.69	36.25	54.68	38.75	62.62	29.42	58.01	26.55	68.64	22.13	55.77	17.44	58.53
178	5.933	72.79	52.28	73.07	51.78	72.71	49.94	60.85	48.17	67.49	50.9	58.0	54.13	61.48	58.29	60.43	62.78	62.95	71.13	67.48	69.62	71.85	80.63	36.36	54.72	38.85	62.66	29.35	58.07	26.57	68.66	22.3	55.8	17.59	58.52
179	5.967	72.85	52.41	73.13	51.89	72.75	50.07	60.91	48.19	67.53	50.97	58.09	54.18	61.53	58.43	60.43	62.81	62.91	71.28	67.36	69.54	71.61	80.6	36.48	54.67	38.96	62.65	29.53	57.9	26.74	68.57	22.46	55.55	17.82	58.36
180	6.0	72.92	52.29	73.2	51.78	72.81	49.96	61.0	48.22	67.61	50.99	58.14	54.35	61.62	58.5	60.43	63.19	63.03	71.44	67.4	69.57	71.57	80.67	36.56	54.83	39.06	62.74	29.67	57.93	26.9	68.49	22.94	55.51	18.33	58.37
181	6.033	72.83	52.44	73.14	51.91	72.74	50.09	61.03	48.28	67.56	51.02	58.14	54.34	61.54	58.49	60.54	63.28	62.99	71.6	67.54	69.44	71.63	80.57	36.48	54.71	38.91	62.64	29.65	57.88	26.86	68.45	23.02	55.43	18.37	58.23
182	6.067	73.18	52.07	73.45	51.57	72.99	49.78	61.07	48.11	67.51	51.0	58.19	54.35	61.5	58.59	60.84	63.27	63.15	71.68	67.77	69.37	71.93	80.71	36.49	54.85	38.88	62.82	29.51	57.62	26.7	68.27	22.88	55.26	18.16	58.17
183	6.1	72.93	52.76	73.19	52.24	72.81	50.46	60.79	48.64	67.48	51.5	58.0	54.62	61.4	58.82	60.75	63.48	63.18	71.79	67.77	69.49	72.02	80.62	36.25	54.83	38.69	62.78	29.44	57.64	26.6	68.24	22.81	55.21	18.17	58.08
184	6.133	73.29	53.02	73.57	52.49	73.12	50.75	61.07	48.67	67.6	51.65	58.11	54.56	61.56	58.82	60.81	63.45	63.22	71.77	67.9	69.41	71.94	80.71	36.36	54.83	38.86	62.83	29.44	57.63	26.7	68.33	22.84	55.34	18.26	58.36
185	6.167	73.58	52.82	73.85	52.27	73.31	50.6	61.37	48.5	67.58	51.64	58.36	54.57	61.71	58.92	60.94	63.27	63.25	71.62	67.81	69.54	71.77	80.9	36.78	54.85	39.24	62.86	29.77	57.61	27.07	68.37	23.09	55.2	18.52	58.39
186	6.2	73.71	52.83	74.01	52.27	73.36	50.63	61.52	48.55	67.48	51.78	58.43	54.76	61.76	59.08	61.01	63.48	63.43	71.66	67.95	69.6	71.88	80.86	36.85	54.85	39.31	62.86	29.77	57.57	27.15	68.34	23.15	55.0	18.67	58.32
187	6.233	73.93	52.75	74.23	52.11	73.41	50.62	61.8	48.28	67.14	51.84	58.54	54.68	61.72	59.22	61.29	63.28	63.54	71.62	67.98	69.57	71.7	80.96	37.11	54.83	39.5	62.91	29.87	57.58	27.42	68.5	23.3	54.82	18.96	58.41
188	6.267	74.05	52.87	74.38	52.15	73.43	50.77	62.1	48.07	66.92	51.8	58.61	54.51	61.74	59.04	61.24	63.18	63.56	71.34	67.82	69.56	71.65	81.03	37.41	54.74	39.74	62.8	29.96	57.67	27.64	68.58	23.45	54.78	19.22	58.52
189	6.3	74.03	52.73	74.38	51.98	73.34	50.64	62.2	47.93	66.72	51.73	58.62	54.48	61.69	58.99	61.27	63.15	63.53	71.2	67.87	69.57	71.51	80.98	37.53	54.78	39.83	62.8	30.01	57.95	27.75	68.81	23.58	55.02	19.35	58.84
190	6.333	74.09	52.61	74.44	51.85	73.37	50.52	62.24	47.8	66.66	51.65	58.65	54.38	61.62	58.98	61.35	63.07	63.52	71.26	67.91	69.59	71.49	80.99	37.57	54.73	39.81	62.8	30.07	58.02	27.78	68.95	23.54	55.13	19.32	58.95
191	6.367	74.11	52.64	74.46	51.86	73.39	50.54	62.27	47.77	66.66	51.63	58.65	54.33	61.61	58.97	61.41	63.11	63.56	71.36	68.01	69.62	71.59	81.07	37.56	54.74	39.8	62.83	30.08	58.0	27.81	68.96	23.58	55.18	19.42	59.03
192	6.4	74.02	52.67	74.38	51.9	73.32	50.57	62.2	47.81	66.66	51.64	58.61	54.37	61.59	58.9	61.35	63.21	63.58	71.31	68.09	69.58	71.73	81.07	37.47	54.78	39.7	62.84	29.95	57.97	27.68	68.89	23.5	55.14	19.33	59.02
193	6.433	74.01	52.67	74.36	51.88	73.28	50.58	62.26	47.81	66.65	51.67	58.71	54.43	61.61	58.92	61.46	63.31	63.57	71.36	68.05	69.64	71.64	81.2	37.53	54.93	39.71	62.95	29.95	58.23	27.67	69.12	23.56	55.32	19.35	59.22
194	6.467	73.97	52.47	74.33	51.69	73.2	50.4	62.24	47.75	66.55	51.6	58.75	54.51	61.58	58.89	61.55	63.45	63.65	71.34	68.15	69.52	71.75	81.03	37.54	55.0	39.68	62.97	29.95	58.41	27.68	69.23	23.42	55.39	19.25	59.33
195	6.5	73.96	52.43	74.32	51.6	73.16	50.36	62.27	47.59	66.47	51.56	58.77	54.44	61.54	58.86	61.6	63.55	63.65	71.4	68.24	69.52	71.85	81.09	37.46	54.98	39.56	63.0	29.72	58.34	27.44	69.23	23.26	55.25	19.1	59.32
196	6.533	74.0	52.41	74.36	51.57	73.19	50.32	62.33	47.57	66.49	51.51	58.82	54.53	61.58	58.9	61.66	63.66	63.7	71.46	68.24	69.64	71.87	81.21	37.46	55.06	39.53	63.07	29.67	58.37	27.35	69.25	23.38	55.12	19.11	59.18
197	6.567	74.07	52.41	74.45	51.53	73.23	50.31	62.45	47.47	66.46	51.48	58.88	54.53	61.62	58.89	61.64	63.75	63.76	71.44	68.28	69.63	71.99	81.29	37.57	55.08	39.62	63.11	29.6	58.35	27.32	69.26	23.37	55.13	19.19	59.29
198	6.6	74.06	52.52	74.47	51.67	73.23	50.43	62.54	47.65	66.5	51.56	58.94	54.52	61.66	58.75	61.61	63.79	63.75	71.35	68.19	69.72	71.96	81.32	37.68	55.02	39.71	62.97	29.72	58.4	27.43	69.19	23.55	55.39	19.31	59.43
199	6.633	74.06	52.55	74.46	51.72	73.24	50.47	62.48	47.74	66.54	51.65	58.94	54.56	61.64	58.91	61.82	63.83	63.87	71.64	68.38	69.86	72.08	81.44	37.58	55.11	39.59	63.11	29.74	58.43	27.4	69.29	23.56	55.4	19.27	59.38
200	6.667	74.12	52.49	74.52	51.67	73.29	50.43	62.55	47.76	66.55	51.68	59.02	54.6	61.66	58.92	61.99	63.89	63.94	71.68	68.51	69.87	72.23	81.51	37.66	55.18	39.64	63.16	29.79	58.49	27.43	69.32	23.66	55.5	19.34	59.48
201	6.7	74.1	52.6	74.51	51.8	73.26	50.53	62.55	47.93	66.53	51.79	59.0	54.82	61.69	59.04	61.87	64.16	64.07	71.75	68.48	70.08	72.4	81.53	37.65	55.2	39.66	63.14	29.77	58.48	27.47	69.26	23.54	55.38	19.32	59.33
202	6.733	74.2	52.69	74.62	51.87	73.36	50.61	62.66	47.93	66.6	51.81	59.04	54.75	61.77	59.01	61.79	64.05	64.02	71.7	68.31	70.14	72.24	81.58	37.74	55.31	39.77	63.27	29.8	58.61	27.49	69.42	23.54	55.52	19.26	59.45
203	6.767	74.19	52.48	74.59	51.7	73.35	50.43	62.63	47.84	66.64	51.71	59.07	54.61	61.8	58.98	61.82	63.78	63.9	71.66	68.14	70.2	71.84	81.74	37.8	55.35	39.84	63.31	29.9	58.85	27.58	69.67	23.54	55.81	19.23	59.67
204	6.8	74.11	52.36	74.51	51.6	73.36	50.28	62.5	47.75	66.8	51.51	58.96	54.48	61.85	58.88	61.63	63.58	63.79	71.62	67.88	70.15	71.62	81.82	37.58	55.43	39.72	63.41	29.78	59.02	27.48	69.82	23.48	56.05	19.11	59.77
205	6.833	73.97	52.25	74.37	51.51	73.25	50.15	62.4	47.72	66.78	51.39	58.91	54.43	61.79	58.74	61.56	63.58	63.75	71.54	67.81	70.22	71.67	81.93	37.47	55.34	39.59	63.28	29.62	58.81	27.27	69.55	23.38	55.93	18.97	59.57
206	6.867	73.9	52.23	74.29	51.49	73.19	50.14	62.27	47.74	66.77	51.44	58.87	54.47	61.78	58.83	61.53	63.56	63.78	71.58	67.83	70.39	71.73	82.12	37.45	55.4	39.62	63.35	29.66	58.71	27.29	69.49	23.32	55.85	18.98	59.55
207	6.9	73.76	52.0	74.13	51.25	73.05	49.91	62.18	47.58	66.7	51.25	58.86	54.48	61.75	58.76	61.62	63.68	63.8	71.61	67.82	70.51	71.71	82.15	37.49	55.53	39.64	63.42	29.71	58.88	27.34	69.57	23.51	55.95	19.11	59.59
208	6.933	73.6	51.72	73.95	51.0	72.87	49.66	62.08	47.54	66.56	51.16	58.85	54.58	61.72	58.78	61.76	63.92	63.98	71.83	67.92	70.56	71.87	82.32	37.56	55.56	39.69	63.37	29.83	58.89	27.43	69.47	23.68	55.97	19.18	59.53
209	6.967	73.56	51.85	73.91	51.09	72.82	49.77	62.11	47.53	66.5	51.15	58.8	54.58	61.68	58.69	61.68	64.05	63.91	71.78	67.86	70.57	71.79	82.33	37.53	55.73	39.65	63.49	29.72	59.17	27.33	69.68	23.71	56.22	19.17	59.79
210	7.0	73.5	51.85	73.86	51.09	72.76	49.77	62.08	47.51	66.43	51.12	58.78	54.55	61.63	58.64	61.68	64.0	63.88	71.74	67.91	70.4	71.87	82.27	37.57	55.76	39.68	63.51	29.73	59.25	27.38	69.74	23.64	56.31	19.15	59.88
211	7.033	73.45	51.87	73.8	51.13	72.74	49.78	61.99	47.6	66.47	51.15	58.73	54.61	61.59	58.67	61.6	64.07	63.84	71.78	67.89	70.5	71.94	82.25	37.47	55.75	39.58	63.49	29.74	59.24	27.37	69.71	23.6	56.24	19.12	59.78
212	7.067	73.61	52.02	73.97	51.31	72.91	49.94	62.06	47.78	66.61	51.31	58.73	54.72	61.7	58.69	61.61	64.29	63.95	71.83	67.93	70.64	72.0	82.3	37.46	55.9	39.65	63.6	29.75	59.46	27.42	69.85	23.71	56.55	19.19	60.03
213	7.1	73.59	52.42	73.95	51.71	72.93	50.32	62.0	48.08	66.64	51.57	58.63	54.84	61.65	58.87	61.47	64.38	63.87	72.0	67.86	70.84	71.9	82.4	37.42	56.04	39.65	63.75	29.89	59.61	27.53	70.02	23.78	56.79	19.29	60.23
214	7.133	73.61	52.62	73.97	51.94	72.96	50.52	62.01	48.34	66.71	51.77	58.66	55.01	61.62	58.98	61.36	64.48	63.74	72.0	67.78	70.8	71.89	82.32	37.48	56.03	39.66	63.71	30.01	59.5	27.59	69.86	23.88	56.68	19.38	60.12
215	7.167	73.68	52.87	74.04	52.2	73.07	50.76	62.0	48.53	66.83	51.97	58.66	55.08	61.62	59.2	61.34	64.45	63.79	72.21	67.88	70.86	71.99	82.43	37.37	56.02	39.55	63.82	30.02	59.31	27.52	69.84	23.75	56.52	19.28	59.99
216	7.2	73.77	53.23	74.13	52.6	73.23	51.11	62.0	48.83	67.04	52.2	58.63	55.09	61.65	59.29	61.19	64.23	63.59	72.14	67.57	70.96	71.66	82.64	37.27	56.03	39.5	63.85	29.99	59.27	27.43	69.81	23.73	56.64	19.22	59.97
217	7.233	73.78	53.41	74.14	52.79	73.28	51.27	61.99	49.01	67.17	52.34	58.68	55.21	61.68	59.38	61.17	64.4	63.62	72.28	67.57	71.12	71.73	82.75	37.24	56.14	39.44	63.97	30.04	59.25	27.37	69.8	23.78	56.71	19.21	60.04
218	7.267	73.7	53.51	74.04	52.93	73.26	51.37	61.89	49.17	67.29	52.42	58.68	55.2	61.7	59.42	61.05	64.22	63.4	72.26	67.35	71.26	71.42	82.93	37.27	56.24	39.49	64.07	30.1	59.48	27.35	70.04	23.66	57.0	18.99	60.24
219	7.3	73.5	53.76	73.82	53.21	73.09	51.62	61.72	49.55	67.22	52.69	58.62	55.54	61.58	59.78	61.07	64.34	63.38	72.52	67.29	71.29	71.54	82.89	37.26	56.4	39.42	64.24	30.12	59.47	27.25	70.01	23.62	56.94	18.87	60.01
220	7.333	73.35	54.2	73.67	53.65	72.99	52.04	61.56	49.96	67.22	53.03	58.54	55.85	61.5	60.08	61.13	64.5	63.37	72.77	67.43	71.34	71.59	82.91	37.18	56.63	39.34	64.46	30.13	59.65	27.21	70.18	23.63	57.29	18.89	60.26
221	7.367	73.32	54.71	73.66	54.2	73.11	52.5	61.52	50.34	67.57	53.21	58.51	55.92	61.58	60.08	60.95	64.58	63.3	72.84	67.33	71.61	71.67	83.13	36.98	56.83	39.19	64.66	30.05	59.78	26.97	70.28	23.56	57.65	18.69	60.4
222	7.4	73.34	55.12	73.67	54.62	73.2	52.88	61.52	50.57	67.8	53.39	58.48	55.87	61.71	60.09	60.73	64.46	63.26	72.84	67.23	71.8	71.61	83.45	36.92	56.93	39.23	64.83	30.04	59.83	26.93	70.41	23.48	57.86	18.61	60.57
223	7.433	73.3	55.41	73.6	54.92	73.21	53.17	61.33	50.86	67.89	53.69	58.36	56.03	61.65	60.29	60.64	64.61	63.2	73.02	67.05	71.93	71.62	83.57	36.69	56.93	39.04	64.85	29.97	59.87	26.79	70.44	23.51	57.84	18.54	60.56
224	7.467	73.35	55.53	73.64	55.04	73.26	53.3	61.35	51.0	67.94	53.86	58.4	56.15	61.69	60.45	60.74	64.72	63.25	73.2	67.12	71.97	71.69	83.7	36.69	56.85	39.03	64.79	30.06	59.74	26.84	70.34	23.71	57.66	18.65	60.43
225	7.5	73.7	57.38	73.8	56.36	73.79	54.85	61.76	50.73	68.75	54.01	59.57	55.84	62.18	59.82	60.88	66.15	62.81	72.58	69.12	72.76	71.33	82.79	37.91	57.66	40.23	65.15	31.18	61.0	27.91	71.16	23.86	58.1	20.21	61.97
226	7.533	73.85	57.16	73.95	56.13	73.9	54.64	61.86	50.57	68.76	53.92	59.63	55.86	62.2	59.8	60.84	66.25	62.74	72.46	69.09	72.8	71.19	82.79	37.94	57.67	40.24	65.14	31.1	61.0	27.88	71.15	23.86	58.0	20.3	62.01
227	7.567	73.9	57.24	73.99	56.17	73.94	54.7	61.86	50.55	68.77	53.97	59.58	55.91	62.21	59.94	60.81	66.51	62.9	72.79	69.12	72.83	71.49	82.82	37.86	57.71	40.19	65.26	31.1	60.94	27.87	71.19	23.99	57.87	20.39	61.97
228	7.6	73.8	57.59	73.89	56.55	73.88	55.05	61.79	50.85	68.76	54.2	59.49	56.02	62.15	60.0	60.72	66.43	62.84	72.63	69.13	72.95	71.38	82.85	37.83	57.73	40.18	65.24	31.23	60.92	27.96	71.11	24.21	57.95	20.61	62.0
229	7.633	73.99	57.45	74.07	56.4	74.02	54.93	61.84	50.8	68.79	54.25	59.57	56.08	62.19	60.19	60.85	66.52	62.85	72.89	69.24	72.82	71.43	82.75	37.89	57.75	40.24	65.34	31.28	60.95	28.02	71.26	24.07	57.82	20.42	61.98
230	7.667	73.88	57.96	73.96	56.95	73.96	55.45	61.75	51.27	68.81	54.63	59.58	56.31	62.19	60.43	60.98	66.33	62.9	72.88	69.42	72.86	71.61	82.63	37.88	57.89	40.22	65.48	31.32	61.17	28.03	71.49	23.79	58.16	20.15	62.16
231	7.7	73.92	58.16	73.99	57.11	73.97	55.64	61.79	51.37	68.77	54.83	59.62	56.52	62.23	60.67	61.03	66.59	62.9	73.1	69.46	73.1	71.54	82.67	37.88	58.04	40.23	65.65	31.29	61.35	27.99	71.72	23.83	58.3	20.12	62.39
232	7.733	74.0	58.3	74.07	57.26	74.05	55.78	61.83	51.48	68.82	54.94	59.62	56.57	62.26	60.77	61.0	66.53	62.95	73.11	69.33	73.01	71.62	82.63	37.84	57.97	40.22	65.61	31.35	61.25	28.05	71.62	23.87	58.14	20.12	62.19
233	7.767	74.07	58.3	74.13	57.27	74.11	55.79	61.86	51.55	68.86	55.02	59.7	56.66	62.27	60.89	61.14	66.53	62.92	73.16	69.41	73.11	71.59	82.67	37.85	57.99	40.18	65.65	31.28	61.17	27.91	71.58	23.78	58.1	19.98	62.14
234	7.8	74.2	58.26	74.26	57.22	74.22	55.77	61.93	51.49	68.91	55.07	59.76	56.59	62.32	60.9	61.25	66.42	62.9	73.1	69.46	73.14	71.44	82.72	37.83	57.99	40.17	65.69	31.18	61.09	27.82	71.55	23.8	58.02	19.99	62.14
235	7.833	74.23	58.29	74.3	57.27	74.25	55.81	62.03	51.52	68.95	55.09	59.8	56.61	62.35	60.89	61.12	66.41	62.94	72.97	69.45	73.26	71.26	82.7	37.86	57.89	40.2	65.57	31.37	60.94	27.97	71.42	24.05	58.03	20.3	62.23
236	7.867	74.23	58.27	74.3	57.24	74.24	55.79	62.05	51.52	68.93	55.12	59.8	56.64	62.33	60.98	61.1	66.51	63.06	73.1	69.42	73.25	71.34	82.67	37.87	57.93	40.19	65.65	31.49	60.85	28.07	71.38	24.17	57.92	20.47	62.19
237	7.9	74.17	58.44	74.24	57.41	74.21	55.94	61.97	51.65	68.93	55.2	59.69	56.73	62.34	61.03	61.11	66.77	63.08	73.34	69.39	73.31	71.5	82.72	37.76	58.05	40.15	65.74	31.4	61.04	28.09	71.49	24.2	58.11	20.5	62.25
238	7.933	74.17	58.39	74.23	57.33	74.16	55.92	61.93	51.6	68.81	55.24	59.65	56.74	62.29	61.01	61.1	66.71	63.0	73.15	69.38	73.32	71.23	82.69	37.75	58.06	40.16	65.71	31.3	61.02	28.05	71.44	24.13	58.05	20.47	62.32
239	7.967	74.18	58.3	74.23	57.23	74.18	55.82	61.91	51.49	68.84	55.13	59.67	56.76	62.26	61.04	61.03	66.82	62.98	73.26	69.32	73.35	71.24	82.73	37.77	58.21	40.16	65.87	31.34	61.12	28.02	71.57	24.13	58.18	20.51	62.47
240	8.0	74.21	58.23	74.29	57.17	74.19	55.74	62.06	51.45	68.82	55.04	59.77	56.73	62.34	60.9	61.12	66.73	62.95	73.03	69.37	73.29	71.22	82.69	37.98	58.32	40.33	65.92	31.35	61.4	28.08	71.76	24.15	58.54	20.49	62.74
241	8.033	74.18	58.3	74.27	57.23	74.17	55.8	62.07	51.47	68.8	55.07	59.75	56.76	62.3	60.99	61.04	66.9	63.0	73.31	69.33	73.11	71.49	82.56	37.94	58.46	40.28	66.11	31.45	61.58	28.21	71.98	24.21	58.75	20.59	62.98
242	8.067	74.27	58.3	74.36	57.2	74.22	55.79	62.22	51.42	68.81	55.07	59.91	56.88	62.35	61.17	61.14	67.08	63.06	73.57	69.43	73.16	71.55	82.58	38.09	58.6	40.35	66.3	31.56	61.6	28.24	72.11	24.26	58.71	20.58	63.04
243	8.1	73.85	58.25	74.06	57.57	73.74	55.73	61.68	52.18	68.1	55.33	58.48	57.66	62.16	62.26	59.71	65.98	63.76	73.97	68.07	72.89	71.77	82.4	36.8	58.51	39.63	66.88	30.89	61.22	27.67	72.54	23.45	59.57	19.22	62.95
244	8.133	74.03	58.56	74.11	57.49	74.01	56.08	61.98	51.78	68.72	55.38	59.79	57.12	62.23	61.34	61.13	67.07	62.86	73.48	69.53	73.42	71.24	82.68	37.99	58.78	40.27	66.4	31.5	61.88	28.16	72.29	24.23	59.09	20.59	63.39
245	8.167	73.98	58.73	74.04	57.68	74.0	56.24	61.92	51.94	68.79	55.46	59.79	57.13	62.24	61.34	61.15	66.96	62.89	73.43	69.58	73.5	71.3	82.69	38.02	58.71	40.29	66.33	31.59	61.82	28.21	72.23	24.22	59.08	20.59	63.28
246	8.2	74.07	58.56	74.12	57.49	74.07	56.07	61.93	51.8	68.78	55.4	59.8	57.13	62.24	61.45	61.23	66.91	62.89	73.51	69.64	73.39	71.34	82.61	37.98	58.72	40.25	66.4	31.53	61.74	28.16	72.23	24.14	58.88	20.51	63.14
247	8.233	74.09	58.71	74.15	57.66	74.1	56.22	61.99	51.91	68.82	55.5	59.85	57.14	62.27	61.48	61.24	66.89	62.89	73.52	69.65	73.44	71.34	82.64	38.0	58.62	40.26	66.33	31.58	61.7	28.18	72.22	24.17	58.88	20.53	63.12
248	8.267	74.09	58.75	74.18	57.69	74.1	56.25	62.08	51.86	68.84	55.42	59.95	56.94	62.33	61.27	61.35	66.8	62.95	73.5	69.72	73.45	71.49	82.66	38.1	58.47	40.32	66.19	31.62	61.73	28.23	72.26	24.08	58.96	20.38	63.15
249	8.3	74.19	58.53	74.26	57.48	74.17	56.05	62.13	51.77	68.87	55.36	60.0	56.95	62.35	61.23	61.34	66.95	63.08	73.53	69.65	73.42	71.58	82.72	38.2	58.57	40.4	66.26	31.77	61.67	28.35	72.16	24.3	58.9	20.58	63.17
250	8.333	73.87	58.1	74.05	57.44	73.74	55.63	61.74	52.18	68.13	55.37	58.62	57.57	62.28	62.19	60.01	65.78	63.99	73.86	68.24	73.05	71.97	82.55	37.04	58.29	39.85	66.65	31.11	61.06	27.88	72.36	23.77	59.22	19.41	62.54
251	8.367	74.33	58.21	74.39	57.15	74.24	55.75	62.22	51.64	68.82	55.29	60.05	57.01	62.31	61.28	61.47	67.03	63.21	73.54	69.66	73.32	71.84	82.73	38.37	58.5	40.5	66.17	32.04	61.53	28.66	71.97	24.72	58.72	21.05	63.05
252	8.4	74.38	58.15	74.46	57.07	74.25	55.71	62.3	51.55	68.75	55.29	60.1	56.99	62.37	61.32	61.57	66.93	63.24	73.52	69.73	73.24	71.81	82.75	38.43	58.6	40.57	66.31	31.91	61.52	28.57	72.02	24.59	58.75	20.87	63.13
253	8.433	74.36	58.3	74.45	57.21	74.24	55.83	62.33	51.57	68.76	55.3	60.07	56.99	62.42	61.32	61.47	67.0	63.24	73.57	69.67	73.24	71.81	82.71	38.35	58.73	40.54	66.45	31.77	61.64	28.43	72.15	24.53	59.0	20.77	63.37
254	8.467	74.37	58.38	74.45	57.3	74.27	55.91	62.29	51.69	68.8	55.41	60.01	57.11	62.44	61.43	61.51	66.94	63.18	73.47	69.78	73.29	71.69	82.67	38.26	58.82	40.52	66.52	31.71	61.82	28.49	72.29	24.61	59.17	20.98	63.5
255	8.5	74.34	58.48	74.42	57.43	74.26	56.02	62.3	51.79	68.87	55.44	60.01	57.04	62.48	61.29	61.44	66.82	63.17	73.26	69.69	73.43	71.42	82.68	38.23	58.72	40.52	66.37	31.72	61.81	28.44	72.21	24.63	59.24	20.93	63.49
256	8.533	74.35	58.52	74.43	57.48	74.28	56.07	62.3	51.85	68.91	55.49	60.05	57.07	62.51	61.35	61.45	66.8	63.17	73.31	69.65	73.46	71.42	82.67	38.3	58.78	40.59	66.43	31.86	61.95	28.59	72.36	24.66	59.41	21.0	63.64
257	8.567	74.3	58.97	74.39	57.96	74.32	56.48	62.29	52.23	69.05	55.7	60.06	57.29	62.6	61.54	61.61	66.69	63.17	73.35	69.85	73.68	71.53	82.66	38.29	58.99	40.62	66.63	31.9	62.35	28.7	72.73	24.53	59.79	20.94	63.7
258	8.6	74.35	58.99	74.44	57.99	74.38	56.49	62.31	52.23	69.1	55.71	60.08	57.31	62.56	61.6	61.56	66.77	63.03	73.45	69.82	73.71	71.44	82.73	38.29	58.92	40.59	66.59	31.97	62.35	28.74	72.74	24.63	59.8	21.04	63.74
259	8.633	74.32	58.96	74.39	57.98	74.36	56.47	62.2	52.3	69.1	55.77	59.97	57.4	62.55	61.7	61.45	66.72	63.01	73.39	69.84	73.72	71.37	82.7	38.31	58.96	40.69	66.61	32.15	62.38	28.96	72.75	24.78	59.85	21.3	63.82
260	8.667	74.34	58.91	74.39	57.91	74.35	56.43	62.13	52.28	69.05	55.81	59.91	57.49	62.48	61.84	61.47	66.83	63.05	73.54	69.88	73.68	71.46	82.68	38.22	59.07	40.59	66.74	32.08	62.34	28.9	72.76	24.74	59.78	21.3	63.82
261	8.7	74.27	58.89	74.31	57.91	74.35	56.38	62.03	52.29	69.14	55.73	59.81	57.45	62.46	61.77	61.29	66.87	63.06	73.59	69.69	73.64	71.51	82.74	38.12	58.98	40.52	66.65	32.1	62.26	28.88	72.64	24.79	59.75	21.37	63.7
262	8.733	74.22	58.84	74.24	57.87	74.3	56.36	61.95	52.31	69.12	55.77	59.79	57.48	62.41	61.78	61.25	66.88	63.04	73.55	69.66	73.55	71.44	82.76	38.11	58.98	40.51	66.62	32.17	62.16	28.89	72.51	24.89	59.65	21.43	63.66
263	8.767	74.29	58.47	74.31	57.5	74.33	56.01	61.92	52.09	69.1	55.59	59.75	57.39	62.41	61.66	61.25	66.87	62.98	73.43	69.57	73.58	71.28	82.82	38.06	59.04	40.5	66.64	31.99	62.18	28.84	72.48	24.81	59.65	21.45	63.7
264	8.8	74.29	58.64	74.31	57.67	74.36	56.16	61.95	52.16	69.15	55.61	59.73	57.36	62.42	61.6	61.21	66.98	62.98	73.51	69.58	73.59	71.35	82.87	38.01	59.02	40.46	66.62	31.97	62.23	28.8	72.52	24.9	59.73	21.48	63.74
265	8.833	74.14	58.55	74.17	57.58	74.2	56.08	61.86	52.09	69.01	55.53	59.67	57.26	62.3	61.44	61.17	67.08	63.06	73.56	69.62	73.57	71.43	82.84	37.97	59.12	40.37	66.7	31.86	62.25	28.61	72.52	24.77	59.96	21.29	63.98
266	8.867	74.04	58.67	74.06	57.69	74.12	56.18	61.79	52.2	68.98	55.6	59.6	57.43	62.25	61.57	61.11	67.2	62.98	73.6	69.67	73.68	71.41	82.93	38.01	59.14	40.43	66.67	32.07	62.36	28.85	72.56	25.06	59.94	21.67	63.95
267	8.9	74.06	58.69	74.07	57.71	74.12	56.23	61.79	52.25	68.94	55.71	59.64	57.45	62.21	61.61	61.04	67.12	62.95	73.47	69.66	73.71	71.35	82.99	38.1	59.15	40.47	66.68	32.14	62.34	28.87	72.57	25.04	59.98	21.7	64.14
268	8.933	74.13	58.87	74.14	57.88	74.18	56.41	61.83	52.39	68.95	55.86	59.65	57.66	62.26	61.72	61.06	67.33	62.99	73.49	69.76	73.94	71.45	83.07	38.12	59.3	40.52	66.79	32.14	62.6	28.96	72.79	25.03	60.16	21.74	64.33
269	8.967	74.25	59.27	74.28	58.28	74.32	56.81	61.87	52.62	69.05	56.17	59.6	57.73	62.3	61.99	61.08	67.28	62.9	73.66	69.78	74.01	71.18	83.15	37.9	59.25	40.4	66.85	32.03	62.51	28.9	72.82	25.0	60.04	21.75	64.25
270	9.0	74.36	59.4	74.37	58.39	74.4	56.94	61.89	52.69	69.04	56.34	59.59	57.83	62.34	62.2	61.15	67.31	62.83	73.82	69.81	74.05	71.12	83.17	37.89	59.33	40.44	66.99	31.98	62.56	28.95	72.95	24.97	59.96	21.78	64.23
271	9.033	74.36	59.41	74.39	58.4	74.37	56.95	62.0	52.69	68.99	56.33	59.67	57.88	62.39	62.17	61.14	67.35	62.83	73.72	69.75	74.03	71.0	83.11	38.03	59.45	40.55	67.06	31.99	62.65	28.99	72.98	25.02	60.03	21.83	64.29
272	9.067	74.51	59.51	74.59	58.47	74.46	57.05	62.28	52.67	68.98	56.37	59.88	57.83	62.57	62.1	61.41	67.24	62.83	73.57	69.91	74.07	70.96	83.11	38.23	59.33	40.74	66.94	31.94	62.67	29.04	73.01	25.03	59.99	21.75	64.28
273	9.1	74.37	59.96	74.5	58.93	74.32	57.49	62.4	52.91	68.89	56.53	59.87	57.81	62.62	62.02	61.29	67.15	62.85	73.41	69.86	74.23	70.88	83.02	38.27	59.32	40.81	66.89	31.99	62.94	29.14	73.23	25.01	60.47	21.7	64.64
274	9.133	74.45	59.43	74.59	58.26	74.18	57.01	62.54	52.37	68.41	56.4	59.91	57.91	62.52	62.27	61.21	67.31	62.83	73.44	69.7	73.99	70.69	83.0	38.55	59.64	41.03	67.26	32.02	62.84	29.24	73.28	25.12	60.17	21.92	64.91
275	9.167	74.46	59.44	74.67	58.21	74.1	56.99	62.77	52.27	68.17	56.37	60.0	58.05	62.47	62.31	61.22	67.51	62.83	73.37	69.7	74.04	70.71	82.96	38.64	59.78	41.01	67.35	31.97	62.94	29.2	73.34	25.08	60.21	21.92	65.05
276	9.2	74.45	59.58	74.73	58.3	74.05	57.09	62.93	52.19	67.97	56.31	59.94	58.05	62.43	62.34	61.09	67.68	62.85	73.52	69.65	74.12	70.64	83.04	38.59	59.85	40.99	67.47	31.82	63.07	29.14	73.52	24.88	60.36	21.81	65.21
277	9.233	74.37	59.45	74.71	58.01	73.78	56.99	63.04	51.84	67.44	56.35	59.81	58.15	62.3	62.57	60.95	67.87	62.83	73.56	69.57	73.96	70.47	82.91	38.64	60.05	41.06	67.7	31.73	63.1	29.24	73.69	24.89	60.23	22.02	65.55
278	9.267	74.3	59.61	74.73	58.11	73.65	57.12	63.29	51.74	67.19	56.28	59.91	58.06	62.27	62.56	60.95	67.76	62.92	73.6	69.55	73.76	70.63	82.76	38.94	60.1	41.26	67.81	31.93	63.17	29.44	73.85	24.88	60.35	22.07	65.69
279	9.3	74.23	59.66	74.67	58.14	73.58	57.16	63.3	51.72	67.1	56.25	59.91	58.06	62.22	62.6	61.05	67.84	63.01	73.81	69.64	73.64	70.84	82.74	38.93	60.14	41.18	67.9	31.84	63.21	29.32	73.93	24.79	60.38	21.93	65.66
280	9.333	74.22	59.88	74.68	58.38	73.6	57.36	63.34	51.9	67.15	56.33	59.89	58.07	62.23	62.6	60.92	67.79	63.0	73.79	69.53	73.59	70.87	82.76	38.93	60.09	41.21	67.85	31.95	63.21	29.43	73.9	24.83	60.4	21.98	65.59
281	9.367	74.35	60.1	74.8	58.58	73.72	57.59	63.38	51.99	67.23	56.54	59.93	58.14	62.31	62.7	61.0	67.93	63.08	73.88	69.58	73.7	70.91	82.79	38.82	60.1	41.15	67.88	31.84	63.2	29.34	73.94	24.78	60.4	21.93	65.7
282	9.4	74.45	60.28	74.91	58.75	73.79	57.76	63.52	52.13	67.25	56.67	60.1	58.23	62.39	62.7	61.17	67.97	63.1	73.79	69.64	73.9	71.06	82.96	38.98	60.01	41.24	67.76	31.84	63.2	29.33	73.9	24.79	60.38	21.9	65.66
283	9.433	74.49	60.33	74.95	58.79	73.8	57.82	63.59	52.19	67.25	56.77	60.22	58.34	62.4	62.86	61.34	68.1	63.11	73.99	69.73	73.96	71.15	83.0	39.05	60.07	41.23	67.85	31.85	63.14	29.28	73.88	24.81	60.27	21.86	65.58
284	9.467	74.55	60.41	75.0	58.87	73.85	57.9	63.65	52.23	67.26	56.84	60.21	58.38	62.36	62.88	61.17	68.24	63.12	74.0	69.63	73.96	71.08	83.01	39.08	60.03	41.25	67.81	32.07	63.05	29.43	73.79	25.04	60.17	22.11	65.6
285	9.5	74.48	60.39	74.96	58.84	73.79	57.86	63.65	52.17	67.2	56.74	60.19	58.36	62.33	62.83	61.16	68.28	63.16	74.04	69.7	73.97	71.19	82.98	39.11	60.07	41.27	67.83	32.14	63.12	29.51	73.84	25.09	60.35	22.2	65.73
286	9.533	74.44	60.46	74.93	58.88	73.75	57.88	63.67	52.13	67.16	56.65	60.17	58.36	62.39	62.87	61.27	68.31	63.04	74.24	69.79	73.96	71.07	82.89	39.12	60.18	41.32	67.97	32.08	63.34	29.62	74.08	24.98	60.42	22.11	65.68
287	9.567	74.36	60.33	74.85	58.73	73.67	57.76	63.57	52.0	67.08	56.56	60.07	58.32	62.31	62.93	61.27	68.39	63.13	74.49	69.87	73.89	71.17	82.87	39.05	60.27	41.27	68.11	32.11	63.32	29.61	74.13	25.0	60.48	22.13	65.77
288	9.6	74.37	60.26	74.87	58.64	73.68	57.65	63.67	51.89	67.1	56.39	60.18	58.27	62.34	62.87	61.31	68.36	63.12	74.52	69.92	73.85	71.24	82.87	39.26	60.24	41.41	68.1	32.28	63.34	29.79	74.17	25.2	60.47	22.36	65.73
289	9.633	74.42	60.19	74.92	58.56	73.71	57.58	63.73	51.83	67.11	56.35	60.26	58.29	62.4	62.95	61.48	68.41	63.2	74.71	70.0	73.89	71.37	82.92	39.35	60.34	41.49	68.23	32.37	63.43	29.94	74.29	25.16	60.43	22.37	65.68
290	9.667	74.42	60.13	74.91	58.53	73.74	57.52	63.67	51.86	67.17	56.32	60.19	58.32	62.44	62.92	61.41	68.37	63.17	74.62	69.96	73.94	71.27	82.98	39.34	60.38	41.55	68.22	32.38	63.52	30.02	74.31	25.23	60.49	22.46	65.65
291	9.7	74.43	60.08	74.9	58.49	73.76	57.48	63.58	51.91	67.18	56.38	60.12	58.44	62.39	63.01	61.37	68.51	63.16	74.66	69.99	74.01	71.15	82.97	39.23	60.47	41.46	68.29	32.38	63.56	30.01	74.33	25.24	60.58	22.51	65.78
292	9.733	74.42	59.98	74.87	58.41	73.76	57.38	63.55	51.89	67.25	56.3	60.18	58.46	62.45	62.95	61.36	68.49	63.17	74.57	70.0	74.1	71.13	83.02	39.28	60.4	41.51	68.19	32.38	63.55	29.97	74.28	25.19	60.63	22.44	65.82
293	9.767	74.44	59.9	74.89	58.35	73.79	57.29	63.6	51.88	67.33	56.22	60.27	58.45	62.47	62.92	61.38	68.41	63.07	74.51	70.03	74.1	70.96	83.05	39.39	60.36	41.56	68.13	32.49	63.49	30.03	74.22	25.3	60.58	22.54	65.74
294	9.8	74.45	59.82	74.9	58.28	73.8	57.22	63.62	51.86	67.33	56.21	60.31	58.45	62.41	62.89	61.33	68.52	63.11	74.53	69.97	73.97	71.09	82.95	39.46	60.31	41.56	68.07	32.58	63.35	29.98	74.07	25.44	60.58	22.61	65.79
295	9.833	74.47	59.98	74.89	58.45	73.83	57.38	63.55	52.04	67.36	56.38	60.28	58.61	62.39	63.09	61.34	68.6	63.07	74.66	70.03	74.13	71.1	82.98	39.48	60.34	41.59	68.11	32.74	63.32	30.11	74.05	25.62	60.55	22.77	65.77
296	9.867	74.48	60.14	74.92	58.62	73.87	57.52	63.56	52.12	67.41	56.45	60.24	58.63	62.43	63.19	61.29	68.64	63.12	74.86	70.02	74.15	71.13	83.04	39.38	60.3	41.54	68.14	32.73	63.43	30.17	74.23	25.58	60.66	22.8	65.83
297	9.9	74.57	60.21	75.02	58.68	73.95	57.57	63.69	52.15	67.48	56.46	60.39	58.66	62.49	63.22	61.37	68.62	63.1	74.85	70.06	74.22	71.18	83.03	39.49	60.36	41.59	68.21	32.79	63.51	30.18	74.34	25.53	60.74	22.73	65.93
298	9.933	74.58	60.24	75.04	58.72	73.95	57.61	63.77	52.2	67.49	56.48	60.51	58.68	62.48	63.16	61.41	68.55	62.94	74.67	70.09	74.38	70.92	82.98	39.65	60.42	41.68	68.22	32.86	63.45	30.19	74.24	25.52	60.72	22.73	65.9
299	9.967	74.56	60.34	75.01	58.83	73.95	57.72	63.67	52.32	67.5	56.61	60.42	58.8	62.4	63.3	61.3	68.71	62.99	74.8	70.03	74.38	71.02	82.98	39.58	60.54	41.61	68.33	32.95	63.43	30.23	74.23	25.64	60.76	22.91	65.99
300	10.0	74.62	60.41	75.07	58.89	74.02	57.78	63.7	52.3	67.55	56.62	60.43	58.73	62.41	63.38	61.33	68.66	62.98	75.01	70.04	74.24	71.05	82.91	39.55	60.55	41.58	68.44	32.97	63.36	30.29	74.28	25.62	60.73	22.96	65.96
301	10.033	74.84	60.74	75.34	59.25	74.24	58.05	64.08	52.45	67.72	56.62	60.72	58.59	62.65	63.24	61.78	68.35	63.16	74.98	70.26	73.85	71.55	82.74	39.68	60.14	41.59	68.12	32.85	63.48	30.19	74.43	25.57	60.84	22.61	65.76
302	10.067	74.89	60.74	75.39	59.23	74.27	58.07	64.1	52.4	67.7	56.67	60.74	58.56	62.65	63.29	61.81	68.31	63.14	74.99	70.27	73.86	71.43	82.73	39.72	60.15	41.64	68.16	32.89	63.4	30.2	74.41	25.55	60.79	22.59	65.81
303	10.1	74.84	60.76	75.33	59.25	74.23	58.09	64.06	52.45	67.68	56.68	60.71	58.7	62.62	63.29	61.72	68.48	63.07	74.88	70.23	74.15	71.25	82.85	39.66	60.29	41.6	68.21	32.86	63.48	30.17	74.39	25.54	60.78	22.62	65.8
304	10.133	74.86	60.75	75.36	59.24	74.26	58.08	64.08	52.47	67.72	56.7	60.72	58.75	62.64	63.33	61.67	68.52	63.1	74.91	70.19	74.11	71.24	82.82	39.7	60.32	41.65	68.23	32.97	63.43	30.27	74.33	25.64	60.76	22.74	65.8
305	10.167	74.88	60.8	75.39	59.29	74.27	58.12	64.12	52.5	67.72	56.73	60.73	58.8	62.62	63.39	61.65	68.65	63.14	75.03	70.17	74.15	71.27	82.79	39.66	60.35	41.58	68.28	32.95	63.39	30.2	74.32	25.66	60.75	22.73	65.78
306	10.2	74.9	60.78	75.41	59.26	74.29	58.09	64.14	52.46	67.73	56.71	60.74	58.75	62.66	63.42	61.65	68.59	63.12	75.09	70.16	74.08	71.28	82.76	39.69	60.34	41.63	68.31	33.0	63.46	30.3	74.44	25.65	60.74	22.75	65.8
307	10.233	74.91	60.78	75.42	59.26	74.31	58.09	64.14	52.42	67.76	56.67	60.73	58.75	62.68	63.39	61.64	68.62	63.06	75.05	70.19	74.26	71.14	82.86	39.66	60.37	41.64	68.32	33.01	63.54	30.37	74.49	25.67	60.77	22.83	65.86
308	10.267	74.92	60.79	75.43	59.26	74.3	58.09	64.19	52.43	67.75	56.65	60.77	58.76	62.7	63.37	61.67	68.68	63.05	75.08	70.27	74.3	71.23	82.85	39.76	60.39	41.73	68.33	33.1	63.57	30.47	74.52	25.77	60.79	22.91	65.87
309	10.3	74.87	60.77	75.36	59.24	74.27	58.07	64.05	52.42	67.72	56.68	60.63	58.79	62.63	63.44	61.58	68.71	63.01	75.13	70.18	74.43	71.15	82.89	39.56	60.44	41.57	68.4	32.96	63.53	30.33	74.49	25.7	60.65	22.83	65.74
310	10.333	74.87	60.86	75.38	59.33	74.27	58.14	64.12	52.46	67.72	56.69	60.7	58.78	62.64	63.46	61.62	68.7	63.0	75.2	70.19	74.43	71.17	82.87	39.65	60.39	41.61	68.37	33.06	63.52	30.38	74.52	25.76	60.64	22.86	65.72
311	10.367	74.78	60.89	75.3	59.34	74.19	58.16	64.08	52.42	67.67	56.63	60.65	58.74	62.63	63.43	61.56	68.75	62.98	75.33	70.15	74.35	71.17	82.85	39.6	60.43	41.6	68.42	33.03	63.58	30.41	74.58	25.69	60.68	22.81	65.72
312	10.4	74.89	60.99	75.43	59.42	74.27	58.25	64.23	52.43	67.67	56.69	60.75	58.73	62.66	63.51	61.66	68.69	63.04	75.37	70.22	74.4	71.19	82.82	39.66	60.51	41.6	68.56	33.02	63.64	30.37	74.74	25.63	60.86	22.79	65.94
313	10.433	74.86	61.11	75.41	59.58	74.26	58.37	64.19	52.65	67.68	56.83	60.67	58.92	62.6	63.59	61.49	68.85	62.93	75.34	70.19	74.45	71.09	82.87	39.63	60.59	41.6	68.57	33.06	63.66	30.44	74.65	25.73	60.91	22.94	65.96
314	10.467	74.84	61.34	75.38	59.83	74.28	58.59	64.13	52.83	67.74	56.95	60.61	58.98	62.61	63.62	61.42	68.86	62.97	75.34	70.16	74.49	71.14	82.89	39.52	60.62	41.53	68.59	33.06	63.75	30.44	74.72	25.7	61.04	22.94	66.02
315	10.5	74.88	61.42	75.42	59.9	74.31	58.67	64.13	52.9	67.74	57.09	60.63	59.04	62.57	63.79	61.41	68.93	63.04	75.54	70.19	74.37	71.33	82.88	39.49	60.69	41.48	68.73	33.13	63.71	30.43	74.78	25.65	60.95	22.89	66.05
316	10.533	74.9	61.45	75.42	59.95	74.33	58.72	64.11	52.98	67.78	57.14	60.65	59.07	62.59	63.72	61.45	68.93	63.0	75.37	70.22	74.52	71.27	82.89	39.53	60.72	41.51	68.7	33.09	63.77	30.41	74.77	25.68	61.08	22.92	66.14
317	10.567	74.97	61.49	75.48	59.99	74.41	58.76	64.13	53.0	67.87	57.2	60.68	59.09	62.64	63.83	61.48	68.85	63.06	75.43	70.16	74.43	71.32	82.84	39.46	60.73	41.47	68.76	33.11	63.81	30.43	74.87	25.65	61.03	22.91	66.12
318	10.6	74.98	61.5	75.5	60.0	74.42	58.77	64.14	53.01	67.89	57.19	60.69	59.1	62.67	63.84	61.54	68.95	63.08	75.58	70.16	74.36	71.45	82.76	39.45	60.76	41.46	68.79	33.04	63.85	30.4	74.9	25.58	61.08	22.79	66.09
319	10.633	74.95	61.47	75.47	59.97	74.39	58.73	64.12	53.01	67.85	57.2	60.65	59.17	62.65	63.92	61.48	69.02	63.09	75.64	70.12	74.34	71.47	82.78	39.42	60.83	41.44	68.86	33.09	63.95	30.48	74.99	25.66	61.13	22.93	66.19
320	10.667	74.98	61.53	75.49	60.02	74.4	58.79	64.16	53.06	67.86	57.27	60.71	59.24	62.68	64.04	61.44	68.96	63.06	75.63	70.12	74.44	71.36	82.91	39.55	60.84	41.57	68.89	33.32	63.99	30.69	75.07	25.81	61.13	23.14	66.26
321	10.7	74.99	61.6	75.52	60.08	74.41	58.83	64.22	53.04	67.84	57.24	60.74	59.19	62.69	64.02	61.5	68.86	63.07	75.6	70.16	74.4	71.31	82.85	39.54	60.81	41.56	68.88	33.29	64.0	30.66	75.11	25.72	61.17	23.05	66.26
322	10.733	75.01	61.68	75.54	60.17	74.43	58.93	64.22	53.11	67.85	57.33	60.73	59.24	62.73	64.05	61.5	68.78	63.03	75.47	70.16	74.44	71.2	82.88	39.52	60.79	41.57	68.84	33.24	64.03	30.67	75.11	25.67	61.15	23.03	66.26
323	10.767	75.04	61.86	75.58	60.36	74.46	59.1	64.3	53.27	67.89	57.47	60.8	59.32	62.76	64.12	61.47	68.75	63.02	75.43	70.13	74.45	71.19	82.92	39.5	60.74	41.54	68.8	33.21	64.03	30.59	75.12	25.61	61.21	22.93	66.31
324	10.8	75.06	62.0	75.6	60.51	74.49	59.26	64.31	53.4	67.9	57.58	60.82	59.36	62.74	64.14	61.52	68.75	63.08	75.42	70.16	74.53	71.3	82.93	39.55	60.74	41.55	68.79	33.29	63.96	30.6	75.05	25.66	61.28	22.95	66.36
325	10.833	75.05	62.0	75.56	60.52	74.49	59.29	64.14	53.46	67.9	57.7	60.68	59.41	62.66	64.26	61.42	68.84	63.08	75.56	70.12	74.48	71.31	82.89	39.42	60.9	41.48	68.96	33.3	64.02	30.61	75.13	25.57	61.46	22.9	66.6
326	10.867	75.05	61.98	75.56	60.5	74.48	59.28	64.14	53.51	67.88	57.76	60.7	59.5	62.66	64.35	61.44	68.87	63.09	75.62	70.16	74.44	71.33	82.86	39.47	61.02	41.53	69.07	33.37	64.08	30.7	75.2	25.58	61.57	22.95	66.73
327	10.9	75.2	62.12	75.74	60.62	74.6	59.38	64.34	53.53	67.94	57.78	60.79	59.54	62.76	64.41	61.47	68.87	63.06	75.61	70.19	74.46	71.3	82.88	39.49	60.99	41.56	69.07	33.34	64.13	30.73	75.28	25.52	61.44	22.91	66.6
328	10.933	75.19	62.16	75.73	60.66	74.61	59.41	64.33	53.53	67.95	57.78	60.76	59.55	62.75	64.42	61.4	68.94	63.04	75.64	70.12	74.53	71.19	82.95	39.44	61.01	41.53	69.08	33.33	64.18	30.74	75.32	25.56	61.51	23.0	66.67
329	10.967	75.14	62.05	75.66	60.55	74.57	59.31	64.22	53.46	67.93	57.72	60.68	59.52	62.7	64.42	61.36	68.86	63.01	75.63	70.12	74.5	71.12	82.93	39.38	60.97	41.48	69.06	33.33	64.15	30.72	75.31	25.56	61.51	23.01	66.69
330	11.0	75.12	61.88	75.62	60.39	74.54	59.19	64.18	53.39	67.93	57.71	60.73	59.5	62.7	64.42	61.36	68.75	63.04	75.54	70.07	74.42	71.12	82.9	39.44	61.02	41.54	69.11	33.34	64.05	30.68	75.23	25.46	61.5	22.88	66.76
331	11.033	75.04	61.65	75.52	60.12	74.44	58.94	64.12	53.16	67.83	57.51	60.69	59.42	62.72	64.41	61.42	68.73	63.05	75.64	69.97	74.29	70.97	82.77	39.48	60.99	41.61	69.09	33.36	64.0	30.78	75.2	25.52	61.29	22.98	66.52
332	11.067	75.05	61.43	75.52	59.88	74.41	58.72	64.13	53.0	67.78	57.4	60.72	59.44	62.7	64.43	61.47	68.83	63.04	75.7	70.01	74.31	70.9	82.8	39.56	61.04	41.64	69.14	33.43	63.96	30.84	75.17	25.69	61.13	23.14	66.45
333	11.1	75.08	61.45	75.56	59.89	74.44	58.73	64.16	52.97	67.74	57.38	60.7	59.46	62.64	64.52	61.46	68.88	63.06	75.85	70.06	74.25	70.98	82.75	39.56	61.16	41.62	69.32	33.51	63.98	30.91	75.25	25.72	61.12	23.25	66.46
334	11.133	74.95	61.01	75.39	59.43	74.27	58.34	64.03	52.71	67.62	57.19	60.71	59.45	62.63	64.42	61.52	68.89	63.01	75.69	70.1	74.3	70.78	82.78	39.73	61.24	41.78	69.31	33.49	63.95	30.88	75.14	25.76	61.09	23.23	66.52
335	11.167	74.87	60.81	75.28	59.22	74.21	58.14	63.91	52.58	67.62	57.06	60.65	59.46	62.6	64.36	61.45	69.12	63.05	75.76	70.06	74.48	70.75	82.91	39.69	61.3	41.75	69.31	33.52	63.99	30.9	75.12	25.91	61.03	23.41	66.52
336	11.2	74.84	60.55	75.22	58.94	74.17	57.88	63.86	52.34	67.64	56.84	60.7	59.36	62.65	64.22	61.54	69.2	63.1	75.81	70.15	74.56	70.89	82.99	39.76	61.32	41.83	69.33	33.54	64.07	30.94	75.2	25.92	61.05	23.41	66.58
337	11.233	74.74	60.28	75.09	58.68	74.06	57.64	63.71	52.21	67.58	56.72	60.62	59.3	62.58	64.14	61.48	69.29	63.14	75.84	70.13	74.53	71.0	83.0	39.71	61.37	41.78	69.35	33.5	63.99	30.85	75.1	25.95	61.06	23.38	66.62
338	11.267	74.69	60.31	75.05	58.69	74.02	57.63	63.67	52.19	67.54	56.66	60.54	59.34	62.54	64.13	61.44	69.42	63.16	75.91	70.17	74.55	71.15	82.96	39.66	61.38	41.73	69.35	33.49	64.04	30.85	75.11	25.99	61.07	23.4	66.59
339	11.3	74.72	60.15	75.08	58.51	74.02	57.48	63.71	52.1	67.47	56.66	60.54	59.42	62.46	64.27	61.37	69.59	63.06	76.07	70.15	74.55	71.01	83.08	39.61	61.41	41.65	69.41	33.57	63.96	30.92	75.08	26.14	60.8	23.65	66.51
340	11.333	74.75	60.2	75.09	58.56	74.03	57.55	63.68	52.16	67.46	56.79	60.53	59.49	62.46	64.38	61.34	69.64	63.06	76.12	70.07	74.61	70.94	83.15	39.62	61.43	41.67	69.44	33.63	63.82	30.95	74.95	26.23	60.65	23.72	66.42
341	11.367	74.78	60.32	75.15	58.71	74.08	57.64	63.81	52.29	67.53	56.81	60.67	59.55	62.51	64.36	61.44	69.45	62.97	75.88	70.1	74.84	70.76	83.35	39.7	61.33	41.68	69.31	33.55	63.93	30.84	75.03	26.17	60.8	23.66	66.45
342	11.4	74.81	60.53	75.19	58.92	74.12	57.86	63.8	52.43	67.56	56.97	60.66	59.57	62.51	64.4	61.5	69.45	62.95	75.93	70.15	74.74	70.88	83.25	39.63	61.32	41.63	69.32	33.43	63.95	30.74	75.06	26.02	60.86	23.47	66.49
343	11.433	74.77	60.51	75.13	58.9	74.1	57.84	63.72	52.44	67.62	56.96	60.64	59.6	62.5	64.42	61.43	69.48	62.93	75.96	70.13	74.76	70.94	83.29	39.59	61.36	41.6	69.35	33.48	63.94	30.78	75.05	26.04	60.84	23.54	66.5
344	11.467	74.85	60.71	75.23	59.11	74.19	58.02	63.84	52.55	67.68	57.05	60.72	59.59	62.54	64.52	61.49	69.41	62.95	76.11	70.1	74.64	71.02	83.21	39.64	61.31	41.61	69.38	33.57	63.89	30.82	75.09	26.07	60.83	23.52	66.43
345	11.5	74.91	60.76	75.28	59.19	74.24	58.09	63.83	52.67	67.72	57.17	60.72	59.62	62.57	64.5	61.54	69.38	63.01	76.03	70.12	74.54	71.12	83.13	39.62	61.28	41.6	69.32	33.52	63.84	30.78	74.99	26.02	60.87	23.42	66.44
346	11.533	75.03	60.92	75.37	59.37	74.41	58.24	63.86	52.75	67.92	57.22	60.73	59.54	62.65	64.51	61.57	69.3	62.93	76.11	70.09	74.56	71.07	83.21	39.57	61.17	41.6	69.27	33.57	63.83	30.88	75.03	26.19	60.71	23.58	66.23
347	11.567	75.09	61.01	75.42	59.5	74.49	58.36	63.9	52.88	68.03	57.33	60.76	59.55	62.66	64.54	61.48	69.19	62.84	76.01	69.99	74.52	70.94	83.17	39.67	61.26	41.69	69.35	33.75	63.91	31.04	75.09	26.37	60.93	23.82	66.45
348	11.6	75.08	61.09	75.42	59.6	74.51	58.44	63.9	52.98	68.09	57.39	60.78	59.59	62.68	64.57	61.47	69.22	62.84	76.03	69.96	74.62	70.94	83.19	39.73	61.26	41.75	69.33	33.89	63.91	31.18	75.07	26.54	60.98	24.05	66.47
349	11.633	75.23	61.31	75.58	59.83	74.69	58.61	64.02	53.1	68.25	57.48	60.8	59.69	62.72	64.7	61.34	69.51	62.93	76.34	69.89	74.54	71.12	83.18	39.57	61.26	41.6	69.39	33.93	63.98	31.22	75.2	26.62	61.11	24.21	66.62
350	11.667	75.29	61.4	75.64	59.95	74.77	58.7	64.06	53.19	68.35	57.52	60.83	59.69	62.81	64.73	61.36	69.45	62.9	76.39	69.87	74.42	71.15	83.04	39.62	61.33	41.68	69.48	33.96	64.05	31.29	75.28	26.65	61.26	24.21	66.68
351	11.7	75.39	61.47	75.72	60.06	74.91	58.78	64.06	53.38	68.52	57.7	60.84	59.85	62.84	64.96	61.33	69.47	62.81	76.51	69.94	74.49	70.9	83.06	39.58	61.37	41.67	69.55	34.12	64.15	31.45	75.42	26.75	61.42	24.41	66.86
352	11.733	75.52	61.7	75.87	60.3	75.05	58.98	64.24	53.54	68.69	57.8	60.98	59.9	62.97	65.05	61.36	69.58	62.85	76.74	70.02	74.64	71.06	83.09	39.67	61.4	41.76	69.63	34.36	64.19	31.7	75.52	26.95	61.36	24.65	66.79
353	11.767	75.57	61.74	75.87	60.36	75.11	59.06	64.06	53.6	68.76	57.91	60.88	59.83	63.01	64.98	61.47	69.41	62.95	76.6	70.1	74.47	71.28	82.92	39.53	61.37	41.72	69.6	34.07	64.12	31.49	75.44	26.61	61.26	24.28	66.63
354	11.8	75.69	61.58	75.99	60.2	75.21	58.9	64.16	53.55	68.78	57.88	60.93	59.86	63.03	65.01	61.5	69.49	62.98	76.63	70.15	74.49	71.28	83.02	39.64	61.43	41.81	69.66	34.26	64.07	31.69	75.38	26.82	61.22	24.54	66.65
355	11.833	75.68	61.59	75.95	60.21	75.2	58.91	64.08	53.55	68.77	57.88	60.88	59.89	62.99	65.02	61.46	69.56	63.01	76.65	70.13	74.49	71.33	82.96	39.59	61.47	41.78	69.69	34.25	64.11	31.67	75.41	26.77	61.23	24.51	66.66
356	11.867	75.69	61.54	75.95	60.18	75.22	58.89	64.06	53.62	68.81	57.96	60.86	60.01	62.94	65.14	61.33	69.79	62.95	76.81	70.1	74.67	71.21	83.22	39.66	61.61	41.84	69.8	34.65	64.12	32.08	75.38	27.23	61.13	25.15	66.68
357	11.9	75.6	61.63	75.82	60.29	75.19	58.98	63.87	53.76	68.87	58.03	60.72	60.09	62.86	65.19	61.19	69.76	62.9	76.76	70.02	74.83	71.13	83.33	39.5	61.67	41.73	69.84	34.51	64.19	31.88	75.41	27.09	61.27	25.0	66.71
358	11.933	75.54	61.72	75.77	60.38	75.17	59.05	63.78	53.73	68.85	58.03	60.66	60.02	62.83	65.23	61.2	69.58	62.89	76.75	70.01	74.82	71.06	83.23	39.18	61.52	41.41	69.77	34.04	64.16	31.3	75.51	26.57	61.23	24.31	66.61
359	11.967	75.55	61.74	75.78	60.42	75.17	59.07	63.81	53.85	68.84	58.13	60.71	60.14	62.76	65.37	61.2	69.66	62.87	76.86	70.07	74.91	71.11	83.31	39.21	61.49	41.36	69.76	34.24	64.02	31.38	75.4	26.72	61.11	24.42	66.55
360	12.0	75.45	61.72	75.68	60.42	75.09	59.07	63.74	53.88	68.84	58.13	60.69	60.19	62.75	65.35	61.23	69.76	62.87	76.86	70.12	75.02	71.15	83.3	39.16	61.5	41.31	69.73	34.13	63.96	31.21	75.29	26.71	61.1	24.3	66.49
361	12.033	75.47	61.78	75.7	60.5	75.13	59.14	63.75	53.96	68.91	58.18	60.67	60.17	62.74	65.25	61.07	69.82	62.79	76.76	69.99	75.11	70.98	83.48	39.15	61.54	41.33	69.71	34.22	64.06	31.34	75.29	26.85	61.27	24.56	66.68
362	12.067	75.36	61.86	75.59	60.57	75.04	59.21	63.67	53.98	68.84	58.18	60.57	60.13	62.64	65.22	60.92	69.84	62.71	76.78	69.93	75.17	70.96	83.52	39.07	61.6	41.27	69.76	34.2	64.01	31.32	75.25	26.82	61.23	24.59	66.66
363	12.1	75.31	61.68	75.53	60.36	74.94	59.06	63.6	53.82	68.69	58.12	60.51	60.03	62.58	65.13	60.95	69.74	62.67	76.63	69.96	75.11	70.83	83.46	39.13	61.69	41.33	69.82	34.13	64.03	31.29	75.26	26.81	61.36	24.59	66.89
364	12.133	75.2	61.66	75.43	60.34	74.83	59.05	63.57	53.83	68.6	58.08	60.49	60.02	62.53	65.06	60.92	69.81	62.63	76.62	69.9	75.25	70.77	83.47	39.18	61.68	41.35	69.77	34.19	64.07	31.32	75.24	26.85	61.47	24.61	66.95
365	12.167	75.07	61.72	75.3	60.41	74.73	59.11	63.43	53.89	68.57	58.1	60.4	60.02	62.52	64.99	60.89	69.87	62.66	76.63	69.86	75.28	70.8	83.47	39.07	61.67	41.3	69.71	34.02	64.17	31.19	75.27	26.67	61.61	24.39	67.01
366	12.2	75.04	61.72	75.24	60.39	74.7	59.1	63.36	53.83	68.58	58.04	60.35	59.97	62.53	64.96	60.85	69.89	62.63	76.7	69.87	75.22	70.78	83.46	39.1	61.69	41.38	69.74	34.13	64.25	31.36	75.36	26.75	61.64	24.53	67.05
367	12.233	75.0	61.64	75.19	60.3	74.68	59.0	63.3	53.74	68.58	57.95	60.33	59.93	62.51	64.93	60.86	69.93	62.68	76.76	69.88	75.2	70.93	83.46	39.09	61.68	41.36	69.74	34.14	64.22	31.35	75.33	26.8	61.57	24.56	66.98
368	12.267	75.01	61.4	75.2	60.07	74.67	58.77	63.36	53.61	68.58	57.82	60.39	59.92	62.49	64.88	60.77	70.0	62.67	76.72	69.82	75.13	70.85	83.44	39.26	61.7	41.47	69.73	34.37	64.21	31.51	75.3	27.06	61.6	24.85	67.1
369	12.3	75.0	61.23	75.2	59.89	74.66	58.58	63.39	53.45	68.58	57.64	60.45	59.81	62.52	64.75	60.83	69.95	62.68	76.71	69.81	75.05	70.87	83.41	39.3	61.63	41.47	69.67	34.34	64.18	31.46	75.27	26.97	61.47	24.68	66.93
370	12.333	74.95	61.08	75.12	59.73	74.6	58.45	63.28	53.33	68.53	57.54	60.4	59.74	62.53	64.68	60.88	69.82	62.71	76.6	69.84	74.88	70.93	83.35	39.27	61.53	41.48	69.57	34.19	64.1	31.35	75.19	26.77	61.22	24.45	66.67
371	12.367	74.91	60.93	75.06	59.59	74.57	58.29	63.22	53.22	68.54	57.4	60.39	59.61	62.56	64.56	60.95	69.71	62.72	76.6	69.84	74.82	70.95	83.32	39.31	61.48	41.53	69.52	34.22	64.14	31.4	75.22	26.75	61.34	24.39	66.7
372	12.4	74.91	60.86	75.05	59.54	74.57	58.24	63.19	53.19	68.54	57.39	60.38	59.59	62.52	64.5	60.9	69.74	62.71	76.53	69.77	74.83	70.89	83.35	39.23	61.37	41.44	69.39	34.1	64.07	31.18	75.13	26.66	61.3	24.18	66.7
373	12.433	74.95	60.64	75.09	59.3	74.57	58.02	63.21	52.99	68.51	57.25	60.42	59.52	62.56	64.48	60.95	69.65	62.72	76.48	69.78	74.74	70.91	83.32	39.31	61.36	41.52	69.4	34.1	64.1	31.22	75.19	26.62	61.26	24.17	66.72
374	12.467	74.87	60.47	74.99	59.11	74.48	57.87	63.09	52.91	68.39	57.22	60.36	59.51	62.48	64.48	60.93	69.61	62.69	76.43	69.76	74.73	70.86	83.27	39.34	61.4	41.55	69.43	34.06	63.99	31.16	75.08	26.53	61.2	24.07	66.71
375	12.5	74.8	60.55	74.93	59.19	74.42	57.94	63.06	52.96	68.38	57.21	60.33	59.52	62.49	64.44	60.94	69.71	62.71	76.51	69.75	74.87	70.93	83.35	39.42	61.53	41.65	69.52	34.17	64.18	31.32	75.21	26.64	61.45	24.2	66.86
376	12.533	74.78	60.4	74.89	59.06	74.41	57.81	63.02	52.89	68.4	57.14	60.32	59.49	62.43	64.37	60.92	69.73	62.71	76.46	69.69	74.8	70.94	83.37	39.29	61.42	41.47	69.4	33.99	63.97	31.05	74.97	26.65	61.1	24.12	66.52
377	12.567	74.74	60.15	74.83	58.81	74.35	57.58	62.95	52.8	68.34	57.06	60.29	59.47	62.43	64.31	61.0	69.61	62.74	76.27	69.69	74.77	70.87	83.38	39.37	61.35	41.55	69.3	33.91	63.86	31.0	74.81	26.69	60.85	24.12	66.23
378	12.6	74.67	60.05	74.76	58.7	74.26	57.5	62.91	52.76	68.22	57.06	60.3	59.5	62.36	64.35	61.05	69.62	62.75	76.26	69.71	74.82	70.84	83.42	39.39	61.31	41.5	69.26	33.87	63.69	30.88	74.66	26.74	60.67	24.11	66.13
379	12.633	74.77	60.21	74.86	58.9	74.39	57.67	62.9	52.9	68.35	57.17	60.3	59.48	62.41	64.36	61.18	69.47	62.78	76.24	69.8	74.76	70.95	83.39	39.3	61.19	41.46	69.17	33.71	63.57	30.72	74.54	26.55	60.46	23.84	65.78
380	12.667	74.8	60.34	74.89	59.03	74.45	57.78	62.88	52.98	68.42	57.23	60.23	59.49	62.43	64.36	61.11	69.55	62.76	76.28	69.75	74.92	70.83	83.53	39.11	61.12	41.32	69.1	33.49	63.57	30.51	74.54	26.43	60.39	23.69	65.66
381	12.7	74.85	60.33	74.94	59.03	74.5	57.77	62.93	52.99	68.48	57.22	60.28	59.49	62.49	64.37	61.18	69.5	62.78	76.31	69.81	74.88	70.89	83.53	39.16	61.07	41.37	69.07	33.5	63.55	30.56	74.53	26.42	60.24	23.7	65.46
382	12.733	74.93	60.36	75.05	59.06	74.57	57.79	63.06	52.98	68.51	57.2	60.37	59.44	62.56	64.33	61.31	69.34	62.81	76.2	69.82	74.85	70.93	83.52	39.12	61.02	41.32	69.05	33.31	63.54	30.39	74.54	26.2	60.24	23.44	65.38
383	12.767	74.93	60.37	75.06	59.09	74.59	57.79	63.06	52.99	68.56	57.17	60.35	59.42	62.59	64.31	61.3	69.35	62.83	76.26	69.79	74.82	70.97	83.47	39.08	61.04	41.3	69.07	33.29	63.61	30.42	74.6	26.18	60.33	23.41	65.39
384	12.8	74.93	60.35	75.05	59.06	74.58	57.77	63.06	52.97	68.55	57.14	60.34	59.43	62.62	64.28	61.27	69.34	62.8	76.19	69.77	74.83	70.87	83.47	39.16	61.13	41.41	69.12	33.35	63.73	30.56	74.68	26.23	60.46	23.54	65.52
385	12.833	74.92	60.3	75.05	59.01	74.56	57.73	63.07	53.0	68.52	57.17	60.35	59.5	62.62	64.32	61.34	69.36	62.81	76.19	69.81	74.83	70.92	83.46	39.19	61.29	41.44	69.24	33.34	63.85	30.59	74.75	26.23	60.67	23.59	65.71
386	12.867	74.84	60.35	74.97	59.06	74.51	57.78	62.96	53.01	68.5	57.17	60.25	59.47	62.56	64.3	61.26	69.38	62.74	76.22	69.83	74.92	70.83	83.49	39.05	61.31	41.35	69.27	33.26	63.86	30.52	74.76	26.11	60.66	23.5	65.69
387	12.9	74.79	60.36	74.9	59.05	74.45	57.8	62.89	53.0	68.44	57.2	60.24	59.47	62.52	64.34	61.29	69.27	62.78	76.17	69.84	74.82	70.84	83.41	39.06	61.31	41.35	69.29	33.22	63.8	30.42	74.74	26.04	60.63	23.36	65.69
388	12.933	74.79	60.33	74.91	59.02	74.42	57.78	62.94	53.0	68.39	57.19	60.22	59.49	62.54	64.34	61.35	69.4	62.82	76.24	69.86	74.82	70.87	83.4	39.14	61.4	41.41	69.36	33.23	63.88	30.52	74.77	26.32	60.74	23.69	65.77
389	12.967	74.74	60.37	74.87	59.05	74.38	57.79	62.9	53.0	68.37	57.17	60.18	59.54	62.52	64.36	61.37	69.52	62.87	76.36	69.89	74.89	71.0	83.5	39.02	61.35	41.29	69.32	33.07	63.85	30.35	74.74	26.19	60.57	23.51	65.54
390	13.0	74.7	60.31	74.82	59.0	74.34	57.74	62.88	53.01	68.33	57.17	60.19	59.62	62.49	64.44	61.38	69.53	62.86	76.36	69.93	74.93	71.0	83.54	39.07	61.32	41.31	69.28	33.16	63.78	30.41	74.68	26.31	60.35	23.63	65.37
391	13.033	74.67	60.23	74.79	58.9	74.3	57.65	62.88	52.91	68.29	57.09	60.17	59.59	62.47	64.41	61.34	69.56	62.84	76.37	69.91	74.87	71.01	83.57	39.1	61.31	41.32	69.27	33.21	63.7	30.48	74.6	26.43	60.22	23.78	65.28
392	13.067	74.66	60.22	74.8	58.91	74.3	57.65	62.89	52.95	68.29	57.09	60.13	59.61	62.51	64.33	61.32	69.64	62.85	76.29	69.86	75.0	70.92	83.62	39.05	61.36	41.32	69.26	33.12	63.8	30.48	74.6	26.4	60.38	23.78	65.37
393	13.1	74.69	60.19	74.83	58.88	74.31	57.62	62.97	52.95	68.31	57.06	60.21	59.62	62.54	64.31	61.42	69.65	62.86	76.27	69.97	75.01	70.9	83.54	39.26	61.45	41.49	69.32	33.36	63.9	30.75	74.66	26.73	60.59	24.19	65.56
394	13.133	74.71	60.24	74.86	58.94	74.34	57.66	63.04	53.03	68.36	57.1	60.2	59.63	62.55	64.28	61.38	69.66	62.87	76.18	69.96	75.13	70.89	83.65	39.26	61.45	41.52	69.28	33.53	63.96	30.99	74.66	27.09	60.78	24.68	65.74
395	13.167	74.67	60.21	74.82	58.91	74.3	57.64	62.99	53.04	68.31	57.12	60.16	59.68	62.52	64.29	61.33	69.7	62.85	76.13	69.9	75.18	70.83	83.69	39.26	61.55	41.53	69.34	33.5	64.03	30.98	74.68	27.14	60.89	24.75	65.86
396	13.2	74.29	59.38	74.51	58.33	73.95	57.22	63.05	53.89	68.29	57.73	60.08	60.16	62.16	64.02	62.45	70.78	63.08	76.98	69.55	75.83	72.68	86.84	38.49	59.6	40.26	66.94	31.25	63.74	28.52	73.77	26.05	59.39	21.68	63.97
397	13.233	74.23	59.24	74.47	58.16	73.88	57.08	63.1	53.72	68.23	57.59	60.08	60.09	62.15	63.99	62.53	70.76	63.12	77.02	69.48	75.74	72.75	86.81	38.39	59.43	40.14	66.79	31.15	63.68	28.48	73.71	26.16	59.18	21.8	63.75
398	13.267	74.15	59.16	74.37	58.08	73.79	57.0	63.02	53.68	68.16	57.57	60.05	60.09	62.11	63.98	62.55	70.76	63.14	77.0	69.48	75.81	72.73	86.84	38.4	59.5	40.14	66.85	31.14	63.7	28.43	73.73	26.12	59.24	21.73	63.81
399	13.3	74.13	58.98	74.34	57.9	73.75	56.84	62.98	53.55	68.09	57.46	60.02	60.03	62.06	63.93	62.53	70.73	63.11	76.95	69.56	75.86	72.69	86.88	38.41	59.47	40.15	66.81	31.17	63.7	28.48	73.72	26.13	59.21	21.78	63.82
400	13.333	74.09	58.96	74.3	57.89	73.73	56.81	62.94	53.58	68.11	57.46	59.97	60.02	62.04	63.93	62.44	70.78	63.1	77.02	69.48	75.94	72.67	86.93	38.34	59.37	40.08	66.72	31.22	63.65	28.5	73.67	26.22	59.12	21.82	63.73
401	13.367	74.1	58.93	74.3	57.86	73.72	56.8	62.9	53.58	68.07	57.5	59.96	60.03	62.0	63.96	62.49	70.79	63.12	77.07	69.54	75.94	72.69	86.97	38.34	59.42	40.08	66.78	31.23	63.66	28.5	73.69	26.2	59.18	21.82	63.82
402	13.4	74.15	58.86	74.35	57.78	73.76	56.72	62.94	53.52	68.08	57.46	59.96	60.03	62.02	63.96	62.47	70.79	63.12	77.01	69.53	75.94	72.67	86.95	38.36	59.41	40.12	66.76	31.25	63.67	28.57	73.71	26.24	59.17	21.93	63.85
403	13.433	74.22	58.7	74.43	57.61	73.82	56.55	63.08	53.33	68.12	57.27	60.08	59.97	62.05	63.95	62.66	70.71	63.1	77.08	69.57	75.8	72.69	86.93	38.45	59.33	40.13	66.71	31.28	63.61	28.62	73.67	26.45	59.07	22.13	63.71
404	13.467	74.24	58.63	74.46	57.53	73.85	56.47	63.12	53.28	68.15	57.19	60.08	59.96	62.06	63.86	62.68	70.8	63.14	77.05	69.57	75.78	72.73	86.9	38.43	59.29	40.11	66.63	31.33	63.54	28.68	73.51	26.72	59.03	22.4	63.61
405	13.5	74.38	58.38	74.6	57.28	73.95	56.23	63.31	53.07	68.17	57.03	60.25	59.84	62.1	63.79	62.86	70.76	63.12	77.08	69.64	75.73	72.66	86.9	38.59	59.1	40.18	66.47	31.43	63.21	28.75	73.21	26.89	58.72	22.57	63.31
406	13.533	74.36	58.4	74.59	57.28	73.94	56.24	63.3	53.04	68.16	57.01	60.19	59.86	62.07	63.79	62.8	70.88	63.14	77.13	69.63	75.74	72.68	86.95	38.49	59.0	40.11	66.36	31.4	63.22	28.79	73.21	27.03	58.74	22.81	63.38
407	13.567	74.32	58.23	74.55	57.09	73.87	56.06	63.35	52.9	68.09	56.88	60.24	59.85	62.1	63.72	62.85	70.95	63.16	77.08	69.61	75.74	72.61	86.92	38.57	59.07	40.16	66.39	31.42	63.38	28.84	73.31	27.18	58.87	22.95	63.52
408	13.6	74.37	58.16	74.6	57.01	73.89	56.0	63.4	52.85	68.08	56.85	60.29	59.87	62.14	63.72	62.92	71.08	63.16	77.17	69.67	75.72	72.63	86.92	38.71	59.14	40.31	66.44	31.48	63.42	28.95	73.32	27.26	58.92	23.06	63.57
409	13.633	74.36	58.13	74.59	56.98	73.86	55.96	63.41	52.83	68.05	56.84	60.29	59.94	62.16	63.75	62.86	71.22	63.15	77.23	69.71	75.69	72.67	86.91	38.78	59.35	40.4	66.63	31.44	63.62	28.93	73.5	27.21	59.25	23.02	63.95
410	13.667	74.33	58.19	74.55	57.05	73.85	56.04	63.34	52.89	68.06	56.91	60.24	59.94	62.11	63.74	62.78	71.11	63.15	77.07	69.63	75.71	72.54	86.97	38.65	59.26	40.27	66.54	31.34	63.42	28.75	73.31	27.18	59.14	22.98	63.86
411	13.7	74.34	58.28	74.56	57.11	73.86	56.13	63.35	52.85	68.03	56.95	60.18	59.87	62.08	63.78	62.79	71.08	63.17	77.13	69.58	75.7	72.58	86.95	38.51	59.12	40.15	66.46	31.24	63.25	28.69	73.22	27.17	58.86	22.99	63.62
412	13.733	74.42	58.43	74.66	57.24	73.96	56.26	63.42	52.87	68.14	56.98	60.25	59.82	62.09	63.91	62.89	70.99	63.17	77.4	69.63	75.62	72.79	86.93	38.49	59.07	40.08	66.54	31.32	63.18	28.73	73.32	27.17	58.76	22.99	63.55
413	13.767	74.45	58.51	74.67	57.32	74.0	56.34	63.39	52.93	68.17	57.07	60.25	59.88	62.07	64.03	62.92	70.88	63.19	77.39	69.57	75.6	72.8	87.0	38.44	59.03	40.01	66.53	31.34	63.07	28.69	73.25	27.2	58.68	23.01	63.48
414	13.8	74.46	58.62	74.68	57.42	74.01	56.46	63.37	52.99	68.16	57.16	60.21	59.9	62.05	64.06	62.92	70.87	63.21	77.35	69.59	75.62	72.78	87.0	38.35	59.02	39.94	66.52	31.25	63.09	28.62	73.28	27.15	58.79	22.98	63.61
415	13.833	74.51	58.7	74.73	57.49	74.05	56.53	63.39	53.04	68.17	57.22	60.23	59.97	62.05	64.14	62.97	71.04	63.24	77.54	69.71	75.58	72.88	86.96	38.39	59.11	39.97	66.64	31.27	63.21	28.66	73.43	27.11	58.89	22.98	63.73
416	13.867	74.49	58.71	74.71	57.5	74.03	56.54	63.39	53.02	68.15	57.19	60.23	59.96	62.04	64.14	62.97	71.0	63.24	77.53	69.74	75.52	72.89	86.92	38.46	59.14	40.04	66.66	31.36	63.18	28.74	73.41	27.15	58.84	23.04	63.68
417	13.9	74.41	58.65	74.61	57.42	73.95	56.46	63.28	52.95	68.1	57.13	60.18	60.0	62.02	64.14	62.86	71.08	63.25	77.54	69.69	75.53	72.87	86.9	38.44	59.18	40.04	66.7	31.35	63.12	28.69	73.34	27.08	58.71	22.98	63.61
418	13.933	74.4	58.33	74.61	57.13	73.9	56.16	63.38	52.8	68.04	56.94	60.3	59.91	62.05	63.88	62.86	70.94	63.17	77.11	69.69	75.61	72.64	86.88	38.63	59.24	40.18	66.64	31.36	63.2	28.68	73.29	26.98	58.86	22.85	63.73
419	13.967	74.27	58.12	74.49	56.95	73.77	55.98	63.35	52.7	67.94	56.81	60.3	59.83	62.05	63.64	62.8	70.83	63.15	76.67	69.52	75.72	72.37	86.8	38.61	59.16	40.16	66.44	31.21	63.13	28.52	73.06	26.91	58.79	22.76	63.59
420	14.0	74.16	58.3	74.38	57.13	73.67	56.16	63.28	52.88	67.89	56.96	60.29	59.96	61.97	63.73	62.84	70.96	63.14	76.77	69.6	75.78	72.31	86.88	38.6	59.4	40.09	66.65	31.19	63.24	28.4	73.15	26.91	58.95	22.71	63.72
421	14.033	74.35	58.24	74.57	57.06	73.84	56.1	63.38	52.77	67.96	56.93	60.26	59.93	62.04	63.79	62.77	70.99	63.13	76.9	69.53	75.74	72.41	86.93	38.56	59.33	40.13	66.65	31.17	63.27	28.53	73.25	26.89	58.91	22.78	63.75
422	14.067	74.43	58.39	74.63	57.19	73.9	56.25	63.39	52.88	67.99	57.08	60.26	60.06	62.11	63.99	62.81	71.21	63.21	77.23	69.54	75.77	72.52	86.98	38.64	59.4	40.28	66.75	31.28	63.44	28.73	73.47	26.91	59.0	22.83	63.87
423	14.1	74.33	58.49	74.51	57.32	73.83	56.37	63.23	53.11	67.96	57.28	60.16	60.22	62.03	64.14	62.85	71.19	63.32	77.19	69.43	75.92	72.47	87.08	38.51	59.5	40.15	66.81	31.25	63.34	28.6	73.28	27.11	59.03	22.98	63.78
424	14.133	74.32	58.68	74.49	57.55	73.87	56.55	63.1	53.34	68.05	57.45	60.07	60.29	61.99	64.25	62.69	71.11	63.27	77.18	69.27	75.91	72.45	87.06	38.32	59.52	39.99	66.85	31.15	63.31	28.47	73.27	26.89	59.09	22.78	63.78
425	14.167	74.29	58.86	74.49	57.72	73.85	56.72	63.18	53.43	68.04	57.52	60.13	60.35	61.99	64.36	62.76	71.16	63.13	77.38	69.28	76.02	72.39	87.2	38.39	59.71	40.01	67.08	31.11	63.5	28.43	73.52	26.82	59.22	22.67	63.89
426	14.2	74.21	58.72	74.4	57.59	73.75	56.61	63.1	53.35	67.95	57.45	60.08	60.25	61.94	64.14	62.63	71.08	63.03	77.04	69.33	76.01	72.21	87.1	38.47	59.55	40.12	66.82	31.25	63.5	28.56	73.42	26.85	59.27	22.69	64.02
427	14.233	74.19	58.8	74.37	57.66	73.75	56.68	63.05	53.42	67.97	57.51	60.07	60.29	61.92	64.2	62.68	71.11	63.07	77.14	69.38	76.0	72.25	87.16	38.4	59.57	40.03	66.86	31.19	63.52	28.46	73.47	26.81	59.36	22.62	64.08
428	14.267	74.23	58.77	74.4	57.64	73.79	56.65	63.04	53.39	67.97	57.47	60.05	60.27	61.9	64.24	62.63	71.04	63.04	77.18	69.35	75.95	72.25	87.09	38.45	59.63	40.09	66.96	31.23	63.54	28.54	73.53	26.73	59.33	22.63	64.04
429	14.3	74.25	58.86	74.43	57.73	73.83	56.73	63.08	53.45	68.01	57.52	60.1	60.3	61.9	64.3	62.72	71.04	63.02	77.26	69.37	75.96	72.24	87.1	38.44	59.66	40.04	67.02	31.21	63.48	28.48	73.49	26.74	59.29	22.61	63.94
430	14.333	74.23	58.9	74.41	57.75	73.81	56.76	63.1	53.44	68.0	57.51	60.11	60.3	61.89	64.33	62.75	71.0	63.0	77.27	69.37	75.96	72.25	87.13	38.46	59.71	40.04	67.08	31.23	63.54	28.51	73.56	26.79	59.28	22.68	63.93
431	14.367	74.29	59.07	74.47	57.95	73.85	56.96	63.08	53.68	68.01	57.79	60.13	60.53	61.89	64.44	62.77	71.32	63.01	77.29	69.32	76.16	72.05	87.23	38.31	60.02	39.88	67.33	30.92	63.67	28.11	73.62	26.49	59.44	22.31	64.1
432	14.4	74.36	59.45	74.55	58.35	73.93	57.31	63.11	54.05	68.11	58.05	60.12	60.78	61.96	64.53	62.56	71.58	62.97	77.31	69.34	76.27	72.11	87.4	38.41	60.2	40.02	67.44	30.89	63.8	28.1	73.68	26.41	59.58	22.26	64.24
433	14.433	74.32	59.87	74.52	58.76	73.95	57.71	63.04	54.32	68.12	58.33	60.02	60.88	61.84	64.84	62.55	71.56	62.9	77.68	69.39	76.37	72.23	87.69	38.19	60.35	39.8	67.72	30.86	64.04	28.08	74.07	26.24	59.78	22.15	64.43
434	14.467	74.34	60.06	74.54	58.99	73.95	57.92	63.11	54.61	68.11	58.57	60.05	61.12	61.86	65.08	62.66	71.54	62.92	77.75	69.44	76.47	72.15	87.78	38.29	60.55	39.88	67.91	30.96	64.1	28.19	74.11	26.38	59.95	22.25	64.48
435	14.5	74.38	60.43	74.62	59.35	74.0	58.27	63.3	54.95	68.19	58.83	60.25	61.4	61.98	65.26	62.8	71.82	62.98	77.98	69.38	76.58	72.32	88.01	38.38	60.81	39.85	68.17	30.76	64.35	27.9	74.32	26.26	60.09	21.89	64.51
436	14.533	74.49	60.71	74.75	59.63	74.1	58.54	63.36	55.14	68.27	59.03	60.33	61.55	62.05	65.31	62.73	72.07	62.94	78.03	69.38	76.86	72.34	88.31	38.37	61.07	39.85	68.42	30.49	64.57	27.58	74.55	25.8	60.25	21.34	64.71
437	14.567	74.72	60.54	74.98	59.49	74.31	58.36	63.53	55.07	68.42	58.95	60.47	61.52	62.15	65.37	62.87	72.05	62.97	78.18	69.5	76.89	72.5	88.28	38.46	61.05	39.9	68.46	30.63	64.72	27.75	74.77	25.79	60.42	21.34	64.87
438	14.6	74.38	61.55	74.66	60.52	74.13	59.31	63.26	55.87	68.45	59.47	60.23	61.84	62.07	65.55	62.57	72.13	63.07	78.2	69.41	77.14	72.7	88.49	38.31	61.23	39.82	68.58	30.7	64.85	27.76	74.78	25.86	60.71	21.47	64.89
439	14.633	74.48	61.67	74.75	60.69	74.25	59.44	63.24	56.05	68.61	59.62	60.3	61.81	62.2	65.58	62.62	71.92	63.06	78.14	69.49	77.07	72.71	88.36	38.4	61.16	39.97	68.54	30.82	64.88	27.82	74.86	25.65	60.79	21.07	64.93
440	14.667	74.89	61.6	75.16	60.64	74.62	59.39	63.43	55.94	68.85	59.64	60.48	61.66	62.44	65.58	62.64	71.84	63.17	78.28	69.62	76.95	73.12	88.42	38.46	61.08	40.08	68.62	30.69	64.82	27.56	75.06	24.91	60.56	20.03	64.87
441	14.7	75.28	61.52	75.53	60.59	74.98	59.31	63.5	55.85	69.05	59.68	60.53	61.51	62.6	65.64	62.73	71.64	63.11	78.39	69.96	76.84	73.33	88.33	38.39	60.81	40.14	68.54	30.47	64.57	27.36	75.07	24.1	60.06	19.05	64.51
442	14.733	75.6	61.61	75.84	60.71	75.28	59.41	63.56	55.86	69.28	59.81	60.63	61.44	62.81	65.72	62.69	71.49	63.18	78.46	69.96	76.82	73.42	88.28	38.14	60.69	40.01	68.59	29.94	63.96	26.58	74.76	23.05	59.82	17.65	64.41
443	14.767	75.84	60.92	76.21	60.47	75.46	58.76	63.0	56.07	68.78	59.55	59.41	61.2	62.51	66.33	62.46	69.14	63.43	78.74	69.63	76.28	72.87	87.79	37.22	61.38	39.54	70.06	29.99	64.21	27.09	75.84	22.76	61.8	17.39	65.07
444	14.8	75.74	61.23	76.1	60.8	75.38	59.06	62.83	56.34	68.77	59.77	59.34	61.3	62.5	66.41	62.39	69.18	63.46	78.79	69.7	76.34	72.9	87.67	37.19	61.32	39.58	69.98	30.09	64.3	27.2	75.93	22.35	62.08	17.09	65.34
445	14.833	75.69	61.46	76.08	61.02	75.36	59.27	62.8	56.5	68.79	59.88	59.32	61.37	62.54	66.43	62.38	69.26	63.5	78.82	69.84	76.26	73.09	87.42	37.21	61.53	39.63	70.18	30.1	64.43	27.23	76.05	22.24	62.18	16.97	65.41
446	14.867	75.82	61.52	76.19	61.06	75.47	59.32	62.87	56.43	68.84	59.87	59.38	61.29	62.64	66.53	62.31	68.97	63.43	78.81	69.95	76.24	72.99	87.49	37.51	61.47	40.0	70.21	30.58	64.33	27.76	76.11	22.35	62.21	17.21	65.58
447	14.9	75.87	62.08	76.14	61.19	75.57	59.86	63.68	55.96	69.49	59.98	60.63	61.26	63.12	65.85	62.48	70.86	63.2	78.36	70.46	76.29	73.61	87.68	38.44	61.04	40.62	69.15	30.23	64.39	27.09	75.53	22.33	60.83	17.19	65.56
448	14.933	75.81	61.97	76.08	61.07	75.51	59.76	63.67	55.9	69.47	59.91	60.59	61.23	63.16	65.81	62.46	70.85	63.22	78.31	70.51	76.38	73.35	87.7	38.55	61.1	40.8	69.15	30.57	64.68	27.51	75.75	22.73	61.14	17.68	65.88
449	14.967	75.85	61.8	76.12	60.9	75.53	59.6	63.7	55.74	69.48	59.78	60.6	61.14	63.23	65.72	62.41	70.6	63.06	78.05	70.24	76.28	72.84	87.63	38.47	60.97	40.77	68.99	30.35	64.58	27.35	75.63	22.53	60.93	17.46	65.66
450	15.0	75.77	61.77	76.05	60.92	75.47	59.58	63.75	55.82	69.46	59.76	60.7	61.14	63.2	65.64	62.51	70.27	63.0	77.68	70.26	76.32	72.43	87.55	38.61	60.78	40.83	68.72	30.6	64.38	27.51	75.35	22.7	60.97	17.62	65.58
451	15.033	75.92	61.47	76.21	60.58	75.58	59.28	63.96	55.53	69.5	59.53	60.84	61.13	63.35	65.66	62.69	70.45	63.18	77.87	70.16	76.17	72.45	87.46	38.82	60.82	41.04	68.74	30.84	64.39	27.88	75.3	23.15	60.78	18.18	65.36
452	15.067	76.05	61.28	76.35	60.39	75.66	59.09	64.13	55.4	69.54	59.42	61.01	61.13	63.46	65.68	62.79	70.39	63.11	77.87	70.28	76.0	72.31	87.29	39.05	60.99	41.24	68.93	30.96	64.64	28.03	75.6	23.17	61.0	18.21	65.64
453	15.1	76.37	62.24	76.64	61.09	75.95	59.63	64.46	54.61	69.53	58.92	61.13	60.72	63.67	66.27	61.32	69.25	62.95	77.27	70.23	74.94	70.76	83.36	39.36	62.26	41.98	70.73	34.1	64.39	31.58	76.08	25.71	61.64	23.42	66.88
454	15.133	76.45	62.23	76.71	61.08	76.05	59.61	64.44	54.62	69.63	58.9	61.11	60.71	63.7	66.26	61.3	69.19	63.0	77.24	70.23	74.84	70.89	83.34	39.33	62.29	41.99	70.76	34.19	64.36	31.69	76.04	25.68	61.63	23.42	66.86
455	15.167	76.5	62.07	76.75	60.94	76.1	59.47	64.37	54.61	69.69	58.91	61.05	60.74	63.74	66.24	61.22	69.15	63.0	77.08	70.07	74.79	70.9	83.35	39.24	62.17	41.97	70.59	34.1	64.25	31.68	75.86	25.59	61.64	23.34	66.9
456	15.2	76.5	62.23	76.75	61.11	76.12	59.63	64.35	54.78	69.74	59.06	61.02	60.78	63.73	66.29	61.19	69.19	63.03	77.16	70.06	74.92	71.03	83.59	39.12	62.06	41.88	70.5	34.07	64.0	31.61	75.61	25.56	61.45	23.25	66.67
457	15.233	76.55	62.25	76.82	61.14	76.16	59.65	64.46	54.77	69.74	59.09	61.11	60.69	63.75	66.26	61.25	69.11	63.05	77.12	70.18	74.9	70.93	83.58	39.16	61.92	41.85	70.41	34.13	63.86	31.62	75.55	25.64	61.45	23.36	66.76
458	15.267	76.47	62.33	76.77	61.26	76.12	59.71	64.55	54.88	69.82	59.04	61.17	60.57	63.81	66.07	61.34	69.0	63.04	77.05	70.21	74.97	70.88	83.65	39.3	61.7	41.97	70.15	34.31	63.72	31.82	75.31	25.96	61.19	23.61	66.28
459	15.3	76.54	62.1	76.82	61.01	76.14	59.51	64.55	54.71	69.77	58.98	61.21	60.6	63.82	66.1	61.41	69.01	63.08	76.98	70.25	74.86	70.89	83.61	39.29	61.77	41.93	70.23	34.12	63.75	31.63	75.38	25.81	61.14	23.44	66.37
460	15.333	76.46	62.3	76.77	61.2	76.08	59.69	64.51	54.85	69.73	59.08	61.12	60.65	63.8	66.23	61.32	69.03	63.1	77.21	70.19	74.73	71.07	83.47	39.21	61.82	41.92	70.32	34.16	63.78	31.7	75.44	25.68	61.32	23.3	66.46
461	15.367	76.47	62.52	76.79	61.44	76.11	59.88	64.52	54.96	69.74	59.13	61.06	60.62	63.75	66.24	61.27	68.97	63.14	77.24	70.26	74.64	71.21	83.45	39.15	61.68	41.86	70.21	34.23	63.76	31.75	75.44	25.74	61.33	23.43	66.4
462	15.4	76.48	62.53	76.82	61.46	76.12	59.9	64.6	54.99	69.74	59.16	61.12	60.66	63.77	66.26	61.27	69.01	63.07	77.26	70.24	74.66	71.11	83.47	39.16	61.69	41.84	70.23	34.17	63.79	31.67	75.47	25.63	61.27	23.25	66.34
463	15.433	76.53	62.6	76.86	61.55	76.16	59.98	64.59	55.09	69.78	59.27	61.13	60.72	63.78	66.31	61.3	69.07	63.02	77.3	70.18	74.61	71.05	83.48	39.13	61.71	41.81	70.24	34.08	63.76	31.55	75.43	25.6	61.18	23.13	66.24
464	15.467	76.63	62.57	76.97	61.51	76.27	59.92	64.78	55.0	69.91	59.13	61.34	60.64	63.91	66.19	61.48	69.04	63.04	77.26	70.32	74.91	71.07	83.68	39.33	61.64	41.94	70.18	34.16	63.68	31.57	75.36	25.73	61.06	23.18	66.06
465	15.5	76.31	61.68	76.72	60.81	76.08	59.39	64.58	55.49	70.1	59.28	61.28	60.88	63.79	65.45	63.02	70.08	63.56	77.69	70.27	75.98	72.88	87.05	38.89	60.5	41.01	68.55	31.07	63.94	28.11	74.94	23.8	60.3	18.88	64.6
466	15.533	76.49	61.4	76.88	60.54	76.2	59.14	64.74	55.32	70.14	59.18	61.44	60.86	63.85	65.5	63.23	69.97	63.7	77.71	70.28	75.92	73.07	86.98	39.06	60.41	41.1	68.49	31.27	63.8	28.3	74.86	23.95	60.06	19.03	64.4
467	15.567	76.56	61.4	77.0	60.57	76.29	59.14	64.93	55.35	70.24	59.12	61.52	60.77	63.98	65.31	63.22	69.83	63.76	77.44	70.28	75.87	73.11	86.81	39.1	60.36	41.17	68.4	31.24	63.78	28.37	74.77	24.0	60.09	19.11	64.32
468	15.6	76.56	61.51	77.0	60.68	76.31	59.22	64.93	55.47	70.28	59.17	61.55	60.87	64.03	65.55	63.23	69.75	63.88	77.69	70.42	75.86	73.35	86.8	39.36	60.41	41.42	68.53	31.7	63.87	28.86	74.95	24.26	60.19	19.46	64.37
469	15.633	76.57	61.44	77.01	60.63	76.31	59.15	64.97	55.47	70.3	59.12	61.62	60.89	64.09	65.49	63.29	69.76	63.98	77.62	70.46	75.9	73.34	86.8	39.48	60.55	41.53	68.62	31.75	64.0	28.91	75.04	24.23	60.45	19.47	64.59
470	15.667	76.53	61.29	76.96	60.5	76.3	59.01	64.93	55.39	70.34	59.0	61.57	60.69	64.09	65.34	63.34	69.42	63.96	77.42	70.38	75.86	73.19	86.73	39.39	60.38	41.48	68.45	31.79	63.95	28.98	74.96	24.39	60.51	19.6	64.53
471	15.7	76.61	61.28	77.03	60.48	76.35	58.99	64.97	55.39	70.38	59.0	61.66	60.82	64.15	65.4	63.39	69.79	64.15	77.66	70.55	75.77	73.51	86.7	39.5	60.46	41.56	68.51	31.92	64.01	29.04	75.02	24.41	60.57	19.61	64.68
472	15.733	76.68	61.31	77.11	60.53	76.45	59.01	65.0	55.44	70.49	59.0	61.69	60.84	64.17	65.38	63.43	69.83	64.3	77.68	70.53	75.76	73.66	86.77	39.43	60.52	41.45	68.57	31.85	63.94	28.86	74.93	24.43	60.6	19.56	64.63
473	15.767	76.7	61.48	77.14	60.7	76.49	59.18	65.06	55.59	70.56	59.13	61.77	60.91	64.23	65.47	63.56	69.82	64.38	77.73	70.64	75.87	73.7	86.85	39.5	60.54	41.5	68.6	31.94	63.91	28.92	74.91	24.6	60.64	19.7	64.62
474	15.8	76.76	61.46	77.19	60.68	76.56	59.17	65.03	55.51	70.59	59.1	61.71	60.79	64.19	65.33	63.48	69.89	64.35	77.7	70.64	75.91	73.79	86.96	39.32	60.56	41.35	68.64	31.68	63.91	28.6	74.94	24.36	60.73	19.38	64.77
475	15.833	76.76	61.59	77.21	60.8	76.56	59.29	65.08	55.58	70.59	59.17	61.75	60.82	64.23	65.41	63.56	69.86	64.35	77.77	70.66	75.86	73.77	86.86	39.32	60.54	41.34	68.66	31.62	63.91	28.57	74.97	24.3	60.69	19.32	64.7
476	15.867	76.77	61.6	77.21	60.8	76.56	59.3	65.07	55.58	70.59	59.19	61.75	60.86	64.21	65.41	63.5	69.98	64.3	77.79	70.67	75.92	73.77	86.95	39.31	60.6	41.32	68.7	31.55	63.92	28.46	74.99	24.21	60.67	19.18	64.75
477	15.9	76.6	61.66	77.05	60.87	76.42	59.36	64.99	55.63	70.5	59.19	61.69	60.79	64.13	65.51	63.5	69.59	64.18	77.81	70.67	75.87	73.71	86.87	39.53	60.63	41.53	68.78	31.95	63.83	28.92	74.95	24.53	60.72	19.62	64.69
478	15.933	76.62	61.64	77.07	60.85	76.43	59.34	65.09	55.63	70.52	59.15	61.78	60.81	64.18	65.51	63.48	69.67	64.25	77.87	70.64	75.81	73.82	86.79	39.77	60.59	41.73	68.71	32.32	63.84	29.33	74.93	24.85	60.66	20.04	64.65
479	15.967	76.6	61.67	77.04	60.87	76.41	59.37	65.07	55.66	70.51	59.2	61.81	60.8	64.18	65.59	63.55	69.55	64.34	77.92	70.73	75.81	73.88	86.82	39.86	60.55	41.8	68.72	32.48	63.7	29.41	74.86	24.91	60.54	20.04	64.54
480	16.0	76.54	61.6	76.97	60.81	76.34	59.33	64.98	55.62	70.46	59.17	61.76	60.68	64.19	65.45	63.59	69.46	64.43	77.83	70.84	75.7	74.11	86.65	39.86	60.35	41.84	68.52	32.52	63.57	29.48	74.73	24.83	60.3	19.91	64.33
481	16.033	76.54	61.51	76.97	60.74	76.33	59.25	64.99	55.59	70.43	59.14	61.77	60.66	64.14	65.35	63.59	69.39	64.37	77.64	70.73	75.68	74.02	86.63	39.78	60.26	41.73	68.38	32.38	63.52	29.31	74.62	24.74	60.26	19.77	64.28
482	16.067	76.52	61.51	76.97	60.71	76.31	59.23	65.04	55.56	70.41	59.08	61.82	60.7	64.16	65.37	63.68	69.58	64.45	77.88	70.79	75.49	74.19	86.58	39.89	60.24	41.78	68.36	32.43	63.48	29.34	74.58	24.85	60.09	19.81	64.07
483	16.1	76.46	61.46	76.9	60.66	76.23	59.19	65.02	55.51	70.33	59.05	61.82	60.68	64.12	65.44	63.76	69.51	64.47	78.03	70.85	75.47	74.24	86.57	39.94	60.28	41.8	68.45	32.5	63.51	29.4	74.67	24.88	60.17	19.8	64.13
484	16.133	76.39	61.53	76.83	60.73	76.17	59.26	64.96	55.55	70.3	59.09	61.8	60.6	64.09	65.37	63.72	69.35	64.33	77.86	70.76	75.61	74.02	86.66	39.93	60.23	41.79	68.39	32.49	63.53	29.39	74.68	24.84	60.19	19.74	64.15
485	16.167	76.32	61.53	76.77	60.75	76.12	59.28	64.96	55.6	70.29	59.08	61.77	60.59	64.07	65.25	63.67	69.36	64.39	77.72	70.78	75.44	74.15	86.51	39.92	60.07	41.78	68.15	32.57	63.4	29.47	74.46	25.02	60.13	19.95	64.09
486	16.2	76.24	61.63	76.68	60.83	76.04	59.37	64.89	55.64	70.25	59.13	61.71	60.6	64.03	65.28	63.6	69.34	64.29	77.7	70.72	75.53	74.02	86.59	39.93	60.02	41.81	68.1	32.65	63.44	29.6	74.48	25.16	60.07	20.14	64.05
487	16.233	76.24	61.62	76.67	60.82	76.04	59.36	64.85	55.63	70.23	59.13	61.67	60.61	63.98	65.25	63.57	69.4	64.25	77.68	70.7	75.53	74.06	86.57	39.82	60.0	41.7	68.06	32.51	63.43	29.44	74.45	25.05	60.05	20.01	64.04
488	16.267	76.3	61.53	76.73	60.74	76.1	59.28	64.85	55.56	70.25	59.08	61.68	60.51	63.98	65.19	63.57	69.28	64.22	77.61	70.79	75.41	74.08	86.5	39.92	59.79	41.8	67.89	32.61	63.16	29.55	74.23	25.05	59.78	20.05	63.81
489	16.3	76.24	61.53	76.7	60.78	76.05	59.29	64.9	55.66	70.26	59.08	61.72	60.52	64.01	65.07	63.57	69.17	64.17	77.33	70.7	75.52	73.89	86.51	39.95	59.87	41.81	67.86	32.58	63.31	29.52	74.24	25.08	60.01	20.05	63.91
490	16.333	76.29	61.57	76.73	60.79	76.1	59.31	64.87	55.63	70.26	59.09	61.67	60.52	64.01	65.11	63.58	69.18	64.18	77.39	70.72	75.52	73.87	86.6	39.85	59.91	41.75	67.95	32.42	63.27	29.35	74.24	24.97	59.93	19.9	63.85
491	16.367	76.3	61.58	76.74	60.8	76.1	59.32	64.88	55.62	70.24	59.11	61.69	60.57	64.0	65.19	63.57	69.26	64.15	77.51	70.7	75.45	73.94	86.58	39.88	59.88	41.75	67.94	32.39	63.17	29.31	74.18	24.93	59.82	19.86	63.78
492	16.4	76.34	61.55	76.78	60.76	76.12	59.29	64.94	55.62	70.23	59.11	61.73	60.61	64.02	65.21	63.63	69.35	64.18	77.56	70.71	75.48	73.93	86.59	39.96	59.91	41.8	67.95	32.43	63.26	29.38	74.25	25.02	59.89	19.96	63.82
493	16.433	76.32	61.49	76.76	60.7	76.1	59.24	64.94	55.58	70.21	59.07	61.73	60.63	63.97	65.18	63.58	69.45	64.18	77.58	70.69	75.4	74.03	86.49	39.99	59.97	41.82	67.98	32.56	63.3	29.51	74.26	25.09	59.88	20.12	63.85
494	16.467	76.34	61.48	76.75	60.66	76.13	59.22	64.82	55.44	70.2	59.01	61.62	60.53	63.87	65.29	63.58	69.29	64.19	77.68	70.83	75.15	74.08	86.24	39.9	59.89	41.76	68.02	32.73	63.12	29.67	74.22	25.18	59.65	20.34	63.72
495	16.5	76.32	61.47	76.73	60.66	76.12	59.21	64.77	55.46	70.19	59.03	61.54	60.56	63.82	65.29	63.53	69.38	64.18	77.69	70.83	75.2	74.08	86.22	39.76	59.88	41.64	67.99	32.66	63.15	29.61	74.22	25.18	59.65	20.36	63.73
496	16.533	76.31	61.42	76.74	60.64	76.11	59.18	64.83	55.5	70.2	59.02	61.56	60.49	63.84	65.1	63.48	69.32	64.11	77.45	70.69	75.2	73.98	86.19	39.81	59.78	41.68	67.79	32.62	63.19	29.64	74.14	25.22	59.73	20.39	63.73
497	16.567	76.33	61.49	76.76	60.71	76.13	59.25	64.86	55.52	70.22	59.03	61.57	60.45	63.86	65.05	63.53	69.27	64.14	77.42	70.81	75.15	74.11	86.15	39.78	59.66	41.65	67.7	32.57	63.12	29.61	74.1	25.17	59.64	20.33	63.66
498	16.6	76.32	61.44	76.78	60.69	76.13	59.22	64.97	55.51	70.25	58.94	61.64	60.28	63.93	64.8	63.48	68.98	64.05	77.04	70.74	75.21	73.91	86.1	39.92	59.69	41.79	67.66	32.63	63.19	29.71	74.09	25.16	59.89	20.35	63.8
499	16.633	76.37	61.46	76.84	60.7	76.17	59.23	65.02	55.47	70.25	58.93	61.64	60.3	63.95	64.8	63.41	69.06	64.02	77.03	70.74	75.24	74.05	86.07	39.96	59.64	41.85	67.61	32.63	63.22	29.81	74.12	25.12	59.79	20.42	63.76
500	16.667	76.39	61.48	76.86	60.73	76.19	59.25	65.04	55.5	70.26	58.96	61.65	60.31	64.0	64.84	63.44	69.05	64.09	77.09	70.76	75.2	74.09	86.11	39.98	59.69	41.89	67.69	32.59	63.22	29.75	74.14	25.05	59.9	20.29	63.84
501	16.7	76.35	61.43	76.81	60.66	76.16	59.19	64.97	55.39	70.24	58.83	61.56	60.21	63.96	64.72	63.37	68.93	64.0	76.93	70.7	75.15	73.87	85.97	39.89	59.65	41.85	67.62	32.51	63.25	29.75	74.15	24.99	59.97	20.33	63.88
502	16.733	76.44	61.38	76.92	60.61	76.24	59.14	65.07	55.33	70.29	58.82	61.63	60.14	63.99	64.68	63.5	68.85	64.01	76.88	70.74	75.16	73.88	86.06	39.83	59.64	41.75	67.64	32.4	63.27	29.59	74.19	25.02	59.88	20.26	63.8
503	16.767	76.45	61.37	76.92	60.61	76.25	59.14	65.05	55.34	70.31	58.84	61.63	60.13	64.01	64.67	63.51	68.86	63.99	76.88	70.77	75.2	73.88	86.08	39.76	59.65	41.7	67.65	32.28	63.36	29.48	74.3	24.82	59.97	20.02	63.9
504	16.8	76.47	61.4	76.94	60.64	76.28	59.17	65.0	55.35	70.34	58.86	61.57	60.11	63.98	64.67	63.46	68.88	64.03	76.91	70.81	75.14	73.98	86.04	39.65	59.58	41.61	67.6	32.25	63.31	29.45	74.28	24.83	59.95	20.07	63.91
505	16.833	76.47	61.45	76.96	60.67	76.28	59.22	65.09	55.31	70.3	58.84	61.64	60.08	63.93	64.63	63.44	68.79	63.8	76.78	70.71	75.09	73.63	86.05	39.69	59.51	41.58	67.52	32.16	63.24	29.31	74.2	24.72	59.86	19.96	63.85
506	16.867	76.4	61.46	76.88	60.71	76.22	59.24	65.02	55.43	70.28	58.92	61.61	60.19	63.92	64.7	63.41	68.87	63.86	76.82	70.71	75.15	73.63	86.05	39.76	59.52	41.66	67.49	32.34	63.19	29.46	74.11	24.84	59.77	20.06	63.73
507	16.9	76.49	61.52	76.97	60.79	76.3	59.32	65.08	55.47	70.34	58.98	61.67	60.12	63.97	64.61	63.43	68.67	63.83	76.56	70.77	75.11	73.59	85.94	39.75	59.42	41.66	67.4	32.22	63.08	29.35	74.02	24.59	59.73	19.83	63.73
508	16.933	76.39	61.63	76.89	60.89	76.23	59.41	65.09	55.5	70.32	58.96	61.65	60.05	63.95	64.57	63.38	68.5	63.77	76.48	70.62	74.99	73.57	85.85	39.75	59.36	41.64	67.35	32.19	62.98	29.33	73.92	24.67	59.66	19.91	63.57
509	16.967	76.44	61.67	76.94	60.93	76.28	59.45	65.08	55.53	70.37	59.01	61.64	60.06	63.96	64.56	63.36	68.66	63.75	76.57	70.66	75.08	73.65	85.92	39.7	59.35	41.61	67.34	32.16	62.96	29.31	73.89	24.66	59.6	19.9	63.55
510	17.0	76.47	61.71	76.98	60.96	76.31	59.47	65.11	55.51	70.39	59.01	61.67	60.06	63.95	64.6	63.29	68.71	63.79	76.65	70.68	75.04	73.77	85.9	39.71	59.36	41.59	67.4	32.23	62.91	29.33	73.91	24.69	59.59	19.99	63.63
511	17.033	76.51	61.68	77.01	60.91	76.34	59.44	65.11	55.43	70.39	58.97	61.67	60.0	63.95	64.54	63.36	68.77	63.9	76.71	70.76	74.73	73.94	85.66	39.62	59.24	41.51	67.3	32.1	62.75	29.18	73.78	24.61	59.49	19.86	63.58
512	17.067	76.51	61.73	77.0	60.94	76.34	59.48	65.07	55.38	70.38	58.95	61.59	59.96	63.96	64.52	63.28	68.79	63.95	76.68	70.77	74.83	73.98	85.65	39.59	59.28	41.55	67.35	32.14	62.83	29.3	73.87	24.65	59.58	20.02	63.7
513	17.1	76.47	61.71	76.96	60.95	76.3	59.49	65.07	55.46	70.37	59.0	61.63	59.97	63.95	64.48	63.3	68.75	63.95	76.59	70.79	74.88	73.98	85.69	39.64	59.24	41.56	67.27	32.18	62.82	29.27	73.82	24.64	59.66	19.93	63.77
514	17.133	76.42	61.79	76.91	61.04	76.27	59.57	65.0	55.53	70.36	59.07	61.61	60.01	63.92	64.5	63.28	68.68	63.96	76.5	70.84	74.89	73.94	85.64	39.59	59.34	41.51	67.37	32.12	62.83	29.17	73.84	24.52	59.75	19.82	63.87
515	17.167	76.39	61.84	76.87	61.08	76.25	59.61	64.93	55.55	70.35	59.08	61.52	60.04	63.9	64.54	63.2	68.74	63.94	76.56	70.82	74.92	73.9	85.76	39.54	59.41	41.51	67.44	32.12	62.94	29.18	73.94	24.53	59.85	19.84	63.97
516	17.2	76.41	61.79	76.89	61.04	76.27	59.56	64.88	55.53	70.38	59.08	61.52	59.98	63.9	64.5	63.22	68.76	64.04	76.6	70.89	74.85	74.04	85.73	39.44	59.35	41.41	67.41	31.98	62.76	28.94	73.81	24.34	59.75	19.56	63.9
517	17.233	76.42	61.78	76.89	61.04	76.27	59.56	64.89	55.56	70.38	59.09	61.55	59.99	63.92	64.46	63.21	68.79	64.09	76.57	70.95	74.77	74.22	85.62	39.53	59.27	41.48	67.31	32.13	62.77	29.09	73.81	24.37	59.71	19.59	63.88
518	17.267	76.43	61.72	76.92	60.99	76.29	59.5	64.89	55.53	70.4	59.06	61.51	59.9	63.91	64.42	63.21	68.7	64.12	76.56	70.99	74.72	74.31	85.7	39.36	59.06	41.33	67.14	31.93	62.52	28.85	73.59	24.3	59.65	19.43	63.81
519	17.3	76.43	61.64	76.93	60.93	76.29	59.44	64.95	55.54	70.39	59.05	61.58	59.93	63.94	64.41	63.31	68.68	64.17	76.54	70.99	74.71	74.22	85.69	39.45	59.05	41.38	67.09	31.99	62.49	28.91	73.52	24.39	59.68	19.51	63.79
520	17.333	76.47	61.69	76.96	60.96	76.32	59.47	64.93	55.49	70.41	59.03	61.56	59.95	63.93	64.46	63.22	68.76	63.99	76.61	70.98	74.92	74.06	85.88	39.45	59.18	41.41	67.24	31.98	62.75	28.92	73.82	24.25	59.81	19.4	64.0
521	17.367	76.42	61.72	76.9	61.0	76.27	59.5	64.91	55.59	70.37	59.1	61.58	60.08	63.88	64.59	63.27	68.78	63.97	76.67	70.92	75.06	74.01	86.05	39.52	59.25	41.41	67.29	32.11	62.81	28.98	73.86	24.36	59.89	19.46	64.02
522	17.4	76.78	62.6	77.14	61.63	76.49	60.02	64.83	54.9	70.18	58.92	61.42	59.62	64.28	65.23	61.67	67.39	63.75	75.98	70.15	73.46	71.94	82.73	39.72	60.16	42.43	68.74	33.98	63.09	31.34	74.78	25.35	61.07	22.43	65.64
523	17.433	76.77	62.59	77.09	61.62	76.5	60.01	64.7	54.88	70.19	58.93	61.3	59.6	64.17	65.24	61.62	67.56	63.63	76.13	70.18	73.65	71.86	82.87	39.5	60.22	42.24	68.81	33.93	63.11	31.25	74.79	25.42	61.0	22.46	65.59
524	17.467	76.7	62.37	77.02	61.37	76.39	59.82	64.62	54.74	70.03	58.85	61.23	59.58	64.14	65.2	61.61	67.53	63.63	75.99	70.1	73.55	71.77	82.83	39.59	60.28	42.35	68.82	33.9	63.11	31.31	74.73	25.43	60.98	22.49	65.63
525	17.5	76.66	62.37	76.97	61.34	76.32	59.84	64.58	54.71	69.94	58.89	61.21	59.61	64.1	65.21	61.64	67.57	63.67	75.97	70.15	73.49	71.82	82.76	39.57	60.34	42.34	68.87	33.87	63.03	31.29	74.65	25.39	60.91	22.45	65.65
526	17.533	76.67	62.34	76.98	61.31	76.31	59.81	64.62	54.66	69.92	58.84	61.26	59.58	64.13	65.17	61.67	67.57	63.66	75.95	70.16	73.51	71.74	82.7	39.71	60.33	42.46	68.84	33.95	62.92	31.38	74.54	25.48	60.87	22.55	65.62
527	17.567	76.65	62.14	76.92	61.1	76.28	59.63	64.47	54.59	69.87	58.8	61.16	59.67	64.06	65.19	61.78	67.76	63.75	76.0	70.26	73.4	71.95	82.58	39.66	60.38	42.41	68.86	33.86	62.84	31.3	74.39	25.6	60.65	22.65	65.4
528	17.6	76.62	62.16	76.88	61.14	76.27	59.64	64.45	54.61	69.89	58.8	61.16	59.61	64.04	65.17	61.67	67.65	63.69	75.98	70.2	73.43	71.82	82.66	39.73	60.36	42.47	68.85	34.05	62.75	31.45	74.32	25.63	60.63	22.72	65.39
529	17.633	76.63	62.12	76.9	61.09	76.27	59.6	64.5	54.59	69.88	58.76	61.21	59.61	64.07	65.15	61.73	67.65	63.72	75.96	70.24	73.56	71.8	82.75	39.77	60.42	42.5	68.9	34.04	62.83	31.44	74.4	25.6	60.71	22.7	65.46
530	17.667	76.6	61.96	76.87	60.92	76.23	59.45	64.44	54.49	69.85	58.68	61.19	59.59	64.03	65.14	61.74	67.69	63.77	76.02	70.23	73.47	71.86	82.71	39.77	60.44	42.48	68.92	33.97	62.79	31.37	74.37	25.59	60.63	22.71	65.4
531	17.7	76.56	61.93	76.83	60.87	76.18	59.42	64.39	54.43	69.76	58.66	61.12	59.58	63.97	65.18	61.66	67.64	63.68	76.0	70.17	73.44	71.72	82.75	39.75	60.38	42.48	68.87	33.99	62.78	31.42	74.37	25.58	60.51	22.73	65.35
532	17.733	76.51	61.89	76.77	60.79	76.07	59.41	64.34	54.35	69.54	58.71	61.08	59.65	63.86	65.27	61.72	67.73	63.64	76.05	70.09	73.31	71.69	82.66	39.75	60.51	42.43	68.99	33.89	62.71	31.3	74.31	25.52	60.38	22.59	65.33
533	17.767	76.52	61.72	76.79	60.57	75.99	59.25	64.45	54.12	69.37	58.6	61.16	59.53	63.85	65.17	61.82	67.64	63.55	75.88	70.0	73.19	71.54	82.57	39.89	60.36	42.5	68.84	33.88	62.7	31.29	74.31	25.6	60.2	22.57	65.28
534	17.8	76.55	61.71	76.82	60.54	76.02	59.24	64.4	54.04	69.36	58.6	61.07	59.42	63.87	65.05	61.68	67.53	63.48	75.65	69.96	73.13	71.3	82.64	39.78	60.1	42.47	68.58	33.78	62.65	31.26	74.26	25.55	60.02	22.51	65.22
535	17.833	76.4	61.13	76.83	60.2	76.01	59.02	65.0	54.71	69.76	58.84	61.49	59.74	63.71	64.29	63.43	68.91	63.9	76.44	70.91	74.89	73.72	86.32	39.61	58.85	41.53	66.87	31.82	62.67	28.96	73.71	24.49	59.18	19.71	63.9
536	17.867	76.53	61.4	76.97	60.49	76.16	59.31	65.07	54.93	69.87	59.09	61.5	59.76	63.7	64.45	63.41	68.8	63.82	76.5	70.86	74.94	73.67	86.39	39.57	58.84	41.48	66.94	31.82	62.51	28.94	73.65	24.5	59.08	19.76	63.79
537	17.9	76.6	61.5	77.03	60.54	76.22	59.39	65.11	54.96	69.88	59.16	61.49	59.93	63.72	64.62	63.42	69.26	63.96	76.92	70.84	74.93	74.11	86.51	39.57	58.85	41.46	66.97	31.86	62.6	29.0	73.74	24.73	58.88	19.94	63.65
538	17.933	76.53	61.7	76.97	60.83	76.27	59.51	65.0	55.26	70.17	59.15	61.52	59.98	63.79	64.63	63.33	69.1	63.9	76.92	70.82	75.12	74.14	86.52	39.48	58.99	41.37	67.12	31.93	62.65	28.94	73.77	24.75	59.11	19.83	63.61
539	17.967	76.22	61.88	76.66	61.08	76.1	59.64	64.67	55.52	70.25	59.12	61.35	59.95	63.7	64.52	63.14	68.92	63.93	76.81	70.74	75.26	74.23	86.49	39.18	59.13	41.11	67.22	31.8	62.62	28.69	73.67	24.51	59.34	19.57	63.56
540	18.0	76.23	61.75	76.64	60.97	76.11	59.53	64.53	55.46	70.26	59.11	61.29	59.88	63.68	64.44	63.17	68.73	63.88	76.59	70.69	75.09	74.02	86.51	39.03	59.06	41.01	67.13	31.59	62.57	28.41	73.59	24.29	59.41	19.27	63.65
541	18.033	76.59	62.2	76.81	61.17	76.28	59.67	64.28	54.48	69.91	58.69	61.05	59.33	63.98	64.95	61.63	67.4	63.49	75.84	70.07	73.45	71.63	82.87	39.55	60.21	42.33	68.74	33.71	62.76	31.03	74.35	25.29	60.45	22.23	65.17
542	18.067	76.48	62.1	76.73	61.04	76.13	59.57	64.29	54.51	69.75	58.71	61.06	59.62	64.0	65.08	61.67	67.6	63.49	75.73	70.06	73.64	71.36	82.9	39.62	60.31	42.41	68.71	33.73	62.99	31.14	74.44	25.36	60.66	22.29	65.37
543	18.1	76.36	62.14	76.68	61.01	75.97	59.57	64.49	54.25	69.58	58.45	61.2	59.33	64.05	64.83	61.75	67.37	63.59	75.62	69.98	73.47	71.48	82.79	39.82	60.15	42.52	68.6	33.71	63.03	31.18	74.56	25.26	60.78	22.23	65.5
544	18.133	76.36	62.09	76.71	60.94	75.93	59.52	64.62	54.13	69.51	58.37	61.32	59.19	64.06	64.74	61.87	67.26	63.65	75.62	70.07	73.43	71.49	82.77	39.87	60.06	42.49	68.55	33.65	62.83	31.06	74.44	25.18	60.66	22.1	65.42
545	18.167	76.36	62.51	76.71	61.43	76.05	59.91	64.53	54.58	69.73	58.66	61.14	59.47	64.06	64.95	61.52	67.36	63.45	75.61	69.92	73.78	71.22	82.98	39.6	60.13	42.38	68.57	33.62	63.04	31.06	74.55	25.19	60.77	22.24	65.36
546	18.2	76.4	62.7	76.75	61.64	76.12	60.09	64.53	54.76	69.82	58.81	61.12	59.61	64.08	65.07	61.43	67.42	63.39	75.64	69.84	73.75	71.11	82.99	39.51	60.17	42.34	68.59	33.64	63.06	31.09	74.54	25.19	60.75	22.28	65.31
547	18.233	76.47	62.93	76.77	61.91	76.29	60.31	64.28	54.89	70.03	58.91	60.87	59.53	64.01	65.04	61.25	67.35	63.39	75.64	69.88	73.69	71.33	82.95	38.96	59.99	41.92	68.48	33.15	62.87	30.54	74.41	24.67	60.53	21.74	64.99
548	18.267	76.47	63.21	76.75	62.27	76.42	60.57	64.24	55.18	70.4	59.0	60.89	59.54	64.09	64.99	61.19	67.43	63.42	75.76	69.93	74.07	71.57	83.04	38.75	59.89	41.75	68.36	33.29	63.01	30.55	74.5	24.69	60.86	21.66	65.1
549	18.3	76.41	63.51	76.74	62.61	76.41	60.84	64.4	55.4	70.49	59.06	60.98	59.48	64.18	64.86	61.23	67.36	63.37	75.72	69.88	74.03	71.47	83.08	38.77	59.77	41.76	68.22	33.27	63.06	30.55	74.48	24.76	61.05	21.7	65.06
550	18.333	76.25	63.84	76.61	62.96	76.34	61.12	64.42	55.54	70.58	59.06	61.01	59.36	64.14	64.79	61.07	67.32	63.23	75.9	69.61	74.15	71.39	83.28	38.67	59.67	41.6	68.16	33.26	63.16	30.39	74.62	24.59	61.23	21.43	65.08
551	18.367	76.33	63.85	76.72	62.98	76.43	61.11	64.6	55.6	70.68	59.1	61.12	59.4	64.22	64.95	61.12	67.25	63.17	76.05	69.68	74.13	71.25	83.15	38.88	59.74	41.81	68.29	33.45	63.35	30.64	74.87	24.92	61.46	21.89	65.25
552	18.4	76.29	63.95	76.66	63.11	76.41	61.25	64.52	55.82	70.71	59.3	61.03	59.56	64.04	64.99	61.02	67.48	63.13	75.89	69.59	74.51	71.28	83.39	38.64	59.87	41.5	68.32	33.56	63.74	30.76	75.11	25.37	61.88	22.53	65.78
553	18.433	76.11	64.56	76.51	63.78	76.32	61.81	64.56	56.33	70.8	59.56	61.04	59.69	64.02	64.99	61.0	67.56	63.1	75.98	69.62	74.81	71.36	83.53	38.66	59.94	41.49	68.31	33.87	64.02	31.01	75.26	25.62	62.49	22.82	66.08
554	18.467	76.21	64.8	76.59	63.99	76.41	62.05	64.48	56.42	70.81	59.78	60.93	59.78	64.0	65.18	60.78	67.64	62.9	76.09	69.6	74.74	71.21	83.57	38.52	59.98	41.47	68.42	33.78	64.06	30.99	75.41	25.37	62.39	22.68	66.19
555	18.5	76.43	64.71	76.84	63.89	76.59	61.94	64.73	56.29	70.88	59.69	61.08	59.69	64.11	65.15	60.89	67.6	63.02	76.15	69.76	74.57	71.5	83.4	38.56	59.88	41.48	68.39	33.78	64.0	30.99	75.45	25.33	62.28	22.61	66.14
556	18.533	76.35	64.85	76.78	64.03	76.52	62.06	64.83	56.38	70.85	59.72	61.14	59.74	64.14	65.18	61.0	67.8	63.16	76.35	69.85	74.84	71.71	83.43	38.64	59.96	41.51	68.46	33.95	64.22	31.13	75.66	25.58	62.56	22.76	66.34
557	18.567	76.34	64.7	76.76	63.85	76.45	61.93	64.81	56.25	70.69	59.69	61.1	59.76	64.04	65.2	60.92	67.81	63.04	76.22	69.75	74.68	71.36	83.33	38.71	59.98	41.56	68.46	33.92	64.09	31.1	75.51	25.69	62.47	22.95	66.37
558	18.6	76.29	64.38	76.7	63.48	76.36	61.64	64.62	55.92	70.53	59.52	61.05	59.68	64.03	65.17	60.94	67.74	63.06	76.13	69.75	74.63	71.4	83.23	38.6	59.97	41.49	68.48	33.57	64.03	30.77	75.55	25.13	62.47	22.29	66.57
559	18.633	76.35	63.89	76.74	62.95	76.32	61.18	64.55	55.59	70.33	59.36	61.05	59.78	63.91	65.35	61.1	67.83	63.26	76.32	69.97	74.26	71.9	83.06	38.65	60.13	41.44	68.71	33.55	63.9	30.67	75.53	25.04	62.43	22.13	66.75
560	18.667	76.17	63.38	76.55	62.27	75.96	60.7	64.32	55.1	69.72	59.17	60.86	59.89	63.7	65.45	61.18	68.12	63.37	76.33	70.07	74.15	71.96	82.96	38.74	60.5	41.52	69.02	33.49	64.03	30.84	75.65	25.03	62.33	22.26	67.09
561	18.7	75.88	62.96	76.25	61.81	75.63	60.31	64.12	54.77	69.45	58.84	60.76	59.77	63.6	65.07	61.2	68.26	63.5	76.04	69.86	74.24	71.92	82.91	38.6	60.5	41.36	68.85	33.09	63.92	30.47	75.34	24.73	62.26	21.89	66.98
562	18.733	75.79	62.67	76.16	61.44	75.47	60.03	64.03	54.38	69.23	58.6	60.79	59.61	63.53	64.93	61.31	68.23	63.53	75.98	69.89	74.09	71.91	82.85	38.67	60.53	41.35	68.9	32.85	63.86	30.17	75.37	24.4	62.11	21.47	67.03
563	18.767	75.74	62.4	76.1	61.13	75.4	59.76	64.02	53.99	69.19	58.27	60.84	59.25	63.55	64.56	61.37	68.11	63.52	75.81	69.95	74.06	72.07	82.87	38.66	60.29	41.31	68.68	32.67	63.75	29.96	75.31	24.21	61.91	21.16	66.94
564	18.8	75.52	62.44	75.85	61.16	75.18	59.83	63.76	54.06	68.99	58.34	60.59	59.18	63.41	64.44	61.23	68.23	63.55	75.8	70.0	74.2	72.15	82.98	38.74	60.41	41.45	68.72	32.92	64.04	30.34	75.48	24.51	62.51	21.62	67.56
565	18.833	75.45	62.68	75.76	61.46	75.14	60.13	63.65	54.41	69.05	58.69	60.57	59.36	63.43	64.62	61.17	68.13	63.43	75.72	69.93	74.42	71.91	83.09	38.74	60.44	41.52	68.7	32.9	64.05	30.29	75.46	24.46	62.67	21.53	67.71
566	18.867	75.42	62.93	75.74	61.7	75.09	60.39	63.7	54.56	68.98	58.92	60.57	59.33	63.37	64.7	61.07	68.02	63.3	75.72	69.88	74.31	71.74	83.17	38.73	60.2	41.48	68.51	33.04	63.89	30.39	75.38	24.6	62.45	21.68	67.66
567	18.9	75.38	63.08	75.71	61.88	75.09	60.56	63.66	54.74	69.03	59.04	60.57	59.32	63.3	64.62	60.92	68.11	63.25	75.7	69.76	74.34	71.75	83.21	38.69	60.16	41.41	68.42	33.1	63.93	30.34	75.35	24.57	62.65	21.56	67.84
568	18.933	75.41	63.34	75.74	62.15	75.14	60.8	63.69	54.84	69.08	59.15	60.59	59.3	63.32	64.69	60.81	67.91	63.15	75.62	69.69	74.41	71.54	83.24	38.7	60.03	41.44	68.34	33.23	63.9	30.41	75.41	24.49	62.65	21.49	67.86
569	18.967	75.29	63.46	75.64	62.31	75.06	60.92	63.72	54.99	69.09	59.17	60.62	59.31	63.3	64.65	60.76	67.97	63.25	75.68	69.68	74.56	71.57	83.31	38.83	60.03	41.53	68.29	33.55	64.09	30.66	75.55	24.74	63.09	21.78	68.19
570	19.0	74.99	63.84	75.35	62.69	74.84	61.26	63.55	55.13	69.05	59.22	60.47	59.16	63.13	64.52	60.42	68.01	63.17	75.81	69.64	74.62	71.76	83.44	38.52	59.89	41.21	68.19	33.68	64.26	30.68	75.77	24.75	63.59	21.82	68.77
571	19.033	74.96	63.03	75.41	62.49	74.78	60.67	62.64	56.39	68.69	59.59	59.22	59.72	62.87	64.64	60.91	66.7	64.09	75.87	69.17	75.51	72.88	86.5	37.37	60.08	40.21	68.69	30.91	63.48	28.01	75.22	21.54	63.33	17.12	66.7
572	19.067	74.91	62.99	75.36	62.43	74.71	60.61	62.59	56.31	68.6	59.57	59.22	59.71	62.82	64.71	60.98	66.72	63.92	76.01	69.17	75.64	72.65	86.47	37.29	60.21	40.14	68.85	30.76	63.47	27.89	75.25	21.3	63.36	16.91	66.71
573	19.1	74.65	64.19	75.04	63.02	74.54	61.56	63.42	55.21	68.86	59.22	60.37	58.98	63.11	64.39	60.46	67.85	62.97	75.95	69.39	74.83	71.5	83.58	38.37	59.78	41.13	68.07	33.45	64.32	30.6	75.8	24.28	63.56	21.32	68.45
574	19.133	74.64	64.14	74.99	63.01	74.59	61.51	63.22	55.27	68.99	59.18	60.12	58.9	63.12	64.31	60.45	67.95	62.98	76.12	69.39	74.77	71.63	83.38	38.3	59.78	41.21	68.04	33.76	64.19	31.17	75.55	24.8	63.26	22.01	67.97
575	19.167	74.61	63.92	74.93	62.75	74.55	61.29	63.18	55.11	68.98	59.07	60.17	59.03	63.1	64.54	60.51	68.06	63.11	76.37	69.49	74.81	71.76	83.41	38.43	60.0	41.31	68.3	33.93	64.25	31.24	75.7	25.01	63.47	22.23	68.28
576	19.2	74.65	63.84	75.0	62.72	74.61	61.2	63.3	55.19	69.09	59.04	60.2	59.14	63.2	64.56	60.51	68.24	63.02	76.38	69.45	75.06	71.45	83.42	38.45	60.02	41.36	68.26	33.9	64.61	31.37	75.93	25.26	63.84	22.64	68.5
577	19.233	74.7	63.64	75.06	62.53	74.65	61.0	63.34	55.09	69.1	58.97	60.21	59.14	63.23	64.57	60.61	68.31	62.96	76.43	69.51	74.99	71.37	83.31	38.43	60.05	41.35	68.31	33.6	64.57	31.11	75.89	25.2	63.74	22.5	68.35
578	19.267	74.83	63.47	75.18	62.37	74.77	60.83	63.44	55.03	69.22	58.9	60.34	59.24	63.25	64.64	60.66	68.48	63.01	76.52	69.57	74.96	71.43	83.17	38.56	60.16	41.39	68.42	33.67	64.73	31.11	76.06	25.41	64.19	22.79	68.84
579	19.3	75.1	62.87	75.51	62.37	75.11	60.41	62.56	56.4	69.34	59.42	59.07	59.87	62.91	65.06	60.9	67.49	63.81	77.12	69.38	75.92	72.62	86.19	36.92	60.46	39.86	69.25	30.78	64.17	27.88	76.06	22.48	64.29	18.03	67.36
580	19.333	75.15	63.12	75.59	62.68	75.2	60.66	62.72	56.73	69.53	59.61	59.2	59.95	63.06	65.02	61.0	67.45	63.91	76.99	69.44	76.04	72.82	86.05	36.88	60.42	39.81	69.17	30.68	64.29	27.78	76.12	22.41	64.46	17.91	67.34
581	19.367	74.63	62.96	75.22	62.58	74.75	60.64	62.81	56.89	69.5	59.57	59.42	59.48	62.94	64.38	62.06	67.47	63.54	77.32	69.82	76.03	73.44	85.53	36.82	59.9	39.38	68.45	30.63	64.43	27.76	76.02	22.9	64.04	17.69	66.77
582	19.4	74.7	63.24	75.3	62.87	74.84	60.9	62.86	57.06	69.61	59.71	59.49	59.55	63.0	64.36	62.01	67.64	63.55	77.36	69.94	75.87	73.55	85.46	36.74	59.93	39.28	68.48	30.49	64.46	27.59	76.08	22.61	64.04	17.4	66.85
583	19.433	74.71	63.34	75.31	62.97	74.84	60.99	62.86	57.16	69.6	59.82	59.48	59.73	62.97	64.49	61.96	67.92	63.55	77.51	70.04	75.89	73.62	85.6	36.69	59.89	39.22	68.44	30.49	64.42	27.58	76.03	22.63	63.93	17.44	66.83
584	19.467	74.8	63.07	75.4	62.71	74.9	60.75	62.86	57.02	69.56	59.73	59.44	59.64	62.99	64.43	62.01	67.78	63.61	77.4	70.05	75.88	73.64	85.62	36.68	59.87	39.27	68.42	30.4	64.34	27.58	75.95	22.48	63.83	17.32	66.71
585	19.5	74.89	62.52	75.48	62.18	74.96	60.19	62.93	56.71	69.58	59.37	59.42	59.58	63.07	64.2	61.87	67.88	63.61	77.2	69.79	75.99	73.48	85.71	36.76	59.89	39.41	68.34	30.31	64.56	27.56	75.99	22.65	64.13	17.44	66.89
586	19.533	74.88	61.94	75.47	61.59	74.9	59.64	62.91	56.29	69.44	59.03	59.4	59.46	63.0	64.02	61.82	67.74	63.41	76.85	69.54	76.08	73.03	85.7	36.73	59.78	39.36	68.16	30.08	64.54	27.35	75.92	22.45	63.9	17.19	66.75
587	19.567	74.39	61.68	74.98	61.26	74.39	59.37	62.66	55.9	69.06	58.63	59.22	59.24	62.93	63.66	61.76	67.85	63.56	76.85	69.57	76.0	73.02	85.7	36.74	59.91	39.43	68.2	29.93	64.68	27.29	75.93	22.47	64.0	17.22	66.82
588	19.6	74.07	61.68	74.65	61.26	74.09	59.37	62.48	55.89	68.94	58.54	59.11	59.16	62.91	63.43	61.64	67.78	63.6	76.6	69.3	76.04	72.85	85.65	36.6	59.81	39.35	67.99	29.79	64.68	27.14	75.79	22.34	63.91	16.99	66.61
589	19.633	73.86	61.66	74.47	61.23	73.9	59.32	62.49	55.84	68.85	58.4	59.11	59.13	62.91	63.34	61.6	67.78	63.57	76.6	69.37	76.15	72.91	85.7	36.62	59.76	39.35	67.92	29.77	64.69	27.12	75.78	22.32	63.84	16.91	66.48
590	19.667	73.8	61.63	74.39	61.19	73.83	59.3	62.36	55.88	68.78	58.47	59.04	59.26	62.8	63.5	61.66	67.88	63.5	76.74	69.41	76.19	72.89	85.67	36.5	59.82	39.21	67.99	29.65	64.63	26.95	75.73	22.2	63.67	16.71	66.3
591	19.7	73.81	61.67	74.39	61.23	73.83	59.35	62.34	55.95	68.77	58.57	59.07	59.32	62.74	63.55	61.69	67.99	63.4	76.79	69.34	76.27	72.8	85.71	36.55	59.85	39.22	67.98	29.8	64.68	27.07	75.74	22.37	63.71	16.87	66.41
592	19.733	73.84	61.76	74.42	61.32	73.88	59.44	62.34	56.03	68.8	58.64	59.07	59.39	62.75	63.65	61.65	68.0	63.43	76.82	69.34	76.29	72.91	85.66	36.52	59.94	39.19	68.1	29.78	64.66	27.02	75.77	22.22	63.59	16.74	66.3
593	19.767	73.86	61.73	74.42	61.3	73.91	59.41	62.25	56.05	68.87	58.69	59.03	59.37	62.75	63.76	61.64	67.88	63.4	76.91	69.27	76.33	72.88	85.74	36.49	59.95	39.18	68.17	29.85	64.57	27.06	75.76	22.27	63.58	16.78	66.3
594	19.8	73.87	61.68	74.44	61.27	73.93	59.36	62.31	56.03	68.92	58.63	59.08	59.3	62.77	63.68	61.64	67.8	63.45	76.85	69.28	76.35	72.95	85.8	36.5	59.93	39.16	68.16	29.83	64.6	27.0	75.79	22.27	63.7	16.76	66.4
595	19.833	73.87	61.72	74.46	61.32	73.96	59.38	62.34	56.06	68.96	58.61	59.05	59.32	62.77	63.61	61.58	67.86	63.42	76.74	69.23	76.32	72.96	85.69	36.38	59.94	39.04	68.13	29.67	64.71	26.85	75.84	22.2	63.83	16.68	66.46
596	19.867	73.84	61.64	74.41	61.22	73.91	59.32	62.27	55.94	68.88	58.56	58.98	59.16	62.72	63.61	61.67	67.64	63.4	76.79	69.22	76.22	72.87	85.57	36.35	59.81	39.03	68.06	29.66	64.5	26.88	75.7	22.2	63.58	16.66	66.19
597	19.9	73.85	61.61	74.41	61.2	73.91	59.29	62.23	55.91	68.82	58.56	59.01	59.19	62.72	63.76	61.76	67.54	63.46	76.96	69.25	76.28	72.96	85.74	36.29	59.58	38.97	67.92	29.6	64.1	26.75	75.43	21.74	63.05	16.11	65.66
598	19.933	73.79	61.6	74.35	61.17	73.87	59.28	62.11	55.84	68.77	58.55	58.9	59.13	62.67	63.82	61.68	67.47	63.37	77.03	69.17	76.31	72.89	85.83	36.13	59.52	38.86	67.91	29.43	64.15	26.59	75.55	21.48	62.95	15.82	65.58
599	19.967	73.75	61.45	74.3	61.05	73.84	59.14	62.13	55.82	68.81	58.46	58.97	59.08	62.69	63.69	61.68	67.49	63.3	76.99	69.12	76.19	72.82	85.69	36.26	59.46	38.95	67.78	29.63	64.01	26.75	75.32	21.67	62.98	15.97	65.54
600	20.0	73.68	61.54	74.22	61.16	73.78	59.26	62.08	55.89	68.81	58.53	58.96	58.93	62.71	63.5	61.62	67.18	63.21	76.62	68.97	76.06	72.62	85.43	36.35	59.35	39.07	67.62	29.67	63.85	26.79	75.11	21.63	62.86	15.92	65.4
601	20.033	73.88	62.1	74.4	61.69	74.03	59.81	62.14	56.07	69.0	58.82	58.91	58.8	62.79	63.82	61.57	66.69	63.22	76.7	69.02	75.71	72.65	85.04	36.47	59.1	39.31	67.59	30.23	63.43	27.48	74.98	22.24	62.67	16.85	65.34
602	20.067	73.87	62.03	74.37	61.66	74.03	59.74	62.03	56.26	69.06	58.91	58.91	58.98	62.73	63.83	61.51	66.9	63.14	76.74	68.98	75.88	72.81	85.16	36.45	59.25	39.24	67.67	30.17	63.55	27.26	75.0	21.93	62.81	16.31	65.4
603	20.1	73.63	62.44	74.16	62.08	73.83	60.14	61.95	56.55	69.08	59.15	58.9	59.04	62.75	63.69	61.4	67.21	63.1	76.71	68.96	76.1	72.9	85.23	36.14	59.16	38.95	67.5	29.76	63.67	26.83	75.04	21.6	62.95	15.91	65.59
604	20.133	73.69	62.54	74.19	62.21	73.92	60.24	61.96	56.76	69.23	59.34	58.98	59.22	62.79	63.93	61.43	67.24	63.03	76.88	68.95	76.06	72.91	85.26	36.09	59.14	38.86	67.54	29.78	63.57	26.74	75.0	21.61	62.66	15.77	65.31
605	20.167	73.69	62.29	74.18	62.03	73.99	59.98	62.01	56.79	69.55	59.24	59.16	59.14	62.96	63.9	61.4	66.74	63.04	76.61	68.81	75.93	72.9	85.31	36.25	59.13	38.99	67.55	29.99	63.63	26.83	75.08	21.61	62.91	15.74	65.42
606	20.2	73.68	62.55	74.17	62.31	74.01	60.24	62.14	56.97	69.73	59.38	59.38	59.06	63.1	63.88	61.41	66.46	62.97	76.55	68.72	75.83	72.74	85.31	36.35	58.98	39.05	67.45	30.18	63.55	26.98	75.09	21.58	62.92	15.69	65.49
607	20.233	73.75	62.61	74.24	62.35	74.09	60.28	62.19	56.94	69.79	59.35	59.43	59.1	63.12	63.91	61.46	66.64	63.02	76.7	68.79	75.96	72.75	85.4	36.43	59.03	39.1	67.5	30.34	63.61	27.09	75.16	21.76	63.0	15.93	65.59
608	20.267	73.79	62.54	74.3	62.31	74.13	60.2	62.27	57.01	69.82	59.35	59.42	59.26	63.14	63.97	61.37	66.79	63.02	76.7	68.81	75.92	72.73	85.4	36.45	59.07	39.11	67.52	30.25	63.54	26.99	75.03	21.73	62.85	15.89	65.36
609	20.3	73.84	62.7	74.38	62.42	74.17	60.33	62.37	56.87	69.73	59.26	59.43	59.18	63.12	63.92	61.32	66.8	63.08	76.67	68.94	75.95	72.81	85.47	36.43	58.98	39.08	67.47	30.28	63.55	27.08	75.13	21.69	62.79	15.99	65.42
610	20.333	73.66	63.08	74.22	62.77	73.96	60.72	62.29	57.06	69.47	59.47	59.24	59.25	62.99	63.97	61.3	66.97	63.07	76.76	68.93	75.88	72.74	85.3	36.42	58.94	39.11	67.37	30.41	63.66	27.4	75.14	22.1	62.86	16.58	65.47
611	20.367	73.76	62.97	74.3	62.64	74.03	60.63	62.17	56.96	69.34	59.45	59.05	59.25	62.83	64.0	61.28	67.02	63.09	76.76	68.91	75.81	72.8	85.26	36.32	59.04	39.02	67.47	30.28	63.55	27.3	75.02	22.12	62.7	16.65	65.33
612	20.4	73.86	62.74	74.39	62.38	74.09	60.42	62.22	56.78	69.26	59.38	59.06	59.27	62.81	64.14	61.37	67.19	63.09	77.01	68.86	76.04	72.69	85.47	36.44	59.02	39.13	67.49	30.44	63.43	27.49	74.94	22.44	62.48	16.94	65.17
613	20.433	73.78	62.74	74.29	62.4	74.03	60.42	62.12	56.87	69.25	59.45	59.08	59.36	62.76	64.38	61.37	66.88	63.08	77.03	68.76	76.03	72.69	85.45	36.45	59.0	39.08	67.57	30.4	62.96	27.29	74.62	22.0	61.85	16.42	64.5
614	20.467	73.77	62.45	74.25	62.15	74.02	60.17	62.09	56.84	69.31	59.4	59.19	59.31	62.75	64.37	61.49	66.53	63.07	76.85	68.74	75.76	72.72	85.39	36.62	58.91	39.15	67.49	30.51	62.61	27.22	74.29	22.04	61.55	16.29	64.15
615	20.5	73.71	62.65	74.18	62.35	73.97	60.39	62.07	56.92	69.31	59.5	59.2	59.26	62.81	64.29	61.38	66.41	63.07	76.68	68.55	75.59	72.47	85.22	36.65	58.73	39.24	67.26	30.62	62.47	27.34	74.12	22.1	61.52	16.39	64.19
616	20.533	73.64	63.01	74.12	62.72	73.96	60.72	62.11	57.09	69.5	59.6	59.36	59.17	62.92	64.1	61.33	66.44	63.01	76.6	68.65	75.64	72.56	85.3	36.67	58.72	39.24	67.23	30.75	62.54	27.43	74.19	22.07	61.65	16.4	64.38
617	20.567	73.48	63.5	73.96	63.19	73.83	61.19	62.18	57.31	69.53	59.74	59.48	59.19	63.02	63.97	61.19	66.48	63.0	76.43	68.32	75.74	72.16	85.33	36.79	58.79	39.36	67.19	30.89	62.74	27.55	74.28	22.05	61.88	16.48	64.59
618	20.6	73.78	64.21	74.15	63.87	74.14	61.83	62.01	57.76	69.65	60.33	59.23	59.94	63.04	64.87	60.09	66.38	63.2	76.11	67.96	75.64	71.56	86.23	36.63	59.44	39.5	67.97	30.83	62.66	27.44	74.37	21.49	62.02	16.75	64.92
619	20.633	73.83	65.76	74.05	65.05	74.4	63.16	62.76	57.24	70.17	60.11	60.19	59.42	63.31	64.23	59.61	67.75	62.49	75.87	68.75	75.76	71.18	84.19	37.81	59.61	40.76	67.54	33.41	64.54	30.06	75.45	24.13	63.34	20.81	66.95
620	20.667	73.83	64.47	74.23	64.13	74.24	62.07	62.13	57.87	69.79	60.38	59.3	59.87	63.09	64.82	60.02	66.06	63.12	75.95	67.78	75.5	71.53	86.45	36.55	59.55	39.4	68.12	30.64	62.67	27.23	74.43	21.34	62.15	16.63	64.97
621	20.7	73.8	64.26	74.2	63.93	74.2	61.85	62.04	57.79	69.68	60.3	59.17	59.95	62.99	64.93	60.01	66.16	63.24	76.07	67.87	75.65	71.77	86.63	36.57	59.61	39.42	68.19	30.66	62.51	27.26	74.25	21.41	61.88	16.78	64.62
622	20.733	73.8	64.42	74.2	64.1	74.21	62.02	62.01	57.91	69.71	60.4	59.11	60.02	62.94	64.96	59.89	66.3	63.11	76.12	67.83	75.58	71.7	86.62	36.58	59.61	39.44	68.17	30.75	62.6	27.38	74.3	21.58	61.89	17.03	64.67
623	20.767	73.78	64.66	74.16	64.33	74.19	62.26	61.83	58.07	69.62	60.63	58.97	60.08	62.82	65.1	59.82	66.24	63.01	76.1	67.83	75.61	71.64	86.64	36.46	59.54	39.35	68.15	30.64	62.44	27.27	74.2	21.38	61.61	16.88	64.46
624	20.8	73.48	64.5	73.98	64.15	73.83	62.18	61.95	57.92	69.25	60.48	59.14	59.59	62.59	64.67	60.99	66.55	62.67	76.81	68.32	75.69	72.2	85.53	36.59	59.21	39.09	67.78	30.83	62.6	27.53	74.35	21.9	61.49	16.66	64.33
625	20.833	73.92	65.85	74.31	65.52	74.36	63.41	61.94	58.85	69.76	61.41	58.98	60.43	62.9	65.52	59.8	66.59	63.0	76.52	68.05	75.69	71.86	86.47	36.23	59.7	39.17	68.4	30.61	62.72	27.34	74.62	21.23	61.9	16.82	64.82
626	20.867	73.75	67.34	73.92	66.62	74.34	64.78	62.53	58.32	70.02	61.37	60.0	60.01	63.03	65.05	59.37	68.31	62.36	76.51	68.82	75.94	71.47	83.99	37.55	59.93	40.47	67.99	33.71	64.53	30.11	75.69	24.25	63.1	20.89	67.09
627	20.9	73.79	67.49	73.93	66.77	74.35	64.99	62.51	58.52	70.01	61.7	60.02	60.04	63.01	65.19	59.37	68.19	62.28	76.5	68.74	75.56	71.24	83.77	37.59	59.78	40.51	67.87	33.77	64.48	30.12	75.69	24.4	63.04	20.96	67.17
628	20.933	74.11	66.89	74.57	66.64	74.59	64.47	62.3	59.81	70.05	62.28	59.26	60.77	63.12	65.86	59.96	66.34	62.99	76.46	68.02	74.95	71.78	86.31	36.12	59.41	39.0	68.18	30.3	62.54	26.98	74.48	21.03	61.82	16.42	64.67
629	20.967	73.98	67.57	74.43	67.29	74.5	65.12	62.26	60.08	70.07	62.58	59.24	60.68	63.18	65.89	59.93	66.2	63.01	76.53	68.06	74.91	71.87	86.4	36.05	59.31	39.0	68.16	30.32	62.64	27.11	74.68	21.11	61.79	16.61	64.69
630	21.0	73.83	67.65	74.26	67.37	74.34	65.22	62.13	60.16	69.96	62.66	59.22	60.68	63.13	65.92	60.09	66.08	63.12	76.54	68.24	74.83	72.13	86.35	36.09	59.36	39.03	68.21	30.4	62.56	27.18	74.6	21.11	61.78	16.61	64.66
631	21.033	73.67	68.04	74.09	67.74	74.19	65.62	61.97	60.39	69.83	62.95	59.1	60.72	63.05	66.01	60.07	66.04	63.2	76.57	68.15	74.77	72.23	86.48	35.98	59.3	38.93	68.16	30.38	62.42	27.16	74.47	21.13	61.64	16.64	64.56
632	21.067	73.48	68.94	73.6	68.21	74.07	66.45	62.34	59.38	69.76	62.65	59.85	60.04	62.72	65.63	59.32	67.84	62.15	76.97	68.58	74.79	71.49	83.47	37.39	59.61	40.23	67.96	34.01	64.18	30.2	75.68	24.72	62.74	21.1	67.0
633	21.1	73.64	68.72	73.78	67.99	74.2	66.23	62.47	59.24	69.79	62.54	59.92	60.02	62.79	65.6	59.41	67.9	62.22	76.9	68.64	74.87	71.45	83.5	37.53	59.52	40.35	67.86	34.08	64.1	30.32	75.59	24.91	62.69	21.33	66.98
634	21.133	74.18	67.86	74.66	67.53	74.59	65.41	62.4	60.11	69.83	62.72	59.23	60.63	63.12	65.77	60.1	66.25	63.28	76.33	68.12	74.85	72.22	86.38	36.12	59.22	39.02	68.05	30.4	62.42	27.21	74.41	21.36	61.64	16.8	64.64
635	21.167	74.39	67.85	74.87	67.53	74.77	65.4	62.45	60.12	69.87	62.76	59.17	60.69	63.11	65.82	60.12	66.5	63.41	76.48	68.21	74.89	72.4	86.36	36.11	59.29	39.03	68.13	30.49	62.43	27.29	74.41	21.55	61.64	16.96	64.66
636	21.2	74.28	67.94	74.81	67.6	74.64	65.47	62.51	60.08	69.66	62.71	59.15	60.56	62.96	65.76	60.24	66.35	63.37	76.48	68.34	74.91	72.51	86.33	36.13	59.19	38.95	68.08	30.46	62.21	27.23	74.23	21.64	61.31	17.01	64.25
637	21.233	74.14	68.06	74.67	67.7	74.49	65.6	62.45	60.11	69.53	62.78	59.13	60.63	62.89	65.86	60.32	66.49	63.37	76.63	68.48	74.93	72.61	86.31	36.07	59.18	38.86	68.08	30.42	62.25	27.23	74.3	21.69	61.28	17.11	64.29
638	21.267	74.06	68.56	74.62	68.21	74.47	66.07	62.51	60.5	69.64	63.11	59.15	60.78	62.95	66.06	60.23	66.53	63.35	76.78	68.46	75.09	72.64	86.34	35.97	59.04	38.8	67.97	30.53	62.09	27.34	74.18	21.85	61.22	17.35	64.18
639	21.3	74.17	68.86	74.72	68.55	74.62	66.36	62.56	60.8	69.84	63.36	59.17	60.87	63.01	66.22	60.23	66.5	63.26	76.91	68.45	74.91	72.51	86.35	35.85	58.92	38.7	67.91	30.46	62.1	27.29	74.23	21.9	61.22	17.39	64.15
640	21.333	74.36	68.8	74.91	68.51	74.82	66.3	62.73	60.77	70.04	63.34	59.3	60.86	63.11	66.26	60.18	66.39	63.22	76.88	68.4	74.77	72.4	86.32	35.97	58.89	38.79	67.94	30.63	62.05	27.38	74.26	22.11	61.19	17.54	64.17
641	21.367	74.2	69.19	74.71	68.91	74.7	66.71	62.44	61.08	69.99	63.68	59.16	61.04	63.03	66.42	60.12	66.33	63.24	76.72	68.33	74.83	72.42	86.26	35.75	59.0	38.65	68.0	30.36	62.14	27.07	74.32	21.67	61.32	17.18	64.29
642	21.4	74.27	68.96	74.78	68.67	74.75	66.48	62.49	60.94	70.01	63.56	59.23	61.05	63.06	66.46	60.2	66.38	63.25	76.84	68.42	74.81	72.49	86.27	35.87	59.01	38.74	68.04	30.47	62.07	27.14	74.28	21.72	61.16	17.16	64.15
643	21.433	73.59	68.07	74.1	67.75	74.05	65.75	62.18	60.24	69.45	62.84	59.25	60.31	62.61	65.45	61.18	66.94	63.07	77.22	68.59	74.9	72.84	85.44	36.08	58.81	38.5	67.55	30.67	62.19	27.25	74.06	22.4	60.74	17.15	63.69
644	21.467	74.2	68.16	74.69	67.87	74.62	65.72	62.34	60.43	69.77	63.04	59.09	60.86	62.93	66.07	60.18	66.27	63.26	76.44	68.26	74.49	72.38	85.99	36.05	59.17	38.92	68.04	30.56	62.15	27.23	74.12	21.79	61.22	17.12	64.12
645	21.5	73.97	68.04	74.44	67.7	74.36	65.6	62.16	60.26	69.54	62.9	58.97	60.78	62.84	65.98	60.23	66.43	63.31	76.56	68.32	74.68	72.42	86.09	35.97	59.12	38.87	67.95	30.48	62.27	27.25	74.18	21.79	61.43	17.21	64.35
646	21.533	73.52	67.2	74.07	66.85	73.89	64.89	62.21	59.63	69.14	62.22	59.21	60.13	62.48	65.13	61.45	67.17	63.17	77.3	68.89	75.02	73.07	85.3	36.24	58.75	38.59	67.4	30.62	62.06	27.26	73.8	22.43	60.57	17.05	63.42
647	21.567	73.33	67.11	73.89	66.75	73.71	64.8	62.14	59.52	68.99	62.1	59.14	60.02	62.42	65.09	61.41	66.99	63.14	77.25	68.75	75.13	72.9	85.34	36.17	58.69	38.52	67.35	30.47	61.96	27.09	73.72	22.35	60.53	16.94	63.28
648	21.6	73.36	67.04	73.93	66.68	73.73	64.73	62.17	59.43	68.98	62.03	59.15	60.0	62.4	65.06	61.41	66.97	63.13	77.2	68.75	75.1	72.9	85.36	36.14	58.64	38.46	67.31	30.4	61.86	27.0	73.64	22.24	60.38	16.84	63.17
649	21.633	73.35	66.96	73.9	66.58	73.73	64.65	62.03	59.31	68.93	61.98	58.99	59.9	62.29	65.07	61.36	66.89	63.09	77.23	68.73	75.0	72.98	85.24	35.96	58.51	38.33	67.24	30.24	61.75	26.89	73.58	22.21	60.21	16.87	63.01
650	21.667	73.35	66.93	73.88	66.57	73.73	64.64	61.97	59.33	68.95	62.0	58.97	59.89	62.3	65.06	61.39	66.84	63.12	77.2	68.76	74.98	73.07	85.36	35.96	58.46	38.35	67.18	30.3	61.78	26.94	73.6	22.25	60.27	16.86	63.1
651	21.7	73.39	66.91	73.93	66.54	73.77	64.62	61.98	59.35	68.95	62.03	58.97	59.97	62.3	65.09	61.49	66.91	63.18	77.21	68.89	74.85	73.19	85.23	35.93	58.49	38.32	67.2	30.26	61.77	26.92	73.56	22.24	60.22	16.86	63.04
652	21.733	73.36	66.73	73.91	66.36	73.74	64.43	62.01	59.18	68.97	61.84	59.03	59.84	62.35	64.93	61.46	66.79	63.13	77.04	69.02	74.78	73.02	85.12	36.01	58.47	38.42	67.15	30.37	61.77	27.05	73.56	22.23	60.24	16.92	63.11
653	21.767	73.36	66.53	73.91	66.13	73.71	64.22	62.04	58.98	68.88	61.7	59.02	59.79	62.31	64.97	61.47	66.79	63.06	77.13	69.1	74.79	72.9	85.15	36.07	58.4	38.45	67.13	30.36	61.77	27.04	73.62	22.28	60.09	16.94	63.03
654	21.8	73.4	66.32	73.96	65.94	73.76	64.0	62.09	58.82	68.96	61.48	59.05	59.68	62.37	64.77	61.38	66.73	63.12	76.94	68.97	74.87	72.9	85.14	36.1	58.43	38.5	67.12	30.33	61.68	26.98	73.47	22.19	60.16	16.87	63.01
655	21.833	73.6	65.77	74.18	65.36	73.89	63.46	62.28	58.39	68.88	61.14	59.14	59.65	62.39	64.71	61.4	66.78	63.15	76.83	68.94	74.8	72.73	85.09	36.24	58.36	38.6	67.04	30.29	61.57	26.97	73.38	22.01	59.9	16.72	62.86
656	21.867	73.48	65.37	74.09	64.92	73.74	63.06	62.25	57.98	68.64	60.77	59.02	59.46	62.26	64.55	61.32	66.66	63.1	76.75	68.91	74.64	72.53	85.01	36.31	58.48	38.67	67.15	30.27	61.65	27.02	73.45	22.03	60.01	16.86	62.95
657	21.9	73.5	65.16	74.11	64.68	73.73	62.85	62.22	57.77	68.54	60.6	58.94	59.44	62.21	64.48	61.27	66.84	63.19	76.74	68.94	74.63	72.63	84.95	36.13	58.29	38.5	66.94	30.11	61.58	26.92	73.37	21.85	59.82	16.76	62.85
658	21.933	73.49	65.05	74.08	64.54	73.68	62.76	62.19	57.65	68.42	60.57	58.91	59.44	62.19	64.45	61.26	66.83	63.19	76.62	68.81	74.49	72.41	84.91	36.27	58.41	38.66	67.02	30.11	61.59	26.94	73.32	21.96	59.84	16.93	62.92
659	21.967	73.41	65.02	73.99	64.48	73.61	62.72	62.07	57.54	68.33	60.49	58.79	59.38	62.09	64.38	61.21	66.89	63.2	76.62	68.89	74.42	72.54	84.85	36.19	58.49	38.61	67.09	30.03	61.6	26.89	73.32	21.95	59.85	16.99	62.94
660	22.0	73.39	64.94	73.97	64.41	73.61	62.65	62.0	57.46	68.35	60.43	58.71	59.28	62.08	64.35	61.13	66.75	63.16	76.58	68.9	74.42	72.61	84.78	36.1	58.37	38.57	67.02	30.02	61.49	26.94	73.26	21.87	59.74	16.99	62.86
661	22.033	73.36	64.91	73.92	64.37	73.56	62.62	61.92	57.45	68.29	60.45	58.67	59.33	62.04	64.38	61.13	66.9	63.2	76.67	68.89	74.59	72.64	84.95	36.07	58.45	38.56	67.08	29.92	61.36	26.82	73.12	21.79	59.64	16.88	62.78
662	22.067	73.39	64.96	73.97	64.44	73.59	62.67	62.04	57.53	68.37	60.47	58.81	59.34	62.17	64.37	61.23	66.93	63.32	76.74	68.88	74.73	72.71	84.97	36.15	58.62	38.61	67.25	29.94	61.66	26.84	73.43	21.67	59.96	16.71	63.04
663	22.1	73.36	64.93	73.94	64.41	73.56	62.63	62.08	57.63	68.4	60.5	58.89	59.48	62.18	64.49	61.4	67.06	63.33	76.93	69.0	74.82	72.86	85.0	36.28	58.71	38.67	67.31	30.13	61.87	27.0	73.59	21.98	60.13	16.94	63.12
664	22.133	73.24	64.87	73.82	64.35	73.44	62.59	61.99	57.61	68.29	60.5	58.81	59.5	62.09	64.52	61.43	67.0	63.37	76.91	69.06	74.7	73.0	84.96	36.23	58.55	38.61	67.15	30.14	61.64	27.0	73.36	22.08	59.94	17.04	62.95
665	22.167	73.21	65.0	73.8	64.49	73.41	62.71	62.06	57.8	68.3	60.62	58.89	59.67	62.11	64.64	61.47	67.12	63.3	77.0	69.08	74.85	72.87	85.0	36.35	58.72	38.69	67.27	30.31	61.94	27.13	73.6	22.24	60.13	17.14	63.08
666	22.2	73.3	65.03	73.88	64.52	73.52	62.74	62.07	57.6	68.4	60.47	58.86	59.29	62.15	64.37	61.36	66.71	63.27	76.7	69.12	74.64	72.83	84.89	36.27	58.5	38.68	67.13	30.22	61.76	27.11	73.53	22.1	60.14	17.14	63.15
667	22.233	73.25	65.29	73.86	64.77	73.49	62.96	62.1	57.71	68.36	60.55	58.85	59.32	62.14	64.38	61.32	66.82	63.3	76.77	69.2	74.75	72.92	84.91	36.2	58.53	38.6	67.18	30.15	61.84	27.04	73.63	21.93	60.08	16.99	63.09
668	22.267	73.24	65.35	73.83	64.81	73.46	63.04	62.11	57.74	68.33	60.62	58.87	59.31	62.18	64.41	61.29	66.72	63.22	76.75	69.05	74.71	72.63	84.93	36.41	58.64	38.84	67.27	30.41	62.08	27.38	73.85	22.14	60.39	17.3	63.41
669	22.3	73.21	65.39	73.81	64.86	73.42	63.1	62.13	57.83	68.3	60.68	58.9	59.34	62.2	64.41	61.4	66.74	63.24	76.75	69.13	74.78	72.73	84.91	36.47	58.68	38.89	67.28	30.43	62.17	27.42	73.89	22.24	60.54	17.29	63.51
670	22.333	73.26	65.53	73.86	65.03	73.49	63.23	62.19	57.96	68.44	60.77	58.97	59.34	62.28	64.41	61.41	66.76	63.24	76.81	69.09	74.95	72.83	84.99	36.41	58.6	38.84	67.22	30.41	62.13	27.38	73.88	22.19	60.57	17.2	63.49
671	22.367	73.26	65.5	73.87	65.01	73.51	63.19	62.22	57.94	68.51	60.73	59.04	59.32	62.32	64.38	61.39	66.69	63.17	76.76	69.07	74.76	72.79	84.84	36.49	58.63	38.9	67.24	30.52	62.12	27.48	73.87	22.2	60.51	17.22	63.47
672	22.4	73.31	65.55	73.9	65.06	73.54	63.26	62.24	58.0	68.54	60.79	59.06	59.33	62.35	64.36	61.38	66.73	63.14	76.71	69.03	74.86	72.75	84.88	36.56	58.62	39.0	67.19	30.68	62.22	27.7	73.93	22.38	60.6	17.43	63.6
673	22.433	73.25	65.6	73.84	65.14	73.51	63.3	62.17	58.01	68.56	60.77	58.98	59.22	62.32	64.19	61.21	66.68	63.14	76.56	69.0	74.78	72.91	84.77	36.42	58.51	38.87	67.07	30.51	61.99	27.46	73.68	22.28	60.38	17.25	63.38
674	22.467	73.25	65.67	73.85	65.2	73.51	63.38	62.2	58.05	68.52	60.83	59.01	59.26	62.29	64.25	61.36	66.69	63.15	76.62	69.14	74.73	73.02	84.78	36.46	58.51	38.86	67.1	30.51	61.9	27.44	73.61	22.38	60.23	17.31	63.22
675	22.5	73.63	66.42	74.2	65.93	73.87	63.97	62.18	58.5	68.68	61.31	58.74	59.72	62.42	64.88	60.14	66.15	63.34	75.94	68.38	74.5	72.46	85.78	36.29	58.91	39.05	67.66	30.41	61.81	27.23	73.62	22.01	60.32	17.5	63.34
676	22.533	73.36	65.65	73.93	65.18	73.63	63.35	62.16	57.91	68.55	60.74	58.92	59.06	62.27	64.12	61.29	66.5	63.15	76.44	69.08	74.32	73.02	84.27	36.27	58.21	38.73	66.86	30.33	61.52	27.29	73.3	22.09	59.77	17.06	62.8
