Frame	Time	Nose_X	Nose_Y	L_Eye_X	L_Eye_Y	R_Eye_X	R_Eye_Y	L_Ear_X	L_Ear_Y	R_Ear_X	R_Ear_Y	L_Shoulder_X	L_Shoulder_Y	R_Shoulder_X	R_Shoulder_Y	L_Elbow_X	L_Elbow_Y	R_Elbow_X	R_Elbow_Y	L_Wrist_X	L_Wrist_Y	R_Wrist_X	R_Wrist_Y	L_Hip_X	L_Hip_Y	R_Hip_X	R_Hip_Y	L_Knee_X	L_Knee_Y	R_Knee_X	R_Knee_Y	L_Ankle_X	L_Ankle_Y	R_Ankle_X	R_Ankle_Y
1	0.033	66.56	53.23	67.94	53.41	68.71	50.98	61.62	44.53	68.78	46.04	57.32	40.87	60.96	50.11	48.23	33.09	51.5	51.83	51.32	33.59	54.43	43.94	33.88	44.94	37.09	55.16	27.14	47.88	26.49	62.88	18.27	49.02	19.39	51.66
2	0.067	66.81	52.8	68.15	53.0	69.06	50.7	62.0	44.92	69.55	46.6	58.08	41.8	61.6	51.3	49.26	34.13	52.26	52.79	52.19	34.11	55.51	42.19	33.82	45.46	36.88	55.91	26.21	47.72	25.9	63.23	17.81	48.17	19.07	51.01
3	0.1	68.36	55.34	69.43	55.15	69.97	53.08	61.58	44.94	68.2	47.66	58.41	40.37	59.81	51.67	51.09	34.14	52.24	56.69	52.04	33.34	58.06	48.29	33.38	44.07	35.1	55.13	26.53	48.07	24.74	63.66	17.0	47.72	17.79	51.1
4	0.133	67.51	57.03	68.82	57.18	69.7	54.61	61.84	47.12	69.36	48.89	57.13	42.15	60.62	52.67	46.66	32.96	50.05	55.06	48.0	33.58	52.39	51.37	33.37	46.16	36.34	57.11	27.0	49.8	25.55	65.43	18.16	50.67	18.86	53.63
5	0.167	67.4	57.86	68.73	58.09	69.54	55.5	61.8	48.04	69.17	49.67	57.17	42.52	60.52	52.78	47.02	32.96	50.0	54.57	48.17	33.8	53.15	50.1	33.25	46.21	36.11	56.98	26.95	49.74	25.62	65.19	17.9	50.94	18.34	53.76
6	0.2	67.86	58.05	69.25	58.34	69.95	55.71	62.16	48.49	69.27	50.07	57.41	43.13	60.53	53.05	47.61	33.52	50.23	53.87	48.75	34.03	53.55	47.2	33.13	46.22	35.83	56.85	26.84	49.67	25.65	65.03	17.85	50.63	18.47	53.37
7	0.233	67.36	57.53	68.78	57.7	69.43	55.17	62.03	48.01	69.04	49.8	57.64	43.23	60.39	53.53	47.71	34.02	49.97	55.46	48.86	34.06	53.93	49.72	32.85	45.84	35.25	56.8	25.91	49.14	24.47	64.94	17.14	49.49	17.4	52.72
8	0.267	68.17	57.18	69.67	57.34	69.96	54.86	62.46	48.16	68.54	50.23	57.94	43.64	59.63	54.1	48.95	35.15	49.75	55.64	50.3	35.71	54.24	47.23	32.82	46.41	34.57	57.5	26.01	49.57	24.35	65.6	17.16	49.6	17.22	53.0
9	0.3	65.6	52.49	67.06	52.98	67.32	50.77	61.56	46.45	67.16	47.87	57.98	43.57	59.1	50.78	49.51	36.21	49.13	51.64	53.35	33.67	50.9	42.71	34.43	46.68	35.4	56.4	26.98	48.65	25.41	63.52	21.0	49.34	19.85	54.03
10	0.333	67.03	56.05	68.39	56.1	68.93	53.95	61.71	47.59	68.31	50.09	57.76	43.82	59.94	54.74	48.86	35.47	50.59	56.73	50.24	36.54	54.58	49.07	32.69	46.46	34.76	57.67	25.61	49.71	23.98	66.01	17.5	49.57	17.33	53.4
11	0.367	67.33	55.9	68.66	55.91	69.18	53.88	62.0	47.53	68.53	50.3	58.17	43.95	60.22	55.09	49.3	35.39	50.91	56.77	50.61	36.76	55.12	49.03	32.88	46.27	34.86	57.62	25.88	49.49	24.36	66.09	17.87	49.2	17.7	53.5
12	0.4	66.48	55.31	67.78	55.34	68.36	53.39	61.51	47.43	68.15	50.12	58.03	44.08	60.09	55.03	49.4	35.56	50.96	56.97	50.8	36.69	55.17	49.62	33.05	46.34	35.05	57.49	25.76	49.28	24.14	65.61	17.97	48.87	17.56	53.01
13	0.433	66.56	56.34	67.83	56.49	68.46	54.28	61.03	48.18	67.89	50.44	57.26	44.48	59.53	54.8	49.0	36.38	50.53	56.91	50.75	36.68	55.11	49.61	32.41	46.97	34.6	57.79	25.48	50.46	23.98	66.1	17.0	50.44	16.87	53.87
14	0.467	64.57	52.93	66.01	52.85	66.43	51.02	60.78	46.05	66.69	48.46	57.72	44.05	59.41	54.77	49.93	36.03	51.13	57.15	51.82	36.87	55.64	47.8	33.05	46.6	34.79	57.48	25.54	49.69	24.34	65.73	17.33	48.91	17.32	52.63
15	0.5	66.83	55.13	68.37	55.23	68.7	52.95	62.01	47.56	67.96	49.73	57.94	44.45	59.43	55.43	49.58	36.08	50.48	57.46	51.35	36.65	55.43	47.58	32.78	46.78	34.37	58.06	26.15	49.9	24.81	66.22	17.82	49.31	18.23	52.77
16	0.533	63.73	52.07	65.04	52.5	65.69	50.39	59.65	46.9	66.26	48.18	56.38	44.86	58.7	52.43	49.85	37.46	51.4	53.68	54.91	34.56	54.06	43.65	33.32	46.47	35.19	56.21	27.5	49.19	26.61	63.81	21.18	48.96	21.13	52.82
17	0.567	65.98	53.84	67.38	54.48	67.91	51.78	60.5	47.5	67.21	48.44	55.9	44.13	58.61	52.1	48.97	36.84	50.12	54.1	54.24	34.63	52.54	45.22	32.92	46.33	35.18	56.42	28.29	48.76	27.4	63.43	21.08	50.0	21.3	53.1
18	0.6	65.56	53.25	66.98	53.85	67.52	51.31	60.5	47.47	67.2	48.55	56.18	44.67	58.83	52.62	49.49	37.7	51.04	54.49	54.72	35.33	53.85	44.53	32.8	46.64	34.97	56.74	27.87	49.07	27.08	63.88	21.13	49.7	21.4	52.98
19	0.633	65.4	56.04	66.87	56.15	67.41	54.09	60.93	48.88	67.53	50.79	57.39	45.85	59.8	56.18	50.26	38.41	52.2	59.03	52.6	38.49	57.45	48.17	32.53	48.24	34.82	58.91	26.02	50.78	25.81	66.35	18.54	50.43	19.74	53.55
20	0.667	64.19	55.05	65.52	55.49	66.16	53.36	59.89	49.17	66.51	50.76	56.15	46.41	58.86	54.27	48.4	38.89	51.27	54.21	52.93	36.52	53.47	43.2	33.09	46.6	35.23	56.46	28.44	48.93	27.65	63.88	22.1	47.85	22.47	52.32
21	0.7	66.07	58.62	67.42	58.7	68.05	56.79	61.05	50.74	68.03	53.33	57.63	47.18	60.31	58.0	50.3	38.98	52.1	59.35	52.6	39.22	57.05	47.83	31.67	48.03	34.19	59.06	25.38	50.27	25.36	66.61	17.77	49.32	18.87	53.61
22	0.733	67.09	60.57	68.54	60.81	68.92	58.36	61.22	51.66	67.57	53.48	56.83	46.89	59.34	57.01	49.47	39.37	51.08	58.95	51.05	39.01	55.38	47.82	31.83	48.39	34.31	58.99	26.38	51.21	26.18	66.47	17.86	51.01	19.34	53.85
23	0.767	67.11	60.68	68.49	60.79	68.91	58.54	61.16	51.51	67.63	53.84	56.92	46.77	59.47	57.48	49.89	39.6	51.54	59.93	51.73	39.97	56.28	49.79	31.3	47.71	33.76	58.7	26.09	51.15	25.98	66.97	18.16	50.6	19.48	54.21
24	0.8	66.38	59.93	67.78	59.97	68.34	57.85	60.98	50.99	67.7	53.43	57.0	46.37	59.56	57.54	49.65	38.81	51.72	60.23	52.32	39.98	57.3	51.05	31.22	47.3	33.62	58.56	26.05	50.43	25.94	66.74	18.45	49.7	19.88	53.81
25	0.833	66.08	60.53	67.53	60.75	68.06	58.34	60.52	51.77	67.27	53.6	56.32	46.87	58.71	57.2	49.08	38.68	50.43	59.15	51.35	39.18	55.97	50.41	30.74	47.71	33.03	58.43	25.65	50.67	25.3	66.01	18.08	50.14	19.57	53.31
26	0.867	66.31	61.21	67.81	61.43	68.27	58.97	60.82	52.16	67.42	53.96	56.41	46.84	58.99	57.38	48.86	38.67	50.71	59.8	50.89	39.62	56.09	51.7	30.99	47.73	33.41	58.56	26.37	50.98	26.04	66.41	18.37	50.74	19.74	53.8
27	0.9	67.09	62.31	68.64	62.54	68.99	59.91	61.31	52.64	67.73	54.53	56.47	46.88	59.04	57.89	47.78	38.3	49.92	60.29	48.96	38.59	55.01	51.25	31.25	47.14	33.7	58.23	27.19	51.4	27.0	67.1	18.35	50.71	20.24	53.89
28	0.933	65.89	61.32	67.26	61.5	67.8	59.13	60.17	52.4	67.04	54.79	55.63	47.77	57.93	58.43	44.94	39.84	48.57	59.85	45.63	39.42	55.18	49.46	31.15	45.74	33.4	56.39	28.56	50.2	28.35	65.65	20.02	47.29	23.09	51.96
29	0.967	66.58	62.11	68.02	62.23	68.35	60.02	60.99	53.19	67.22	55.71	57.04	48.68	58.8	58.97	49.66	41.31	50.5	60.51	52.04	41.05	55.81	50.65	30.31	47.51	32.37	58.34	25.64	51.78	25.24	67.53	17.22	50.21	18.75	54.63
30	1.0	65.95	62.45	67.57	62.56	68.0	60.25	61.37	53.27	67.77	55.4	57.35	48.64	59.68	59.36	49.46	40.33	50.57	61.0	51.64	41.53	55.43	51.24	30.19	49.42	32.54	60.52	24.06	53.55	23.81	69.81	15.66	53.02	16.87	56.65
31	1.033	66.65	62.64	68.34	62.76	68.68	60.3	61.88	53.39	68.12	55.34	57.44	48.83	60.09	59.59	49.75	40.91	51.59	61.64	52.21	41.77	56.34	51.3	30.55	49.48	33.03	60.71	24.79	53.82	24.46	70.15	16.32	53.54	17.3	56.86
32	1.067	67.29	62.98	68.88	63.08	69.27	60.71	61.84	53.68	68.3	55.91	57.3	48.82	59.77	60.0	49.8	40.4	51.47	61.82	52.23	41.52	56.92	52.58	30.77	49.16	33.06	60.65	25.31	52.28	24.85	68.82	17.76	51.72	18.82	55.45
33	1.1	67.08	61.93	68.59	61.99	69.05	59.86	61.88	53.22	68.39	55.82	57.7	49.09	59.98	60.14	50.31	41.31	52.23	61.7	53.24	41.84	58.17	51.33	30.92	48.74	33.06	60.21	25.28	51.54	24.85	68.28	18.48	50.21	19.61	54.7
34	1.133	67.79	62.92	69.38	62.94	69.72	60.65	62.14	53.5	68.58	56.08	57.57	49.13	59.94	60.3	50.23	41.64	52.46	62.33	53.33	42.25	58.89	52.6	30.19	49.07	32.36	60.82	24.45	51.35	23.68	68.32	17.54	50.39	18.37	54.72
35	1.167	67.48	63.27	69.2	63.33	69.42	60.69	61.94	53.28	68.04	55.17	57.04	48.48	59.42	59.33	49.37	41.14	51.38	62.17	52.19	42.06	57.07	53.14	30.31	50.2	32.56	61.69	24.55	53.38	23.72	69.77	16.1	53.46	17.18	56.6
36	1.2	67.24	61.64	68.95	61.62	69.18	59.24	62.34	52.1	68.2	54.45	57.69	47.67	59.72	59.15	49.62	39.95	51.11	61.35	52.48	41.23	56.16	51.07	31.15	48.21	33.21	59.94	26.17	50.19	25.8	67.22	18.26	48.98	20.17	53.26
37	1.233	67.6	61.52	69.16	61.62	69.45	59.52	62.71	53.11	68.57	55.77	58.63	49.33	60.28	60.01	50.65	41.24	51.54	60.48	53.15	41.27	56.16	48.54	31.77	48.56	33.53	59.87	25.62	51.14	24.98	67.94	18.05	49.22	19.04	54.02
38	1.267	66.51	61.01	68.12	61.13	68.52	59.04	62.09	52.81	68.26	55.23	58.07	48.9	60.17	59.7	50.25	40.01	51.4	60.08	52.96	40.61	56.23	48.93	31.55	48.78	33.65	59.98	25.11	50.92	24.67	67.5	18.15	49.65	19.16	53.92
39	1.3	67.14	61.4	68.8	61.51	69.17	59.32	62.58	53.04	68.76	55.38	58.27	49.13	60.58	60.09	50.24	40.37	52.03	60.81	52.9	41.23	56.78	49.78	31.86	49.34	34.08	60.69	25.82	51.64	25.25	68.35	18.74	50.97	19.62	55.04
40	1.333	25.92	2.77	26.56	0.75	26.09	4.3	19.34	1.23	21.27	1.03	12.68	1.8	17.66	3.44	8.6	17.28	22.58	13.43	11.3	45.99	36.63	26.79	0.42	10.9	3.44	14.28	12.09	13.9	13.21	19.35	3.88	41.04	4.77	44.18
41	1.367	66.61	61.51	67.96	61.27	68.02	59.04	60.85	50.92	65.82	53.24	57.24	45.96	57.99	57.98	51.4	39.97	51.55	64.4	52.35	39.88	56.76	55.95	32.5	48.93	33.87	60.15	27.17	53.91	25.5	69.43	17.97	53.9	18.93	56.6
42	1.4	67.3	61.66	68.71	61.36	68.71	59.23	61.66	50.92	66.6	53.59	58.0	46.03	58.8	58.49	51.71	40.13	52.37	64.99	52.5	39.95	58.01	55.93	32.43	48.22	33.78	59.86	26.95	52.86	25.38	69.1	18.17	52.17	19.1	55.56
43	1.433	66.23	58.86	67.68	58.76	68.29	56.8	61.64	50.7	68.37	53.38	57.81	47.82	60.41	59.23	50.21	39.7	52.06	61.16	52.91	40.38	56.33	50.39	31.52	48.17	33.96	59.6	26.3	51.42	26.45	68.25	19.25	50.12	21.12	54.75
44	1.467	65.93	59.18	67.44	59.17	68.18	57.11	61.68	51.09	68.69	53.47	57.66	47.71	60.75	59.2	49.83	38.8	52.01	60.77	52.58	40.14	55.95	50.25	31.56	48.0	34.32	59.36	26.71	51.65	27.02	68.38	19.66	50.84	21.4	54.97
45	1.5	66.4	59.6	67.84	59.46	68.38	57.59	61.54	51.12	68.11	54.05	57.6	47.79	60.18	59.45	50.3	39.76	52.09	61.38	53.04	41.11	56.18	51.36	31.32	48.21	33.76	59.77	26.1	50.61	26.0	67.6	19.46	49.51	20.99	54.29
46	1.533	66.78	60.09	68.16	60.0	68.66	58.12	61.51	51.83	68.1	54.7	57.59	48.43	60.24	59.94	50.76	40.25	52.56	61.8	53.35	41.58	57.02	52.11	31.77	49.15	34.17	60.64	26.24	51.75	25.86	68.52	19.54	51.09	20.31	55.56
47	1.567	66.85	60.52	68.33	60.53	68.86	58.41	61.73	51.9	68.33	54.33	57.42	48.04	60.15	59.25	50.0	39.87	51.83	61.04	52.45	41.18	55.84	51.23	31.62	49.24	34.14	60.53	26.04	52.01	25.84	68.45	19.33	51.78	20.65	55.64
48	1.6	66.83	60.86	68.46	60.94	68.97	58.6	62.09	52.07	68.7	54.1	57.49	48.03	60.44	58.96	49.53	40.08	51.83	61.04	52.45	41.24	55.9	51.41	31.36	49.12	34.06	60.34	26.04	52.42	25.91	68.77	18.87	52.49	20.41	56.06
49	1.633	66.12	59.57	67.6	59.57	68.31	57.66	61.85	51.71	68.97	54.31	58.29	48.5	61.51	59.87	50.74	39.87	52.93	61.33	53.32	41.34	57.05	50.06	31.45	48.47	34.37	59.84	25.54	52.45	25.84	69.4	17.8	51.47	18.78	55.76
50	1.667	64.75	57.75	66.34	57.71	67.1	55.76	61.46	50.39	68.53	52.56	58.14	47.87	61.2	59.02	50.26	39.74	52.57	61.54	53.39	41.41	57.07	50.76	31.68	49.14	34.48	60.35	25.16	53.61	25.61	70.37	17.03	52.99	18.54	56.84
51	1.7	64.48	57.91	66.16	57.91	66.94	55.86	61.57	50.58	68.56	52.5	58.09	47.92	61.08	59.06	50.12	39.45	52.38	61.46	53.4	41.4	56.95	50.88	31.53	49.43	34.27	60.62	24.94	53.62	25.35	70.33	17.08	53.15	18.73	56.63
52	1.733	64.3	57.77	65.9	57.64	66.76	55.81	61.43	50.31	68.55	52.62	58.23	47.94	61.39	59.51	50.28	39.3	52.92	61.81	53.54	41.42	57.48	50.73	31.55	49.41	34.39	60.83	24.88	53.65	25.37	70.84	16.94	52.8	18.48	56.82
53	1.767	63.93	57.75	65.56	57.58	66.38	55.84	61.38	50.27	68.26	52.67	58.33	47.84	61.23	59.79	50.34	38.49	52.36	61.79	53.3	40.98	56.69	50.43	31.89	49.21	34.62	60.71	25.27	53.52	25.77	70.89	17.22	52.42	18.76	56.53
54	1.8	65.67	60.58	67.33	60.53	68.09	58.33	61.87	51.73	69.09	53.91	58.0	47.83	61.28	60.01	49.19	38.09	51.48	62.32	52.08	40.6	55.98	52.64	31.21	49.29	34.11	61.16	24.98	53.45	25.12	71.0	16.22	52.95	17.55	56.82
55	1.833	65.17	58.69	66.82	58.6	67.69	56.65	62.23	50.92	69.21	53.24	58.76	48.4	61.26	60.44	49.53	38.35	50.76	61.64	52.16	40.51	55.1	49.78	31.96	49.64	34.35	61.35	25.14	53.47	25.37	71.2	16.84	52.07	18.5	56.42
56	1.867	64.73	61.06	66.06	60.96	66.89	59.13	60.39	52.54	67.53	55.22	57.36	48.77	59.46	60.61	49.22	38.72	49.19	62.02	51.36	41.19	54.1	53.99	31.25	49.55	33.38	60.95	24.91	54.03	24.6	70.97	16.9	52.99	17.74	57.67
57	1.9	62.46	58.12	63.83	57.95	64.41	56.44	59.06	51.09	65.5	53.74	56.79	49.25	58.76	59.72	49.6	40.35	50.2	61.42	52.37	41.38	55.27	53.41	30.95	51.01	33.07	61.51	23.43	55.53	22.94	71.36	15.12	55.3	15.42	59.77
58	1.933	63.13	59.68	64.29	59.42	64.97	58.09	58.86	51.91	65.71	55.29	56.8	49.66	58.81	60.54	49.69	41.4	50.3	62.27	52.16	42.31	55.36	54.1	30.2	50.55	32.36	61.34	23.09	55.8	22.6	72.12	14.88	54.95	15.01	60.49
59	1.967	63.67	60.85	65.12	61.09	65.8	59.01	59.54	52.99	66.35	55.19	55.56	49.1	58.41	59.11	47.01	39.58	49.5	59.28	51.84	40.34	53.76	50.73	30.54	50.11	32.95	61.09	26.29	55.27	25.77	71.89	18.75	54.55	19.2	59.93
60	2.0	62.75	60.57	64.09	60.77	64.92	58.7	58.23	52.8	65.61	55.01	54.29	49.09	57.93	59.57	46.08	39.38	49.57	60.12	50.59	40.9	54.16	51.89	30.01	50.05	32.91	61.12	25.73	55.48	25.48	72.04	18.37	54.99	18.94	59.85
61	2.033	62.95	60.96	64.17	61.32	65.11	59.03	57.64	53.65	65.29	55.5	53.4	49.92	57.25	59.48	46.38	40.51	50.09	59.68	51.79	41.39	54.76	52.33	29.44	49.01	32.41	59.59	26.66	54.07	26.0	69.64	19.74	53.37	20.05	57.63
62	2.067	62.65	59.88	63.7	59.94	64.82	58.3	57.28	52.29	65.48	55.4	53.97	49.16	58.18	59.9	48.27	40.34	51.47	60.39	54.0	42.96	56.6	52.72	27.99	47.89	31.31	59.31	23.54	51.47	23.83	68.56	17.31	49.56	17.76	55.26
63	2.1	64.91	63.91	66.08	63.73	66.52	61.88	58.24	53.44	65.07	57.0	54.89	48.58	57.36	60.53	49.05	40.79	49.87	63.1	51.05	43.41	55.6	57.33	27.38	48.3	29.88	59.92	21.88	53.2	21.18	69.86	13.5	52.77	13.91	57.63
64	2.133	65.26	63.56	66.37	63.39	66.84	61.53	58.31	53.19	65.28	56.67	55.03	48.54	57.78	59.89	49.8	42.06	51.18	62.88	52.87	44.48	56.7	56.53	27.89	48.11	30.67	59.46	22.55	52.89	21.85	69.19	13.8	52.27	14.18	56.98
65	2.167	64.48	63.58	65.56	63.98	66.38	61.44	56.49	53.58	63.87	55.74	51.44	46.97	55.85	59.46	48.51	36.08	50.93	63.96	55.12	37.73	56.49	60.35	25.07	46.31	28.95	58.63	21.12	51.67	21.03	68.4	13.19	51.77	13.11	55.18
66	2.2	65.52	64.72	66.74	64.64	67.24	62.57	58.39	54.1	65.35	57.51	54.56	48.52	56.73	60.93	49.13	39.18	48.81	62.47	51.48	43.06	55.47	59.28	27.09	46.86	29.42	58.81	22.3	50.4	21.53	67.11	14.98	49.42	15.75	54.1
67	2.233	64.83	63.17	66.15	63.59	67.03	61.07	58.59	54.96	66.36	57.02	53.77	50.54	56.93	60.62	46.56	39.53	49.12	58.77	52.75	40.94	56.77	51.53	28.03	47.27	30.66	58.55	26.12	50.39	25.6	66.91	19.11	48.32	20.38	53.53
68	2.267	64.84	64.76	66.05	64.67	66.8	62.61	58.57	54.2	65.98	57.41	55.07	48.6	57.79	61.22	49.16	39.44	49.74	63.42	51.88	43.33	56.07	58.47	27.47	47.4	30.13	59.44	23.08	51.68	22.57	68.81	14.9	50.64	15.64	55.3
69	2.3	65.84	65.49	67.04	65.35	67.4	63.23	58.61	54.6	65.21	57.9	54.78	49.07	56.97	61.3	49.07	40.14	49.47	63.42	50.66	43.07	56.07	59.28	27.86	48.42	30.14	60.28	23.34	52.47	22.37	69.08	14.26	51.55	14.74	56.01
70	2.333	65.9	65.8	66.91	65.63	67.46	63.69	58.33	54.82	65.46	58.44	54.84	49.18	57.18	61.47	49.23	40.07	49.58	63.37	50.79	43.14	56.38	60.32	27.9	48.68	30.25	60.54	23.42	53.32	22.46	70.02	14.4	52.44	14.64	57.48
71	2.367	65.67	67.42	66.81	67.43	67.68	64.92	57.92	55.98	65.98	59.12	52.73	49.51	56.34	62.46	44.17	38.5	46.51	66.25	45.54	40.4	49.3	71.03	26.57	48.87	29.25	61.67	23.61	51.59	21.28	68.95	17.98	51.47	16.66	56.86
72	2.4	64.9	65.66	65.89	65.46	66.67	63.08	56.54	54.6	64.66	57.73	52.06	49.93	55.93	61.74	47.56	42.22	49.78	66.29	53.12	46.55	55.47	69.61	25.76	49.94	28.78	62.36	23.36	52.99	21.43	70.15	16.03	53.03	14.98	58.39
73	2.433	64.92	69.85	66.17	69.79	66.84	67.58	57.21	59.01	64.85	62.58	52.4	53.5	56.19	65.8	47.85	44.21	50.4	66.11	52.57	48.51	56.96	61.25	24.03	50.82	27.05	63.53	21.94	51.13	20.8	69.13	15.83	49.87	15.52	55.5
74	2.467	62.53	71.02	63.79	71.53	64.66	68.79	56.41	61.28	62.91	62.52	50.89	54.28	54.89	65.51	47.07	42.49	49.83	69.14	54.16	43.88	54.4	67.64	24.84	51.77	28.46	63.25	22.07	54.54	21.54	70.16	16.13	55.44	16.17	58.42
75	2.5	63.97	72.29	64.71	72.14	65.96	70.01	54.69	60.44	63.56	64.58	49.74	54.4	53.59	67.91	44.09	46.01	45.68	71.22	47.74	50.92	51.56	76.06	23.43	52.57	26.64	65.58	22.21	53.42	20.51	71.14	16.8	52.25	16.73	58.58
76	2.533	63.26	71.92	64.14	71.87	65.4	69.85	55.86	60.97	64.49	64.71	51.41	55.07	55.15	67.99	43.84	44.74	46.07	70.79	46.73	47.42	51.64	75.82	24.68	52.52	27.71	65.16	22.44	54.51	21.06	72.05	16.76	52.77	16.54	59.41
77	2.567	64.59	72.32	64.99	72.13	66.34	70.48	55.55	60.8	64.12	65.4	51.66	54.62	54.32	67.74	45.25	44.22	46.53	69.29	48.9	47.38	54.78	73.95	26.8	50.38	29.01	63.19	27.11	49.01	24.17	66.95	21.04	45.23	19.29	53.67
78	2.6	67.31	72.44	67.86	71.84	68.74	70.45	58.32	58.7	65.92	64.63	55.23	51.66	56.83	68.32	48.07	40.01	46.88	71.29	46.92	44.89	53.35	74.19	28.29	48.04	30.03	62.44	24.26	48.51	22.13	68.37	17.19	44.22	16.64	52.47
79	2.633	65.68	71.65	66.24	71.22	67.41	70.05	58.08	60.14	65.8	66.24	54.09	53.41	55.64	70.33	43.24	38.21	41.7	70.73	43.26	41.4	47.28	74.76	29.42	49.23	30.72	64.01	30.03	46.27	27.24	67.51	23.6	40.33	22.2	51.93
80	2.667	65.77	72.02	66.24	71.8	67.39	70.42	57.72	61.26	65.35	66.59	54.03	55.19	55.3	69.39	45.82	41.29	43.45	67.92	48.6	45.67	50.17	72.82	28.88	49.83	30.2	63.34	30.22	44.83	27.55	64.42	23.06	39.41	22.02	50.31
81	2.7	66.6	71.97	66.93	71.58	68.11	70.39	57.83	60.94	65.61	67.04	54.07	55.0	55.47	70.87	45.15	39.93	43.68	69.75	46.76	43.15	50.46	74.31	29.54	48.95	30.84	63.42	30.75	42.49	27.53	63.22	24.17	36.43	22.37	48.12
82	2.733	67.84	66.9	68.22	66.08	69.03	65.12	58.9	55.45	65.94	62.24	55.24	50.95	56.62	68.46	47.02	38.07	46.62	70.33	48.26	42.86	53.34	73.48	31.09	46.66	32.34	62.23	30.41	40.84	27.7	63.09	23.8	34.81	22.43	46.62
83	2.767	67.86	70.47	68.11	69.82	69.35	68.68	58.28	57.09	66.64	63.72	54.39	50.42	57.61	67.87	44.52	38.93	48.87	71.91	43.54	42.13	54.89	74.65	30.24	46.36	32.65	61.81	28.24	43.48	25.44	65.04	22.36	37.65	20.49	47.96
84	2.8	67.67	67.88	67.99	67.03	69.02	66.23	58.86	55.99	66.63	63.18	55.1	50.78	57.27	68.92	45.3	39.01	47.39	72.32	46.06	42.87	55.16	75.53	31.23	46.8	32.85	62.77	30.41	43.39	27.93	66.18	24.67	37.02	23.5	49.47
85	2.833	67.85	69.11	68.19	68.71	69.28	67.23	58.06	56.14	66.02	61.55	54.16	48.89	56.97	65.57	47.11	38.27	48.96	70.98	45.68	41.95	55.15	73.69	29.5	46.19	32.03	60.2	25.6	46.48	22.35	65.28	19.13	42.43	16.98	49.13
86	2.867	68.51	69.95	68.94	69.54	70.0	67.91	59.33	56.8	66.72	62.0	55.31	48.27	55.96	65.93	46.44	36.27	45.09	71.64	41.82	39.11	52.83	76.36	31.9	45.98	32.85	60.28	30.55	46.62	25.95	65.54	22.57	41.05	20.63	47.83
87	2.9	68.19	69.06	68.48	68.5	69.77	67.08	58.81	55.26	66.73	61.1	55.04	47.24	56.2	65.58	46.41	35.48	45.52	71.12	42.88	38.61	52.2	74.74	30.93	43.56	32.43	58.3	28.85	44.04	24.68	63.77	22.15	38.48	20.78	46.1
88	2.933	67.89	66.24	68.16	65.5	69.44	64.39	58.61	52.8	66.96	59.12	55.1	46.15	57.6	63.77	45.54	34.8	47.63	67.9	41.55	39.28	53.44	71.63	30.84	43.82	33.01	58.44	27.76	43.02	24.98	63.06	21.57	38.18	20.67	46.52
89	2.967	67.92	64.55	68.12	63.95	69.28	62.48	57.86	50.79	65.59	56.13	53.52	43.11	55.78	60.01	45.41	31.8	46.97	65.04	41.78	35.22	53.26	69.23	30.54	42.22	32.7	55.8	29.17	43.96	26.38	61.87	22.85	40.2	22.43	46.86
90	3.0	68.77	64.71	68.94	63.98	69.97	62.69	58.79	50.22	66.06	56.01	54.88	42.39	56.16	59.68	47.14	30.96	47.53	65.39	43.26	33.56	54.67	70.03	30.75	41.83	32.26	55.86	29.26	44.08	26.11	62.7	22.46	39.84	21.87	47.37
91	3.033	68.15	64.49	68.43	63.8	69.41	62.4	59.17	50.98	65.95	56.19	55.76	44.74	56.44	60.66	47.86	34.34	48.28	65.9	43.18	36.02	54.8	69.5	32.12	42.03	33.11	55.19	29.72	42.57	26.17	60.01	24.35	37.72	23.7	44.35
92	3.067	67.6	64.28	68.2	63.74	69.11	62.33	60.62	51.65	67.08	56.51	57.36	44.86	58.48	61.26	48.81	32.53	50.19	66.06	44.3	34.6	56.82	67.99	32.91	41.52	34.02	55.05	29.44	41.36	26.43	59.59	24.65	36.82	23.61	43.2
93	3.1	66.7	61.6	67.46	61.04	68.15	59.78	60.51	49.79	66.56	54.45	57.32	43.63	58.96	59.39	49.31	31.11	52.31	63.85	47.17	33.06	60.45	64.4	32.4	41.74	33.75	55.12	28.1	41.5	25.69	59.91	22.72	37.87	21.65	44.54
94	3.133	64.48	55.11	64.73	54.51	65.8	53.88	57.36	46.4	65.31	52.14	55.41	44.58	58.46	57.26	49.74	37.94	53.01	61.26	53.69	41.03	59.53	60.8	31.05	42.78	33.32	55.64	28.19	40.32	26.38	59.35	22.43	34.94	21.12	44.81
95	3.167	64.78	57.65	64.96	56.95	66.42	56.42	57.11	47.73	66.43	54.12	54.98	45.16	59.61	58.66	49.82	38.24	53.74	61.94	56.51	44.5	60.72	62.76	28.81	42.71	32.25	56.34	26.27	40.63	25.32	61.05	20.2	35.78	19.38	46.83
96	3.2	65.44	59.46	65.93	59.05	67.02	57.89	57.55	48.6	65.64	53.41	54.6	43.5	58.46	57.31	50.75	35.34	54.15	60.84	56.51	41.14	63.15	60.08	27.61	42.73	30.76	55.78	22.14	44.2	20.92	62.92	16.0	41.88	14.61	49.46
97	3.233	65.69	60.28	66.24	59.9	67.29	58.56	58.04	48.86	65.51	53.42	54.27	42.83	57.58	57.26	48.88	33.8	53.2	61.64	52.25	38.09	62.3	60.67	27.04	41.97	29.63	55.39	21.83	42.63	20.2	61.64	16.81	39.98	15.47	47.29
98	3.267	64.62	59.78	65.07	59.81	66.1	57.85	54.73	49.21	63.37	53.09	51.73	43.43	55.64	56.38	50.09	33.7	52.59	61.32	53.0	36.87	60.63	64.39	24.85	41.88	27.82	54.6	18.53	44.22	16.59	61.11	12.81	43.17	10.3	47.9
99	3.3	64.25	59.46	64.79	59.48	65.84	57.58	55.15	48.85	63.38	52.56	52.06	42.64	55.93	56.42	49.54	30.15	52.42	60.87	51.9	32.82	60.18	63.21	25.73	42.01	28.72	55.03	19.36	44.1	17.79	61.43	12.84	43.35	10.94	47.88
100	3.333	63.41	56.72	64.05	56.79	65.16	54.87	55.08	47.13	63.11	50.48	51.33	41.78	55.55	54.63	49.13	32.29	53.11	60.25	53.72	35.51	60.5	61.09	24.77	40.97	28.05	53.62	18.84	42.12	17.47	59.13	13.84	41.41	12.11	45.76
101	3.367	62.32	55.75	63.19	55.69	63.77	53.73	54.91	46.55	61.65	49.5	51.31	42.2	54.93	53.94	50.35	35.01	53.0	60.24	56.52	40.14	60.38	61.99	25.3	42.38	28.17	54.41	19.17	44.56	17.95	60.88	13.26	44.21	11.62	48.21
102	3.4	61.9	55.87	62.69	55.75	63.14	53.94	54.19	46.79	60.99	50.01	51.24	42.67	54.87	54.55	51.0	35.53	52.68	60.87	57.07	41.23	59.86	62.21	25.62	43.53	28.63	55.46	19.09	46.87	18.1	63.18	11.43	46.54	9.62	50.63
103	3.433	62.63	57.42	63.26	57.22	63.99	55.56	54.67	47.09	61.67	50.84	51.53	41.79	55.19	55.15	49.6	31.51	52.61	60.62	53.76	34.6	59.6	61.43	26.14	42.32	29.13	54.99	20.18	44.94	19.21	62.09	13.5	43.95	12.42	48.9
104	3.467	61.86	57.31	62.66	57.15	63.29	55.47	54.91	48.35	61.78	51.62	52.29	44.59	55.36	56.72	49.27	33.01	51.63	60.9	52.29	34.92	58.4	63.26	26.3	44.23	28.79	56.12	19.09	46.03	17.88	62.3	12.99	45.12	11.68	49.9
105	3.5	62.55	59.55	63.07	59.33	63.9	57.74	54.18	49.1	61.86	53.05	51.71	43.78	55.27	56.97	49.42	32.39	51.88	61.39	52.99	35.44	59.36	63.79	25.49	43.92	28.44	56.49	19.17	46.56	18.04	63.71	11.79	45.61	10.42	51.13
106	3.533	63.38	60.3	63.76	60.06	64.57	58.52	53.72	49.59	61.9	53.94	51.31	44.12	54.99	57.23	49.95	34.37	51.68	62.08	53.84	37.71	59.21	64.41	24.95	44.37	28.07	56.93	18.57	47.63	17.16	64.71	10.73	46.59	8.82	52.26
107	3.567	62.13	59.8	62.62	59.64	63.46	58.15	53.98	50.04	61.88	54.03	51.94	44.82	55.32	57.65	49.27	33.92	51.06	62.52	52.44	35.9	58.37	65.32	25.66	44.6	28.52	56.84	18.94	47.77	17.67	64.53	11.66	46.45	9.66	52.18
108	3.6	62.17	58.52	62.87	58.43	63.82	56.75	53.85	49.6	62.66	53.42	51.09	46.18	55.59	57.8	47.5	35.81	50.51	60.37	51.83	38.13	56.56	60.73	24.29	45.09	27.87	57.1	18.63	45.61	17.3	62.46	12.27	44.32	10.44	50.11
109	3.633	61.86	57.78	63.0	57.34	63.3	55.99	56.79	49.02	62.75	52.64	54.69	46.54	55.96	58.43	48.74	37.59	50.07	62.55	49.6	37.69	57.54	59.89	27.33	46.62	28.51	58.39	18.77	47.36	17.22	64.2	12.53	45.21	11.92	50.87
110	3.667	61.61	53.4	62.75	53.32	63.28	51.65	55.14	47.1	62.4	50.28	51.64	47.18	55.99	57.97	47.16	35.34	51.63	56.28	51.53	36.68	56.46	48.73	25.0	47.31	28.34	58.86	18.04	47.28	17.32	64.35	11.45	45.98	11.01	51.22
111	3.7	61.46	55.29	62.64	55.25	63.06	53.49	54.67	48.08	61.75	51.22	51.02	46.35	55.25	57.92	47.2	33.97	51.02	57.51	51.31	35.79	56.49	51.58	24.98	46.92	28.27	58.77	18.75	47.17	18.0	64.18	11.94	46.46	11.41	51.19
112	3.733	61.92	56.16	62.78	55.67	63.02	55.09	56.38	47.88	61.91	53.5	53.66	45.56	55.77	58.65	47.18	34.23	48.46	56.67	49.01	36.08	53.08	47.97	28.5	46.5	30.47	58.77	23.73	44.82	22.86	63.5	17.09	41.72	17.14	50.48
113	3.767	61.29	55.04	62.18	54.48	62.58	54.03	56.66	47.33	62.37	52.92	54.26	45.77	56.55	58.86	47.09	34.64	49.26	57.01	49.23	36.13	53.6	47.34	29.04	45.28	31.09	57.55	23.96	42.79	23.47	61.68	17.97	38.63	18.4	47.74
114	3.8	62.29	59.5	63.23	59.27	63.7	58.3	57.07	50.7	62.91	55.62	54.12	46.82	55.59	59.24	46.68	34.79	46.37	56.74	47.68	36.36	50.64	48.49	27.8	46.88	29.41	58.81	23.46	46.02	22.03	64.2	16.28	43.01	16.12	51.08
115	3.833	63.11	65.16	63.78	65.19	64.81	63.2	54.44	52.48	62.36	56.43	51.07	43.42	54.04	59.27	46.46	26.48	44.4	63.07	47.44	27.97	47.23	67.75	24.11	44.51	27.25	57.91	19.72	47.02	18.4	64.77	12.0	46.9	11.16	52.14
116	3.867	62.25	63.34	63.33	63.34	63.85	62.02	57.61	53.74	63.31	57.76	54.29	47.07	55.15	58.91	46.37	33.76	43.58	56.33	46.97	35.72	45.46	52.34	28.6	46.89	29.91	58.25	25.78	48.18	24.02	65.31	18.02	45.85	17.96	53.13
117	3.9	63.09	63.95	64.28	64.18	64.4	62.72	58.42	55.38	62.98	58.98	54.82	49.05	55.02	59.02	47.51	36.39	44.64	54.19	48.06	38.09	46.54	47.84	29.53	47.03	30.47	57.29	27.17	47.65	25.39	63.39	19.31	44.94	19.43	51.56
118	3.933	62.7	64.45	63.72	64.44	64.18	63.16	57.55	54.6	63.1	58.78	53.98	47.44	54.98	59.29	46.45	34.72	43.69	56.45	47.31	37.69	45.46	52.39	28.87	47.1	30.35	58.41	26.13	48.76	24.6	65.83	18.7	46.95	18.61	54.25
119	3.967	60.57	62.56	61.59	62.89	62.47	60.89	54.62	54.2	60.97	56.25	50.92	48.52	53.74	60.27	47.49	29.37	46.16	57.82	52.6	29.02	48.56	55.19	27.03	46.42	29.92	57.44	24.01	48.22	21.96	63.5	17.23	48.33	14.95	52.35
120	4.0	62.17	63.7	63.08	63.68	63.87	62.27	55.93	53.79	62.88	57.5	52.6	47.13	55.08	58.68	46.45	34.25	44.95	55.55	47.94	38.15	46.53	49.88	28.03	46.41	30.47	57.5	23.99	46.18	23.05	62.68	18.14	44.89	17.87	50.77
121	4.033	62.15	63.38	63.56	63.72	63.8	61.48	55.73	54.21	61.39	56.35	51.42	47.24	53.59	58.07	47.19	32.98	45.42	55.42	51.15	36.84	48.52	51.05	28.2	46.27	30.27	57.15	25.17	46.72	23.21	62.05	18.36	47.93	16.95	51.44
122	4.067	63.11	63.93	64.02	63.81	64.63	62.59	56.71	53.75	63.3	58.11	53.32	47.13	56.22	59.5	47.24	34.22	47.31	56.06	49.83	38.53	50.5	49.28	29.35	46.12	31.99	57.89	25.93	45.57	25.24	63.19	19.32	43.96	18.95	51.06
123	4.1	63.15	63.76	64.16	63.8	64.65	62.41	57.0	54.47	63.21	58.28	53.24	48.15	56.27	60.0	47.49	35.53	48.1	56.24	50.15	38.82	51.42	46.77	30.23	47.52	32.86	58.97	26.93	47.36	26.46	64.48	20.23	45.85	19.99	52.0
124	4.133	63.37	63.66	64.25	63.53	64.65	62.41	56.91	54.08	62.93	58.46	53.51	48.03	56.24	60.14	47.57	35.92	48.25	56.96	49.94	39.16	51.7	48.17	30.88	47.98	33.33	59.56	26.98	47.72	26.19	65.13	20.03	46.12	19.44	53.03
125	4.167	64.39	64.09	65.27	64.02	65.79	62.85	57.72	54.22	64.06	58.8	54.0	47.72	56.72	60.63	47.19	35.18	47.71	57.56	48.73	38.49	51.25	48.34	30.96	47.04	33.4	59.09	27.92	46.48	27.35	64.48	21.65	44.17	21.37	51.49
126	4.2	64.45	63.63	65.31	63.61	65.78	62.27	57.29	54.03	63.7	58.3	53.39	47.74	56.3	60.1	47.19	36.22	47.72	57.36	49.55	39.99	50.83	48.57	31.11	48.19	33.66	59.91	28.4	48.7	27.55	66.12	21.4	47.3	20.83	53.99
127	4.233	64.36	63.7	65.33	63.83	65.64	62.33	57.47	54.73	63.34	58.54	53.29	48.8	56.01	59.91	47.74	38.29	48.58	56.85	51.15	41.4	52.45	48.03	30.77	47.97	33.18	59.09	29.09	49.07	28.25	65.6	22.08	47.43	21.53	53.84
128	4.267	62.01	63.26	63.08	63.6	63.61	61.58	55.86	55.69	61.11	57.43	51.9	51.09	53.71	60.72	48.45	35.46	47.98	56.21	52.61	35.31	53.1	49.61	29.84	48.87	31.89	58.58	27.58	49.99	25.6	63.68	20.61	49.58	19.56	53.03
129	4.3	62.12	63.14	63.2	63.45	63.72	61.45	56.13	55.62	61.28	57.48	52.11	51.16	53.86	60.85	48.66	37.12	48.42	57.1	53.04	37.73	53.72	50.05	30.15	48.18	32.1	58.04	27.75	48.16	25.72	62.1	21.57	47.48	20.53	51.11
130	4.333	63.33	63.47	63.88	63.18	64.32	62.64	56.67	54.09	62.5	59.69	53.79	48.59	56.68	61.52	47.96	37.02	49.31	59.2	50.32	39.29	52.96	51.21	32.32	45.71	34.92	57.59	29.77	45.66	29.09	63.52	23.5	43.04	22.28	51.86
131	4.367	61.1	62.5	61.23	61.83	61.72	62.39	55.45	53.94	60.38	61.32	53.98	49.49	55.04	63.59	47.23	36.81	47.92	59.77	49.25	38.25	53.1	51.03	33.84	44.56	35.19	56.74	31.53	42.36	30.76	61.38	26.43	35.32	26.82	47.59
132	4.4	64.08	64.58	64.78	64.61	65.53	63.11	58.2	55.72	63.64	58.84	55.67	51.17	54.8	60.96	50.62	41.44	47.41	58.73	53.13	43.22	54.55	49.52	31.95	43.3	32.48	52.91	30.43	44.29	27.48	58.69	24.82	39.99	24.67	46.02
133	4.433	63.66	65.03	64.55	65.35	65.45	63.63	58.9	56.76	64.19	59.24	56.08	51.29	54.7	60.97	49.65	40.01	46.78	58.27	51.65	40.41	54.47	48.43	32.47	41.67	32.53	51.23	31.36	41.74	27.88	55.99	26.99	36.84	26.67	42.48
134	4.467	64.02	64.96	64.76	65.12	65.6	63.53	58.42	56.3	63.74	59.17	55.62	51.13	54.69	61.21	50.19	40.74	47.53	59.18	52.27	41.44	54.45	49.05	32.39	42.43	32.76	52.22	31.16	41.85	27.79	56.34	26.24	37.29	25.66	42.98
135	4.5	62.69	61.31	62.73	60.32	63.19	60.91	56.4	52.51	61.32	60.44	55.12	50.07	55.49	64.72	48.04	36.62	47.6	59.98	50.51	38.37	53.91	50.58	34.11	43.86	35.07	56.65	32.39	40.25	31.28	60.38	26.36	31.74	26.78	45.45
136	4.533	64.67	65.55	65.48	65.57	66.12	64.02	59.09	56.2	63.81	59.44	56.11	50.8	54.86	61.72	50.18	41.33	48.13	61.3	51.29	41.66	54.48	50.9	32.5	41.9	32.57	52.25	30.42	41.29	26.59	56.44	25.89	36.42	24.9	42.25
137	4.567	64.66	65.52	65.44	65.63	66.13	64.09	59.24	56.5	63.81	59.6	56.22	50.82	54.55	61.7	49.72	40.33	47.81	61.02	49.39	39.24	54.12	50.54	33.76	41.36	33.41	51.48	31.97	39.99	27.63	54.56	28.77	34.78	27.58	40.21
138	4.6	64.75	64.92	65.5	65.1	66.18	63.53	59.47	56.51	63.91	59.35	56.48	51.37	54.6	61.15	48.63	40.81	47.74	59.69	47.44	37.72	53.99	49.12	34.83	41.74	34.26	51.15	32.97	40.4	28.17	54.0	29.53	34.7	28.13	40.04
139	4.633	64.67	65.24	65.4	65.5	66.14	63.82	59.0	56.69	63.75	59.35	56.1	51.28	53.95	60.57	48.17	40.17	46.56	58.4	47.31	37.42	53.32	49.15	34.51	41.6	33.8	50.74	32.78	39.35	27.47	52.55	29.11	33.88	27.62	39.16
140	4.667	65.01	65.52	65.79	65.7	66.43	64.05	59.37	56.71	63.82	59.56	56.29	51.58	54.07	61.05	48.58	41.11	46.79	59.01	48.18	38.88	53.37	49.49	34.38	41.85	33.7	51.18	32.59	40.06	27.4	53.57	29.02	34.56	27.65	40.03
141	4.7	64.55	65.44	64.77	65.21	65.28	64.94	57.74	56.59	62.5	63.06	55.48	51.88	54.7	65.21	47.72	38.83	46.9	60.71	45.74	39.22	51.94	52.67	35.08	45.45	35.35	57.39	33.33	41.95	30.94	59.73	29.96	35.07	30.35	45.25
142	4.733	64.57	65.27	65.37	65.35	66.04	63.8	59.26	56.47	63.7	59.44	56.3	51.52	54.17	61.66	49.58	41.2	47.1	60.05	49.48	40.26	53.92	50.09	34.28	41.85	33.67	51.46	32.77	40.09	28.16	54.01	30.2	34.86	29.22	40.34
143	4.767	64.11	64.96	64.93	64.86	65.56	63.46	59.03	56.0	63.36	59.17	56.15	51.38	54.22	62.41	49.67	39.97	46.94	60.76	49.14	40.46	53.45	51.35	34.3	42.94	33.81	52.89	32.42	41.07	28.38	55.47	30.01	36.42	29.51	41.89
144	4.8	64.03	64.82	64.9	64.79	65.59	63.26	58.85	56.08	63.57	58.95	56.03	51.47	54.07	62.06	50.34	39.79	46.26	60.04	50.69	41.66	53.55	52.22	33.33	43.49	32.89	53.25	31.6	41.51	27.83	55.64	29.44	37.75	29.15	42.97
145	4.833	63.84	64.41	64.71	64.4	65.33	62.82	58.52	55.67	63.12	58.44	55.52	50.75	53.79	61.34	49.52	39.19	46.65	60.21	48.94	39.27	53.49	52.01	33.24	43.21	32.86	52.91	31.23	40.82	27.33	54.65	28.91	36.94	28.59	41.71
146	4.867	63.75	64.31	64.61	64.33	65.24	62.77	58.72	55.73	63.21	58.47	55.8	50.87	54.01	61.53	49.34	38.75	46.53	59.82	48.13	38.04	53.19	49.89	33.94	42.89	33.52	52.51	32.19	41.13	28.55	54.93	29.69	36.7	29.66	41.51
147	4.9	63.78	64.31	64.57	64.33	65.22	62.87	58.64	55.88	63.15	58.73	55.85	50.82	54.1	61.65	48.93	38.69	46.88	60.27	46.9	37.53	53.43	50.24	34.98	42.94	34.47	52.57	32.91	40.75	28.93	54.49	30.32	35.83	29.84	40.54
148	4.933	63.78	64.38	64.52	64.43	65.32	62.92	58.16	55.45	63.17	58.45	55.24	49.61	53.56	61.07	48.25	35.94	45.45	59.42	46.15	35.54	52.34	51.46	33.7	42.21	33.28	52.18	31.8	39.63	27.69	53.7	29.65	35.27	29.05	40.23
149	4.967	63.72	64.73	64.45	64.72	65.23	63.17	57.72	55.38	62.69	58.42	54.52	49.41	52.57	61.33	47.69	35.25	44.1	60.09	45.52	35.32	51.45	53.64	33.17	42.6	32.62	52.79	31.66	39.76	27.39	53.9	29.96	35.59	29.52	40.5
150	5.0	63.83	65.85	64.51	65.83	65.32	64.35	58.13	56.07	62.9	59.26	55.25	49.81	52.75	61.95	47.96	34.85	43.44	60.75	45.11	33.99	49.86	54.57	33.79	42.32	32.9	52.59	32.06	39.32	27.46	53.61	30.51	34.77	29.89	40.0
151	5.033	64.18	62.56	64.38	61.55	64.89	61.69	57.21	53.14	62.17	60.72	54.68	49.81	54.52	67.44	46.3	33.54	44.89	64.41	44.55	35.65	50.37	56.51	35.04	43.75	35.52	57.98	32.51	40.33	30.64	61.49	29.47	32.67	29.51	44.61
152	5.067	63.89	65.41	64.54	65.18	65.38	63.74	57.39	55.03	62.7	58.75	54.27	49.23	52.3	62.51	47.82	33.38	41.7	60.98	46.36	34.43	47.79	57.12	32.58	43.04	32.31	53.85	32.16	40.37	28.17	55.27	30.3	36.73	30.26	42.68
153	5.1	63.78	65.15	64.36	64.87	65.2	63.57	57.34	54.98	62.67	58.89	54.52	49.4	52.81	62.59	48.1	34.65	43.07	61.19	46.54	37.05	49.72	56.73	33.07	43.32	32.87	54.11	32.35	40.43	28.43	55.52	29.63	36.7	29.38	42.8
154	5.133	63.95	65.09	64.47	64.86	65.36	63.68	57.88	55.42	63.23	59.25	55.6	50.08	53.58	62.66	48.96	34.83	43.81	60.95	47.07	35.86	50.23	56.44	33.91	43.43	33.42	53.93	32.39	41.03	28.28	55.89	29.76	36.97	28.99	43.27
155	5.167	64.06	65.17	64.63	65.01	65.51	63.74	58.09	55.65	63.36	59.24	55.71	50.19	53.77	62.38	49.39	35.86	44.66	60.66	48.21	37.66	51.42	55.37	34.04	43.48	33.62	53.87	32.38	41.08	28.36	55.89	29.54	37.11	28.85	43.09
156	5.2	63.77	65.08	64.36	64.86	65.15	63.68	58.06	55.72	63.07	59.33	55.67	50.65	53.82	62.53	49.4	36.78	44.94	60.47	48.47	39.16	51.67	55.18	34.22	44.17	33.86	54.33	32.51	41.93	28.81	56.55	29.7	38.15	29.26	44.21
157	5.233	63.66	63.99	64.35	63.86	65.07	62.61	58.04	55.31	62.9	58.75	55.63	50.53	53.24	62.16	49.93	37.26	45.04	60.58	49.2	38.5	52.48	54.1	33.67	43.34	32.89	53.55	31.35	40.63	27.14	55.23	29.59	36.75	28.82	42.61
158	5.267	64.07	65.49	64.62	65.35	65.49	64.03	57.72	55.82	62.85	59.37	55.23	50.24	52.78	62.21	50.15	37.23	44.87	61.15	49.68	38.84	52.2	55.42	33.29	42.81	32.57	53.25	31.54	39.95	26.99	54.69	29.82	35.94	29.03	41.7
159	5.3	63.99	65.98	64.53	65.81	65.38	64.43	57.59	56.04	62.66	59.46	55.0	50.93	52.7	62.03	50.04	39.3	44.76	60.43	50.33	42.07	51.74	55.35	33.19	43.59	32.69	53.49	31.76	41.43	27.41	55.54	29.86	37.66	29.47	43.29
160	5.333	64.02	64.79	64.5	64.45	65.08	63.94	57.3	56.34	62.7	62.18	54.45	51.62	55.19	66.32	49.15	38.34	47.11	63.74	50.43	43.16	50.72	57.41	34.25	45.75	35.51	58.44	31.91	43.2	30.25	61.75	29.61	38.06	28.87	46.83
161	5.367	64.36	65.29	64.95	65.09	65.49	64.39	57.71	56.97	63.08	62.37	54.47	51.87	55.15	65.86	48.77	38.71	46.83	62.98	50.54	43.53	50.91	57.6	34.16	46.2	35.3	58.6	31.85	43.32	30.19	61.45	29.94	38.67	29.28	47.22
162	5.4	63.61	66.31	64.32	66.23	65.1	64.84	56.95	57.19	62.34	60.72	53.62	51.56	52.82	63.53	48.61	38.4	44.56	60.87	49.58	44.06	50.84	59.21	32.52	45.24	32.74	55.84	30.68	43.27	27.37	58.09	29.19	40.39	28.0	45.8
163	5.433	63.68	66.1	64.46	66.09	65.21	64.64	57.28	57.29	62.72	60.66	53.87	51.89	53.5	63.37	48.73	39.44	45.23	60.6	50.53	45.22	51.58	58.57	32.65	45.55	33.27	55.9	31.08	44.58	28.46	59.18	28.88	41.84	28.2	47.26
164	5.467	63.73	66.28	64.58	66.31	65.3	64.81	57.66	57.44	62.96	60.66	54.1	51.91	53.68	63.11	48.49	39.84	45.29	60.39	50.28	45.57	51.76	58.5	32.6	45.72	33.15	55.97	30.95	44.9	28.36	59.42	28.99	42.17	28.37	47.61
165	5.5	63.72	66.39	64.6	66.43	65.32	64.96	58.06	57.57	63.21	60.74	54.6	51.94	54.04	62.99	48.56	39.59	45.5	59.8	50.25	45.24	51.87	57.36	33.05	45.72	33.48	55.88	31.28	44.87	28.64	59.44	29.22	41.99	28.51	47.57
166	5.533	63.55	65.56	64.38	65.58	65.06	64.09	57.67	57.09	62.83	60.1	54.25	51.95	53.94	62.58	48.67	40.28	45.86	59.85	50.61	44.92	51.9	56.82	33.48	46.2	34.1	56.05	32.0	45.78	29.6	59.81	29.46	42.93	29.0	48.18
167	5.567	63.78	65.66	64.55	65.61	65.32	64.27	57.9	56.94	63.19	60.34	54.68	51.77	54.2	63.12	48.81	39.33	45.74	60.12	50.21	44.36	51.9	56.71	33.62	45.61	34.09	55.88	32.03	44.68	29.37	59.42	29.87	41.58	29.09	47.38
168	5.6	63.88	65.56	64.7	65.53	65.4	64.18	58.09	56.88	63.17	60.33	54.78	51.64	54.21	63.2	48.78	39.16	45.92	60.34	49.8	44.14	52.23	56.48	33.66	45.01	34.05	55.42	31.94	44.11	29.13	59.03	29.78	40.78	28.77	46.53
169	5.633	63.74	65.72	64.53	65.67	65.32	64.22	57.51	56.59	63.07	59.95	53.96	50.84	53.92	62.87	48.4	37.7	45.0	61.24	50.08	42.88	51.12	60.63	32.74	45.17	33.57	55.79	31.62	44.63	29.31	59.46	29.41	41.97	28.75	47.56
170	5.667	63.97	65.9	64.79	65.89	65.58	64.45	57.93	56.91	63.37	60.28	54.42	51.1	54.15	63.12	48.58	37.74	45.45	60.72	49.84	42.79	52.03	57.97	32.92	44.76	33.54	55.45	31.3	44.35	28.87	59.48	29.13	41.27	28.45	46.9
171	5.7	63.75	65.68	64.53	65.61	65.29	64.3	57.73	56.83	63.1	60.33	54.4	51.15	54.24	63.33	48.84	37.86	46.15	61.05	49.73	42.77	52.66	57.77	33.35	45.04	33.96	55.76	31.53	44.05	28.98	59.22	29.51	40.94	28.48	46.52
172	5.733	63.71	65.24	64.65	65.26	65.28	63.8	58.32	56.87	63.27	59.89	54.76	51.7	54.41	62.74	48.61	39.06	46.67	59.71	49.4	42.98	53.5	55.06	33.4	46.03	33.83	56.2	31.45	44.82	29.03	59.36	29.5	41.96	28.96	47.2
173	5.767	63.23	64.94	64.31	64.96	64.88	63.39	58.64	57.11	63.27	59.69	54.85	52.58	54.75	63.28	47.76	40.1	47.39	60.0	47.76	43.78	54.05	53.9	34.12	46.92	34.6	56.85	32.07	45.92	29.78	60.2	29.95	42.88	29.71	47.49
174	5.8	63.14	65.38	64.09	65.35	64.66	63.97	58.41	57.39	62.92	60.29	55.26	52.56	54.34	63.27	48.96	40.19	46.8	60.02	49.06	43.68	53.27	54.18	34.34	46.78	34.35	56.69	32.02	45.66	29.34	59.98	29.99	42.3	29.3	47.44
175	5.833	63.65	65.74	64.41	65.57	65.02	64.2	58.53	57.0	62.92	59.89	55.8	52.47	53.94	63.26	50.01	40.61	46.24	61.57	48.67	43.0	52.83	55.29	35.13	46.41	34.73	55.81	32.68	45.11	29.47	58.48	30.94	41.85	31.18	46.35
176	5.867	63.24	65.7	64.04	65.59	64.6	64.17	58.37	57.19	62.54	59.87	55.7	52.54	53.64	63.1	49.95	40.56	45.9	61.43	48.42	42.17	52.33	54.52	35.32	46.56	34.8	55.74	32.75	45.32	29.65	58.33	31.05	42.12	31.53	46.31
177	5.9	63.25	66.03	64.0	65.9	64.63	64.53	58.26	57.26	62.66	60.14	55.6	52.38	53.75	63.33	49.35	39.96	45.7	61.81	47.51	41.89	52.53	55.88	35.06	45.92	34.65	55.31	32.91	44.9	29.76	58.2	30.89	41.27	31.16	45.85
178	5.933	63.02	66.12	63.73	65.95	64.35	64.61	57.92	57.17	62.27	60.06	55.36	52.2	53.52	63.1	49.96	40.32	45.85	61.87	48.78	42.87	52.65	56.33	35.06	46.44	34.7	55.79	32.96	44.98	29.99	58.18	30.82	41.67	31.35	46.13
179	5.967	63.06	66.02	63.83	65.92	64.44	64.52	58.25	57.58	62.58	60.21	55.64	52.88	53.82	63.18	49.76	40.93	46.13	61.31	48.39	42.66	52.93	54.86	35.27	46.82	34.86	55.84	33.06	45.59	30.14	58.44	30.97	42.25	31.5	46.57
180	6.0	63.22	66.1	64.03	65.96	64.58	64.52	58.3	57.4	62.47	60.06	55.5	52.55	53.7	63.33	49.81	40.48	46.13	61.79	48.47	42.86	52.7	55.59	35.3	46.83	34.9	56.14	33.07	45.42	30.03	58.56	30.94	42.23	31.35	46.35
181	6.033	63.35	65.86	64.14	65.71	64.77	64.26	58.22	57.07	62.67	59.84	55.39	52.18	53.86	63.32	50.01	40.21	46.3	61.85	48.98	42.86	52.79	55.26	34.98	47.06	34.81	56.56	32.68	46.07	30.0	59.42	30.57	43.11	31.39	47.16
182	6.067	63.55	65.11	64.32	65.13	64.99	63.38	58.16	57.11	62.28	59.19	54.82	52.75	53.64	63.14	50.41	40.42	47.68	62.03	49.19	40.9	52.77	54.76	35.17	48.61	35.08	57.86	33.13	46.05	30.28	58.64	31.22	42.85	31.64	45.81
183	6.1	63.69	65.34	64.71	65.27	65.16	63.79	59.66	57.22	63.43	59.81	56.81	52.92	55.16	63.62	50.33	41.68	47.58	61.77	49.15	43.23	53.16	52.35	36.2	46.57	35.91	55.95	33.2	46.12	30.52	59.62	30.49	42.45	31.05	46.54
184	6.133	63.91	65.39	64.88	65.29	65.32	63.79	59.51	57.04	63.28	59.7	56.58	52.83	54.87	63.34	50.02	42.17	47.68	61.76	48.57	43.11	52.88	52.49	36.01	46.26	35.64	55.56	33.08	45.47	29.95	58.78	30.59	41.73	30.95	45.8
185	6.167	63.78	65.12	64.74	65.03	65.18	63.56	59.54	57.11	63.25	59.66	56.85	53.22	55.04	63.32	50.52	42.92	47.89	61.59	49.65	43.81	52.69	52.17	36.62	47.1	36.23	56.19	33.24	46.05	30.1	59.15	30.36	42.42	30.64	46.39
186	6.2	63.68	64.95	64.6	64.85	65.11	63.47	59.49	56.96	63.38	59.65	56.98	52.95	55.04	63.29	50.46	41.45	47.5	61.08	49.35	42.6	52.73	52.5	36.59	46.92	36.1	56.13	33.12	45.37	29.9	58.7	30.52	41.76	30.74	46.07
187	6.233	63.68	64.94	64.69	64.84	65.14	63.42	59.94	57.17	63.41	59.74	57.35	53.29	55.12	63.95	50.33	41.99	47.61	62.15	48.63	42.58	52.44	51.81	37.6	46.82	36.88	56.16	34.15	45.33	30.69	58.82	31.4	41.26	31.49	45.27
188	6.267	63.83	65.36	64.89	65.27	65.41	63.86	60.52	57.45	64.1	60.03	57.85	53.29	55.68	64.23	50.16	41.64	47.59	62.58	48.67	42.71	52.81	52.86	37.53	46.81	36.85	56.36	34.28	45.75	31.11	59.67	31.68	41.59	32.0	46.0
189	6.3	63.7	65.77	64.81	65.64	65.22	64.25	60.6	57.7	63.84	60.35	57.83	53.42	55.69	64.5	49.69	42.21	47.96	63.4	47.7	42.63	52.99	53.11	37.63	46.56	36.88	56.19	34.44	45.36	31.1	59.37	31.82	40.9	31.9	45.4
190	6.333	63.63	65.35	64.72	65.17	65.12	63.82	60.48	57.29	63.74	60.02	57.74	53.34	55.72	64.32	49.77	42.63	48.33	63.37	47.94	43.04	53.3	52.97	37.21	46.77	36.53	56.38	33.95	45.61	30.78	59.65	31.25	41.35	31.47	45.98
191	6.367	63.93	65.65	64.97	65.47	65.43	64.21	60.6	57.43	64.08	60.46	57.98	53.18	55.82	64.67	50.2	42.04	47.89	63.91	48.24	42.87	53.1	54.25	37.09	46.44	36.36	56.34	33.88	45.22	30.73	59.64	31.67	40.98	31.74	45.99
192	6.4	63.88	66.09	64.88	65.86	65.28	64.6	60.25	57.65	63.59	60.71	57.43	53.34	55.09	64.88	49.39	41.47	47.16	63.77	46.47	42.16	52.58	55.05	37.07	46.67	36.11	56.47	34.38	44.92	30.84	59.02	32.73	40.89	32.72	45.85
193	6.433	63.72	65.56	64.7	65.34	65.14	64.06	59.82	57.3	63.45	60.29	57.18	53.07	55.04	64.42	50.66	41.9	47.38	63.57	49.44	44.1	53.05	56.21	36.46	47.12	35.74	56.93	33.66	45.01	30.43	59.11	31.59	41.54	31.64	46.38
194	6.467	64.11	65.81	65.01	65.53	65.51	64.3	59.68	57.04	63.48	60.38	56.89	52.54	54.86	64.68	50.31	40.48	47.2	63.65	48.61	43.07	53.05	56.6	36.1	46.21	35.36	56.5	33.6	43.7	29.92	58.37	31.77	40.03	31.24	45.16
195	6.5	63.99	65.67	64.95	65.44	65.45	64.17	60.02	57.17	63.7	60.31	57.32	52.83	55.19	64.48	50.43	41.15	47.45	63.18	48.98	43.46	52.99	55.55	36.47	46.12	35.66	56.16	33.81	44.24	30.2	58.71	31.83	40.22	31.45	45.3
196	6.533	64.04	65.34	65.04	65.1	65.47	63.85	60.41	57.15	63.79	60.24	57.77	53.07	55.49	64.59	50.33	41.82	48.01	63.44	48.34	43.27	53.54	54.18	37.19	46.21	36.27	56.16	34.36	44.74	30.86	59.17	32.07	40.37	31.79	45.42
197	6.567	64.07	65.38	65.07	65.21	65.47	63.89	60.29	57.34	63.71	60.25	57.63	53.24	55.49	64.15	51.07	43.19	48.22	63.24	50.26	44.45	53.49	53.73	37.09	46.89	36.39	56.52	34.18	45.58	31.11	59.54	31.76	41.71	31.91	46.51
198	6.6	64.2	65.77	65.22	65.59	65.65	64.25	60.47	57.6	63.98	60.52	57.77	53.48	55.65	64.43	50.93	43.61	48.32	63.56	50.26	44.74	53.75	53.73	37.06	47.01	36.37	56.7	34.32	45.83	31.26	59.92	31.89	41.82	32.14	46.78
199	6.633	64.1	65.61	65.22	65.47	65.61	64.05	60.8	57.68	64.13	60.37	57.88	53.64	55.77	64.53	50.32	43.71	48.25	63.64	48.95	44.53	53.59	52.97	37.39	47.21	36.69	56.79	34.73	46.47	31.82	60.41	32.42	42.35	32.92	46.98
200	6.667	64.17	65.64	65.31	65.49	65.69	64.06	60.96	57.7	64.24	60.38	57.91	53.7	55.91	64.64	49.8	43.68	48.32	63.75	47.92	44.27	53.45	52.93	37.39	47.12	36.71	56.72	34.67	46.43	31.68	60.39	32.4	42.16	32.78	46.75
201	6.7	64.29	65.95	65.31	65.73	65.77	64.45	60.71	57.72	64.34	60.8	57.79	53.63	55.92	64.97	49.12	42.4	47.9	63.78	46.32	43.23	53.41	54.71	36.94	46.72	36.24	56.52	34.29	45.54	31.03	59.81	32.23	41.07	32.17	46.29
202	6.733	64.32	65.55	65.36	65.32	65.81	64.07	60.84	57.51	64.45	60.58	58.08	53.69	56.1	65.02	49.67	42.74	48.13	63.99	47.32	43.22	53.68	54.0	37.28	47.02	36.56	56.86	34.4	45.79	31.21	60.18	32.07	41.29	32.05	46.53
203	6.767	64.55	65.28	65.89	64.98	65.79	63.75	61.52	58.07	64.1	61.34	57.81	54.61	56.36	66.43	48.23	43.34	48.12	63.8	44.95	45.06	53.73	52.61	38.14	47.15	37.75	57.08	35.19	46.74	32.54	61.32	31.19	41.69	31.55	46.63
204	6.8	64.16	65.46	65.25	65.24	65.58	63.91	60.75	57.56	64.06	60.41	57.85	53.89	56.08	64.89	49.68	43.75	48.72	64.0	47.57	43.87	54.04	52.78	37.65	47.2	37.09	56.82	34.7	46.36	31.78	60.39	31.91	41.75	32.16	46.5
205	6.833	64.0	65.42	65.39	65.17	65.09	63.73	60.57	58.21	62.9	60.94	56.64	54.54	55.16	65.51	48.98	43.31	47.64	62.76	46.9	45.45	53.51	53.92	37.55	47.84	37.21	57.26	34.94	47.0	32.27	60.49	31.03	42.99	31.49	46.96
206	6.867	64.21	65.75	65.18	65.5	65.56	64.12	59.73	57.39	63.55	60.27	56.7	53.35	55.03	64.36	49.94	41.77	47.64	63.02	48.27	43.45	53.63	56.56	36.28	47.83	35.74	57.45	33.68	45.58	30.35	59.2	31.82	42.46	31.74	46.99
207	6.9	64.27	65.51	65.36	65.24	65.64	63.77	60.13	57.16	63.57	59.92	56.81	53.25	55.06	64.45	49.43	41.69	47.86	63.04	47.38	43.87	54.17	55.92	36.46	47.91	35.81	57.65	33.94	45.61	30.54	59.43	31.79	42.54	31.8	46.87
208	6.933	63.75	64.77	64.99	64.53	65.14	63.03	60.34	57.12	63.33	59.56	57.01	53.88	55.24	64.46	49.37	43.22	48.41	63.12	47.45	44.24	54.14	53.92	36.93	48.07	36.27	57.44	33.98	46.27	30.82	59.72	31.67	42.87	31.94	46.86
209	6.967	63.89	65.02	65.03	64.78	65.27	63.29	60.04	57.09	63.28	59.68	56.75	53.62	55.05	64.38	49.46	42.91	48.24	63.03	47.65	44.37	54.08	54.44	36.66	47.7	36.04	57.18	33.97	45.94	30.71	59.46	31.73	42.59	31.83	46.68
210	7.0	63.92	65.13	64.98	64.89	65.28	63.5	59.92	57.15	63.39	59.94	56.93	53.56	55.13	64.39	49.85	42.33	47.96	62.9	48.25	43.78	53.88	55.22	36.61	47.69	35.97	57.22	33.79	45.66	30.46	59.28	31.53	42.33	31.46	46.82
211	7.033	64.19	65.74	65.21	65.52	65.57	64.14	59.98	57.47	63.6	60.39	57.04	53.54	55.23	64.47	50.32	42.66	48.07	63.19	49.15	44.36	54.13	55.69	36.42	47.46	35.81	57.13	33.57	45.53	30.29	59.34	31.43	42.08	31.37	46.75
212	7.067	64.02	65.63	65.06	65.4	65.32	64.0	59.85	57.58	63.17	60.4	56.86	53.89	54.97	64.62	50.31	43.75	48.48	63.64	48.91	44.71	54.09	54.91	36.64	47.64	35.97	57.15	33.74	46.07	30.43	59.63	31.53	42.53	31.55	46.89
213	7.1	64.0	65.79	65.08	65.58	65.29	64.12	59.93	57.9	63.18	60.53	56.82	54.32	55.17	64.69	50.34	44.7	48.91	63.77	49.13	45.18	54.06	54.44	36.68	48.1	36.17	57.42	33.83	46.75	30.77	60.03	31.42	43.21	31.65	47.3
214	7.133	64.13	66.17	65.07	65.86	65.47	64.47	59.63	57.66	63.48	60.61	56.43	53.78	55.16	65.05	48.94	42.72	48.19	63.94	46.34	44.37	54.03	56.61	36.41	47.99	36.05	57.67	34.1	46.77	31.05	60.47	32.08	43.12	32.38	47.58
215	7.167	63.97	66.05	64.89	65.74	65.22	64.43	59.54	57.83	63.17	60.84	56.49	54.36	55.04	65.01	48.62	43.92	48.38	63.67	45.5	44.17	53.89	55.13	36.53	47.96	36.04	57.28	34.01	46.66	30.78	59.95	31.81	42.75	31.98	47.37
216	7.2	64.03	66.28	64.94	65.94	65.3	64.65	59.53	57.89	63.24	60.99	56.44	54.29	54.81	65.32	48.39	43.33	47.88	64.19	45.0	43.92	53.77	56.6	36.29	47.8	35.68	57.33	33.84	46.42	30.41	59.96	31.95	42.42	32.07	47.18
217	7.233	63.84	66.34	64.68	66.09	65.23	64.72	58.69	57.99	63.16	60.98	55.8	54.02	54.21	65.06	49.96	41.89	46.62	63.24	48.84	44.2	53.39	58.29	35.29	48.15	34.96	57.72	33.13	46.68	30.2	60.11	31.44	43.71	32.05	48.34
218	7.267	63.86	66.07	64.71	65.75	65.2	64.42	58.81	57.53	63.06	60.63	55.95	53.72	54.29	64.88	50.17	42.01	46.8	63.51	49.15	44.84	53.07	59.38	35.3	47.98	34.92	57.66	32.92	46.47	29.85	60.07	31.2	43.49	31.57	48.24
219	7.3	63.83	65.98	64.75	65.7	65.2	64.34	59.23	57.56	63.21	60.53	56.32	53.7	54.57	64.81	49.91	41.95	47.22	63.42	48.32	44.24	53.31	58.15	35.55	47.55	35.02	57.21	33.13	46.2	29.94	59.85	31.25	42.88	31.49	47.54
220	7.333	63.71	66.05	64.61	65.78	65.05	64.4	59.08	57.67	62.98	60.6	56.12	53.87	54.36	64.77	49.56	42.49	47.26	63.45	47.78	44.17	53.43	57.57	35.69	47.28	35.15	56.78	33.51	46.13	30.3	59.53	31.75	42.59	32.07	47.19
221	7.367	63.89	66.25	64.78	65.97	65.3	64.56	59.2	57.52	63.25	60.49	56.24	53.4	54.36	64.6	49.41	41.39	46.96	62.98	47.69	43.59	53.69	57.38	35.41	47.06	34.78	56.82	33.34	45.85	29.99	59.64	31.41	42.23	31.71	47.06
222	7.4	63.01	65.8	64.0	65.59	64.44	64.37	58.79	57.8	62.74	61.04	55.51	53.11	54.69	65.28	47.68	39.52	47.47	62.44	45.25	42.5	53.74	55.04	35.76	47.89	35.55	58.45	33.33	46.2	30.61	61.39	30.87	41.73	30.27	46.97
223	7.433	62.9	65.19	63.87	64.89	64.24	63.78	58.78	57.22	62.55	60.68	55.72	52.96	54.93	65.21	48.43	40.53	48.15	63.17	46.35	43.33	53.9	54.94	36.07	48.07	35.94	58.72	33.33	46.33	30.73	61.69	30.75	41.74	30.19	47.13
224	7.467	62.98	65.63	63.84	65.32	64.31	64.21	58.34	57.42	62.42	60.97	55.26	52.95	54.64	65.3	47.86	40.02	48.0	62.79	45.34	43.18	53.8	55.31	35.65	48.04	35.55	58.72	32.99	46.16	30.1	61.48	30.41	41.68	29.53	47.05
225	7.5	62.38	65.57	63.29	65.3	63.75	64.28	58.13	57.65	62.16	61.26	55.33	53.23	54.68	65.42	48.68	40.67	48.16	62.68	47.37	43.39	54.15	53.69	35.45	47.8	35.47	58.42	32.66	45.75	30.17	61.16	30.04	41.14	29.38	46.76
226	7.533	62.5	66.07	63.52	65.86	63.91	64.72	58.6	58.29	62.39	61.6	55.54	53.77	54.94	65.74	48.03	40.96	48.18	62.72	46.42	43.36	54.08	53.39	35.87	48.29	35.9	58.76	33.14	46.6	30.74	61.85	30.02	41.89	29.58	47.27
227	7.567	62.4	65.83	63.41	65.62	63.74	64.44	58.55	58.25	62.16	61.44	55.43	54.1	54.75	65.74	47.58	41.88	48.19	62.85	45.53	43.85	53.98	52.97	36.35	48.69	36.36	58.9	33.74	47.24	31.43	62.11	30.52	42.3	30.51	47.47
228	7.6	62.52	66.16	63.53	65.96	63.93	64.75	58.55	58.44	62.38	61.58	55.35	53.99	54.66	65.88	47.56	41.01	47.75	62.91	45.68	43.43	53.83	54.08	36.2	48.69	36.18	59.05	33.79	46.95	31.49	61.94	30.91	42.33	31.04	47.51
229	7.633	63.25	65.73	64.23	65.69	64.64	64.17	59.13	58.65	62.66	60.81	55.88	54.71	54.29	65.07	49.37	41.05	47.54	63.53	47.04	40.41	53.04	56.84	36.57	50.4	35.99	59.54	34.24	46.99	31.31	59.64	32.9	43.57	33.34	47.3
230	7.667	63.38	66.21	64.33	66.24	64.81	64.64	59.09	58.95	62.8	61.0	55.8	54.51	54.26	64.8	49.28	40.47	47.47	63.4	46.79	39.13	52.74	57.17	36.28	50.05	35.73	59.16	34.13	46.42	31.11	58.92	32.83	43.05	33.26	46.65
231	7.7	63.33	66.16	64.28	66.13	64.72	64.56	59.11	58.88	62.68	60.92	55.81	54.65	54.2	64.88	49.19	40.82	47.45	63.68	46.28	39.76	52.78	57.76	36.52	50.58	35.9	59.58	34.39	46.85	31.35	59.18	33.3	43.67	33.72	47.16
232	7.733	63.41	66.76	64.3	66.29	64.67	65.08	59.02	58.03	62.7	61.22	55.97	54.53	54.09	66.4	47.35	41.59	46.21	64.82	43.18	43.13	52.69	58.42	36.79	48.67	36.08	58.43	34.91	46.57	31.67	60.41	32.76	42.5	33.75	47.47
233	7.767	63.22	66.05	64.12	66.0	64.61	64.47	58.8	58.56	62.5	60.83	55.68	54.25	54.02	65.03	49.05	40.17	47.28	63.87	46.07	38.94	52.43	57.14	36.5	50.09	35.86	59.4	34.21	46.0	30.91	58.76	32.8	42.64	33.06	46.3
234	7.8	63.1	65.82	64.03	65.71	64.46	64.22	58.81	58.34	62.37	60.73	55.56	54.22	53.94	65.25	48.52	39.86	46.9	64.03	45.02	38.96	51.99	57.54	36.32	50.16	35.7	59.54	34.12	46.17	30.94	59.04	32.8	42.89	33.16	46.69
235	7.833	63.15	66.31	63.95	66.17	64.47	64.65	58.29	58.37	62.07	60.77	55.07	53.99	53.71	64.93	48.84	40.34	47.28	64.19	45.56	40.03	52.16	58.54	36.21	50.55	35.78	59.84	34.38	46.38	31.29	58.97	32.82	43.36	33.33	46.88
236	7.867	63.12	66.36	64.01	66.27	64.46	64.74	58.77	58.66	62.27	60.95	55.51	54.13	53.97	65.09	48.81	40.69	47.5	64.56	45.56	39.9	52.62	57.83	36.71	50.06	36.11	59.41	34.81	46.13	31.72	58.9	33.37	42.63	33.87	46.23
237	7.9	63.07	66.33	64.07	66.29	64.48	64.66	58.99	58.8	62.42	60.85	55.6	54.32	54.08	65.01	48.98	41.13	47.6	64.33	46.29	40.58	52.91	57.38	36.51	50.24	35.93	59.5	34.7	46.39	31.74	59.09	33.26	43.11	33.89	46.56
238	7.933	63.27	66.73	64.18	66.22	64.52	64.99	58.99	58.0	62.46	61.17	55.81	54.59	54.05	66.66	46.63	42.53	46.5	65.53	42.21	43.68	52.66	57.36	37.25	48.87	36.56	58.68	35.57	47.13	32.31	61.07	32.77	42.57	33.83	47.39
239	7.967	63.56	67.01	64.33	66.43	64.74	65.24	58.64	58.0	62.39	61.38	55.6	54.78	53.93	66.99	46.97	43.03	46.5	66.09	42.61	44.11	52.46	58.05	37.28	49.03	36.69	58.92	35.76	47.45	32.41	61.39	32.74	42.75	33.72	47.63
240	8.0	63.81	67.41	64.45	67.13	65.01	65.67	58.05	58.95	62.1	61.67	54.71	54.8	53.41	65.91	47.85	41.89	46.69	65.32	43.49	41.73	51.54	59.24	36.45	50.63	36.01	59.94	35.2	47.1	31.69	59.7	33.42	43.09	33.53	46.82
241	8.033	63.96	67.09	64.52	66.77	65.15	65.38	57.61	58.79	61.98	61.63	54.36	54.99	52.87	66.1	48.96	41.77	46.23	65.23	45.49	41.94	51.51	60.04	36.06	51.33	35.63	60.64	34.95	47.35	31.57	59.82	33.61	44.03	34.04	47.74
242	8.067	63.84	67.04	64.43	66.73	65.04	65.38	57.79	58.92	62.04	61.77	54.62	55.13	53.05	66.37	48.88	41.8	46.31	65.48	45.22	41.92	51.54	59.72	36.41	51.11	35.89	60.48	35.05	47.4	31.63	60.04	33.8	43.75	34.11	47.54
243	8.1	63.84	67.04	64.48	66.75	65.03	65.37	57.96	59.0	62.08	61.81	54.78	55.35	53.17	66.32	48.96	42.6	46.36	65.31	45.76	42.71	51.52	59.02	36.34	51.05	35.82	60.33	34.92	47.55	31.57	60.17	33.38	43.83	33.78	47.75
244	8.133	63.98	67.2	64.65	66.93	65.18	65.53	58.15	59.24	62.23	61.99	54.86	55.65	53.3	66.49	48.92	42.78	46.59	65.42	45.57	42.57	51.8	59.18	36.0	50.93	35.48	60.18	34.53	47.47	31.13	60.06	33.08	43.68	33.32	47.55
245	8.167	63.88	67.94	64.61	67.37	64.83	66.52	58.43	59.46	61.92	63.96	54.89	55.84	54.12	69.49	45.68	42.69	47.02	66.57	41.17	44.63	52.26	56.57	37.06	50.5	36.97	61.63	35.28	47.48	32.62	63.52	31.61	41.85	32.22	48.28
246	8.2	63.59	67.86	64.25	67.27	64.53	66.51	58.32	59.12	61.95	63.64	55.15	55.2	54.33	68.43	45.82	42.65	47.06	65.92	41.21	44.33	52.12	56.43	37.15	50.07	37.03	60.95	35.51	47.11	32.78	62.93	31.53	41.33	31.85	48.06
247	8.233	63.71	66.68	64.44	66.42	64.9	65.1	58.53	59.03	62.32	61.89	55.58	55.63	53.8	66.37	49.09	43.21	47.15	65.23	45.92	42.49	52.08	57.71	36.41	50.17	35.71	59.45	34.58	46.64	31.02	59.58	32.51	42.43	32.52	46.8
248	8.267	63.74	66.65	64.45	66.41	64.94	65.13	58.4	59.12	62.4	62.06	55.53	55.61	53.71	66.42	49.41	43.03	46.78	65.31	46.42	42.68	51.89	58.57	36.32	50.43	35.63	59.73	34.29	46.81	30.86	59.72	32.64	42.87	32.73	47.31
249	8.3	63.56	66.63	64.31	66.42	64.73	65.05	58.38	59.11	62.08	61.86	55.41	55.69	53.58	66.14	49.29	44.4	47.19	65.26	46.57	43.76	52.07	56.97	36.46	50.38	35.78	59.5	34.28	47.35	30.84	60.06	32.44	43.26	32.6	47.38
250	8.333	63.34	66.24	64.19	65.99	64.5	64.65	58.7	58.93	62.04	61.61	55.77	55.83	53.78	66.21	49.35	44.32	47.37	65.26	46.59	43.75	52.25	57.0	36.75	50.54	35.92	59.63	34.3	47.38	30.81	60.15	32.35	43.24	32.4	47.4
251	8.367	63.38	66.15	64.23	65.91	64.57	64.57	58.77	58.95	62.18	61.6	55.91	56.07	53.94	66.25	49.68	45.16	47.54	65.32	47.49	44.57	52.4	56.52	36.75	50.53	35.99	59.57	34.18	47.76	30.78	60.54	32.13	43.44	32.22	47.66
252	8.4	63.55	66.39	64.3	66.13	64.73	64.76	58.26	58.86	62.09	61.57	55.31	55.66	53.52	66.03	49.44	43.81	46.97	64.85	46.79	43.96	52.08	58.2	36.22	50.87	35.59	59.92	33.96	47.87	30.6	60.4	32.27	44.17	32.5	48.2
253	8.433	63.91	67.26	64.68	67.04	65.09	65.56	58.46	59.06	62.11	61.87	55.22	54.95	53.4	66.19	49.0	43.77	46.92	66.24	45.67	43.55	51.74	58.13	36.51	50.13	35.84	59.64	34.49	47.75	30.93	60.71	32.77	43.78	32.92	47.53
254	8.467	63.88	67.05	64.52	66.72	64.99	65.39	57.84	58.81	61.73	62.0	54.6	55.1	52.81	66.56	48.88	43.95	46.57	66.52	45.45	43.83	51.27	58.77	35.85	49.94	35.24	59.54	34.19	47.02	30.51	60.08	32.85	42.97	33.02	47.06
255	8.5	63.83	66.83	64.63	66.49	65.0	65.27	58.87	58.9	62.29	62.2	55.88	55.33	53.65	67.23	49.46	44.05	46.81	67.46	46.24	43.81	51.67	58.13	36.65	49.58	35.72	59.55	34.41	46.44	30.81	60.35	33.03	41.77	33.07	46.46
256	8.533	63.71	66.77	64.63	66.48	65.0	65.21	59.34	59.01	62.67	62.18	56.39	55.46	53.97	67.56	49.67	43.53	46.42	67.38	46.41	44.26	51.38	58.11	36.78	49.7	35.76	59.78	34.34	46.76	30.8	60.91	33.19	42.35	33.19	46.94
257	8.567	63.99	67.55	64.84	67.29	65.2	65.9	59.29	59.26	62.5	62.32	56.19	55.42	53.92	67.11	49.59	45.55	47.4	67.78	46.69	45.32	52.16	56.86	36.84	49.39	35.96	59.31	35.01	47.27	31.39	61.15	33.16	42.57	33.27	46.97
258	8.6	64.25	68.74	64.83	68.4	65.56	67.01	58.24	59.04	62.59	62.57	55.06	53.77	53.35	67.17	48.73	41.51	45.93	68.6	44.21	42.77	50.6	61.6	35.65	49.16	35.14	59.76	34.75	46.5	31.1	60.76	33.78	42.61	33.93	46.85
259	8.633	64.35	68.89	64.68	68.41	65.63	67.18	57.24	58.7	62.33	62.71	54.22	53.3	52.53	67.42	48.36	40.01	44.71	68.97	43.46	41.1	49.56	63.93	35.24	49.53	34.8	60.42	34.95	45.99	31.17	60.39	34.37	42.24	34.71	46.95
260	8.667	64.46	68.61	64.7	68.12	65.78	66.86	56.59	58.4	62.22	62.46	53.52	53.0	52.11	67.28	48.51	39.95	44.2	68.98	44.35	41.58	48.6	64.75	34.72	49.8	34.56	60.77	34.6	45.96	30.84	60.32	33.81	42.49	34.21	47.0
261	8.7	64.43	68.39	64.7	67.91	65.75	66.64	56.47	58.21	62.08	62.33	53.28	52.87	51.88	67.06	48.69	40.78	44.11	69.08	45.25	42.72	48.52	64.61	34.36	49.77	34.28	60.74	34.16	45.91	30.44	60.26	33.67	42.65	34.19	47.16
262	8.733	64.19	68.11	64.65	67.72	65.54	66.41	57.11	58.8	62.3	62.55	53.91	53.87	52.35	67.44	48.67	41.69	44.65	68.68	45.05	43.54	49.88	62.5	34.94	50.13	34.64	60.77	34.4	45.96	30.88	60.11	33.93	42.59	34.57	46.93
263	8.767	63.78	67.49	64.46	67.21	65.19	65.79	57.71	59.02	62.37	62.26	54.5	54.73	52.82	67.2	49.35	43.04	45.73	67.38	47.22	44.87	51.43	59.83	35.04	50.08	34.63	60.33	33.96	46.08	30.69	60.02	33.3	42.67	34.18	46.93
264	8.8	63.72	68.44	64.3	67.85	64.91	66.91	57.13	59.29	61.93	63.94	53.72	54.85	53.02	69.78	46.81	41.7	45.13	68.88	44.3	44.81	50.59	62.04	35.43	50.42	35.63	62.29	34.49	47.04	31.71	63.58	31.79	42.67	32.26	48.91
265	8.833	63.82	68.74	64.35	68.27	65.16	67.23	56.53	59.56	62.22	64.2	53.25	54.5	52.87	69.93	48.05	41.44	44.42	69.93	47.75	45.19	50.13	64.81	34.86	50.28	35.45	62.53	33.95	47.34	31.38	64.09	31.47	43.2	31.78	49.24
266	8.867	63.86	68.61	64.57	68.23	65.25	67.12	57.33	59.94	62.54	64.36	54.06	55.33	53.23	69.89	48.75	42.58	44.97	68.58	49.68	46.56	51.43	61.99	34.86	50.11	35.15	62.07	33.7	47.51	31.14	64.21	31.11	43.24	31.51	49.59
267	8.9	64.02	68.13	65.05	67.89	65.28	66.56	58.39	60.32	62.23	64.09	54.65	55.91	53.18	69.45	48.95	43.92	45.95	67.7	49.32	46.97	52.74	57.8	35.39	50.05	35.11	61.53	33.96	47.74	31.04	63.87	30.85	43.54	30.9	48.96
268	8.933	64.13	67.92	65.02	67.63	65.38	66.36	57.81	59.51	62.16	63.61	54.21	54.54	53.0	68.57	49.34	42.87	45.67	67.99	49.7	46.7	51.53	61.08	34.91	49.41	34.84	61.17	33.38	46.72	30.17	62.93	31.06	43.04	30.59	48.47
269	8.967	64.3	68.04	65.17	67.78	65.42	66.57	58.1	59.94	62.06	64.17	54.52	55.29	53.3	69.5	48.86	42.88	46.29	68.5	47.68	45.38	51.99	59.88	35.77	49.69	35.54	61.49	33.81	46.11	30.08	62.39	31.08	41.71	29.78	47.0
270	9.0	64.37	67.88	65.22	67.83	65.75	66.05	58.17	60.23	62.32	62.75	54.51	56.34	52.38	67.46	48.81	45.86	45.55	66.46	47.43	46.93	51.81	56.85	35.97	49.92	35.23	59.58	34.63	47.01	30.51	60.17	32.5	42.78	32.7	46.19
271	9.033	63.8	68.02	64.77	67.74	64.85	66.39	59.04	60.62	62.0	63.77	56.26	57.64	53.29	69.12	49.09	46.71	46.42	67.64	46.13	46.54	52.87	56.46	37.63	48.98	36.23	58.74	35.46	47.44	30.34	61.26	31.32	42.69	29.98	47.08
272	9.067	63.59	68.44	64.45	68.13	64.59	67.05	58.33	60.65	61.66	64.78	55.57	56.73	53.58	69.96	50.15	44.88	46.14	67.83	50.47	48.06	51.98	56.95	37.14	49.62	36.6	60.82	35.32	47.09	31.68	63.27	30.61	41.77	29.41	47.78
273	9.1	20.37	12.14	21.24	10.34	21.26	8.76	16.43	2.36	18.41	3.34	9.64	4.3	16.38	5.29	4.0	10.57	17.77	6.93	16.35	21.43	26.7	11.14	0.44	1.84	3.72	4.85	9.48	10.97	13.08	16.31	1.72	35.34	2.16	40.52
274	9.133	21.48	8.13	22.54	6.49	22.39	4.6	17.43	0.86	19.32	1.03	10.24	2.34	15.93	3.44	4.85	8.11	14.75	6.39	18.41	12.73	23.58	7.93	0.43	2.77	2.45	5.99	9.41	11.61	13.51	16.85	1.73	35.0	2.78	40.54
275	9.167	63.02	67.83	64.07	67.9	64.4	66.48	58.84	61.29	62.48	64.02	55.97	57.39	54.17	67.74	50.53	48.09	47.21	66.63	51.76	50.62	52.72	57.36	36.63	51.65	36.11	61.48	34.37	48.36	31.32	62.59	31.67	44.06	30.99	48.89
276	9.2	63.33	68.51	64.46	68.67	64.83	67.12	59.17	62.0	63.08	64.49	55.98	57.63	54.75	67.92	50.89	47.84	47.92	66.46	52.66	50.33	53.51	56.93	36.37	51.91	36.16	61.79	34.28	48.74	31.53	62.99	31.88	44.96	31.23	49.42
277	9.233	64.31	68.13	65.28	68.16	65.45	66.87	59.25	61.23	63.17	64.72	56.19	57.07	55.24	68.05	51.31	48.25	48.38	66.7	53.33	51.11	53.91	57.07	36.7	50.87	36.87	61.1	34.7	48.62	32.1	63.44	31.18	44.34	30.47	49.78
278	9.267	23.07	8.85	24.37	7.26	23.97	4.29	17.88	1.12	19.24	1.35	9.39	2.22	13.56	4.34	3.46	11.33	7.27	14.3	16.65	17.79	15.1	21.36	0.48	7.66	0.6	11.34	9.92	15.69	13.82	20.73	1.01	39.19	3.53	43.27
279	9.3	64.33	68.23	65.25	68.19	65.52	66.85	58.95	61.23	62.96	64.68	55.66	56.96	54.67	69.04	50.73	46.44	47.71	67.74	51.91	49.79	53.1	58.88	37.16	51.71	37.21	62.44	35.08	48.81	32.19	64.03	31.77	44.81	31.19	49.71
280	9.333	63.67	68.41	64.73	68.6	65.13	67.0	58.93	61.93	62.97	64.43	55.61	57.26	54.39	67.9	50.41	46.31	47.68	66.28	51.0	48.68	52.97	57.82	36.41	52.15	36.13	62.15	34.07	48.58	30.73	62.67	31.79	45.06	30.53	48.97
281	9.367	64.08	66.82	65.35	67.0	65.46	65.25	59.73	60.58	62.94	62.88	55.99	56.69	54.47	67.18	50.51	46.8	48.1	66.23	51.3	48.99	52.95	57.17	36.7	51.97	36.21	62.0	34.28	48.75	30.79	62.86	31.69	45.25	30.48	48.92
282	9.4	63.91	66.62	65.12	66.68	65.18	65.13	59.76	60.54	62.8	63.12	56.47	57.21	54.71	67.61	51.19	48.1	48.62	66.82	52.12	49.99	53.15	56.75	37.18	52.33	36.54	62.35	34.36	48.85	30.64	63.17	31.53	44.98	29.98	49.12
283	9.433	63.85	66.14	65.22	66.26	65.04	64.52	59.85	60.41	62.35	62.59	56.2	57.36	54.31	67.23	51.12	48.47	48.62	66.21	52.5	50.31	53.31	56.01	36.93	52.61	36.22	62.38	34.12	49.13	30.43	63.04	30.79	45.46	29.42	49.06
284	9.467	63.81	66.35	65.36	66.54	65.12	64.53	59.92	60.34	62.34	62.02	55.74	56.81	53.99	66.47	50.78	47.88	48.34	65.43	52.8	50.98	53.64	56.5	36.21	52.29	35.56	61.99	33.68	49.44	30.19	63.11	30.64	46.53	29.61	49.53
285	9.5	63.85	66.51	65.24	66.4	65.2	64.33	59.43	59.4	61.99	60.97	55.24	56.59	53.11	66.68	50.99	47.25	47.66	65.92	52.04	50.6	53.69	57.02	35.9	52.03	35.18	61.32	33.85	50.07	30.22	62.85	31.14	47.55	31.53	49.66
286	9.533	63.89	66.8	65.26	66.72	65.23	64.64	59.65	59.44	62.1	61.04	55.65	56.31	53.29	66.43	51.09	47.63	47.64	66.3	51.85	50.61	53.49	56.81	36.28	51.28	35.42	60.59	34.35	49.57	30.63	62.41	31.31	46.69	31.62	48.92
287	9.567	64.16	68.03	65.35	67.96	65.5	65.97	59.55	60.16	62.45	62.07	55.88	56.57	53.63	66.77	51.22	48.32	47.7	66.81	51.96	51.1	53.28	57.19	36.17	50.95	35.43	60.34	34.44	49.87	30.78	62.94	30.97	46.54	31.19	49.34
288	9.6	20.93	4.91	21.66	3.3	22.0	1.55	15.83	0.58	19.0	1.03	8.41	3.59	14.99	5.49	3.01	10.72	14.02	8.5	13.47	19.46	21.82	6.77	0.64	10.86	2.73	13.98	10.48	15.25	13.32	20.66	0.86	38.26	3.51	42.67
289	9.633	20.54	4.18	21.25	2.34	21.05	0.99	15.83	0.7	17.11	1.3	9.56	3.51	13.02	5.09	5.86	7.67	11.69	6.6	17.83	9.49	19.51	3.24	0.61	11.53	2.49	14.53	11.56	15.66	13.3	20.92	0.99	36.8	2.97	42.6
290	9.667	21.98	5.93	24.0	3.95	22.5	1.05	19.27	0.63	17.86	1.3	10.18	3.77	13.11	4.02	4.69	9.83	8.72	8.36	18.96	12.64	17.46	6.75	0.38	11.57	1.13	14.38	11.42	15.96	14.42	20.46	0.99	38.78	3.24	42.34
291	9.7	19.79	3.91	20.88	1.73	19.73	0.59	16.9	0.74	15.62	1.3	10.42	3.7	12.83	4.44	7.92	11.58	11.5	9.78	21.26	11.84	20.44	7.34	0.41	12.99	1.51	15.72	11.32	16.45	13.47	21.32	0.6	35.1	2.98	41.85
292	9.733	19.56	4.62	21.46	1.78	18.86	0.4	19.03	0.54	14.62	1.3	12.02	4.6	13.65	4.39	9.75	12.76	11.37	10.67	22.47	13.09	20.41	9.32	0.45	13.14	1.78	15.48	11.01	16.76	14.44	21.12	0.86	37.34	2.94	43.74
293	9.767	19.99	4.88	20.77	3.12	20.48	1.69	16.34	0.7	17.29	0.75	9.68	3.34	15.09	3.37	6.3	9.85	14.0	6.87	18.44	10.94	19.86	6.09	0.61	9.99	3.27	12.1	10.49	15.97	14.77	19.69	1.1	34.9	3.28	39.94
294	9.8	20.09	4.93	21.0	3.15	20.67	1.5	16.45	0.65	17.41	0.43	9.53	2.96	14.73	3.29	4.63	8.44	12.14	5.79	16.62	8.72	18.2	3.13	0.65	10.12	3.64	12.36	11.2	15.39	15.25	19.36	0.99	35.85	2.78	40.87
295	9.833	20.17	4.84	21.53	2.84	20.84	0.78	16.9	0.58	17.65	0.43	8.57	2.62	14.89	4.02	1.08	8.85	10.43	7.8	12.18	12.09	16.62	5.16	0.74	10.71	3.22	13.43	10.9	14.68	16.03	19.34	0.99	38.21	2.99	42.89
296	9.867	19.99	4.51	21.66	2.24	20.42	0.25	17.49	0.49	17.2	0.43	8.57	3.18	15.29	4.81	0.1	9.94	10.49	9.0	10.26	16.5	16.14	8.35	0.4	10.97	3.24	13.68	11.05	14.12	16.67	18.98	0.99	38.15	3.09	43.11
297	9.9	19.59	4.67	20.53	2.73	20.18	1.11	15.71	0.6	17.06	0.43	8.39	2.61	15.15	3.78	2.76	8.26	13.29	6.52	14.44	11.12	19.87	3.96	0.6	10.2	3.84	12.8	11.91	14.37	16.62	19.04	0.99	37.07	2.59	42.37
298	9.933	19.35	5.99	19.59	4.0	19.9	3.04	14.72	0.59	17.15	0.98	9.07	1.94	15.45	2.88	3.62	4.86	12.93	2.75	13.05	7.45	16.62	2.22	0.43	6.89	5.59	8.96	12.24	13.97	16.52	17.97	1.27	34.64	2.46	40.49
299	9.967	19.21	6.53	19.38	4.49	19.82	3.58	14.49	0.59	17.32	0.98	8.91	2.04	15.88	3.0	3.02	4.83	13.11	2.65	11.99	7.98	15.98	2.83	0.43	6.25	6.01	8.21	12.09	13.61	16.64	17.47	1.27	34.51	2.38	40.3
300	10.0	19.97	5.13	20.43	2.97	20.48	1.87	15.33	0.59	17.51	0.43	9.04	2.05	15.08	3.43	1.97	6.46	10.53	4.71	11.99	9.06	15.38	3.52	0.43	8.35	4.9	10.78	11.91	13.86	16.18	18.51	1.19	34.8	2.2	41.43
301	10.033	16.13	5.64	16.77	4.25	17.05	2.57	13.67	0.59	15.35	0.98	8.57	3.21	13.67	2.18	3.84	2.16	12.5	0.66	11.17	3.25	16.06	0.38	0.54	8.12	6.86	9.22	11.67	15.63	14.95	17.67	1.29	38.36	3.05	39.66
302	10.067	19.05	5.36	19.43	3.97	20.02	2.37	14.23	0.59	17.47	1.03	8.07	2.3	15.35	2.78	3.51	6.32	15.02	4.3	12.27	10.26	19.66	3.24	0.56	7.32	5.75	9.12	11.28	14.68	15.63	17.83	1.19	36.39	3.14	39.23
303	10.1	18.46	6.03	19.0	4.55	19.48	2.67	14.4	0.59	17.14	0.98	7.99	1.95	15.22	2.26	2.41	4.06	13.65	3.53	8.76	7.81	16.98	3.27	0.43	5.93	6.44	7.98	10.78	14.95	15.49	18.14	1.27	37.73	3.22	39.18
304	10.133	63.23	67.92	64.26	68.0	64.57	66.4	57.8	60.9	61.81	63.64	54.24	56.28	52.84	67.26	49.35	45.47	45.55	66.44	50.45	48.0	50.84	60.54	35.27	51.73	35.05	61.78	33.29	48.15	30.57	62.01	31.49	45.1	31.7	49.42
305	10.167	16.98	6.26	17.47	4.83	18.05	3.07	13.59	0.59	16.37	0.98	7.92	2.54	14.75	2.33	2.66	3.79	13.02	3.1	9.64	6.15	15.77	2.92	0.43	6.68	6.87	8.3	10.84	14.73	15.31	17.39	1.27	37.4	3.29	38.81
306	10.2	17.67	5.75	18.05	4.45	18.83	2.63	13.21	0.59	16.93	1.03	7.1	2.56	14.99	2.3	2.66	6.8	14.55	3.76	11.11	12.36	18.45	3.95	0.43	6.81	5.87	7.95	10.96	15.0	15.88	17.1	1.27	36.52	3.09	38.06
307	10.233	16.09	6.45	16.37	5.1	17.18	3.57	12.78	0.59	15.99	0.98	7.8	2.8	15.02	2.38	3.43	3.68	14.01	2.52	9.93	6.57	16.45	2.2	0.43	6.75	7.45	8.1	10.87	14.42	15.74	16.85	1.29	36.5	3.17	37.82
308	10.267	16.78	6.09	16.85	5.04	17.83	3.54	13.65	0.8	16.48	0.98	8.4	2.51	16.4	2.55	4.16	0.64	13.33	2.34	12.83	2.96	17.02	1.22	0.43	6.26	6.92	7.58	13.55	14.68	18.86	16.85	1.27	34.82	1.71	37.77
309	10.3	15.88	7.01	15.94	5.54	16.88	4.33	12.29	0.59	15.88	0.98	7.76	2.65	15.63	2.63	2.8	4.39	14.84	3.25	8.42	7.68	16.54	2.8	0.43	6.4	8.09	7.82	10.97	14.28	15.79	17.01	1.29	36.65	2.32	38.71
310	10.333	16.55	6.29	16.45	5.12	17.5	3.93	13.27	1.38	16.26	0.98	8.58	2.65	16.82	2.5	4.35	1.25	13.76	2.44	11.36	3.4	15.96	0.54	0.54	5.74	7.69	7.12	13.45	14.33	19.08	16.76	1.4	34.75	1.42	37.92
311	10.367	17.08	6.96	17.19	5.22	17.84	4.11	12.86	0.59	16.02	0.98	7.61	3.63	15.78	3.85	1.78	6.69	14.34	4.11	6.23	12.11	15.55	3.34	0.43	6.64	7.53	8.19	10.93	13.74	15.7	16.95	1.37	36.06	1.94	38.9
312	10.4	16.02	7.7	15.95	6.09	17.0	5.01	11.81	0.86	15.77	0.38	7.01	3.69	15.9	3.54	1.84	7.42	15.76	3.53	5.79	15.77	17.58	3.17	0.54	6.09	7.97	7.28	10.84	13.79	15.75	16.61	1.4	37.14	2.06	39.22
313	10.433	15.26	7.95	15.2	6.46	16.33	5.33	11.59	0.64	15.62	0.62	7.38	4.05	15.79	3.22	2.51	7.26	15.8	2.69	5.97	15.75	16.91	2.94	0.13	6.12	8.64	6.78	10.58	14.14	15.16	16.18	1.4	38.2	2.26	39.35
314	10.467	16.01	7.98	16.12	6.53	17.09	5.23	12.54	0.65	16.23	0.48	8.11	4.13	15.86	3.35	3.57	7.17	15.37	3.23	8.02	14.08	16.92	3.07	0.43	5.77	7.66	6.72	10.14	13.97	14.67	16.32	1.4	38.25	2.17	39.66
315	10.5	62.91	67.56	64.22	67.64	64.24	65.8	58.23	60.52	61.23	62.67	54.11	55.79	52.51	66.8	49.1	45.01	45.78	66.43	50.0	46.92	50.72	58.88	35.73	51.65	35.33	61.68	34.12	47.64	31.44	61.32	32.01	44.54	32.66	47.91
316	10.533	62.84	67.45	64.18	67.56	64.13	65.66	58.25	60.53	61.07	62.52	54.08	56.03	52.49	66.47	49.26	45.78	46.09	65.74	50.31	47.86	51.01	58.07	35.68	51.74	35.27	61.5	34.02	48.22	31.36	61.57	31.76	45.13	32.42	48.31
317	10.567	63.02	67.61	64.3	67.75	64.37	65.92	58.17	60.71	61.43	62.89	54.01	55.91	52.58	66.5	49.3	45.31	45.75	65.73	50.54	47.88	50.87	59.42	35.09	51.54	34.81	61.4	33.22	47.71	30.77	61.18	31.55	44.97	32.32	48.45
318	10.6	62.87	67.38	64.31	67.52	64.12	65.74	59.01	60.82	61.46	62.94	55.07	56.44	53.33	66.76	49.83	46.3	46.74	65.81	50.49	48.0	51.66	57.18	36.13	51.25	35.6	61.0	34.04	47.66	31.37	61.26	31.68	44.15	31.83	47.76
319	10.633	62.73	67.9	63.99	68.06	64.03	66.43	58.48	61.4	61.57	63.75	54.9	56.79	53.39	67.19	50.05	46.45	46.85	66.07	50.72	47.96	52.14	57.36	36.23	51.75	35.88	61.5	33.84	47.63	31.34	61.23	31.84	43.88	32.07	47.67
320	10.667	62.49	67.89	63.76	68.02	63.79	66.36	58.33	61.33	61.4	63.59	54.75	57.01	53.42	67.2	50.2	47.12	47.15	65.78	51.47	49.29	52.33	56.64	36.02	51.8	35.81	61.44	33.84	48.44	31.45	62.0	31.66	44.97	31.92	48.71
321	10.7	63.5	68.96	64.64	68.96	64.91	67.24	59.17	61.25	62.5	63.59	55.89	56.83	53.55	67.51	51.03	46.75	46.4	66.95	51.47	48.99	52.8	58.08	35.79	50.03	35.03	59.57	34.38	47.46	31.18	60.87	32.31	43.79	32.83	47.73
322	10.733	62.16	66.77	64.02	66.99	63.39	65.07	59.85	60.71	61.0	62.25	55.56	56.65	53.54	66.07	50.06	47.27	47.41	64.85	51.25	49.76	52.24	55.95	35.98	51.29	35.26	60.59	33.82	47.87	31.3	61.1	31.04	45.22	31.08	48.43
323	10.767	62.69	67.59	64.18	67.56	63.88	65.7	59.41	60.41	61.19	62.2	55.59	56.8	53.1	66.39	51.01	48.54	47.12	66.46	51.83	50.46	52.43	57.02	35.5	50.14	34.65	59.08	33.61	47.64	30.54	60.26	31.13	44.61	31.76	47.73
324	10.8	62.97	68.13	64.12	68.09	64.2	66.48	58.74	60.81	61.71	63.12	55.47	56.82	53.17	66.67	51.09	47.95	46.7	66.42	51.75	49.93	52.67	57.58	35.21	50.34	34.52	59.43	33.22	47.19	30.16	60.13	30.96	43.88	31.46	47.81
325	10.833	63.16	68.38	64.14	68.38	64.48	66.84	58.29	61.47	62.15	63.87	55.3	57.84	53.18	67.37	50.74	48.17	46.17	65.68	51.58	49.88	53.23	56.46	35.36	50.95	34.79	59.86	33.54	47.42	30.46	60.21	31.02	43.68	31.53	47.94
326	10.867	63.0	67.73	64.14	67.76	64.3	66.14	58.78	61.17	62.06	63.3	55.65	57.77	53.37	67.04	51.2	48.72	46.72	65.9	52.52	50.19	53.72	56.36	35.64	50.82	34.93	59.67	33.59	47.67	30.58	60.39	31.06	43.86	31.49	47.87
327	10.9	63.22	68.4	64.22	68.37	64.53	66.8	58.47	61.22	62.2	63.62	55.51	57.39	53.27	67.29	51.2	47.68	46.15	66.4	52.14	49.88	53.14	57.93	35.32	50.79	34.69	59.94	33.36	47.89	30.36	60.94	30.81	44.19	31.28	48.38
328	10.933	63.35	68.51	64.39	68.47	64.64	66.94	58.8	61.33	62.3	63.77	55.81	57.27	53.56	67.5	51.2	47.51	46.32	67.18	51.83	49.78	52.79	58.96	35.96	50.9	35.27	60.21	33.47	47.4	30.31	60.61	30.98	43.71	31.1	47.75
329	10.967	63.63	68.72	64.55	68.65	64.94	67.21	58.73	61.36	62.65	64.05	56.02	57.25	53.72	67.73	51.26	46.9	46.02	67.18	51.76	49.25	52.58	59.45	36.15	50.74	35.45	60.19	33.73	46.92	30.41	60.39	31.08	43.12	31.06	47.58
330	11.0	62.9	68.03	64.13	67.96	64.12	66.25	58.82	60.8	61.48	62.83	55.38	56.96	53.07	66.98	51.11	47.11	46.67	66.59	51.55	49.23	52.5	58.21	35.8	50.86	35.03	59.98	33.54	47.32	30.36	60.1	31.3	44.13	31.67	47.38
331	11.033	62.82	68.13	63.98	68.07	64.04	66.27	58.23	60.62	61.25	62.66	54.6	56.79	52.72	66.54	50.73	47.93	46.8	66.42	51.71	49.96	52.66	58.19	34.56	50.92	34.11	59.99	32.56	47.95	29.66	60.61	30.25	44.93	31.05	48.21
332	11.067	62.56	67.42	63.95	67.43	63.78	65.49	58.98	60.47	61.2	61.95	55.13	57.35	53.1	65.88	50.72	49.8	47.54	65.74	52.49	50.58	53.04	56.38	35.0	51.24	34.43	59.75	32.88	48.98	30.08	61.05	30.02	45.67	30.95	48.73
333	11.1	62.51	67.64	63.88	67.63	63.76	65.55	58.76	60.05	60.98	61.47	54.72	56.55	52.72	65.57	50.35	49.2	47.31	66.07	52.0	50.58	52.39	56.8	34.55	50.72	34.02	59.48	32.88	48.73	30.03	61.02	30.05	45.58	31.23	48.36
334	11.133	17.02	6.21	17.17	4.45	17.84	3.43	13.17	0.59	16.28	0.98	8.17	2.51	15.73	2.83	3.04	6.69	13.58	3.47	9.62	12.89	16.61	2.22	0.43	6.59	6.83	8.4	10.46	14.06	15.55	17.86	1.27	38.85	2.2	42.73
335	11.167	17.83	5.72	17.89	3.53	18.38	2.75	13.08	0.86	16.03	1.03	7.46	2.94	15.85	3.35	1.36	10.54	13.06	5.17	6.53	21.84	14.95	5.73	0.43	7.05	6.79	8.71	10.52	13.88	15.98	17.87	1.19	38.9	1.97	43.56
336	11.2	62.53	66.76	64.08	66.83	63.62	65.0	58.97	60.18	60.85	62.22	55.0	57.19	53.27	66.28	49.36	49.5	46.91	65.6	50.82	51.93	52.06	56.96	34.56	51.7	34.12	60.9	32.02	49.21	29.1	62.44	27.89	46.25	27.01	50.04
337	11.233	15.91	6.04	16.04	3.91	16.63	2.86	12.21	0.86	14.79	1.03	6.74	3.27	14.94	2.36	1.0	10.82	12.53	3.94	6.76	23.05	14.61	5.9	0.38	7.58	6.71	8.35	11.05	15.3	16.37	18.03	1.19	39.94	1.9	43.33
338	11.267	16.26	5.7	16.29	3.55	16.84	2.77	12.33	0.5	14.9	0.98	7.22	2.72	15.21	2.41	2.04	8.28	12.63	3.24	8.12	16.62	14.94	4.12	0.43	7.23	6.81	8.4	10.88	15.31	16.57	18.4	1.19	39.25	1.99	43.57
339	11.3	61.13	67.18	62.38	67.33	62.18	65.87	57.15	60.96	60.06	63.61	54.1	57.56	53.17	66.77	49.82	49.34	47.56	65.91	52.09	51.87	52.42	57.21	34.46	53.89	34.44	63.58	32.02	50.33	28.81	64.48	28.17	47.26	25.69	51.76
340	11.333	62.13	66.85	63.75	66.9	63.14	65.24	59.02	61.16	60.46	63.1	55.11	58.56	53.27	67.58	50.12	50.12	47.63	66.41	50.92	52.53	52.51	57.62	35.64	53.89	35.02	62.87	31.88	50.68	28.88	63.51	28.99	48.17	27.79	51.2
341	11.367	61.38	67.39	62.47	67.44	62.47	66.19	57.02	60.65	60.55	63.89	54.24	56.86	53.73	67.11	50.21	48.24	47.94	66.65	52.48	51.01	52.93	57.54	34.45	53.58	34.8	63.85	32.05	50.2	29.29	65.16	28.43	47.43	26.26	52.57
342	11.4	62.83	67.26	64.36	67.02	63.6	65.59	59.79	61.5	60.9	63.81	56.36	59.95	53.9	68.86	50.87	52.0	48.18	67.42	52.2	51.94	53.63	56.93	37.56	52.92	36.81	61.32	34.33	52.57	31.35	64.79	29.53	49.63	29.67	53.45
343	11.433	63.5	69.14	64.67	69.0	64.49	67.69	59.85	62.95	62.28	65.56	57.1	60.63	54.27	69.67	50.9	51.82	47.03	67.29	52.0	51.97	53.53	56.97	38.08	53.29	37.15	61.81	35.37	52.98	32.29	65.6	30.51	49.13	30.93	53.98
344	11.467	16.08	5.16	16.08	3.65	16.98	2.47	12.03	0.5	15.42	0.98	7.23	2.15	15.25	1.56	3.27	9.22	14.6	3.95	9.31	17.04	18.12	2.87	0.47	7.66	6.62	8.83	10.53	16.23	16.08	19.05	1.19	40.73	2.22	43.52
345	11.5	16.01	4.79	16.3	3.14	16.72	1.73	12.4	0.49	14.65	0.43	7.05	3.0	14.32	1.74	3.03	12.01	13.91	5.64	11.04	18.77	18.98	4.42	0.38	9.67	5.75	10.72	10.92	16.64	16.17	19.33	0.99	41.61	2.04	44.73
346	11.533	16.41	6.42	16.45	5.26	17.64	3.66	12.46	0.86	16.51	1.41	7.4	2.14	15.65	1.25	3.2	11.9	15.45	6.1	9.95	22.4	19.98	6.43	0.43	7.89	6.11	9.08	10.61	16.73	15.95	19.51	0.9	41.44	2.43	43.35
347	11.567	16.95	6.07	17.0	4.7	18.06	3.22	12.83	0.86	16.68	1.41	7.54	1.67	16.1	1.16	2.58	11.64	15.46	6.07	9.49	22.25	19.91	6.38	0.43	7.85	6.13	9.33	11.06	16.33	16.49	19.65	0.99	41.26	1.78	44.11
348	11.6	15.9	6.17	16.24	5.24	17.23	3.16	12.61	0.49	16.07	0.98	7.13	2.12	14.87	1.44	4.21	9.2	15.66	7.06	12.16	13.31	20.78	6.06	0.43	8.32	5.31	9.83	10.57	16.88	16.19	19.22	0.99	40.32	2.75	40.77
349	11.633	62.55	69.46	63.85	69.63	63.9	67.6	58.92	63.43	61.45	64.53	55.36	59.98	53.41	69.22	50.9	47.47	47.07	67.56	50.86	47.63	52.18	60.49	36.91	55.61	36.21	64.21	35.02	52.3	32.18	63.97	31.89	49.03	32.41	51.28
350	11.667	62.78	69.26	64.08	69.39	64.08	67.41	59.05	63.51	61.51	64.65	55.43	60.55	53.41	69.71	50.73	47.7	46.96	67.62	50.38	47.65	52.18	60.52	37.29	56.21	36.51	64.75	35.08	52.13	32.21	63.71	32.17	48.73	32.75	50.99
351	11.7	16.41	5.77	16.73	4.61	17.56	2.77	12.8	0.49	16.1	0.43	7.12	2.42	15.28	2.13	3.78	8.77	15.76	6.92	11.65	13.23	20.45	6.38	0.43	9.19	5.61	10.87	11.06	16.99	16.36	19.68	0.99	40.48	2.06	41.79
352	11.733	62.68	69.0	63.98	69.17	64.15	67.17	59.35	63.43	61.96	64.39	55.72	60.54	53.76	69.49	50.38	48.47	47.33	67.28	50.41	48.06	52.3	58.27	37.96	55.92	37.16	64.41	35.7	51.54	32.73	63.27	32.96	47.39	33.65	49.65
353	11.767	16.48	5.68	16.93	4.46	17.6	2.48	13.07	0.49	15.93	0.98	6.98	1.95	14.87	1.57	3.54	7.64	15.06	5.99	13.04	9.82	20.57	4.57	0.43	9.26	5.16	11.1	11.23	16.58	16.48	19.43	0.99	39.15	2.25	40.86
354	11.8	16.44	5.56	16.77	4.28	17.48	2.54	12.64	0.49	15.72	0.43	6.78	2.57	14.92	2.82	3.67	9.09	15.47	7.92	11.19	13.74	20.04	6.66	0.43	9.29	5.0	11.22	10.75	16.94	16.43	20.07	1.1	38.76	2.63	40.46
355	11.833	16.16	5.23	16.62	3.86	17.15	2.03	12.67	0.49	15.27	0.43	6.49	2.5	14.59	2.52	2.94	8.94	14.96	7.3	10.92	13.33	19.98	5.73	0.43	9.51	5.11	11.33	10.91	16.83	16.42	19.81	0.99	39.7	2.27	41.29
356	11.867	16.31	5.76	16.72	4.46	17.38	2.58	12.78	0.49	15.65	0.98	6.77	2.37	14.78	2.23	3.15	8.66	14.96	6.72	11.48	12.55	20.21	4.97	0.43	9.39	5.15	11.23	11.07	16.89	16.48	19.9	0.99	39.94	2.28	41.65
357	11.9	16.83	5.59	17.3	4.11	17.8	2.27	12.98	0.49	15.65	0.43	6.52	2.83	14.79	2.66	2.53	9.79	14.78	6.74	10.82	15.49	20.03	5.08	0.43	9.72	4.95	11.55	11.2	16.55	16.66	19.8	0.99	39.84	2.3	41.99
358	11.933	16.92	5.45	17.3	3.96	17.86	2.21	12.98	0.49	15.76	0.43	6.83	2.39	15.02	2.35	2.74	9.13	14.83	6.62	10.51	14.27	19.78	4.95	0.43	8.98	5.53	10.84	11.11	16.28	16.79	19.55	0.99	39.99	2.22	42.16
359	11.967	16.42	5.06	16.8	3.63	17.32	1.92	12.48	0.49	15.17	0.43	6.56	2.85	14.43	2.93	3.36	9.43	14.95	7.3	10.89	14.21	20.16	5.05	0.43	9.8	5.25	11.67	10.84	16.48	16.56	19.66	0.99	39.58	2.54	41.47
360	12.0	16.75	5.44	16.92	3.73	17.54	2.5	12.32	0.5	15.34	0.43	6.52	2.78	15.02	3.9	2.54	8.14	14.19	7.07	9.98	12.39	18.53	3.89	0.47	9.89	5.61	12.27	11.25	15.91	16.48	20.13	1.19	38.34	1.61	41.93
361	12.033	15.99	5.69	16.48	4.17	16.81	2.49	12.93	0.59	14.83	0.98	7.15	3.01	14.33	2.47	3.47	7.24	14.12	5.23	11.04	9.3	18.28	3.2	0.43	9.06	5.78	10.53	11.17	16.01	16.66	18.62	1.19	38.82	2.88	40.67
362	12.067	16.15	5.6	16.61	4.16	17.11	2.39	12.74	0.59	15.23	0.98	6.71	2.36	14.5	2.12	2.07	7.07	13.5	5.27	9.32	10.33	17.6	3.68	0.43	8.56	6.06	10.11	10.62	15.85	16.62	18.58	1.19	40.4	3.05	42.16
363	12.1	15.9	5.5	16.4	4.12	16.85	2.32	12.72	0.59	14.95	0.98	6.91	2.65	14.06	2.14	3.1	6.96	13.73	5.39	10.78	8.5	18.21	3.43	0.43	9.11	5.71	10.59	10.58	16.14	16.27	18.64	1.19	40.16	3.31	41.67
364	12.133	16.46	5.63	16.89	4.23	17.44	2.51	13.1	0.59	15.64	0.98	7.17	2.34	14.59	2.29	2.8	6.31	12.89	5.04	10.21	8.13	16.46	2.69	0.43	8.65	5.57	10.35	10.79	16.08	16.45	18.96	1.27	38.66	2.93	40.66
365	12.167	16.35	5.4	16.82	3.95	17.31	2.13	12.94	0.59	15.36	0.98	6.87	2.37	14.46	1.81	2.51	6.85	13.02	4.69	10.09	9.31	16.54	3.36	0.43	8.63	5.96	10.01	10.89	16.23	16.79	18.6	1.19	39.65	3.03	41.24
366	12.2	16.27	5.41	16.73	3.87	17.15	2.12	12.87	0.59	15.1	0.98	6.84	2.53	14.36	2.23	2.41	7.18	12.75	5.36	10.24	8.83	16.44	3.11	0.43	9.33	5.96	10.89	11.14	16.29	16.83	18.96	1.19	39.94	2.58	41.93
367	12.233	17.01	5.62	17.58	3.96	17.82	2.15	13.45	0.5	15.39	0.98	7.02	2.91	14.45	2.75	2.42	8.51	12.8	6.4	9.97	12.02	16.51	4.86	0.47	9.64	5.32	11.35	10.76	16.59	16.59	19.54	1.19	40.32	2.56	42.41
368	12.267	17.1	5.51	17.6	3.98	17.99	2.2	13.25	0.49	15.64	0.43	7.04	2.8	14.68	3.1	3.64	8.69	14.62	7.51	11.7	12.5	19.49	5.61	0.43	9.76	5.06	11.85	10.7	16.8	16.49	20.18	0.99	40.41	2.78	42.41
369	12.3	16.72	5.45	17.22	3.98	17.6	2.18	13.03	0.49	15.29	0.43	7.0	3.12	14.32	3.24	4.19	8.8	14.77	7.63	12.37	11.93	19.85	5.46	0.43	10.28	4.98	12.26	10.69	17.01	16.31	20.16	0.99	40.44	2.9	42.16
370	12.333	17.36	5.21	17.83	3.54	18.11	1.88	13.34	0.49	15.55	0.43	7.15	2.58	14.67	2.74	3.15	9.15	13.61	6.9	11.91	13.1	18.57	4.93	0.43	9.87	5.33	11.91	11.05	16.55	16.65	20.12	0.99	40.54	2.11	43.53
371	12.367	16.54	5.52	16.76	3.94	17.39	2.6	12.54	0.49	15.37	0.43	6.89	3.02	14.84	3.0	3.56	9.45	14.44	5.66	10.02	16.37	18.37	3.84	0.43	9.38	5.18	11.02	10.41	16.06	16.27	19.3	1.19	38.46	2.8	41.08
372	12.4	16.47	4.99	16.73	3.32	17.2	1.99	12.51	0.49	15.0	0.43	6.95	2.83	14.66	2.65	3.76	9.41	14.23	5.75	11.15	15.66	18.67	4.43	0.43	9.35	5.34	10.96	10.79	16.61	16.63	19.83	0.99	39.7	2.43	42.7
373	12.433	16.52	5.06	16.94	3.88	17.58	1.94	12.84	0.6	15.61	0.98	7.0	2.21	14.41	1.41	3.59	7.35	14.46	4.66	11.44	11.37	19.7	3.85	0.6	9.01	6.14	10.41	10.88	16.76	16.45	19.04	0.99	40.57	2.92	41.49
374	12.467	16.66	5.11	17.08	4.01	17.77	2.01	12.95	0.6	15.86	0.98	7.04	2.07	14.45	1.23	3.71	7.0	14.36	4.61	11.79	10.3	19.54	3.92	0.6	8.86	6.02	10.26	10.69	16.75	16.46	18.94	1.19	40.13	3.19	40.95
375	12.5	16.61	5.25	16.89	4.11	17.69	2.33	12.8	0.6	16.01	0.98	7.33	2.54	14.99	1.65	3.81	7.43	14.72	4.61	11.03	11.13	19.18	4.09	0.6	8.85	6.51	10.11	10.75	16.77	16.62	18.96	0.99	40.62	2.96	41.81
376	12.533	16.52	5.04	16.77	3.85	17.54	2.25	12.6	0.49	15.81	0.98	7.12	2.62	14.97	2.21	3.7	7.97	14.77	5.4	10.81	12.42	19.29	4.31	0.43	9.48	6.13	10.98	10.63	16.69	16.48	19.38	1.19	39.63	2.93	41.39
377	12.567	16.36	5.63	16.94	4.71	17.48	2.61	13.55	0.7	15.9	0.98	8.38	3.51	14.06	2.12	7.39	7.65	14.66	5.81	17.06	7.98	20.41	4.66	0.7	10.26	4.95	11.62	10.33	17.81	16.15	19.75	1.1	39.26	4.73	39.82
378	12.6	62.48	72.04	63.47	72.19	63.87	70.27	58.17	64.77	61.38	66.29	54.93	59.92	53.02	69.95	50.11	47.44	46.08	69.33	49.11	46.99	50.73	62.57	37.02	56.26	36.45	65.1	35.1	52.93	32.42	64.73	32.57	49.26	33.6	51.72
379	12.633	16.04	4.51	16.93	3.28	16.76	1.19	13.85	0.7	14.56	1.3	8.34	4.42	13.3	2.88	7.8	9.64	13.62	8.0	18.31	8.58	19.58	6.12	0.61	12.78	4.35	14.11	10.62	18.62	16.24	20.63	0.99	40.33	4.01	41.39
380	12.667	17.03	4.81	17.82	3.57	17.86	1.47	14.38	0.7	15.7	0.75	8.61	2.92	14.46	1.93	7.11	8.72	14.08	7.53	17.76	9.2	19.85	6.37	0.61	11.27	4.89	12.96	11.33	18.28	16.91	20.84	0.99	40.76	3.13	42.24
381	12.7	17.02	4.78	18.5	3.16	17.38	0.82	16.05	0.51	14.82	1.3	9.54	3.9	14.4	1.9	7.75	9.73	13.26	7.39	19.32	10.28	19.27	6.93	0.38	11.76	4.77	13.07	11.28	18.19	17.25	20.43	0.99	41.26	3.13	42.83
382	12.733	16.78	4.72	18.2	3.19	17.19	0.83	15.67	0.51	14.6	1.3	9.26	3.94	14.08	2.04	7.98	9.66	13.49	7.64	19.46	9.79	19.69	6.71	0.38	12.07	4.71	13.4	11.3	18.32	17.18	20.47	0.99	40.76	3.19	42.01
383	12.767	17.29	4.82	18.4	3.45	17.94	1.25	15.47	0.7	15.58	1.3	9.43	3.33	14.57	2.03	7.71	8.5	13.96	6.99	18.37	9.34	19.47	6.0	0.61	11.07	5.13	12.69	11.36	17.9	17.1	20.43	0.99	39.63	3.48	40.96
384	12.8	62.82	71.94	63.71	72.08	64.27	70.32	58.17	65.06	61.99	66.85	55.33	60.58	53.44	70.64	50.59	47.62	46.36	69.1	50.08	47.05	51.51	61.58	37.2	56.57	36.62	65.55	34.86	53.05	31.99	65.25	32.22	49.19	32.96	52.22
385	12.833	62.92	71.61	63.77	71.65	64.29	69.97	57.95	64.57	61.73	66.55	55.02	60.49	53.09	70.6	50.46	47.65	46.44	69.36	49.79	47.01	51.46	62.93	36.87	56.71	36.27	65.68	34.51	53.11	31.58	65.2	32.55	49.49	33.47	52.66
386	12.867	18.06	5.64	18.71	4.34	18.79	2.52	15.57	0.6	16.77	0.98	10.63	2.61	15.6	1.13	7.99	5.91	13.46	3.15	16.73	5.93	17.37	2.46	0.6	8.49	6.31	9.87	11.85	17.27	16.99	19.57	1.1	39.83	2.45	41.93
387	12.9	17.82	5.2	18.43	3.79	18.48	2.07	15.22	0.58	16.37	0.98	10.21	2.78	15.37	1.46	7.73	6.7	13.4	4.08	17.03	6.31	17.47	2.84	0.7	9.42	6.08	10.88	11.85	17.23	16.73	19.75	0.99	40.18	1.98	42.68
388	12.933	17.68	4.86	18.35	3.35	18.26	1.6	15.11	0.58	15.97	0.43	9.87	2.57	15.06	1.3	7.33	7.18	13.18	4.7	17.45	6.55	17.53	3.59	0.7	10.02	5.89	11.56	11.99	17.21	16.85	19.83	0.99	39.48	1.82	42.24
389	12.967	63.09	72.8	64.06	72.65	64.44	71.05	58.8	64.59	62.19	66.88	56.0	60.54	53.0	70.99	49.77	50.02	44.91	69.93	49.32	51.3	51.24	61.56	37.41	55.33	36.27	64.47	35.24	53.29	32.01	66.21	32.76	49.73	34.28	53.78
390	13.0	17.77	5.83	18.37	4.64	18.62	2.75	15.2	0.6	16.76	0.98	10.11	2.34	15.57	1.02	7.08	5.82	13.59	3.51	16.02	6.07	17.49	2.98	0.6	8.85	6.44	10.26	11.91	17.28	16.97	19.56	1.1	39.79	2.17	41.65
391	13.033	17.71	6.0	18.35	4.84	18.57	2.91	15.31	0.6	16.75	0.98	10.27	2.7	15.48	1.12	7.19	5.67	13.29	3.05	15.77	5.73	16.89	2.58	0.56	8.82	6.51	10.03	11.88	17.33	16.96	19.31	1.1	39.76	2.4	41.35
392	13.067	17.54	6.43	18.29	5.42	18.54	3.25	15.49	0.6	16.89	0.98	10.14	2.98	15.36	1.12	7.18	5.68	13.35	3.1	16.06	5.95	17.51	2.97	0.58	9.26	6.19	10.36	12.2	17.75	17.17	19.41	1.1	39.45	2.74	40.29
393	13.1	18.31	5.08	19.08	3.79	19.0	1.86	16.16	0.58	16.9	0.43	10.82	2.68	15.42	0.94	7.48	7.22	12.56	4.22	17.21	7.0	17.22	3.97	0.7	10.38	5.87	11.76	12.42	17.85	16.99	20.22	1.1	38.84	2.24	41.31
394	13.133	18.09	4.95	18.9	3.81	18.92	1.7	15.95	0.58	16.89	0.43	10.39	2.68	15.09	0.97	7.05	7.06	12.18	4.31	16.27	7.18	16.78	3.98	0.7	10.38	5.69	11.69	12.05	18.19	16.89	20.29	1.1	38.8	2.88	40.48
395	13.167	16.9	6.4	17.71	5.53	17.96	3.21	15.47	0.29	16.6	0.98	10.37	3.81	14.8	1.24	7.87	6.78	12.52	3.4	16.08	7.32	16.6	3.86	0.65	10.17	5.88	10.76	11.99	19.12	17.29	19.95	1.1	39.01	3.79	38.93
396	13.2	18.06	4.66	19.17	3.85	19.14	1.19	16.72	0.65	17.52	0.93	10.65	2.44	15.45	0.85	7.66	6.5	12.93	3.71	16.88	7.53	17.67	4.57	0.7	10.15	5.75	11.1	12.16	18.73	17.48	19.91	1.1	40.26	3.25	39.88
397	13.233	18.06	4.86	19.4	3.83	18.83	1.3	17.21	0.7	16.87	1.3	11.04	4.52	15.07	1.44	8.41	8.7	13.32	4.5	18.31	8.39	18.41	4.76	0.61	11.73	4.86	12.48	11.94	18.68	16.74	19.86	1.1	39.44	3.14	39.78
398	13.267	17.91	4.0	19.5	2.96	18.69	0.08	17.25	0.56	16.44	1.3	10.3	4.13	14.25	0.67	7.19	7.75	11.72	2.96	17.75	7.4	17.43	2.89	0.7	12.21	4.65	12.78	11.64	19.09	16.74	19.9	0.99	40.01	3.41	39.69
399	13.3	17.84	4.52	19.08	3.74	18.89	0.97	16.74	0.66	17.08	1.3	10.53	4.15	14.4	0.92	7.07	6.28	11.69	2.02	16.53	5.87	16.89	1.73	0.69	11.81	5.48	12.34	12.47	19.09	17.05	19.8	1.19	39.26	3.48	38.63
400	13.333	18.07	3.98	19.59	2.94	18.88	0.18	17.3	0.56	16.67	1.3	10.63	4.09	14.34	0.94	7.08	7.01	11.78	2.94	17.44	6.67	17.41	3.03	0.7	12.31	5.1	13.04	12.08	18.9	16.71	20.0	0.99	40.19	3.36	40.14
401	13.367	17.9	4.03	19.5	3.01	18.71	0.05	17.27	0.63	16.5	1.3	10.35	4.2	14.34	0.65	7.47	7.88	12.26	3.27	18.23	7.01	18.14	2.93	0.7	12.47	4.94	13.03	11.8	18.96	17.05	19.66	0.99	40.16	3.57	39.53
402	13.4	17.35	4.69	18.91	4.05	18.5	0.79	16.98	0.35	16.78	1.3	10.23	5.34	13.76	1.12	7.46	7.65	12.19	2.51	17.08	6.56	17.9	2.55	0.8	12.31	5.01	12.33	11.82	19.39	16.74	18.96	1.19	39.97	5.0	37.52
403	13.433	17.8	4.22	19.43	3.39	18.79	0.25	17.25	0.71	16.78	1.3	10.07	5.0	14.16	1.12	6.85	8.2	12.16	3.23	16.98	7.09	17.71	3.2	0.7	12.6	4.82	12.89	11.38	19.43	16.88	19.55	1.1	40.8	4.84	39.28
404	13.467	17.57	3.81	19.25	2.72	18.36	0.16	17.01	0.63	16.03	1.3	9.79	4.84	13.8	1.01	6.46	8.31	11.33	3.32	17.01	6.88	17.07	2.95	0.74	13.29	4.87	13.61	11.65	19.41	16.97	19.72	0.99	41.29	4.12	40.39
405	13.5	17.13	4.22	18.93	2.84	17.66	0.37	16.56	0.63	14.9	1.3	9.06	4.79	13.53	1.17	6.2	9.12	11.52	4.69	18.23	8.27	17.89	5.01	0.53	14.23	4.84	14.69	11.93	19.44	17.25	20.09	0.99	41.76	3.23	41.58
406	13.533	17.27	4.1	19.13	2.73	17.71	0.37	16.94	0.63	14.9	1.3	9.52	4.77	13.57	1.09	6.49	8.9	11.47	4.34	18.43	7.74	17.86	4.62	0.53	14.32	4.8	14.79	11.97	19.84	17.1	20.58	0.99	41.54	3.23	41.69
407	13.567	17.56	3.85	19.16	2.36	18.04	0.38	16.75	0.63	15.31	1.3	9.81	3.63	13.79	0.75	6.28	7.39	10.86	3.53	18.18	7.0	16.88	3.85	0.53	13.68	5.09	14.52	12.52	19.33	17.26	20.79	0.99	41.33	2.6	42.5
408	13.6	17.43	4.03	19.11	2.41	17.76	0.44	16.8	0.63	14.89	1.3	9.95	4.49	13.61	1.62	6.9	8.49	11.69	4.69	19.27	7.79	18.3	4.9	0.53	14.42	4.51	15.38	12.4	19.37	16.88	21.14	0.99	41.02	2.78	42.73
409	13.633	18.42	3.88	19.93	2.39	18.85	0.47	17.66	0.56	16.24	1.3	11.25	4.0	14.69	1.18	6.94	6.6	11.02	2.76	16.78	5.69	15.83	2.55	0.2	12.48	5.55	13.35	13.07	19.49	17.17	21.17	0.99	40.94	1.99	42.41
410	13.667	17.59	4.86	19.07	2.75	17.66	0.68	16.2	0.63	14.37	1.3	9.23	4.04	14.16	2.7	6.13	7.56	10.99	5.11	17.88	8.76	17.05	4.78	0.53	13.28	4.96	14.91	12.6	19.26	17.87	22.23	0.99	41.67	1.78	44.91
411	13.7	18.3	4.98	19.68	3.23	18.53	1.1	17.15	0.63	15.73	1.3	10.82	3.64	15.37	1.8	8.41	7.59	13.14	4.78	18.85	8.32	18.79	4.85	0.61	11.59	5.14	13.1	11.83	19.5	17.7	22.14	0.99	41.17	2.7	43.67
412	13.733	18.58	5.13	19.84	3.66	19.0	1.41	17.17	0.7	16.36	1.3	10.99	3.49	15.43	1.77	8.8	8.25	13.39	5.69	18.74	9.07	18.98	5.45	0.61	11.63	5.03	13.22	11.92	19.53	17.66	22.09	0.99	40.35	3.13	42.25
413	13.767	18.83	5.12	19.84	3.99	19.62	1.59	16.77	0.7	17.24	0.75	10.74	2.58	15.64	0.95	9.02	7.27	14.02	5.19	18.78	8.67	19.33	5.65	0.61	10.55	5.53	12.13	12.04	19.25	17.57	21.43	0.99	40.84	3.47	41.61
414	13.8	18.53	4.9	19.6	3.91	19.47	1.24	16.71	0.7	17.29	1.3	10.49	3.03	15.17	0.54	8.25	7.24	12.83	4.07	17.75	8.08	17.71	5.05	0.7	11.3	5.51	12.31	12.3	19.65	17.79	20.87	0.99	41.23	3.9	41.05
415	13.833	18.18	4.63	19.47	3.81	19.21	0.81	16.91	0.56	17.12	1.3	10.34	3.67	14.65	0.35	7.78	7.31	12.36	3.38	17.18	7.38	17.48	4.25	0.7	11.5	5.51	12.02	12.24	20.07	17.5	20.43	0.99	41.93	4.09	40.56
416	13.867	63.55	72.8	64.38	72.52	64.74	71.28	58.41	65.18	62.24	68.33	55.73	62.32	53.18	72.66	49.7	52.67	46.13	70.76	49.93	52.73	53.23	61.07	36.68	55.33	35.96	64.5	34.78	53.38	31.5	66.59	32.12	49.98	33.35	55.29
417	13.9	63.53	72.15	64.36	71.93	64.72	70.68	58.67	64.72	62.29	67.82	56.04	61.88	53.39	71.98	49.75	52.36	46.69	70.0	49.85	52.11	53.53	60.1	36.85	54.41	35.97	63.54	34.78	52.6	31.32	65.82	32.01	48.79	32.98	54.19
418	13.933	17.98	4.15	19.4	2.75	18.52	0.25	16.81	0.63	15.82	1.3	10.28	3.88	14.29	1.56	7.52	8.05	12.57	4.89	17.88	7.95	18.13	4.4	0.61	12.41	4.8	13.56	12.5	19.23	17.06	21.05	0.99	39.7	3.14	40.7
419	13.967	17.87	4.02	19.26	2.99	18.65	0.28	16.87	0.7	16.39	1.3	10.43	4.33	14.1	1.38	8.02	9.03	12.83	5.15	18.47	8.33	18.72	4.88	0.61	12.99	4.33	13.87	11.9	19.58	16.58	20.81	1.1	38.58	4.3	38.71
420	14.0	63.04	71.74	63.86	71.43	64.32	70.31	58.12	64.39	62.27	67.64	55.61	61.71	53.49	72.12	49.67	51.17	46.46	69.67	50.5	52.34	53.72	61.49	35.92	55.13	35.4	64.42	33.87	52.61	30.76	66.15	30.88	49.2	31.96	54.9
421	14.033	63.32	73.14	63.95	72.74	64.42	71.63	57.47	64.92	61.73	68.32	54.85	61.69	52.73	72.27	49.15	50.64	46.01	70.07	47.91	51.43	52.93	63.24	35.87	55.71	35.31	64.86	34.24	52.46	30.66	65.4	31.7	49.41	32.56	54.53
422	14.067	63.2	73.36	63.9	73.0	64.45	71.79	57.37	64.95	61.93	68.3	54.57	61.41	52.61	72.31	48.87	50.07	45.27	70.05	48.44	51.51	52.98	63.45	34.96	55.46	34.58	64.86	33.9	52.38	30.66	65.68	31.41	49.46	32.68	54.82
423	14.1	19.07	4.45	20.03	3.27	19.93	0.91	16.94	0.56	17.7	1.3	10.73	2.76	15.63	0.71	7.17	6.39	11.99	3.28	16.57	7.36	16.47	4.63	0.7	12.04	5.79	13.25	12.08	20.0	17.62	21.79	0.99	41.75	3.39	42.88
424	14.133	63.59	73.02	64.22	72.59	64.72	71.53	57.68	64.86	62.09	68.39	55.19	61.7	52.99	72.6	49.46	50.16	45.71	70.12	48.6	51.43	52.95	63.32	36.16	55.99	35.58	65.36	34.4	52.82	30.79	66.13	31.69	49.76	32.35	55.18
425	14.167	18.43	4.34	19.5	2.76	18.95	0.78	16.41	0.63	16.26	1.3	10.16	3.66	14.99	1.91	7.5	7.34	12.39	4.18	18.31	7.99	17.83	5.11	0.59	13.04	4.83	14.53	11.42	19.96	16.67	22.49	0.99	41.41	3.2	44.07
426	14.2	17.97	4.39	19.39	2.95	18.5	0.36	16.63	0.63	15.53	1.3	9.92	4.46	13.8	1.5	7.69	7.55	11.55	3.37	18.54	7.26	17.54	3.63	0.53	14.13	5.05	14.97	11.61	20.47	16.72	21.72	0.99	42.34	3.57	42.82
427	14.233	17.83	4.34	19.22	2.78	18.25	0.35	16.46	0.63	15.25	1.3	9.9	4.7	13.85	1.83	7.82	8.13	11.76	3.96	18.79	7.91	17.65	4.45	0.53	14.36	5.08	15.24	11.63	20.17	16.78	21.57	0.99	42.23	3.36	43.21
428	14.267	18.52	4.67	19.76	3.72	19.37	0.94	16.89	0.63	16.91	1.3	10.47	3.6	14.62	0.77	8.58	8.18	12.84	4.79	19.13	8.28	18.95	5.64	0.61	12.61	5.37	13.56	11.91	20.17	17.53	21.29	0.99	41.92	4.3	41.63
429	14.3	17.64	4.39	19.16	3.14	18.2	0.47	16.88	0.63	15.55	1.3	10.42	4.49	13.86	1.36	9.01	8.42	12.66	4.82	20.02	8.7	19.25	5.99	0.65	14.52	4.96	15.29	11.78	20.85	16.84	21.94	0.99	42.11	4.29	42.14
430	14.333	17.26	4.47	18.81	3.13	17.79	0.43	16.62	0.63	15.27	1.3	10.01	4.22	13.99	1.26	8.65	8.74	12.9	5.6	20.62	9.12	20.05	6.83	0.37	15.45	4.83	16.33	12.38	21.09	17.32	22.34	0.99	42.25	3.43	42.57
431	14.367	17.05	4.65	18.81	3.05	17.38	0.3	16.79	0.54	14.57	1.3	9.89	5.29	13.52	1.93	9.0	9.48	12.57	5.64	21.51	9.95	19.99	7.16	0.42	16.3	4.42	17.03	11.97	21.34	16.94	22.4	0.99	42.61	3.69	42.93
432	14.4	17.17	4.35	19.1	2.15	16.89	0.51	17.52	0.43	13.73	1.3	9.9	3.49	14.38	1.4	8.43	9.18	11.92	7.58	21.15	10.82	20.59	11.25	0.43	16.22	3.49	17.6	13.28	21.45	17.63	23.38	0.96	41.63	1.84	43.98
433	14.433	17.34	4.89	19.24	3.24	17.49	0.56	17.12	0.54	14.35	1.3	10.04	5.53	13.7	2.34	8.96	9.63	12.62	6.28	21.78	11.18	20.36	9.39	0.49	16.75	4.63	17.64	11.21	22.08	16.39	23.43	1.03	43.41	3.24	44.17
434	14.467	17.22	4.91	19.18	3.44	17.49	0.53	17.02	0.54	14.36	1.3	9.59	5.35	13.46	2.02	8.33	9.56	12.4	6.28	21.26	10.98	20.31	9.29	0.37	16.47	4.68	17.24	11.32	22.07	16.85	23.06	1.03	42.8	3.7	42.86
435	14.5	17.1	5.13	19.25	3.68	17.39	0.47	16.98	0.54	13.99	1.3	8.75	5.73	12.94	1.72	7.3	9.75	11.81	5.38	20.64	11.36	20.04	9.22	0.37	16.65	4.32	17.06	11.09	22.36	17.04	22.64	1.03	42.54	4.24	41.86
436	14.533	17.33	4.48	19.34	2.13	16.95	0.5	17.36	0.54	13.38	1.3	9.33	3.73	14.39	1.92	7.74	9.33	11.76	8.12	20.25	11.36	19.96	11.9	0.51	15.96	3.94	17.5	11.86	21.21	17.55	23.25	1.03	41.71	1.89	43.79
437	14.567	17.34	4.8	19.25	2.94	17.37	0.31	16.52	0.54	13.65	1.3	8.81	6.0	13.19	2.8	7.6	10.08	12.29	5.76	20.09	11.73	19.86	8.49	0.39	16.26	4.27	17.05	10.44	21.31	16.44	22.5	0.99	43.57	3.55	44.41
438	14.6	17.39	4.87	19.29	3.15	17.57	0.34	16.74	0.54	14.1	1.3	9.0	5.77	13.43	2.35	7.45	10.18	12.34	5.85	20.0	11.05	19.68	8.01	0.37	15.97	4.63	16.63	11.04	21.49	17.1	22.38	0.99	42.51	3.93	42.84
439	14.633	17.64	5.02	19.35	3.15	17.8	0.56	16.41	0.57	14.25	1.3	8.66	5.4	13.92	2.89	6.77	9.84	12.25	6.52	18.59	10.88	18.3	7.93	0.37	16.04	4.87	17.09	11.07	21.47	17.25	22.95	0.99	42.24	3.39	43.16
440	14.667	17.61	4.68	19.08	2.93	17.93	0.46	15.76	0.54	14.46	1.3	8.12	5.2	13.95	3.04	5.83	9.39	12.39	6.17	16.97	10.69	18.06	7.3	0.31	15.5	5.21	16.58	11.03	21.4	17.28	22.9	0.99	42.31	3.44	43.14
441	14.7	17.99	4.25	19.22	2.94	18.62	0.44	16.02	0.7	15.75	1.3	9.03	4.14	14.66	1.95	6.96	8.24	13.13	5.22	17.11	9.2	18.01	5.8	0.61	13.95	5.68	14.97	11.41	21.21	17.66	22.55	0.99	41.15	4.06	41.36
442	14.733	17.33	4.09	18.84	2.51	17.62	0.09	16.5	0.63	14.74	1.3	9.95	5.17	14.3	2.54	9.48	9.26	13.18	6.03	20.19	9.58	18.85	6.16	0.37	16.25	5.12	17.17	11.43	21.82	17.63	23.14	0.99	41.49	4.05	41.99
443	14.767	17.24	4.26	18.5	2.46	17.44	0.33	15.56	0.57	14.3	1.3	9.05	5.38	14.25	3.37	8.6	10.56	13.58	7.67	19.9	10.96	19.38	7.62	0.48	16.34	5.03	17.56	11.3	21.36	17.59	23.26	0.86	41.75	3.33	43.3
444	14.8	17.67	4.26	18.92	2.59	18.03	0.4	16.13	0.51	15.2	1.3	9.8	4.52	14.73	2.63	9.15	9.54	13.83	6.8	19.96	10.71	19.32	6.98	0.46	14.78	5.04	16.11	11.45	20.77	17.56	22.77	0.99	41.17	3.59	42.44
445	14.833	17.41	4.26	18.76	2.4	17.5	0.41	16.08	0.57	14.37	1.3	9.9	5.32	14.29	3.38	9.39	9.65	13.74	6.81	20.25	11.02	19.86	7.52	0.48	15.54	5.02	16.87	10.92	20.35	16.59	22.57	0.99	41.56	2.98	43.42
446	14.867	17.4	4.31	18.77	2.33	17.37	0.42	16.14	0.57	14.12	1.3	9.94	5.51	14.19	3.44	9.57	9.85	13.41	6.65	20.71	11.12	19.85	7.6	0.48	15.58	4.88	16.86	11.14	20.25	16.85	22.45	0.99	41.17	2.82	43.44
447	14.9	17.3	4.23	18.75	2.05	17.12	0.32	16.08	0.54	13.64	1.3	9.76	6.15	13.91	4.31	9.91	9.95	13.63	6.73	20.68	11.81	19.93	7.63	0.46	16.24	4.38	17.6	10.45	20.27	16.43	22.64	0.86	41.34	3.57	43.83
448	14.933	17.44	4.41	18.88	2.47	17.45	0.45	16.38	0.54	14.21	1.3	10.15	5.64	14.01	3.29	10.0	10.02	13.2	6.73	21.05	10.8	19.43	7.36	0.42	15.71	4.76	16.81	11.36	20.27	17.13	22.17	0.99	41.2	3.52	43.02
449	14.967	17.41	4.69	18.85	2.64	17.38	0.6	16.3	0.54	14.01	1.3	10.03	5.99	13.87	4.04	10.28	10.94	13.3	8.23	21.0	12.05	19.17	8.22	0.51	16.06	4.36	17.38	11.25	20.65	17.34	22.81	0.86	40.28	4.08	42.02
450	15.0	17.43	4.34	18.58	2.7	17.8	0.67	16.0	0.71	15.05	1.3	10.18	4.82	14.32	3.1	10.14	8.93	13.62	6.65	20.35	10.56	18.97	7.15	0.42	14.74	4.78	16.12	11.33	20.68	17.16	22.79	0.99	39.86	4.39	41.18
451	15.033	17.12	4.7	18.52	2.73	17.15	0.76	16.22	0.54	14.11	1.3	10.05	5.36	14.19	3.48	9.81	9.88	13.14	7.49	20.69	11.19	19.04	8.35	0.48	16.05	4.67	17.38	11.14	20.95	17.16	23.15	0.86	40.53	3.85	42.59
452	15.067	17.7	5.35	18.54	3.65	18.02	2.06	14.66	0.74	14.93	1.3	9.57	7.51	13.01	6.64	9.07	11.1	14.93	8.4	17.98	13.77	19.9	7.64	0.44	14.73	5.45	16.51	8.79	20.21	13.3	23.16	0.9	40.67	5.48	42.26
453	15.1	16.81	4.48	18.28	2.44	16.75	0.42	15.82	0.54	13.3	1.3	9.37	6.5	13.12	4.21	9.57	10.9	12.69	7.49	20.15	11.27	18.45	7.52	0.46	17.07	4.02	18.12	10.78	20.65	16.31	22.35	0.86	39.85	4.25	41.4
454	15.133	16.87	4.02	18.2	2.28	17.06	0.24	15.77	0.82	14.1	1.3	9.59	5.9	13.55	3.41	9.26	9.78	13.06	5.92	19.66	10.12	18.85	6.28	0.41	16.12	4.27	17.06	10.87	20.27	16.3	21.81	0.99	39.87	4.33	41.33
455	15.167	62.53	72.59	63.67	72.69	63.95	70.96	58.99	66.24	61.94	67.91	55.68	63.48	53.51	72.1	49.78	55.02	47.12	70.96	51.59	54.99	52.55	60.95	37.05	56.73	36.41	65.19	34.92	54.65	31.84	66.91	32.23	49.88	33.17	53.7
456	15.2	62.57	73.14	63.55	73.2	63.92	71.45	58.36	66.2	61.58	68.03	55.14	63.05	53.16	71.79	49.58	55.57	47.24	71.26	51.16	55.56	52.31	60.93	36.69	56.46	36.18	64.99	34.74	54.57	31.46	66.83	31.66	49.72	32.44	53.52
457	15.233	61.99	71.79	63.18	71.55	63.08	70.09	58.41	65.03	60.65	67.34	55.42	62.98	52.76	72.28	49.99	55.31	47.18	71.39	50.6	55.72	52.08	60.87	36.87	55.43	35.99	63.98	34.48	54.82	30.84	67.14	31.3	51.3	31.8	55.06
458	15.267	61.81	71.97	63.09	71.96	63.12	70.12	58.68	65.31	60.8	66.8	55.1	62.6	52.79	71.42	49.36	55.1	47.43	71.3	50.48	55.42	52.24	60.78	36.66	56.7	35.89	65.19	34.17	55.11	30.89	67.24	31.37	50.73	32.29	53.79
459	15.3	61.99	71.81	63.22	71.77	63.29	70.05	58.8	65.28	61.06	67.01	55.37	62.72	53.1	71.79	49.47	54.84	47.74	71.62	50.49	54.97	52.55	61.14	36.67	56.79	35.89	65.48	33.99	54.81	30.58	67.29	30.97	50.39	31.62	53.84
460	15.333	62.32	72.31	63.44	72.3	63.7	70.56	58.63	65.43	61.53	67.35	55.34	62.42	53.16	71.95	49.43	54.36	47.26	71.9	50.4	55.04	52.6	61.48	36.27	56.24	35.57	65.23	33.89	54.61	30.64	67.52	30.82	50.03	31.68	53.81
461	15.367	61.76	72.29	63.15	72.29	63.02	70.26	58.57	65.23	60.38	66.55	54.73	62.04	52.31	71.31	49.16	54.4	47.12	71.95	49.99	55.48	52.1	62.09	36.12	56.65	35.24	65.4	33.81	55.31	30.46	67.58	30.6	51.58	31.61	54.18
462	15.4	62.3	72.93	63.56	72.88	63.66	70.99	58.77	65.5	61.24	67.26	55.19	62.03	52.8	72.11	49.4	53.57	46.6	72.45	50.08	55.93	52.12	63.1	36.06	56.75	35.24	65.96	33.8	55.3	30.67	68.33	30.66	51.39	31.84	54.65
463	15.433	62.21	72.69	63.48	72.56	63.42	70.66	58.44	65.2	60.51	66.93	54.68	61.83	52.34	72.04	49.48	53.38	46.99	72.68	49.7	55.76	51.76	63.6	36.12	56.76	35.27	65.97	33.84	55.29	30.4	68.1	30.6	51.57	31.45	54.28
464	15.467	62.2	72.41	63.51	72.23	63.39	70.33	58.53	64.84	60.41	66.58	54.69	61.64	52.3	71.98	49.57	53.11	46.89	72.8	49.73	55.94	51.53	64.37	36.09	56.94	35.2	66.19	33.81	55.47	30.36	68.32	30.56	51.88	31.34	54.54
465	15.5	62.1	73.31	63.12	73.16	63.27	71.41	57.62	65.49	60.32	67.52	54.23	61.69	52.09	71.97	49.61	52.7	46.63	72.67	49.3	54.73	51.24	65.13	36.01	57.05	35.32	66.13	33.76	54.96	30.35	67.43	30.95	51.41	31.78	54.25
466	15.533	62.13	73.1	63.26	72.99	63.35	71.14	58.0	65.69	60.5	67.45	54.42	62.58	52.29	72.16	49.34	54.64	46.92	72.39	49.83	56.45	51.74	63.36	36.09	57.45	35.41	66.28	33.8	55.4	30.35	67.76	30.63	51.65	31.47	54.5
467	15.567	62.84	71.95	63.92	71.72	64.05	70.11	58.71	65.05	61.35	67.26	55.23	63.18	53.08	72.99	49.44	54.69	47.17	72.46	50.09	56.45	52.05	63.04	36.67	57.39	35.95	66.51	34.32	55.0	30.79	68.08	30.89	50.37	31.48	54.24
468	15.6	62.48	74.4	63.38	74.33	63.77	72.71	57.75	66.68	61.2	69.07	54.65	62.8	52.47	72.82	49.45	54.01	45.91	72.47	50.04	56.54	51.59	64.74	35.76	56.69	35.14	65.79	34.04	54.37	30.77	67.27	31.1	50.16	32.02	54.28
469	15.633	61.41	73.11	62.82	73.04	62.45	71.1	58.25	66.01	59.32	67.37	54.34	62.63	51.62	72.18	49.25	54.54	46.78	72.97	49.43	55.77	51.42	63.31	37.0	57.04	35.91	65.73	34.71	55.02	30.92	67.02	31.32	51.26	31.73	53.37
470	15.667	61.48	73.41	63.06	73.54	62.64	71.46	59.08	66.87	60.0	67.8	55.27	63.33	52.19	72.04	49.56	55.1	46.75	72.38	50.47	55.35	52.09	62.39	37.38	57.02	36.03	65.44	34.76	54.55	30.81	66.38	31.24	50.5	31.36	52.75
471	15.7	61.21	73.61	62.86	73.79	62.49	71.63	59.04	67.11	59.97	67.9	55.02	63.51	51.85	72.17	49.27	55.88	46.4	72.79	50.46	56.38	52.14	62.5	36.54	56.63	35.16	65.04	34.33	54.55	30.58	66.39	31.45	50.65	31.94	52.9
472	15.733	61.37	74.04	62.85	74.22	62.62	72.21	58.96	67.49	60.34	68.59	55.33	64.08	52.45	72.34	49.58	56.87	46.82	72.46	50.96	57.08	52.16	62.11	36.34	56.36	35.21	64.57	34.26	54.97	30.72	66.78	30.95	50.78	31.29	53.7
473	15.767	61.59	73.96	63.26	74.12	62.75	71.94	59.56	67.16	60.09	67.98	55.54	63.59	52.36	71.91	49.49	56.87	47.3	72.91	50.47	56.57	51.9	62.15	36.78	56.19	35.42	64.49	34.28	54.78	30.26	66.54	30.98	50.72	30.95	53.03
474	15.8	16.49	4.79	17.72	3.59	16.89	1.21	14.6	1.33	13.43	1.3	9.31	10.22	10.25	7.32	9.44	11.32	12.69	5.91	17.33	10.63	18.05	2.24	1.35	16.55	5.23	17.01	9.49	21.78	12.74	22.37	1.04	38.29	7.87	36.74
475	15.833	16.72	4.93	17.86	3.68	17.12	1.45	14.52	1.28	13.76	1.3	9.38	9.91	10.75	7.67	9.45	11.29	13.28	7.0	17.45	11.09	18.49	3.53	1.09	16.9	5.26	17.77	9.16	21.42	12.65	22.65	1.04	38.76	7.25	37.75
476	15.867	17.01	5.06	18.21	3.59	17.26	1.41	15.01	1.06	13.83	1.3	9.83	10.11	11.06	7.57	9.12	11.1	12.86	6.12	16.88	10.38	18.1	2.21	1.45	16.53	5.57	17.25	9.55	21.11	12.73	22.34	1.04	39.68	6.3	39.09
477	15.9	16.82	5.17	18.32	3.59	16.94	1.17	15.43	0.9	13.11	1.3	9.59	10.29	10.4	7.0	9.32	12.37	12.22	6.24	18.4	11.35	18.01	2.23	1.14	17.62	4.94	18.06	9.8	21.46	12.69	22.29	1.04	39.75	5.96	38.89
478	15.933	16.29	5.0	17.72	3.5	16.49	1.11	15.02	0.9	12.92	1.3	9.43	10.46	10.25	6.76	9.4	13.22	12.11	6.17	19.06	11.53	17.92	1.96	0.82	17.82	4.57	18.03	10.06	22.19	12.92	22.8	1.04	39.38	5.95	38.82
479	15.967	16.43	5.52	17.86	3.73	16.41	1.51	14.8	0.52	12.39	1.3	8.96	10.31	10.19	7.25	9.15	14.12	12.42	8.22	20.05	12.79	18.98	4.78	0.36	18.68	3.87	19.37	10.28	22.19	13.33	23.6	0.95	39.81	5.11	40.52
480	16.0	16.69	5.46	18.02	3.54	16.59	1.43	14.72	0.44	12.33	1.3	8.97	10.69	10.18	7.84	8.82	13.42	11.99	7.76	19.2	12.28	18.28	4.33	0.48	18.68	4.48	19.41	10.43	22.04	13.46	23.56	0.95	40.43	5.0	41.29
481	16.033	61.87	73.68	63.91	73.89	63.04	71.33	58.85	66.78	60.56	67.53	54.03	64.94	53.47	71.69	47.05	58.29	46.35	70.69	49.68	59.8	51.58	62.3	30.08	60.55	30.66	68.88	26.24	61.92	24.61	74.28	17.85	59.98	18.39	62.66
482	16.067	16.29	4.91	17.47	2.74	16.03	1.16	14.45	0.54	12.16	1.3	9.36	10.17	10.81	8.15	9.49	13.16	13.02	8.36	19.22	13.71	18.14	6.36	0.49	17.84	4.78	18.86	10.4	22.05	14.0	24.16	0.95	38.75	5.88	40.75
483	16.1	16.01	5.13	17.04	3.24	15.92	1.59	13.87	0.54	12.28	1.3	8.99	9.74	11.0	7.47	9.26	13.37	13.34	8.59	19.05	13.0	18.37	6.3	0.44	17.41	5.03	18.24	10.46	22.84	14.09	24.6	0.95	39.87	4.88	41.51
484	16.133	15.97	4.73	17.09	2.66	15.74	1.04	14.11	0.54	11.86	1.3	9.05	9.65	10.62	7.52	8.85	13.05	12.26	8.15	18.04	12.64	16.44	5.57	0.6	17.39	4.96	18.21	10.39	23.07	13.84	24.81	0.95	39.29	4.84	40.99
485	16.167	15.74	4.82	16.92	2.77	15.48	1.11	13.97	0.54	11.55	1.3	8.86	9.91	10.45	7.79	8.84	13.63	12.59	9.1	18.37	13.02	17.18	6.54	0.49	17.93	4.82	18.79	10.34	23.25	13.95	25.03	0.95	40.16	4.88	41.84
486	16.2	16.04	4.47	17.17	2.56	15.92	0.88	14.19	0.54	12.21	1.3	9.1	9.31	10.68	7.31	9.03	12.98	12.75	8.44	18.45	12.38	17.47	5.63	0.33	17.18	4.71	18.15	9.97	23.02	13.7	24.86	0.95	38.97	5.57	40.53
487	16.233	16.5	4.28	17.61	2.36	16.48	0.69	14.62	0.79	12.98	1.3	9.55	9.13	10.96	7.38	9.01	12.08	12.49	7.56	17.91	11.99	17.24	4.72	0.36	16.53	4.62	17.7	9.73	22.26	12.93	24.32	1.04	38.17	5.77	39.69
488	16.267	16.62	4.68	17.67	2.9	16.71	1.24	14.64	0.82	13.32	1.3	9.69	9.14	11.15	7.47	9.57	11.72	12.65	7.26	18.04	11.92	17.42	4.34	0.1	15.55	4.32	16.77	9.63	22.36	12.79	24.43	0.3	37.57	6.0	38.95
489	16.3	16.25	5.13	17.67	2.9	15.89	1.21	14.9	0.61	11.73	1.3	9.45	10.21	10.48	8.23	9.97	13.56	12.6	8.99	19.44	12.75	18.17	5.16	0.45	18.2	3.76	19.35	9.75	22.48	12.88	24.69	0.95	39.74	4.85	41.52
490	16.333	16.43	4.74	17.68	3.08	16.5	1.01	14.58	0.31	12.79	1.3	9.25	10.17	10.59	7.48	9.17	13.34	12.53	7.73	17.93	11.92	17.53	3.86	0.1	17.07	4.24	17.73	9.52	22.48	13.02	23.73	1.04	39.92	5.69	40.3
491	16.367	16.3	4.96	17.93	2.9	16.02	0.85	15.45	0.61	11.89	1.3	9.76	10.69	10.2	7.52	9.6	14.12	11.37	7.46	18.82	12.27	16.7	2.94	0.31	18.69	3.84	19.17	9.7	22.66	12.9	23.92	1.04	41.06	5.1	41.97
492	16.4	16.35	4.62	17.76	2.78	16.3	0.74	15.07	0.61	12.47	1.3	9.6	9.97	10.34	6.84	9.07	13.46	11.15	6.63	18.23	11.59	16.03	2.41	0.23	17.11	4.02	17.54	9.48	22.85	12.65	23.97	1.04	40.71	5.24	41.57
493	16.433	16.27	5.09	17.94	2.89	16.08	0.61	15.92	0.54	12.39	1.3	9.56	7.35	11.95	4.77	9.36	11.51	10.29	8.0	19.44	11.7	15.7	7.66	0.37	17.75	3.75	18.52	11.54	21.95	17.23	23.25	0.89	39.69	4.55	40.88
494	16.467	16.55	4.8	17.66	2.93	16.55	1.24	14.47	0.79	12.87	1.3	9.46	9.49	10.78	8.23	9.31	12.12	12.47	8.76	17.37	12.37	16.77	5.27	0.17	16.68	4.28	18.08	9.13	21.91	12.61	24.31	0.95	37.61	5.81	38.86
495	16.5	16.84	4.01	17.85	2.61	17.27	0.56	15.32	0.91	14.5	1.3	9.74	5.26	13.07	3.58	8.88	8.98	11.51	6.51	17.38	9.18	15.6	5.67	0.41	14.59	4.53	15.65	11.58	21.41	17.28	22.96	1.28	37.45	5.1	38.41
496	16.533	16.77	5.13	17.72	3.66	17.05	1.84	14.47	0.54	13.93	1.3	10.06	9.31	11.46	7.53	10.0	11.79	13.16	7.89	17.98	11.65	17.69	5.1	0.6	15.01	4.88	16.14	9.47	22.09	13.22	23.99	0.95	38.32	6.17	39.07
497	16.567	16.68	4.81	18.25	2.91	16.71	0.5	15.97	0.74	13.06	1.3	9.48	6.76	12.0	4.02	8.43	10.83	10.09	6.74	18.38	10.56	15.54	6.06	0.29	15.49	3.89	16.18	11.71	21.73	16.96	22.85	0.89	38.92	4.19	39.86
498	16.6	16.62	4.66	18.06	2.8	16.7	0.52	15.67	0.74	13.21	1.3	9.35	6.35	12.25	3.98	8.34	10.22	10.23	6.68	18.32	10.01	15.54	5.78	0.29	15.05	4.1	15.89	11.8	21.37	17.13	22.74	0.99	38.89	3.84	40.1
499	16.633	16.49	4.84	17.62	3.06	16.51	1.32	14.56	0.65	13.08	1.3	9.71	9.21	11.57	7.14	9.28	12.07	13.06	7.64	18.44	11.29	17.75	4.39	0.69	15.95	5.18	16.98	9.77	21.61	13.23	23.7	1.04	40.17	4.44	41.68
500	16.667	16.43	5.01	17.91	3.04	16.31	1.06	15.12	0.74	12.3	1.3	9.49	9.57	10.48	7.11	8.92	12.36	11.6	6.94	18.14	11.76	16.29	3.35	0.3	16.24	4.26	17.09	9.35	21.74	12.64	23.48	1.04	39.3	4.95	40.34
501	16.7	16.23	5.3	17.83	3.05	15.95	1.18	15.31	0.61	11.89	1.3	9.42	9.53	10.6	7.05	8.61	12.28	11.33	6.63	18.43	11.97	16.1	3.42	0.01	16.69	4.11	17.56	9.57	21.77	12.83	23.7	1.04	39.61	4.38	41.33
502	16.733	16.24	5.95	18.04	3.41	15.84	1.46	15.57	0.61	11.53	1.3	9.1	10.04	10.53	7.48	7.58	13.27	10.47	7.45	17.81	13.01	15.01	4.35	0.29	17.77	3.93	18.64	9.53	22.02	12.75	24.05	1.04	41.01	3.79	43.0
503	16.767	16.43	4.9	17.51	3.0	16.46	1.44	14.37	0.62	13.01	1.3	9.35	8.82	11.44	7.39	8.94	12.29	12.77	8.44	17.45	13.18	16.48	6.46	0.38	14.99	4.52	16.24	9.02	21.71	12.74	23.99	0.95	39.29	5.17	41.04
504	16.8	16.27	4.76	17.38	2.94	16.39	1.3	14.4	0.62	13.14	1.3	9.38	9.07	11.27	7.64	9.03	13.03	12.88	9.19	17.51	14.14	16.69	7.38	0.31	15.06	4.16	16.29	8.71	21.88	12.46	24.05	0.95	38.23	6.03	39.7
505	16.833	16.13	6.86	16.76	5.59	16.79	3.88	13.74	3.37	14.71	2.24	9.92	12.22	11.41	10.0	8.84	12.79	12.18	7.38	15.39	12.7	15.57	5.27	0.72	15.21	4.85	15.83	9.47	21.59	12.14	22.73	1.27	34.82	7.48	35.39
506	16.867	16.38	5.09	17.18	3.66	16.83	1.88	14.01	1.44	14.04	0.33	9.42	11.2	10.88	9.26	7.59	12.44	11.44	7.2	14.6	11.59	15.03	3.58	0.54	15.96	4.56	16.81	9.45	22.15	11.74	23.67	1.09	34.95	6.45	35.85
507	16.9	16.01	4.35	17.06	2.8	16.27	0.93	14.12	0.59	12.94	1.3	9.04	10.66	10.09	8.58	7.32	11.73	10.59	6.29	14.23	10.37	14.37	1.21	0.62	16.2	4.34	16.93	9.22	22.1	11.55	23.5	0.71	35.39	6.1	35.98
508	16.933	15.49	8.07	16.21	7.04	16.37	5.07	13.52	4.95	14.55	3.11	9.57	12.53	11.24	10.22	7.91	11.43	11.35	6.42	13.17	9.83	14.86	1.32	1.01	14.73	5.03	15.17	9.35	21.41	11.72	22.24	0.72	36.6	6.21	35.99
509	16.967	16.3	4.29	17.27	2.79	16.66	0.92	14.29	0.55	13.63	1.3	9.71	10.29	10.71	7.99	8.27	11.6	10.77	6.1	14.87	10.2	14.91	1.39	0.81	15.37	4.6	16.02	8.99	21.78	11.33	23.1	1.21	39.06	5.2	39.46
510	17.0	16.1	5.5	17.1	4.2	16.8	2.18	14.45	2.07	14.51	0.33	9.81	11.01	10.74	8.68	7.75	9.93	10.3	4.27	13.65	8.76	14.83	1.53	0.82	14.34	4.49	14.94	9.06	21.44	10.98	22.47	1.92	36.2	6.69	35.89
511	17.033	16.32	4.87	17.32	3.35	16.87	1.5	14.45	1.03	14.22	1.3	9.63	10.46	10.74	8.61	7.73	10.08	10.42	5.05	14.27	9.44	15.1	0.27	0.46	14.19	4.28	15.12	8.7	21.17	10.65	22.78	1.74	36.93	6.15	37.35
512	17.067	16.16	4.68	17.25	3.02	16.59	1.13	14.41	0.63	13.63	1.3	9.35	10.58	10.37	8.55	7.9	11.29	10.21	6.11	14.76	10.38	15.23	1.19	0.22	14.96	3.92	15.84	8.19	21.41	10.1	22.94	1.37	38.47	5.56	38.74
513	17.1	61.35	72.81	63.06	72.66	62.36	70.26	58.05	64.52	59.49	65.77	53.75	62.55	52.55	71.34	46.85	59.27	46.42	77.77	47.3	54.36	49.79	65.06	30.39	59.19	30.26	68.61	26.94	62.36	25.2	75.67	19.32	57.47	19.79	60.43
514	17.133	61.6	73.42	63.14	73.27	62.65	70.9	57.68	64.06	59.64	65.66	53.54	60.25	52.38	70.9	47.55	54.05	45.53	77.66	46.93	51.7	49.73	67.86	29.88	58.51	29.73	68.88	26.13	61.6	24.71	75.87	18.91	57.65	19.39	60.44
515	17.167	61.52	74.32	63.39	74.36	62.59	71.6	57.89	65.15	59.23	66.04	52.73	60.58	51.98	70.73	46.3	55.3	46.25	77.31	46.78	53.51	50.9	67.47	29.91	58.22	29.95	68.35	27.07	61.66	25.43	75.41	19.66	58.09	20.15	60.02
516	17.2	61.65	74.58	63.38	74.65	62.74	71.93	57.69	65.31	59.52	66.38	52.44	60.93	52.2	70.5	45.57	57.82	46.66	77.45	47.4	56.33	51.86	68.39	29.84	57.7	30.27	67.55	28.2	62.29	26.59	75.78	20.8	58.35	21.14	61.03
517	17.233	60.89	75.18	62.62	75.4	62.1	72.23	57.72	65.52	58.93	65.39	52.25	59.23	50.88	69.82	45.78	52.78	45.84	78.33	45.28	50.13	51.43	69.99	30.02	58.28	29.66	68.21	28.34	61.1	25.69	74.04	22.08	58.23	22.7	58.87
518	17.267	61.59	73.92	63.27	73.97	62.64	71.42	57.36	64.7	59.2	66.18	52.25	59.85	51.77	70.43	46.26	53.75	45.71	76.84	46.33	52.5	51.29	69.44	29.15	56.82	29.48	67.03	27.29	61.17	26.03	74.85	20.35	57.76	20.8	60.33
519	17.3	62.34	73.37	63.84	73.34	63.23	71.21	57.83	64.91	59.7	67.0	52.92	61.15	52.46	71.21	46.47	55.72	46.56	76.93	46.36	53.26	51.6	68.9	30.15	56.54	30.53	66.5	27.84	61.22	26.57	74.87	21.09	56.5	21.17	60.15
520	17.333	61.24	73.45	62.93	73.43	62.14	71.25	57.23	65.01	58.5	66.89	52.21	60.06	51.29	71.5	46.7	50.69	45.49	76.64	45.29	49.64	51.05	70.94	29.97	57.04	29.9	67.48	27.49	60.03	25.94	73.86	21.55	57.25	21.44	59.88
521	17.367	60.91	73.54	62.53	73.45	61.82	71.23	57.12	64.36	58.36	66.08	52.49	59.03	51.37	70.83	47.36	48.42	45.13	76.44	44.98	46.93	50.32	71.36	30.34	57.86	30.11	68.4	27.3	60.66	25.81	74.46	21.41	58.35	21.4	60.49
522	17.4	60.95	73.61	62.51	73.47	61.85	71.4	57.31	64.56	58.58	66.54	53.03	59.73	51.55	71.2	47.29	50.07	45.04	76.57	45.07	48.43	50.31	70.24	30.78	57.78	30.39	68.18	27.52	60.26	25.66	74.19	21.62	57.27	21.25	60.07
523	17.433	60.7	73.42	62.31	73.25	61.53	71.11	57.22	64.41	58.07	66.2	52.88	59.85	51.12	71.0	46.79	50.99	45.16	76.72	44.63	48.61	50.66	69.48	31.14	57.88	30.52	68.12	28.02	59.84	25.79	73.55	21.59	56.7	21.23	59.37
524	17.467	60.77	73.34	62.4	73.13	61.64	71.04	57.4	64.2	58.18	66.13	53.03	59.47	51.2	71.2	46.82	50.2	45.23	77.02	44.54	48.37	50.59	69.74	31.33	57.27	30.64	67.85	28.24	58.99	25.81	73.15	22.08	55.73	21.48	58.51
525	17.5	60.6	73.1	62.3	73.01	61.46	70.97	57.55	64.87	58.2	66.7	53.15	60.43	51.46	71.53	46.45	51.15	45.51	76.57	44.43	48.93	50.98	69.11	31.98	57.4	31.36	67.57	28.69	59.11	26.35	72.83	22.51	55.78	21.79	58.63
526	17.533	60.7	73.24	62.2	73.12	61.6	71.11	57.26	64.39	58.42	66.37	53.26	59.48	51.6	71.01	46.72	49.93	45.51	76.52	44.45	47.8	50.96	69.25	32.15	56.83	31.56	67.21	29.2	58.7	26.89	72.69	22.5	55.23	21.93	58.23
527	17.567	60.72	72.89	62.3	72.85	61.53	70.86	57.2	65.03	57.96	66.83	52.89	60.53	50.95	71.5	46.79	50.46	45.36	75.96	44.27	48.23	50.78	69.09	32.64	57.32	31.83	67.27	29.49	58.54	26.83	71.79	23.63	55.34	22.76	57.79
528	17.6	60.67	73.12	62.28	72.99	61.55	70.97	57.15	64.49	58.01	66.53	52.8	59.65	51.01	71.74	46.55	49.54	45.81	76.86	44.49	47.55	51.37	69.04	32.08	56.95	31.41	67.63	29.3	57.84	26.57	72.09	23.13	55.19	22.56	57.98
529	17.633	60.48	73.18	61.97	73.11	61.23	71.36	56.83	65.66	57.64	67.98	52.51	61.51	50.69	72.58	46.39	52.41	45.73	76.54	43.94	50.72	51.53	68.88	32.46	56.84	31.76	66.78	29.67	57.81	26.74	71.18	24.62	54.29	23.28	57.32
530	17.667	60.69	73.37	62.06	73.23	61.46	71.53	56.65	65.05	57.71	67.63	52.43	60.12	50.53	72.17	46.5	49.97	45.33	76.53	43.28	48.63	51.15	69.35	32.37	56.48	31.56	66.96	29.49	56.92	26.56	70.88	24.54	53.71	23.41	56.84
531	17.7	60.42	72.82	61.91	72.61	61.27	70.72	56.79	63.72	57.64	66.07	52.28	58.43	50.76	71.09	45.98	48.1	45.71	76.25	43.41	47.19	51.48	69.22	32.25	56.41	31.7	67.28	29.96	57.49	27.41	71.92	24.44	54.96	23.93	57.99
532	17.733	59.68	72.83	61.39	72.69	60.66	70.48	57.57	64.68	57.7	65.69	52.92	59.93	50.54	71.7	46.12	49.44	46.54	77.07	42.77	47.25	52.41	67.82	33.43	57.39	32.23	67.38	30.22	57.38	26.54	70.6	26.13	54.48	25.91	55.82
533	17.767	60.02	71.47	61.59	71.58	61.06	69.72	56.17	64.41	58.18	66.72	52.08	60.59	51.39	72.21	45.4	47.68	44.54	72.9	45.0	47.03	49.32	65.07	32.29	57.85	32.35	68.57	29.48	57.71	27.4	72.6	23.73	55.55	22.94	59.53
534	17.8	60.04	71.79	61.51	72.03	61.14	70.24	56.16	65.3	58.55	67.61	52.42	61.52	51.51	72.47	45.28	47.32	43.86	71.87	44.13	45.81	48.44	65.26	32.37	57.55	32.18	67.87	28.7	57.44	26.31	71.83	24.03	54.93	22.65	59.09
535	17.833	24.42	3.52	25.68	2.5	24.99	0.74	21.99	0.96	22.1	1.34	17.12	3.31	17.18	0.31	17.61	5.77	17.96	7.04	29.48	10.76	30.24	12.96	0.54	5.01	0.75	8.48	12.87	12.23	12.75	17.24	5.07	33.07	5.29	37.6
536	17.867	59.9	70.84	61.84	71.16	60.9	69.06	56.13	64.31	57.21	66.35	51.32	59.31	50.21	71.69	45.43	42.15	43.43	71.21	44.27	38.47	47.14	63.89	30.74	54.31	30.45	65.46	27.68	52.66	25.18	67.51	22.41	50.98	21.16	54.17
537	17.9	59.61	71.2	61.34	71.13	60.7	69.14	55.38	62.57	57.53	65.21	50.6	57.96	50.9	70.11	45.69	46.22	45.07	71.79	49.36	46.93	50.44	65.4	28.43	52.36	29.44	63.85	27.71	51.57	26.25	67.57	20.59	50.41	20.35	55.52
538	17.933	59.27	70.13	61.19	70.16	60.5	67.84	56.3	61.81	57.6	63.45	50.93	57.23	50.87	68.77	45.48	47.12	46.22	72.11	48.43	45.98	51.88	63.84	27.63	52.07	28.31	62.96	26.36	54.11	24.84	69.11	19.86	51.88	20.32	55.61
539	17.967	60.32	72.15	61.23	71.73	61.57	71.0	55.23	60.41	59.88	65.93	51.76	52.48	53.02	68.24	42.5	37.01	42.41	67.12	40.98	39.28	44.21	58.72	29.94	51.01	31.31	64.51	27.43	51.68	26.51	71.77	21.92	48.79	21.59	57.93
540	18.0	60.43	73.13	61.22	72.51	61.56	72.02	54.99	60.29	59.89	66.6	52.02	52.36	53.46	68.47	42.3	37.59	41.91	67.19	41.25	41.01	43.76	59.32	29.43	49.78	31.15	63.53	26.94	52.15	26.55	72.94	19.78	48.85	19.85	59.41
541	18.033	60.69	72.07	61.53	71.76	61.88	70.8	55.1	61.3	60.34	66.77	52.17	55.84	53.08	69.32	42.98	44.14	42.4	68.12	42.73	45.1	46.52	59.27	27.19	49.78	28.38	62.56	26.74	49.9	26.15	69.24	18.87	43.06	19.01	53.35
542	18.067	61.15	72.18	61.8	71.73	62.37	70.95	54.29	60.01	60.43	66.25	51.14	53.44	53.08	68.34	41.34	41.41	40.55	67.99	40.49	44.5	42.2	62.37	26.73	50.4	28.8	63.69	24.51	53.37	24.11	73.29	16.64	49.62	16.55	59.96
543	18.1	61.19	72.73	61.86	72.21	62.52	71.08	53.88	59.7	60.21	65.43	50.19	52.35	51.95	67.38	40.44	40.67	36.37	68.43	40.77	44.36	34.6	66.17	26.73	51.67	29.1	64.71	25.65	56.1	25.61	75.45	16.16	55.97	17.32	65.69
544	18.133	61.44	73.02	62.3	72.66	62.95	71.2	54.13	60.7	60.33	65.97	49.8	54.03	50.53	68.88	40.07	42.1	36.2	68.89	41.4	44.3	37.78	64.25	25.4	50.86	26.88	64.24	24.83	50.89	24.61	70.47	17.58	45.84	20.35	55.65
545	18.167	61.68	72.05	62.61	72.03	63.25	70.27	54.41	61.33	60.41	65.69	49.63	55.77	50.28	68.71	40.1	43.58	36.67	66.65	41.41	44.87	39.1	60.51	25.42	52.23	26.69	64.57	24.6	51.95	24.01	70.05	18.08	46.79	20.29	55.29
546	18.2	60.57	71.48	61.28	71.27	62.14	69.77	52.96	60.29	59.65	65.13	48.38	54.82	50.2	67.96	39.29	44.22	37.68	67.12	41.32	46.65	39.95	63.54	24.92	51.21	27.03	63.51	24.75	51.91	24.44	69.88	18.78	47.49	20.91	56.47
547	18.233	60.98	71.04	61.68	70.7	62.41	69.26	53.46	59.88	59.98	64.78	48.88	55.13	51.33	67.94	39.81	45.03	39.43	67.28	42.35	47.44	41.22	63.45	25.3	52.34	27.75	64.54	25.77	52.55	25.41	70.67	18.38	48.63	19.79	58.05
548	18.267	60.26	72.58	61.13	72.35	62.14	70.68	53.74	61.37	60.47	65.68	49.01	55.87	50.54	69.31	38.04	43.08	36.53	66.86	40.1	46.22	38.58	61.58	25.94	51.18	27.72	63.56	26.57	50.11	25.37	68.58	20.4	44.77	21.7	53.77
549	18.3	60.85	71.28	61.85	71.19	62.7	69.31	54.75	60.86	61.03	64.54	50.01	55.89	50.94	68.04	38.52	43.37	37.34	64.87	40.51	45.53	40.43	57.67	26.81	50.73	28.13	62.58	27.17	48.87	25.41	66.79	20.82	43.3	21.69	51.95
550	18.333	59.92	70.89	60.75	70.85	61.84	69.07	53.62	60.93	60.33	64.5	49.37	55.87	49.97	68.19	39.43	43.08	37.83	65.5	41.75	45.06	42.15	58.76	27.17	51.66	28.13	63.54	26.43	49.64	23.53	67.34	22.05	44.43	21.6	52.3
551	18.367	59.94	68.82	60.68	68.41	61.58	67.02	53.47	58.24	59.72	62.67	49.5	53.81	49.84	67.24	39.83	42.03	38.22	66.18	42.77	44.02	42.64	59.33	28.0	51.09	28.94	63.6	27.23	48.46	24.85	67.07	22.7	42.91	23.27	52.03
552	18.4	58.58	68.68	59.27	68.22	60.14	67.11	52.96	58.48	58.9	62.79	49.54	53.93	50.41	67.02	41.07	42.15	40.41	66.13	43.57	44.63	44.11	59.8	29.21	52.34	30.54	64.39	28.18	49.51	26.9	67.49	23.6	44.67	25.14	53.19
553	18.433	60.32	70.84	60.59	69.88	61.43	68.66	52.33	57.86	57.64	62.74	48.76	52.25	47.77	67.33	42.39	40.91	37.96	70.24	39.62	44.35	42.61	73.83	27.46	49.79	27.76	61.78	28.6	48.27	25.46	64.32	23.17	43.83	24.29	50.76
554	18.467	59.86	69.97	60.32	69.21	61.28	68.02	52.51	58.14	58.36	62.88	49.28	52.39	48.73	68.39	42.19	38.26	37.88	69.73	41.88	42.9	41.3	71.69	29.74	49.83	30.27	62.63	29.1	48.18	25.86	65.76	24.56	43.98	24.67	51.1
555	18.5	59.91	69.56	60.25	68.75	61.18	67.7	52.09	57.75	58.01	62.78	48.86	52.04	48.79	68.13	42.67	39.26	39.62	70.57	41.21	43.63	43.35	72.63	29.05	49.6	29.77	62.44	28.4	47.87	25.42	65.29	24.43	43.54	24.38	50.51
556	18.533	58.12	66.83	58.93	66.23	59.9	65.26	53.26	56.84	59.34	61.78	50.16	53.0	50.56	67.82	41.0	40.55	39.26	67.96	42.58	44.45	42.92	62.98	27.91	50.12	29.13	63.13	26.03	46.94	24.81	66.19	22.24	42.12	23.58	51.23
557	18.567	57.94	66.28	58.6	65.79	59.66	64.78	52.63	56.71	59.01	61.44	49.52	52.92	50.64	67.0	41.47	41.29	41.36	67.35	42.05	44.56	44.91	61.36	27.49	49.56	28.92	62.08	24.89	48.36	22.88	66.75	22.43	43.92	22.0	51.81
558	18.6	58.0	67.62	58.57	67.44	60.11	66.05	52.0	58.22	59.99	62.37	48.19	54.04	50.77	67.03	39.37	43.27	40.75	68.18	40.76	45.11	44.25	65.72	25.15	49.52	27.54	61.48	24.06	49.03	22.34	66.33	22.09	44.93	21.71	52.46
559	18.633	57.81	67.59	58.38	67.2	59.53	66.14	52.25	58.4	58.79	63.0	49.15	54.27	49.94	68.35	40.35	41.33	39.51	68.17	40.22	43.45	42.44	62.99	28.1	50.21	29.38	62.5	26.77	48.18	24.68	66.13	23.44	43.4	23.42	51.35
560	18.667	59.12	70.77	60.03	70.25	60.77	68.84	53.5	59.48	59.1	63.84	49.64	53.29	50.25	68.87	40.81	40.06	38.14	70.42	40.41	44.06	40.78	70.31	28.23	49.21	29.55	61.78	27.94	49.62	25.99	67.16	23.28	45.8	23.63	52.84
561	18.7	58.75	69.38	59.71	68.81	60.01	67.4	53.83	58.08	57.53	62.16	50.09	52.42	50.08	67.14	40.79	38.82	40.47	69.53	37.72	41.79	42.47	68.22	29.09	49.01	29.67	60.97	28.6	49.32	25.68	65.89	24.05	46.46	22.69	52.72
562	18.733	58.94	69.56	59.81	68.79	60.42	67.68	53.79	58.08	58.78	62.96	50.28	52.22	50.4	68.51	40.52	39.55	39.3	71.1	39.26	43.91	43.33	71.13	29.14	48.18	29.97	61.2	28.71	49.56	26.56	67.91	23.79	44.8	23.97	52.91
563	18.767	58.59	68.49	59.41	67.74	60.06	66.68	53.89	57.53	58.48	62.24	50.77	52.42	51.02	68.4	41.31	37.57	40.96	70.66	39.3	41.31	44.33	69.44	29.32	49.18	30.07	62.01	27.98	48.87	25.38	67.0	23.4	45.64	22.1	53.25
564	18.8	58.03	67.11	59.06	66.45	59.6	65.17	53.89	56.82	58.33	60.99	50.43	52.33	51.13	67.93	40.76	37.76	41.42	70.26	39.75	41.48	45.32	67.42	28.91	49.01	30.06	61.64	28.32	48.92	26.4	66.86	22.68	46.01	22.1	53.16
565	18.833	59.45	70.0	60.19	69.08	60.83	68.14	53.45	57.88	58.67	63.61	49.98	52.1	50.18	69.55	40.33	38.6	38.18	71.74	38.6	43.13	40.78	72.37	28.18	47.2	29.28	60.76	28.33	48.14	26.29	67.17	22.84	42.93	23.18	51.89
566	18.867	58.82	68.21	59.69	67.32	60.24	66.42	53.97	57.46	58.72	62.64	50.83	52.68	50.82	69.62	41.38	38.65	40.11	71.86	39.33	42.8	43.55	71.29	29.55	47.93	30.27	61.26	28.11	49.08	25.98	67.9	23.21	43.69	23.07	51.87
567	18.9	58.51	67.17	59.49	66.26	59.96	65.25	53.9	56.57	58.48	61.56	50.44	52.18	50.72	69.12	40.61	38.59	40.42	71.71	38.42	42.8	44.09	70.53	29.11	47.86	29.99	61.2	27.7	49.24	25.88	68.02	22.72	44.1	23.04	51.96
568	18.933	56.2	59.27	56.83	58.02	57.43	57.6	51.78	51.14	57.37	56.77	49.37	51.55	50.27	66.68	39.35	41.17	39.17	68.34	40.37	44.1	40.66	60.91	30.47	50.19	32.29	62.72	29.09	50.11	27.97	69.07	23.51	44.15	24.25	53.63
569	18.967	58.58	66.4	59.51	65.63	60.08	64.46	53.43	55.83	58.56	60.63	49.87	51.12	50.69	67.91	39.77	37.64	40.84	70.7	36.85	41.57	44.75	69.02	29.0	47.72	30.21	60.91	27.25	48.71	25.31	67.08	22.65	44.47	22.85	51.61
570	19.0	57.12	61.23	57.57	59.86	58.27	59.55	51.68	51.76	57.56	58.17	49.12	51.49	50.0	67.29	39.19	42.05	40.11	69.91	39.76	45.35	43.19	65.74	29.03	48.79	30.63	62.04	28.36	48.83	26.64	68.55	23.98	42.08	24.45	52.91
571	19.033	59.23	67.59	59.86	66.67	60.54	65.81	52.9	56.04	58.47	61.89	49.59	50.99	50.56	68.58	39.74	37.88	41.12	71.63	36.58	41.71	45.92	72.08	28.32	47.13	29.66	60.88	26.87	47.98	24.97	67.02	22.27	43.1	22.51	51.7
572	19.067	59.08	66.63	59.79	65.76	60.4	64.94	53.3	55.79	58.83	61.51	50.35	51.39	51.53	68.08	40.85	39.28	42.37	70.55	39.55	43.59	47.39	68.95	28.92	46.86	30.52	60.2	27.63	47.97	26.05	66.91	22.0	43.17	22.17	52.13
573	19.1	58.84	65.91	59.59	65.03	60.14	64.06	52.96	55.12	58.1	60.52	49.76	51.16	50.56	67.59	40.67	39.97	42.54	70.37	39.59	44.63	48.07	68.0	28.94	46.34	30.24	59.57	27.66	47.7	25.83	66.33	22.46	42.61	22.95	50.88
574	19.133	57.25	58.87	57.94	57.59	58.5	57.02	52.22	50.41	57.79	56.48	49.4	52.1	49.54	67.38	39.1	42.43	39.43	69.03	40.18	45.21	43.87	63.11	28.39	48.08	29.73	61.15	27.65	48.28	25.7	67.73	23.92	41.99	24.71	52.29
575	19.167	58.3	62.75	59.31	62.04	59.87	60.96	53.37	53.93	58.22	58.66	49.27	51.75	50.19	67.32	40.0	39.94	43.09	68.85	38.66	43.86	49.43	64.11	27.59	46.41	28.84	59.15	25.98	46.79	24.57	64.81	23.61	42.47	24.55	49.75
576	19.2	58.78	65.49	59.83	65.07	60.58	63.67	53.78	55.98	59.1	60.25	49.34	51.7	50.2	67.41	39.16	38.06	41.75	68.66	37.22	40.77	48.84	64.63	27.15	45.44	28.28	58.29	26.45	46.85	25.17	64.79	24.37	42.28	25.55	49.42
577	19.233	59.1	68.37	59.87	67.6	60.85	66.57	52.65	56.61	59.24	62.58	48.52	50.94	49.22	68.96	37.85	38.84	37.28	70.97	36.05	42.81	44.51	69.45	25.41	44.36	26.74	58.46	25.91	47.08	24.25	66.84	22.7	40.8	24.03	50.35
578	19.267	59.1	66.98	59.79	66.39	60.79	65.17	52.27	55.59	58.55	60.96	47.88	50.16	49.39	67.12	39.01	36.92	40.66	69.14	37.09	41.17	47.05	69.51	24.21	43.98	25.81	57.67	23.62	45.49	21.94	64.27	21.98	40.98	22.08	49.14
579	19.3	59.76	67.96	60.42	67.41	61.22	66.16	52.58	56.39	58.39	61.68	48.4	50.48	49.51	66.73	40.26	36.71	41.22	67.77	37.38	40.49	46.65	68.23	24.87	43.72	26.12	56.95	24.2	45.68	21.92	63.72	22.12	41.33	21.4	49.01
580	19.333	59.71	68.23	60.33	67.67	61.06	66.45	52.57	56.47	57.96	61.61	48.57	50.25	49.13	66.23	40.17	36.33	41.27	67.14	36.61	39.61	46.97	66.5	26.26	44.25	27.09	57.2	25.26	45.19	22.45	62.85	22.85	40.79	22.02	48.04
581	19.367	57.54	63.6	57.99	62.95	59.24	62.08	51.05	53.71	58.53	59.18	47.91	50.2	49.48	65.75	39.33	38.65	39.15	67.47	39.92	41.11	44.15	64.33	25.83	45.87	27.61	59.1	25.36	45.83	23.35	64.96	22.78	40.63	22.22	49.97
582	19.4	59.71	68.08	60.57	67.69	61.14	65.84	53.12	55.28	57.67	59.49	47.88	47.62	48.51	64.11	39.62	33.82	40.56	66.96	37.18	37.2	46.98	66.1	24.77	43.37	25.93	56.49	24.43	44.19	21.98	61.64	20.89	41.24	21.27	47.24
583	19.433	59.83	68.22	60.88	67.76	61.36	65.97	54.03	56.22	58.15	60.22	48.62	49.51	48.46	65.81	38.97	34.62	39.39	67.55	36.23	37.6	46.26	65.93	25.7	44.54	26.26	57.55	25.21	44.57	22.29	62.09	22.29	41.04	22.5	47.27
584	19.467	59.08	66.81	60.1	65.96	60.79	64.78	53.72	55.41	59.05	60.63	49.43	50.38	49.95	67.88	38.96	37.9	38.92	69.27	37.04	43.1	43.7	65.46	27.79	45.38	28.81	59.16	26.61	46.38	24.23	65.82	23.06	41.26	23.42	49.05
585	19.5	59.89	67.61	60.74	67.19	61.35	65.48	53.87	55.59	58.27	59.77	49.08	48.9	49.38	64.82	40.4	36.01	41.67	67.03	36.74	40.22	47.42	64.29	26.16	43.33	26.97	56.05	25.08	44.49	22.41	61.69	22.22	40.98	22.17	46.72
586	19.533	59.84	67.51	60.73	67.04	61.22	65.4	54.42	55.51	58.36	59.65	49.87	49.0	49.98	64.85	40.64	36.83	42.0	67.61	36.61	41.09	47.38	64.36	27.82	43.94	28.5	56.46	26.68	45.35	24.17	62.37	23.4	41.54	23.47	47.21
587	19.567	59.34	65.85	60.14	65.18	60.74	64.04	53.48	54.93	58.46	59.93	49.7	49.94	50.67	66.07	40.53	37.5	42.71	67.98	37.66	42.0	47.9	65.15	28.31	45.21	29.44	58.22	26.84	46.42	24.9	64.52	23.37	42.13	23.11	49.38
588	19.6	59.56	66.19	60.36	65.48	60.92	64.44	53.77	55.29	58.81	60.58	50.05	50.4	51.24	66.85	40.9	37.33	42.67	68.73	37.66	41.6	47.29	67.45	28.19	45.33	29.52	58.5	26.44	46.61	24.79	64.9	23.25	42.39	22.95	50.0
589	19.633	59.01	65.32	59.84	64.7	60.55	63.57	53.52	54.49	58.74	59.51	49.49	49.66	50.83	65.43	41.09	38.88	43.01	68.36	38.76	42.82	47.52	64.97	25.83	43.89	27.32	56.84	24.73	45.32	23.42	63.46	22.89	40.99	22.74	48.49
590	19.667	59.46	65.25	60.27	64.63	60.83	63.25	52.42	53.52	57.74	58.67	47.82	48.13	49.75	64.72	41.0	37.03	43.13	67.89	38.54	42.03	47.74	66.49	24.78	43.64	26.65	57.08	23.56	45.22	21.88	63.27	21.57	42.13	21.14	48.52
591	19.7	59.55	65.19	60.59	64.62	60.85	63.07	53.01	53.81	57.5	58.47	48.1	48.46	49.14	64.61	40.92	37.53	43.36	68.09	38.61	41.78	50.05	66.36	25.18	44.35	26.31	57.75	23.58	45.23	21.45	63.17	21.64	42.23	21.32	48.29
592	19.733	59.21	66.13	60.02	65.46	60.78	64.13	52.72	54.11	58.24	59.32	48.13	48.66	49.52	65.36	40.06	38.08	42.56	68.9	38.15	42.38	48.7	65.59	23.97	42.83	25.63	56.48	23.44	44.59	21.96	63.34	21.93	40.63	22.51	48.06
593	19.767	58.91	65.52	59.95	64.99	60.44	63.41	53.24	53.49	58.01	58.23	48.71	47.22	49.61	64.55	40.27	34.95	42.04	68.87	38.65	38.9	49.17	67.77	25.42	43.42	26.68	57.45	24.97	45.09	23.55	64.04	21.93	41.74	22.57	48.88
594	19.8	58.87	65.5	59.84	64.89	60.39	63.56	53.52	53.95	58.21	58.88	49.4	48.29	49.49	65.21	40.93	36.18	42.04	69.41	38.23	39.44	49.81	68.36	25.34	43.33	25.9	57.16	24.36	44.72	22.56	63.57	22.72	40.51	23.02	48.09
595	19.833	59.06	65.37	60.05	64.73	60.6	63.44	54.15	53.87	58.57	58.71	50.23	48.35	49.99	65.51	40.92	35.83	41.95	69.85	37.94	39.14	49.4	67.88	27.48	44.11	27.83	57.96	26.39	45.59	24.54	64.58	24.06	41.0	24.62	48.5
596	19.867	58.82	65.6	60.16	64.73	60.26	63.63	55.1	54.24	58.53	59.04	51.07	48.82	49.3	66.24	41.43	37.36	38.75	70.79	40.38	39.72	45.61	66.56	29.8	44.49	29.6	58.29	29.38	46.13	27.98	65.47	26.51	40.51	29.22	48.76
597	19.9	59.44	65.77	60.68	64.94	60.79	63.63	54.6	53.87	58.26	58.67	50.39	48.22	48.05	65.4	41.94	37.71	37.32	70.58	41.19	40.17	44.78	68.24	28.28	43.31	27.78	57.13	29.21	45.01	27.25	64.02	26.15	39.48	28.77	47.7
598	19.933	58.53	63.93	59.9	63.82	59.98	61.6	53.63	53.87	56.67	56.68	48.11	47.87	48.21	63.15	40.5	34.46	41.85	68.43	39.99	34.82	49.69	64.09	26.0	43.87	26.67	56.8	27.44	44.15	26.28	61.27	22.25	41.7	23.28	46.87
599	19.967	60.33	65.6	61.83	64.87	61.46	63.61	56.41	54.79	58.95	59.54	52.07	49.48	49.6	65.88	42.8	38.63	37.98	69.67	41.98	40.95	44.71	64.92	30.1	43.67	29.56	57.04	30.9	45.09	29.23	63.94	26.15	39.48	27.98	47.96
600	20.0	59.48	64.41	60.87	63.89	60.83	62.36	55.64	53.61	58.4	57.75	51.7	48.1	49.91	64.52	42.38	34.4	40.33	68.24	39.87	37.06	47.23	65.05	29.17	43.23	28.54	56.64	28.55	43.92	26.03	62.44	24.31	39.42	24.08	46.54
601	20.033	58.87	64.4	60.12	64.01	60.33	62.61	54.91	53.7	58.32	58.07	51.25	47.53	50.25	63.71	42.33	33.54	40.13	66.22	40.14	37.13	45.49	62.14	28.06	41.91	28.06	55.02	27.81	42.4	25.74	60.81	23.35	38.09	22.82	45.49
602	20.067	58.9	65.07	60.49	64.6	59.97	62.48	55.64	53.56	56.5	56.39	50.69	46.99	48.76	62.67	43.66	34.39	41.48	67.29	39.46	38.42	46.73	63.51	28.89	43.1	28.27	55.38	28.71	43.39	26.07	59.58	24.54	40.57	25.1	44.09
603	20.1	59.26	64.93	60.59	64.22	60.47	63.2	55.5	54.28	58.55	59.08	51.98	48.24	50.59	64.89	43.59	34.74	39.34	66.61	42.39	38.59	43.14	61.84	30.88	43.73	30.75	57.01	29.7	42.82	27.72	61.81	25.01	37.86	25.33	45.82
604	20.133	59.4	65.09	60.78	64.61	60.34	62.73	55.53	53.65	56.69	56.88	51.05	46.93	49.0	62.47	44.95	33.15	41.77	66.88	40.4	35.61	47.68	65.78	29.42	42.87	28.61	55.16	28.5	43.3	25.49	59.26	24.31	39.84	23.88	43.73
605	20.167	60.12	64.63	61.64	64.14	61.12	62.68	55.84	54.34	58.08	58.41	51.55	48.03	49.57	63.61	44.1	35.36	39.26	65.44	42.49	38.53	43.92	60.46	30.61	43.27	30.09	56.05	29.7	42.87	27.71	60.67	24.78	38.09	25.68	44.59
606	20.2	58.72	63.34	60.46	63.14	60.14	61.35	56.33	54.36	58.0	57.1	52.47	49.99	50.03	63.06	43.09	36.98	40.12	62.66	42.01	38.01	43.64	51.65	30.36	43.37	29.46	54.79	28.92	43.57	26.26	60.27	23.63	38.56	23.63	44.41
607	20.233	59.55	64.55	61.11	64.33	60.89	62.76	56.54	54.96	59.03	58.41	52.87	50.11	50.35	62.84	43.04	38.48	38.1	60.41	42.92	38.23	42.55	45.45	30.6	42.45	30.14	53.68	29.69	42.51	29.17	59.55	22.72	36.45	26.52	44.05
608	20.267	59.09	64.23	60.76	64.02	60.53	62.31	56.5	54.62	58.8	57.59	52.68	49.35	50.38	62.22	43.23	37.51	38.73	60.78	42.78	36.79	42.33	45.34	30.46	41.72	30.05	52.99	29.57	42.25	28.82	59.13	23.29	36.1	26.36	42.75
609	20.3	59.3	64.24	61.07	64.04	60.61	62.32	56.8	54.99	58.54	57.91	52.62	49.69	50.09	62.45	43.08	37.54	38.62	60.72	42.04	36.73	42.1	45.96	31.05	42.48	30.38	53.64	29.9	41.89	28.7	58.45	24.67	36.0	27.21	42.4
610	20.333	58.62	63.26	60.49	63.12	59.94	60.96	55.65	53.86	57.12	56.14	50.82	48.62	49.34	61.91	42.55	35.54	41.06	62.93	41.79	36.65	44.53	54.78	29.11	42.69	28.73	54.25	28.59	42.86	26.03	59.02	23.84	39.18	23.82	43.86
611	20.367	58.47	63.27	60.26	63.02	59.79	61.02	55.26	53.55	57.09	56.23	50.71	47.84	49.55	62.23	43.01	34.16	41.61	64.29	42.87	36.52	45.67	58.59	29.31	43.42	29.11	55.62	28.53	43.99	26.01	60.85	23.68	41.03	23.4	46.02
612	20.4	58.8	63.86	60.47	63.46	60.03	61.67	55.54	53.38	57.26	56.55	51.33	47.6	49.91	62.22	43.45	34.54	41.42	64.0	42.89	37.89	44.41	57.24	30.0	43.28	29.67	55.56	28.96	43.12	26.28	60.39	23.94	39.65	23.67	45.2
613	20.433	59.45	64.38	61.43	64.0	60.57	62.04	56.29	54.41	57.59	57.23	51.27	49.44	49.27	62.22	42.73	38.38	39.49	62.04	43.02	41.22	44.11	54.46	28.85	43.42	28.36	54.84	27.34	43.06	25.94	59.46	21.83	39.41	24.21	45.12
614	20.467	59.94	64.66	61.71	64.3	61.07	62.36	56.11	53.95	57.99	57.15	51.24	48.93	49.07	61.38	41.81	39.73	38.68	62.0	42.4	41.21	43.08	54.27	28.33	41.26	28.03	52.56	27.48	42.49	26.56	58.83	21.99	37.92	25.9	44.73
615	20.5	59.22	63.82	61.0	63.57	60.51	61.43	55.93	53.39	57.55	56.07	51.37	48.08	49.14	61.65	42.59	37.29	40.18	64.55	42.43	39.81	44.6	58.22	29.07	42.4	28.38	54.29	28.01	43.22	25.35	59.89	23.33	39.39	23.99	44.82
616	20.533	60.26	65.3	61.84	65.01	61.77	63.1	55.95	53.79	58.62	57.6	51.58	46.57	48.86	63.36	43.57	31.78	38.77	66.84	42.24	33.58	44.67	61.84	27.68	40.21	26.73	54.02	26.84	40.18	24.23	58.99	23.85	36.09	24.81	42.6
617	20.567	60.41	65.64	61.77	65.27	61.83	63.56	55.47	53.65	58.76	57.96	51.52	46.2	49.46	63.33	43.74	30.94	39.36	66.49	42.66	32.84	44.88	62.17	28.26	40.27	27.84	54.16	27.83	41.03	25.43	60.0	24.06	36.99	24.93	44.1
618	20.6	59.76	64.71	61.21	64.43	61.21	62.55	55.01	53.09	58.05	56.95	50.62	45.81	49.05	62.31	42.75	30.49	39.68	64.55	42.49	32.97	45.18	59.73	27.63	40.08	27.48	53.62	27.19	40.93	25.04	59.48	22.95	37.39	24.03	44.03
619	20.633	60.43	64.83	61.66	64.49	61.92	62.63	54.8	52.98	58.67	57.05	50.77	46.07	48.75	62.35	43.42	31.83	38.78	65.02	42.7	35.68	45.17	62.5	26.92	40.2	26.43	53.73	26.74	40.25	23.93	58.74	23.18	36.62	23.63	43.5
620	20.667	60.33	64.05	61.42	63.65	61.72	62.02	54.48	52.39	58.59	56.89	50.82	45.53	49.38	62.3	43.75	30.25	39.63	65.04	42.51	33.2	45.49	63.55	27.56	40.11	27.32	53.87	26.98	39.95	24.18	58.65	23.05	36.35	22.76	43.59
621	20.7	60.22	63.92	61.25	63.45	61.53	62.09	54.66	52.46	58.57	57.36	51.3	45.98	49.76	62.86	43.54	30.6	39.48	64.96	41.8	32.48	44.23	60.31	28.48	40.33	28.28	53.96	27.69	40.02	25.1	58.9	23.36	35.77	23.26	43.61
622	20.733	61.12	63.98	62.43	62.94	61.9	62.0	55.88	51.25	58.14	57.37	51.74	45.31	49.52	62.91	43.62	33.64	39.1	65.47	41.23	37.77	43.16	61.95	28.3	38.75	27.9	52.81	27.95	39.66	25.87	59.4	23.75	34.69	25.09	44.06
623	20.767	60.07	62.5	61.19	61.77	61.01	60.28	53.34	50.13	56.34	55.39	47.72	44.0	47.9	61.04	41.04	33.53	41.64	65.74	40.04	37.93	47.14	63.59	24.66	38.38	25.51	52.29	26.43	39.53	24.32	58.24	22.09	36.13	22.27	43.67
624	20.8	59.37	61.43	60.16	60.99	60.37	59.41	50.62	49.81	55.89	55.07	45.96	44.44	46.91	59.12	40.9	35.47	40.15	62.74	42.49	37.25	45.75	59.34	22.36	39.72	24.15	52.67	25.51	40.53	24.77	58.12	20.57	37.94	22.42	46.35
625	20.833	59.62	62.7	60.87	62.39	60.7	60.53	53.93	51.69	56.77	55.55	48.69	46.64	48.32	59.85	40.5	37.0	40.27	61.23	41.07	39.23	44.79	55.27	25.37	38.99	26.21	50.63	27.84	40.62	26.35	57.06	21.4	36.86	22.71	44.2
626	20.867	60.03	63.53	61.27	63.01	61.15	61.52	55.17	51.7	58.43	56.16	51.01	46.3	50.04	60.01	40.97	36.13	39.6	60.27	41.51	38.39	44.7	53.6	27.76	37.81	28.37	49.72	28.9	41.03	28.2	58.49	22.62	35.75	25.49	44.83
627	20.9	59.49	62.77	60.58	62.78	61.2	60.37	51.14	51.81	57.71	55.71	45.17	47.28	47.03	59.46	37.64	38.38	38.7	60.61	39.85	40.04	46.06	59.02	16.48	37.21	18.86	49.24	20.8	39.63	21.18	56.26	16.35	36.56	19.65	44.8
628	20.933	59.37	61.59	60.58	61.62	61.08	59.24	52.11	51.57	57.98	55.05	46.79	48.08	47.29	59.76	38.97	38.52	38.48	60.26	40.91	37.66	45.38	54.45	19.22	39.2	20.72	50.83	22.4	41.05	22.18	57.38	18.04	37.65	21.47	45.4
629	20.967	58.94	61.51	60.21	61.69	60.76	59.27	52.71	52.05	58.48	55.02	47.84	48.61	48.09	59.3	39.68	38.93	38.43	58.43	42.07	37.88	45.52	50.16	20.51	39.73	21.88	50.81	23.66	41.23	23.63	57.28	18.25	37.49	21.67	45.19
630	21.0	58.34	62.22	59.43	62.36	60.13	60.06	51.97	52.26	57.96	55.37	47.4	48.65	48.15	58.95	39.44	39.39	39.49	57.14	41.58	38.18	46.3	47.85	20.88	38.9	22.59	49.65	24.44	41.45	24.54	57.12	19.39	37.04	22.84	44.86
631	21.033	59.53	64.15	60.59	63.65	60.89	62.35	54.95	52.94	58.9	57.37	51.71	47.71	49.84	61.57	42.02	36.52	38.14	61.18	42.01	37.63	43.34	51.85	28.8	39.07	28.77	50.87	29.54	41.09	28.52	58.63	24.24	35.04	27.04	44.16
632	21.067	59.06	63.91	60.19	63.45	60.4	62.05	54.68	52.74	58.34	56.91	51.24	47.58	49.51	61.26	41.58	36.42	38.04	60.76	41.64	37.4	42.71	51.1	29.05	39.34	29.22	50.93	29.47	41.56	28.74	58.68	24.28	35.95	27.71	44.43
633	21.1	58.66	63.51	59.94	63.02	59.87	61.62	55.03	52.69	57.55	56.48	51.43	48.1	48.79	60.96	41.94	37.7	37.74	60.15	41.51	37.63	41.46	48.24	30.18	39.82	29.88	50.78	30.19	41.63	29.75	57.92	25.82	36.04	30.57	43.85
634	21.133	58.89	64.22	59.91	63.97	60.35	62.2	53.95	53.05	57.65	56.63	50.2	47.64	48.22	61.02	41.42	36.34	38.04	63.18	39.72	35.97	42.33	55.95	26.42	40.0	26.21	51.5	27.32	41.29	25.18	57.54	23.45	36.36	24.74	43.28
635	21.167	58.11	64.13	59.57	63.82	59.57	62.13	55.28	53.72	57.99	56.78	51.64	49.13	48.87	61.38	41.63	38.02	36.6	59.78	41.85	36.85	41.29	45.75	30.04	41.1	29.69	51.75	30.41	43.54	30.07	59.58	25.47	37.81	30.36	45.19
636	21.2	58.38	65.29	59.79	64.88	59.95	63.27	54.86	54.85	58.12	58.28	50.97	49.68	47.99	63.72	41.37	36.84	34.85	62.95	41.2	36.49	40.11	50.68	29.71	42.59	29.09	54.19	30.07	44.31	29.23	61.24	26.52	38.33	30.86	45.66
637	21.233	57.9	64.63	59.46	64.5	59.87	62.46	55.02	55.21	58.28	57.74	50.71	51.57	48.1	64.3	40.22	36.33	35.1	61.02	40.38	33.39	40.27	46.38	27.64	43.62	27.19	54.69	28.42	44.47	27.22	60.76	24.4	39.04	27.78	45.69
638	21.267	58.04	65.66	59.39	65.34	59.99	63.76	55.12	55.79	58.91	59.25	51.54	51.73	49.24	65.85	40.4	35.88	36.03	63.1	39.35	33.96	40.28	49.38	28.68	44.13	28.3	55.85	28.73	44.76	27.09	62.15	24.93	39.0	27.27	46.66
639	21.3	57.92	66.01	59.15	65.69	59.9	64.13	54.67	55.35	58.91	59.18	51.46	50.27	49.25	65.59	40.02	34.6	35.89	64.64	38.52	34.2	40.71	52.92	28.6	42.87	28.36	55.22	28.77	44.33	27.11	62.42	24.53	38.66	26.86	46.61
640	21.333	57.28	65.26	58.54	65.36	59.51	63.42	53.49	56.2	59.3	59.25	49.92	51.53	49.19	65.01	39.26	37.48	36.54	63.58	39.69	36.53	40.92	50.52	27.07	45.2	27.76	57.27	26.63	46.49	25.64	64.3	22.69	40.99	25.48	48.03
641	21.367	58.03	67.29	59.23	67.19	59.93	65.46	54.15	56.94	58.59	60.41	50.7	50.4	48.94	66.01	39.74	33.23	35.73	65.89	37.99	32.46	39.75	58.33	29.8	43.74	29.63	56.13	29.34	45.58	27.2	62.99	25.51	39.96	27.11	46.77
642	21.4	57.7	67.49	59.09	67.48	59.81	65.47	54.17	57.01	58.67	59.98	50.46	49.46	48.62	66.07	39.6	30.83	34.93	67.16	38.06	30.21	39.42	60.93	29.73	44.29	29.47	57.25	29.21	45.5	26.9	63.29	25.58	40.8	27.12	46.7
643	21.433	57.97	66.92	59.59	66.45	59.54	65.16	56.07	56.68	58.36	60.33	52.1	50.99	49.67	65.7	40.79	35.73	35.76	62.67	40.35	36.52	39.5	48.97	32.19	45.41	31.7	57.29	30.81	46.81	29.79	64.67	26.56	40.13	29.52	47.73
644	21.467	58.48	68.62	59.99	68.04	60.18	66.73	55.83	57.45	59.0	61.57	51.95	50.39	49.12	67.58	41.18	33.96	33.41	67.87	40.61	36.36	37.63	60.69	31.48	45.59	30.73	58.97	30.57	46.42	28.9	65.72	26.8	39.91	28.98	47.91
645	21.5	59.13	68.49	60.68	67.91	60.61	66.88	56.66	58.19	59.17	62.9	52.48	51.98	49.53	68.94	40.73	37.26	34.74	70.07	37.85	37.09	38.41	61.67	30.8	45.29	29.77	58.55	29.37	46.33	27.55	65.5	26.98	38.95	28.49	47.62
646	21.533	59.25	67.73	60.75	66.93	60.22	66.2	57.74	57.49	58.42	62.42	54.28	52.94	50.21	68.01	42.44	40.26	36.56	67.68	38.33	38.38	37.58	54.01	33.36	44.47	31.83	56.48	31.48	46.38	29.34	64.43	27.7	37.85	29.08	46.68
647	21.567	58.87	67.82	60.41	67.06	60.03	66.32	57.3	57.71	58.56	62.64	53.73	52.91	50.13	68.93	42.41	38.76	35.95	68.39	39.13	37.73	38.05	54.38	32.6	45.25	31.43	57.79	30.65	46.69	29.12	65.44	26.95	38.74	28.84	47.42
648	21.6	58.4	67.21	60.08	66.59	59.92	65.76	57.76	57.2	59.25	61.63	54.5	51.36	50.73	67.8	42.55	34.81	35.11	65.78	39.32	34.41	36.75	49.09	33.89	45.13	32.56	57.83	30.76	45.16	29.38	64.43	26.89	37.32	28.77	45.42
649	21.633	58.2	66.98	59.77	66.14	59.63	65.64	57.58	56.97	59.22	61.95	54.78	51.29	50.53	68.68	42.7	34.01	34.07	68.32	39.9	32.85	35.47	56.59	34.68	46.31	33.14	59.49	30.94	46.46	29.71	66.16	27.62	38.41	30.07	47.66
650	21.667	58.12	66.41	59.92	65.55	59.88	64.9	58.59	56.55	59.94	61.0	55.45	51.99	51.32	68.94	41.77	33.52	34.74	66.73	39.21	31.32	36.77	50.49	35.49	45.55	33.93	58.58	31.53	46.13	30.25	66.03	28.35	37.35	30.53	46.27
651	21.7	58.33	66.33	60.3	65.71	60.62	64.34	58.39	56.02	60.58	59.57	54.39	50.5	50.13	68.6	41.32	31.41	32.42	68.5	39.0	30.97	35.96	55.4	33.48	44.19	31.76	58.08	30.65	44.82	29.06	65.05	28.26	36.55	30.58	43.77
652	21.733	58.36	67.47	59.85	66.77	60.29	65.55	56.54	55.65	59.75	60.32	52.92	48.99	49.91	67.57	39.79	30.23	31.57	68.27	36.86	29.96	32.07	63.09	31.25	41.35	30.36	55.4	29.67	43.51	27.64	63.59	26.63	34.81	27.87	43.73
653	21.767	57.96	66.81	59.49	65.8	59.63	64.95	56.64	55.03	58.8	60.27	52.95	49.32	49.84	68.22	39.63	31.71	33.45	69.11	35.16	31.17	33.53	60.64	31.67	41.85	30.62	55.95	29.24	44.36	27.09	64.67	26.97	35.51	28.11	44.47
654	21.8	59.22	69.67	61.32	68.82	61.0	67.59	59.05	57.75	59.65	62.27	54.22	51.2	49.76	70.16	40.6	32.72	33.86	69.44	34.39	32.99	35.83	54.22	31.57	42.8	29.7	57.09	28.24	44.81	26.82	65.55	27.39	36.78	30.61	44.37
655	21.833	57.48	64.48	59.08	63.64	58.52	62.71	56.27	53.92	57.0	58.69	52.37	50.66	49.47	65.23	39.36	39.62	36.62	66.43	33.21	36.81	36.26	52.24	30.86	43.02	30.23	55.19	28.24	48.33	27.96	66.37	24.42	39.26	27.8	47.38
656	21.867	58.25	65.57	60.3	64.68	59.43	63.57	57.5	54.83	57.15	59.51	52.31	51.38	48.16	67.07	38.69	39.06	32.87	66.99	34.49	34.96	31.95	48.04	30.59	43.63	29.28	56.55	27.63	47.17	27.84	66.37	25.62	37.54	30.71	46.09
657	21.9	44.53	45.82	45.46	44.86	45.42	44.18	42.96	46.97	44.86	49.3	41.05	40.29	42.06	44.57	37.32	38.35	37.16	46.86	37.12	40.6	39.0	44.23	36.12	42.0	32.46	46.29	29.33	43.83	29.33	49.97	30.19	47.97	26.37	48.78
658	21.933	44.53	45.82	45.46	44.86	45.42	44.18	42.96	46.97	44.86	49.3	41.05	40.29	42.06	44.57	37.32	38.35	37.16	46.86	37.12	40.6	39.0	44.23	36.12	42.0	32.46	46.29	29.33	43.83	29.33	49.97	30.19	47.97	26.37	48.78
659	21.967	58.21	62.66	59.87	61.87	59.61	60.32	56.01	51.43	57.73	55.51	50.82	47.26	48.94	63.84	36.7	37.16	35.07	68.37	32.03	34.4	39.1	55.06	30.91	39.34	30.91	52.35	29.78	43.98	30.2	62.39	23.76	33.44	29.36	40.51
660	22.0	57.06	59.25	58.61	58.06	58.14	56.67	52.63	46.78	54.49	52.1	46.57	43.14	45.18	61.8	33.41	34.97	32.14	69.6	30.16	33.43	35.99	61.66	26.67	39.43	27.01	54.1	26.81	44.29	28.04	64.34	20.73	34.49	27.46	43.01
661	22.033	57.11	58.8	58.59	57.72	57.81	56.77	52.19	47.01	53.69	53.16	46.62	42.07	44.59	61.39	34.45	29.43	31.98	67.32	30.06	25.53	36.47	62.16	25.72	39.84	25.38	54.82	25.0	41.59	25.37	61.9	19.65	33.58	24.94	43.36
662	22.067	57.36	58.68	59.1	57.8	58.61	56.38	55.12	47.43	56.3	51.82	50.64	44.03	47.23	59.99	39.44	31.92	35.29	62.53	37.99	27.95	40.75	50.43	28.76	36.47	28.09	49.42	27.73	39.31	29.07	57.61	22.23	31.29	31.04	39.53
663	22.1	56.06	56.65	58.34	55.93	57.28	54.5	55.12	47.1	54.48	51.17	49.31	43.67	45.52	61.24	34.82	27.83	32.17	61.78	29.58	21.91	34.75	41.78	29.97	36.39	29.08	49.99	26.71	38.65	30.39	58.01	22.09	29.81	34.25	37.08
664	22.133	57.05	56.12	59.18	55.38	58.24	54.26	56.22	46.63	55.84	51.29	50.8	43.76	47.29	61.25	34.77	26.3	33.72	60.13	29.53	18.16	36.33	38.99	31.72	36.67	31.36	50.26	27.23	39.1	32.08	58.81	22.38	30.07	36.38	38.62
665	22.167	44.53	45.82	45.46	44.86	45.42	44.18	42.96	46.97	44.86	49.3	41.05	40.29	42.06	44.57	37.32	38.35	37.16	46.86	37.12	40.6	39.0	44.23	36.12	42.0	32.46	46.29	29.33	43.83	29.33	49.97	30.19	47.97	26.37	48.78
666	22.2	44.53	45.82	45.46	44.86	45.42	44.18	42.96	46.97	44.86	49.3	41.05	40.29	42.06	44.57	37.32	38.35	37.16	46.86	37.12	40.6	39.0	44.23	36.12	42.0	32.46	46.29	29.33	43.83	29.33	49.97	30.19	47.97	26.37	48.78
667	22.233	44.53	45.82	45.46	44.86	45.42	44.18	42.96	46.97	44.86	49.3	41.05	40.29	42.06	44.57	37.32	38.35	37.16	46.86	37.12	40.6	39.0	44.23	36.12	42.0	32.46	46.29	29.33	43.83	29.33	49.97	30.19	47.97	26.37	48.78
668	22.267	55.5	50.09	57.48	49.61	57.01	47.87	55.21	42.25	55.7	44.59	50.55	42.85	47.31	54.54	36.42	30.53	34.27	52.71	36.84	18.31	37.19	29.28	32.58	38.33	32.46	48.97	28.97	42.85	33.07	58.76	22.68	33.52	35.11	40.37
669	22.3	54.12	49.11	56.28	48.56	56.0	46.57	54.72	40.88	55.32	42.59	50.1	41.17	46.52	53.9	35.77	28.31	33.19	53.93	35.34	17.57	35.86	30.41	31.35	36.25	31.04	47.37	27.48	41.41	32.57	57.91	20.17	32.09	34.88	37.85
670	22.333	44.53	45.82	45.46	44.86	45.42	44.18	42.96	46.97	44.86	49.3	41.05	40.29	42.06	44.57	37.32	38.35	37.16	46.86	37.12	40.6	39.0	44.23	36.12	42.0	32.46	46.29	29.33	43.83	29.33	49.97	30.19	47.97	26.37	48.78
671	22.367	44.53	45.82	45.46	44.86	45.42	44.18	42.96	46.97	44.86	49.3	41.05	40.29	42.06	44.57	37.32	38.35	37.16	46.86	37.12	40.6	39.0	44.23	36.12	42.0	32.46	46.29	29.33	43.83	29.33	49.97	30.19	47.97	26.37	48.78
672	22.4	44.53	45.82	45.46	44.86	45.42	44.18	42.96	46.97	44.86	49.3	41.05	40.29	42.06	44.57	37.32	38.35	37.16	46.86	37.12	40.6	39.0	44.23	36.12	42.0	32.46	46.29	29.33	43.83	29.33	49.97	30.19	47.97	26.37	48.78
673	22.433	52.96	46.19	55.25	45.47	54.27	43.85	52.76	39.58	52.75	42.54	46.96	42.47	44.78	55.25	31.9	30.81	32.09	54.63	32.32	19.65	34.31	31.77	28.19	41.79	28.47	53.49	23.39	42.74	26.57	60.2	18.45	34.7	28.22	41.83
674	22.467	44.53	45.82	45.46	44.86	45.42	44.18	42.96	46.97	44.86	49.3	41.05	40.29	42.06	44.57	37.32	38.35	37.16	46.86	37.12	40.6	39.0	44.23	36.12	42.0	32.46	46.29	29.33	43.83	29.33	49.97	30.19	47.97	26.37	48.78
675	22.5	44.53	45.82	45.46	44.86	45.42	44.18	42.96	46.97	44.86	49.3	41.05	40.29	42.06	44.57	37.32	38.35	37.16	46.86	37.12	40.6	39.0	44.23	36.12	42.0	32.46	46.29	29.33	43.83	29.33	49.97	30.19	47.97	26.37	48.78
676	22.533	51.43	43.81	52.42	42.7	53.07	41.81	48.96	35.51	51.8	39.15	46.32	37.17	44.23	52.47	34.63	22.44	31.18	51.93	32.67	17.69	31.57	33.31	31.51	37.53	31.44	49.21	27.19	37.44	28.23	54.52	20.81	29.05	27.45	35.22
677	22.567	44.53	45.82	45.46	44.86	45.42	44.18	42.96	46.97	44.86	49.3	41.05	40.29	42.06	44.57	37.32	38.35	37.16	46.86	37.12	40.6	39.0	44.23	36.12	42.0	32.46	46.29	29.33	43.83	29.33	49.97	30.19	47.97	26.37	48.78
678	22.6	44.53	45.82	45.46	44.86	45.42	44.18	42.96	46.97	44.86	49.3	41.05	40.29	42.06	44.57	37.32	38.35	37.16	46.86	37.12	40.6	39.0	44.23	36.12	42.0	32.46	46.29	29.33	43.83	29.33	49.97	30.19	47.97	26.37	48.78
679	22.633	49.51	40.87	50.18	39.84	50.91	39.25	47.26	33.99	50.19	37.29	44.92	34.57	44.19	47.98	33.76	22.35	32.73	46.5	30.59	21.07	29.65	29.41	34.19	35.77	34.62	45.69	30.92	33.44	30.45	48.21	25.98	25.34	29.33	30.15
680	22.667	49.05	40.88	49.73	40.02	50.34	38.99	45.72	33.25	48.63	36.09	42.71	32.58	42.26	45.82	32.91	21.51	31.45	45.9	30.14	20.85	29.15	31.1	32.53	34.46	33.11	44.18	30.77	32.76	29.69	46.47	26.13	25.59	28.66	29.13
681	22.7	44.53	45.82	45.46	44.86	45.42	44.18	42.96	46.97	44.86	49.3	41.05	40.29	42.06	44.57	37.32	38.35	37.16	46.86	37.12	40.6	39.0	44.23	36.12	42.0	32.46	46.29	29.33	43.83	29.33	49.97	30.19	47.97	26.37	48.78
682	22.733	44.53	45.82	45.46	44.86	45.42	44.18	42.96	46.97	44.86	49.3	41.05	40.29	42.06	44.57	37.32	38.35	37.16	46.86	37.12	40.6	39.0	44.23	36.12	42.0	32.46	46.29	29.33	43.83	29.33	49.97	30.19	47.97	26.37	48.78
683	22.767	44.53	45.82	45.46	44.86	45.42	44.18	42.96	46.97	44.86	49.3	41.05	40.29	42.06	44.57	37.32	38.35	37.16	46.86	37.12	40.6	39.0	44.23	36.12	42.0	32.46	46.29	29.33	43.83	29.33	49.97	30.19	47.97	26.37	48.78
684	22.8	44.53	45.82	45.46	44.86	45.42	44.18	42.96	46.97	44.86	49.3	41.05	40.29	42.06	44.57	37.32	38.35	37.16	46.86	37.12	40.6	39.0	44.23	36.12	42.0	32.46	46.29	29.33	43.83	29.33	49.97	30.19	47.97	26.37	48.78
685	22.833	45.88	35.96	46.61	34.36	46.84	33.71	44.16	28.71	46.0	31.74	41.48	35.24	40.96	44.71	27.26	33.09	29.54	47.03	24.57	32.73	26.15	30.09	28.66	38.23	29.31	46.5	24.89	38.27	26.04	52.01	15.57	28.5	21.54	34.74
686	22.867	44.25	33.17	44.77	32.33	45.04	31.04	41.04	30.15	43.24	31.0	37.79	34.56	38.05	40.5	27.65	31.08	29.3	39.74	23.68	31.43	25.57	27.98	30.06	36.59	30.47	41.48	28.94	30.97	26.38	38.38	22.02	27.12	22.34	27.87
687	22.9	38.14	22.81	39.18	22.54	38.86	20.28	39.08	26.43	39.42	23.57	36.22	35.15	35.98	34.88	26.85	35.93	29.17	37.3	22.0	33.64	25.98	28.25	32.52	39.59	32.04	39.64	32.34	31.44	27.62	31.63	26.57	33.25	23.36	28.43
688	22.933	33.5	18.42	34.93	17.82	34.48	16.15	38.58	23.12	37.08	19.51	37.03	35.15	36.0	32.18	27.07	36.91	31.19	33.84	21.39	33.55	26.46	25.9	33.61	42.85	32.6	41.53	30.28	32.54	26.04	31.66	23.85	33.51	21.63	28.02
689	22.967	44.53	45.82	45.46	44.86	45.42	44.18	42.96	46.97	44.86	49.3	41.05	40.29	42.06	44.57	37.32	38.35	37.16	46.86	37.12	40.6	39.0	44.23	36.12	42.0	32.46	46.29	29.33	43.83	29.33	49.97	30.19	47.97	26.37	48.78
690	23.0	32.72	18.83	34.56	17.03	33.6	15.63	38.59	18.55	35.92	15.85	36.35	34.46	34.97	31.86	24.19	41.23	30.1	37.02	20.8	34.29	25.44	25.92	29.4	44.25	28.83	44.33	26.79	43.67	25.27	45.49	19.06	37.47	21.34	36.03
691	23.033	28.02	18.31	30.59	16.67	29.22	15.3	37.68	21.28	33.96	17.15	35.54	37.07	34.86	31.34	25.3	43.75	29.13	35.61	20.19	34.44	23.97	27.02	32.01	50.57	31.55	47.38	27.34	45.27	25.09	41.65	25.06	44.48	23.7	38.61
692	23.067	27.71	17.34	29.77	16.39	28.59	15.0	35.46	22.57	32.54	18.17	33.72	34.86	34.45	28.57	25.53	40.95	29.58	32.87	19.22	33.6	23.95	27.43	34.19	45.73	34.24	41.6	28.2	35.62	24.68	30.14	27.62	44.38	23.12	36.37
693	23.1	26.98	17.04	29.1	16.53	28.14	14.49	34.69	22.72	32.33	16.94	32.41	34.83	33.38	25.12	25.42	41.38	27.11	26.36	19.47	35.21	21.79	24.74	33.48	45.9	33.89	39.69	27.65	36.79	24.21	27.85	27.45	47.35	23.46	36.71
694	23.133	26.77	16.68	28.84	15.99	27.74	14.16	34.38	22.54	31.9	17.21	32.16	34.92	33.41	26.84	25.27	42.46	28.37	31.56	18.8	35.53	23.13	28.59	33.71	49.52	34.15	44.1	28.16	40.2	24.74	32.28	28.3	53.21	24.08	42.96
695	23.167	26.11	17.27	28.33	16.18	27.04	14.71	34.24	21.56	31.28	16.85	32.28	35.15	32.99	27.51	25.03	43.8	27.69	32.38	18.57	36.72	20.84	28.41	33.83	52.98	34.27	47.75	25.82	47.64	23.27	40.19	27.39	58.13	24.88	48.61
696	23.2	25.88	17.08	28.22	15.96	26.73	14.37	34.05	21.53	30.7	16.61	31.79	35.32	32.37	27.53	25.24	45.06	27.59	33.56	18.23	37.55	20.59	29.31	33.39	53.21	33.74	47.82	24.85	47.5	22.44	39.57	27.99	58.63	25.82	48.28
697	23.233	25.65	17.27	27.78	16.16	26.72	14.38	33.56	21.69	31.08	16.32	31.3	35.31	32.44	27.37	25.22	44.71	26.93	33.18	18.21	38.37	19.6	29.01	34.52	53.73	35.42	48.07	26.69	47.65	24.35	39.06	28.56	60.99	26.45	49.26
698	23.267	25.08	17.53	27.2	16.32	26.06	14.83	33.2	21.9	30.53	17.03	31.19	35.74	32.39	27.84	25.22	45.78	27.42	34.04	18.21	39.34	20.11	30.53	34.06	54.72	35.0	48.95	26.43	49.06	24.44	40.47	28.81	62.17	26.78	51.28
699	23.3	24.81	17.59	26.89	16.37	25.78	15.0	32.74	21.92	30.35	17.32	30.93	35.16	32.77	28.82	26.03	46.24	29.48	38.46	18.17	40.12	21.32	34.11	34.19	55.24	35.47	50.26	25.53	49.24	23.6	41.47	28.5	62.94	26.6	51.3
700	23.333	25.3	16.55	27.26	15.35	26.05	13.98	32.61	21.07	30.02	16.61	30.97	34.62	32.5	29.25	27.04	46.85	29.88	41.2	18.52	40.95	21.19	35.87	34.68	56.62	35.8	52.09	25.48	51.17	23.74	43.79	28.37	64.09	26.96	51.96
701	23.367	25.35	16.36	27.16	15.06	26.12	14.12	32.58	20.78	30.28	17.03	31.07	34.15	33.2	30.01	28.3	46.31	31.06	42.73	19.27	42.02	21.63	37.8	35.06	56.45	36.59	52.45	25.11	52.96	24.03	46.31	29.91	66.06	28.47	54.13
702	23.4	25.77	16.3	27.34	15.06	26.78	14.21	32.84	20.59	31.55	17.13	31.89	34.99	34.35	31.66	29.36	46.89	31.4	44.68	20.14	44.28	22.12	39.03	35.55	56.2	37.58	52.59	27.65	55.48	26.48	49.48	28.85	63.67	26.86	51.73
703	23.433	25.67	17.21	27.14	15.91	26.81	15.41	32.81	21.08	31.86	18.16	32.11	34.85	34.68	32.17	29.78	46.73	31.85	45.39	20.56	43.91	22.34	39.22	36.09	56.24	38.21	52.98	26.51	55.75	25.47	50.3	29.89	64.23	27.9	52.68
704	23.467	25.49	18.06	26.8	16.59	26.72	16.36	32.77	21.29	32.34	18.8	32.79	34.59	35.68	32.88	29.85	45.75	31.99	46.13	21.11	44.55	22.77	39.35	37.05	55.77	39.42	53.05	29.17	54.96	28.28	50.75	28.92	62.78	26.62	52.45
705	23.5	25.24	19.21	26.82	17.61	26.32	16.9	32.7	22.76	31.92	19.85	32.42	36.28	34.74	33.11	29.33	47.69	31.19	45.28	20.76	45.41	22.73	40.51	37.39	56.95	39.04	52.98	29.84	50.68	28.87	44.47	32.98	63.48	32.0	52.87
706	23.533	25.55	19.88	26.88	18.26	26.63	17.84	32.55	22.84	32.33	20.36	32.49	35.88	35.45	32.73	30.21	48.02	32.07	45.56	21.76	46.03	23.85	41.57	37.4	58.0	39.46	54.03	29.95	52.56	29.67	46.34	33.37	64.83	32.79	54.66
707	23.567	26.15	19.45	27.45	17.98	27.24	17.57	32.96	22.76	32.75	20.26	32.79	35.43	35.49	32.55	30.99	47.55	32.54	45.36	21.99	45.91	24.37	40.66	37.9	58.12	39.79	54.2	30.36	53.98	29.99	47.7	34.18	67.0	33.84	56.32
708	23.6	26.56	18.9	27.86	17.49	27.66	17.13	33.33	22.51	33.12	20.09	33.19	34.62	35.85	32.63	32.17	46.87	33.42	46.44	22.54	46.33	24.77	41.36	38.47	57.65	40.36	54.16	30.62	53.27	30.0	47.48	34.53	67.46	33.86	56.18
709	23.633	27.84	19.03	28.78	17.78	29.17	17.67	33.84	22.5	34.95	20.5	33.73	34.91	37.23	32.5	33.07	48.39	34.73	46.75	23.22	48.0	25.81	42.7	38.49	56.87	41.17	53.22	29.25	55.67	28.69	49.48	35.59	66.04	34.31	54.52
710	23.667	27.76	18.04	29.04	16.82	28.85	16.25	34.2	22.45	33.76	19.53	33.85	34.45	35.8	31.8	33.6	48.35	35.09	46.78	24.02	47.74	26.3	43.06	39.41	56.77	40.93	53.01	31.68	52.39	30.5	45.84	37.08	68.12	36.97	56.04
711	23.7	28.04	18.84	29.43	17.55	29.22	17.01	34.83	22.83	34.29	19.84	34.58	34.23	36.64	32.11	34.44	47.92	36.16	47.58	24.7	48.43	26.95	43.72	39.99	55.97	41.6	52.61	31.98	50.54	30.63	44.63	36.63	65.87	36.26	53.55
712	23.733	44.53	45.82	45.46	44.86	45.42	44.18	42.96	46.97	44.86	49.3	41.05	40.29	42.06	44.57	37.32	38.35	37.16	46.86	37.12	40.6	39.0	44.23	36.12	42.0	32.46	46.29	29.33	43.83	29.33	49.97	30.19	47.97	26.37	48.78
713	23.767	44.53	45.82	45.46	44.86	45.42	44.18	42.96	46.97	44.86	49.3	41.05	40.29	42.06	44.57	37.32	38.35	37.16	46.86	37.12	40.6	39.0	44.23	36.12	42.0	32.46	46.29	29.33	43.83	29.33	49.97	30.19	47.97	26.37	48.78
714	23.8	29.39	17.36	31.1	16.54	30.36	15.36	36.4	23.23	34.52	18.97	36.31	34.11	35.5	29.89	36.08	47.79	34.85	43.55	27.53	50.91	27.62	43.52	40.46	54.24	40.18	49.8	35.78	48.9	32.89	41.7	36.54	66.33	36.3	53.93
715	23.833	30.02	16.91	31.59	15.89	31.0	15.15	37.03	21.59	35.25	18.16	37.01	34.25	37.62	31.02	37.23	47.68	36.75	44.77	27.36	53.84	28.75	45.28	41.17	55.31	42.09	51.42	33.22	57.02	31.41	50.55	35.05	66.96	33.52	54.15
716	23.867	30.74	17.3	32.12	16.09	31.77	15.68	37.55	21.26	36.26	18.41	38.1	33.59	38.77	31.34	38.12	46.97	37.68	45.99	28.37	54.13	29.69	47.14	42.0	54.2	43.01	50.99	34.02	56.0	32.32	50.74	34.67	65.7	33.05	53.97
717	23.9	30.73	18.46	32.4	17.05	31.66	16.55	37.98	22.35	36.07	19.03	37.79	32.48	38.2	30.16	38.81	47.06	37.87	46.71	29.9	52.64	30.11	47.42	41.5	55.79	42.08	52.54	36.92	52.8	35.44	47.32	38.18	69.81	37.67	58.31
718	23.933	31.2	18.7	32.96	17.16	32.1	16.79	38.72	22.07	36.43	18.88	38.21	32.04	38.79	29.79	38.85	46.25	37.81	45.9	30.05	52.2	29.97	46.56	41.88	56.49	42.54	53.33	36.71	54.36	35.62	49.16	39.12	71.36	38.34	60.3
719	23.967	32.53	18.07	34.04	16.85	33.5	16.27	39.1	21.35	37.92	18.64	38.35	33.09	39.83	31.2	39.08	46.02	37.85	45.56	29.3	52.33	30.11	45.47	42.31	56.58	43.7	53.19	34.47	57.76	34.07	51.84	39.66	69.5	39.38	57.4
720	24.0	33.0	17.98	34.6	16.77	34.02	16.17	39.8	21.44	38.51	18.7	38.78	32.98	40.26	31.47	39.62	45.67	38.33	46.1	29.99	52.4	30.54	46.2	42.06	56.29	43.47	53.2	34.75	56.63	34.35	51.15	39.98	69.02	39.68	57.02
721	24.033	34.71	14.89	36.56	13.73	35.07	12.47	40.96	19.67	37.75	16.02	39.62	32.94	39.4	31.01	40.25	47.23	38.57	46.98	29.73	54.02	30.68	45.53	42.64	57.84	42.87	54.65	36.06	56.03	34.52	50.38	39.96	69.44	39.17	56.9
722	24.067	34.62	16.5	36.54	15.35	35.03	14.17	41.21	20.85	37.95	17.3	40.23	33.27	39.74	31.31	40.59	46.99	38.81	46.67	29.86	54.14	31.74	45.52	42.89	57.36	42.93	54.17	37.09	55.89	35.24	50.35	39.42	68.94	38.26	56.74
723	24.1	36.03	15.09	37.98	14.07	36.25	12.61	42.14	19.93	38.34	16.07	40.7	32.97	39.5	30.76	40.54	47.05	38.66	46.34	29.71	52.62	31.29	44.54	42.9	56.85	42.5	53.7	36.24	55.61	33.96	49.99	39.62	68.88	38.5	56.53
724	24.133	44.53	45.82	45.46	44.86	45.42	44.18	42.96	46.97	44.86	49.3	41.05	40.29	42.06	44.57	37.32	38.35	37.16	46.86	37.12	40.6	39.0	44.23	36.12	42.0	32.46	46.29	29.33	43.83	29.33	49.97	30.19	47.97	26.37	48.78
725	24.167	44.53	45.82	45.46	44.86	45.42	44.18	42.96	46.97	44.86	49.3	41.05	40.29	42.06	44.57	37.32	38.35	37.16	46.86	37.12	40.6	39.0	44.23	36.12	42.0	32.46	46.29	29.33	43.83	29.33	49.97	30.19	47.97	26.37	48.78
726	24.2	44.53	45.82	45.46	44.86	45.42	44.18	42.96	46.97	44.86	49.3	41.05	40.29	42.06	44.57	37.32	38.35	37.16	46.86	37.12	40.6	39.0	44.23	36.12	42.0	32.46	46.29	29.33	43.83	29.33	49.97	30.19	47.97	26.37	48.78
727	24.233	39.7	15.25	42.01	13.8	39.42	12.66	46.41	18.77	41.02	15.62	44.54	32.7	43.76	30.91	41.53	46.47	42.49	47.34	30.03	49.91	34.96	45.76	43.07	57.65	42.83	55.42	36.33	55.81	34.62	52.13	36.62	64.19	34.51	54.6
728	24.267	40.49	15.25	42.49	13.91	40.28	12.79	46.76	18.63	42.15	15.72	45.59	32.74	44.7	30.46	40.84	46.54	41.57	45.62	28.54	52.39	33.89	44.92	43.75	56.38	43.56	53.78	39.01	54.63	37.14	51.02	34.51	63.43	32.38	54.75
729	24.3	41.4	15.72	43.4	14.41	41.3	13.2	47.61	18.9	43.29	15.76	46.14	33.4	45.59	29.92	40.61	47.65	42.06	44.19	27.89	52.8	34.13	43.93	43.42	56.66	43.41	53.57	38.26	55.64	36.45	51.39	33.69	63.5	31.68	54.61
730	24.333	43.7	14.81	45.8	13.5	43.25	12.31	48.99	17.82	43.85	15.42	47.27	31.79	45.18	32.05	42.57	42.64	42.61	47.1	32.8	44.56	35.26	42.45	42.81	56.25	41.9	56.0	35.83	54.21	33.85	53.88	32.43	61.0	31.43	54.03
731	24.367	43.32	15.44	45.84	14.33	43.47	12.7	50.06	18.96	45.29	15.36	47.69	32.9	45.84	31.6	42.51	42.34	42.27	44.58	33.3	43.37	35.36	40.68	42.41	56.22	41.67	55.2	36.32	54.66	34.28	53.11	32.46	61.57	31.85	53.06
732	24.4	44.47	15.76	46.98	14.55	44.67	12.86	51.03	18.73	46.53	15.25	48.39	32.57	47.21	32.56	41.83	40.34	42.45	45.49	33.24	42.87	35.52	41.05	43.18	54.92	42.95	54.8	37.99	54.42	36.27	54.41	31.36	61.78	30.66	54.02
733	24.433	45.43	16.08	47.76	14.58	45.95	13.13	51.91	18.23	48.41	15.4	49.33	33.11	48.85	35.1	41.49	40.2	43.66	49.28	33.19	42.27	36.28	41.85	43.98	53.81	44.2	55.07	38.44	54.58	37.01	56.87	31.16	59.98	31.0	53.22
734	24.467	45.53	16.08	47.76	14.61	46.3	13.22	51.88	18.07	49.22	15.4	49.12	32.72	49.32	34.93	40.97	39.74	43.59	49.36	33.02	42.02	36.12	42.37	43.34	53.11	44.02	54.56	38.0	53.34	36.81	55.9	30.84	58.93	30.79	52.29
735	24.5	45.4	16.66	47.31	15.32	46.3	13.87	51.03	18.65	49.37	15.9	48.75	33.06	48.81	34.79	40.5	40.77	43.07	49.14	32.27	42.35	35.55	41.9	43.74	52.79	44.25	53.95	38.02	52.76	36.0	54.81	30.81	58.51	30.6	51.41
736	24.533	46.26	17.63	47.78	16.24	47.09	14.87	50.53	18.71	49.78	16.35	48.6	32.56	48.93	34.18	40.02	40.24	42.96	47.62	31.26	43.22	35.14	41.64	43.58	52.39	44.21	53.53	37.98	51.81	35.63	53.96	30.24	57.84	29.81	51.36
737	24.567	45.7	18.9	46.92	17.82	46.53	16.33	49.12	20.54	49.16	17.79	47.64	33.79	48.24	33.08	39.35	41.26	42.02	43.87	30.51	43.9	34.38	40.58	43.47	51.45	44.3	51.14	37.64	50.78	34.98	50.73	29.91	56.64	28.94	49.52
738	24.6	43.67	18.22	45.83	17.17	44.29	15.25	49.91	21.26	47.01	17.19	47.49	35.61	47.33	32.88	38.5	44.21	41.31	43.58	28.91	45.54	33.43	40.34	43.82	53.69	44.02	52.02	37.35	51.0	34.76	48.93	30.73	57.97	29.64	49.22
739	24.633	42.08	19.26	44.51	18.46	42.77	16.23	49.38	23.34	45.91	17.97	46.34	37.59	46.99	30.34	36.94	48.28	40.67	39.08	26.6	49.34	33.0	40.25	43.84	54.27	44.59	49.7	37.23	50.34	34.99	43.97	32.35	59.28	30.86	48.54
740	24.667	39.87	22.6	41.81	21.42	41.17	20.06	47.67	24.53	46.19	20.53	46.19	36.88	47.64	31.85	37.03	47.99	41.27	42.43	26.15	49.91	32.78	41.44	43.72	53.56	45.02	50.0	36.76	49.69	34.82	45.16	32.19	57.96	30.65	48.45
741	24.7	38.52	25.66	40.34	24.65	39.8	23.03	46.26	26.47	44.72	21.6	45.06	36.83	46.45	29.06	37.11	48.67	40.2	37.91	26.65	49.92	32.08	39.92	43.89	52.81	45.26	47.53	36.87	49.66	34.79	42.22	33.32	58.77	31.54	47.8
742	24.733	38.27	27.39	39.86	26.32	39.53	24.61	45.4	27.66	44.1	22.57	44.11	38.15	45.78	29.7	37.66	49.62	40.27	37.42	28.49	49.23	32.28	39.51	43.97	53.34	45.55	47.72	37.31	50.32	35.38	42.04	35.22	59.46	33.7	48.11
743	24.767	36.69	25.7	38.46	24.71	38.08	22.89	44.4	27.52	42.97	21.89	43.31	38.86	44.56	29.02	37.92	52.24	39.79	37.06	28.09	52.11	31.93	39.86	44.56	53.57	45.84	46.75	38.67	50.25	35.85	40.0	36.68	61.21	34.42	48.24
744	24.8	35.68	26.51	37.54	25.45	36.85	23.59	43.41	28.17	41.32	22.32	42.7	39.37	43.47	28.44	38.22	53.99	39.25	36.18	27.95	54.42	31.65	39.7	44.77	53.59	45.74	45.96	38.88	49.44	35.82	38.01	37.07	61.59	34.64	48.2
745	24.833	34.67	24.69	36.66	23.72	35.85	22.12	42.6	27.72	40.39	22.44	41.81	39.35	42.37	29.82	37.94	51.72	38.55	36.32	28.01	51.19	31.05	38.47	44.25	53.48	45.02	46.46	37.34	49.58	34.44	38.91	37.69	61.58	35.49	48.52
746	24.867	33.2	24.43	35.47	23.5	34.39	22.03	41.84	28.39	39.16	23.27	41.54	38.87	41.0	30.72	38.91	50.7	37.31	38.9	30.29	47.5	31.06	39.39	44.97	53.84	44.84	47.5	36.99	47.41	34.14	37.46	38.79	60.87	37.48	48.0
747	24.9	31.95	25.66	34.78	24.51	32.98	22.17	41.65	28.13	37.31	21.24	40.93	38.67	39.13	27.42	38.6	51.61	33.89	33.59	29.43	48.53	28.02	34.92	45.14	51.59	44.35	43.38	38.67	46.07	35.11	33.17	40.13	60.79	38.46	45.85
748	24.933	44.53	45.82	45.46	44.86	45.42	44.18	42.96	46.97	44.86	49.3	41.05	40.29	42.06	44.57	37.32	38.35	37.16	46.86	37.12	40.6	39.0	44.23	36.12	42.0	32.46	46.29	29.33	43.83	29.33	49.97	30.19	47.97	26.37	48.78
749	24.967	30.94	27.24	33.68	25.78	31.76	23.5	40.57	28.22	35.8	21.71	40.19	39.1	37.53	28.02	37.58	52.6	31.78	34.3	28.16	50.17	26.68	35.17	44.41	52.78	43.07	44.62	38.35	48.45	34.77	35.84	40.36	62.21	39.03	48.38
750	25.0	30.41	27.68	32.9	26.17	31.25	24.3	39.67	28.84	35.6	22.93	39.45	40.3	38.66	30.04	37.38	54.43	34.84	38.21	27.38	53.76	28.97	40.89	44.8	54.11	44.69	46.24	37.04	51.65	34.15	39.3	40.34	64.43	38.48	50.15
751	25.033	29.37	28.21	32.25	26.51	30.16	24.33	39.44	29.25	34.44	22.78	39.17	40.75	37.38	30.96	37.77	53.97	33.81	39.15	28.18	54.13	28.08	41.62	44.7	53.5	44.02	45.88	37.44	51.52	33.94	39.36	40.46	65.12	38.42	50.11
752	25.067	28.18	28.06	30.67	26.45	29.28	25.12	38.17	30.07	34.67	25.05	38.57	40.43	38.31	33.11	38.41	53.88	35.29	43.4	29.84	53.24	29.35	43.16	45.77	54.41	45.99	47.78	38.86	50.51	37.32	39.99	42.86	64.54	42.61	51.11
753	25.1	27.76	29.07	30.2	27.27	28.74	25.9	37.69	30.13	33.92	25.01	38.37	41.01	37.78	32.87	38.46	54.81	34.57	42.47	30.24	52.98	28.67	42.23	46.1	54.38	46.22	47.29	38.74	51.36	37.16	40.12	43.41	64.37	43.2	50.9
754	25.133	27.65	30.26	29.83	28.39	28.42	27.37	36.83	30.44	33.28	26.12	37.75	41.47	37.99	33.14	38.52	55.19	35.49	41.99	29.66	53.78	28.91	43.82	45.05	54.73	45.87	47.54	35.16	53.45	34.41	41.93	42.16	65.7	42.01	52.47
755	25.167	26.86	29.97	29.27	27.95	27.59	26.5	36.68	29.83	32.41	24.61	37.67	40.92	37.14	31.79	39.14	55.11	33.85	40.19	31.16	53.68	27.26	39.88	45.9	54.21	46.28	46.48	38.36	51.76	37.87	39.52	43.12	64.16	44.17	50.31
756	25.2	26.82	30.18	29.25	28.01	27.35	26.41	36.37	29.53	31.59	24.16	37.34	40.68	36.0	31.56	39.3	54.59	32.64	38.77	31.74	53.19	25.87	36.28	46.2	53.6	46.07	45.86	39.15	52.17	38.08	39.95	43.98	64.93	44.64	51.03
757	25.233	26.52	29.58	28.77	27.42	27.21	25.96	35.88	29.23	31.86	24.1	37.15	40.56	36.38	31.54	39.44	54.49	31.88	37.96	31.68	53.98	24.75	33.81	46.92	53.58	47.22	45.75	39.47	50.98	38.77	38.79	43.99	64.8	44.45	50.66
758	25.267	25.9	29.08	28.28	26.74	26.29	25.43	35.75	28.78	30.92	24.05	37.92	40.23	35.95	31.34	39.93	54.1	31.35	37.76	32.78	52.98	24.14	33.05	47.53	53.57	47.06	45.75	42.24	49.58	41.61	37.82	43.06	62.3	44.66	49.72
759	25.3	25.53	29.09	27.91	26.59	25.9	25.31	35.21	28.33	30.37	23.53	36.7	40.6	35.89	31.33	39.42	55.34	32.36	38.74	32.01	52.3	24.86	35.43	46.71	54.61	47.05	46.57	38.98	52.1	38.88	39.42	44.08	64.84	45.09	51.15
760	25.333	25.3	29.17	27.76	26.43	25.45	25.15	35.02	27.97	29.55	23.2	36.39	40.54	35.33	31.04	39.27	54.68	31.58	37.4	32.23	51.09	24.09	34.0	46.73	53.75	46.99	45.59	39.02	51.65	38.93	38.77	44.37	64.38	45.02	50.91
761	25.367	25.08	29.37	27.67	26.09	24.53	25.12	35.13	27.05	27.85	23.14	37.25	39.58	34.29	31.05	39.58	53.67	31.46	38.1	33.21	50.94	24.85	34.92	47.25	52.81	46.21	45.26	42.24	50.92	41.65	39.46	43.94	61.66	45.15	50.96
762	25.4	25.27	29.23	27.34	26.21	24.64	26.2	34.33	26.01	27.09	22.56	37.36	36.18	36.07	27.31	39.8	49.92	32.82	33.52	32.56	51.71	27.14	33.6	47.29	50.8	48.2	44.12	34.07	50.16	36.86	40.63	36.65	65.83	40.06	56.25
763	25.433	24.99	29.42	27.04	26.23	24.21	26.37	34.1	25.78	26.56	22.63	37.18	36.04	36.08	26.94	39.61	49.66	32.45	32.53	32.68	51.93	26.75	33.59	47.03	49.94	48.12	43.12	34.02	49.05	37.14	39.45	36.15	64.03	39.35	55.11
764	25.467	25.0	28.93	26.73	26.08	24.41	26.44	33.38	25.53	26.83	22.65	36.47	35.91	36.28	24.86	39.22	49.73	31.53	23.85	32.26	51.17	24.56	18.43	47.0	50.99	48.78	42.91	33.72	49.5	37.57	38.81	36.59	63.29	40.54	54.56
765	25.5	25.14	28.81	26.79	26.0	24.38	26.45	32.99	25.56	26.38	22.88	35.98	34.94	35.87	25.34	39.36	48.89	31.96	28.81	32.28	51.31	24.95	28.35	47.17	48.89	48.99	41.48	33.77	48.67	37.87	38.24	37.49	61.72	41.53	52.64
766	25.533	24.56	28.79	26.25	26.0	23.84	26.49	32.61	25.54	25.91	23.04	35.63	34.89	35.28	24.86	39.41	48.14	29.53	25.82	32.36	51.12	22.99	24.66	46.65	48.42	48.34	40.69	33.08	46.64	37.04	35.85	37.13	58.96	40.06	49.92
767	25.567	23.09	29.41	25.28	26.32	22.34	26.12	32.12	25.92	24.83	22.93	34.72	36.15	33.74	27.46	39.5	50.75	30.46	34.38	32.14	51.58	22.9	36.96	45.58	48.77	46.44	41.27	34.3	47.28	36.84	35.62	39.97	58.92	42.81	48.16
768	25.6	22.82	29.54	25.02	26.42	22.06	26.0	31.83	25.84	24.61	22.55	34.36	36.01	33.73	27.13	39.1	51.66	30.46	35.36	31.72	53.49	22.95	38.02	45.35	48.36	46.46	40.78	34.27	46.19	37.17	34.41	38.85	58.53	42.12	47.31
769	25.633	22.65	29.38	24.59	26.52	22.01	26.37	31.18	25.76	24.78	23.0	34.15	34.49	33.76	27.06	39.24	48.87	30.52	35.08	31.65	51.89	22.89	36.9	46.01	47.35	47.28	40.37	35.15	46.79	38.26	35.88	39.68	58.84	43.25	47.87
770	25.667	44.53	45.82	45.46	44.86	45.42	44.18	42.96	46.97	44.86	49.3	41.05	40.29	42.06	44.57	37.32	38.35	37.16	46.86	37.12	40.6	39.0	44.23	36.12	42.0	32.46	46.29	29.33	43.83	29.33	49.97	30.19	47.97	26.37	48.78
771	25.7	44.53	45.82	45.46	44.86	45.42	44.18	42.96	46.97	44.86	49.3	41.05	40.29	42.06	44.57	37.32	38.35	37.16	46.86	37.12	40.6	39.0	44.23	36.12	42.0	32.46	46.29	29.33	43.83	29.33	49.97	30.19	47.97	26.37	48.78
772	25.733	22.14	30.42	23.32	27.68	21.68	28.63	29.95	25.88	24.96	24.05	34.41	32.33	35.62	25.31	39.45	44.96	35.3	32.43	31.79	52.31	28.69	36.71	45.67	44.4	48.43	38.03	33.05	45.15	36.93	36.06	37.27	59.45	40.88	50.29
773	25.767	22.55	30.69	23.7	27.92	21.92	28.94	29.94	25.88	24.63	24.44	33.93	33.8	34.81	26.76	39.59	45.39	35.29	32.32	32.81	49.87	27.87	37.04	43.31	46.46	45.82	40.3	32.35	49.81	35.06	40.84	36.96	59.34	38.88	51.11
774	25.8	22.6	30.87	23.73	27.82	21.68	28.69	29.9	25.81	24.58	24.86	33.94	33.54	34.98	26.99	39.47	46.19	35.5	34.12	33.72	49.2	28.78	38.17	45.42	47.21	47.48	40.81	36.06	47.61	39.77	38.09	40.01	56.58	44.05	49.01
775	25.833	22.61	30.88	23.77	27.76	21.66	28.61	30.27	25.31	24.78	24.67	34.77	33.2	34.88	26.64	39.64	45.22	36.13	32.34	33.88	48.67	29.87	34.16	44.38	46.27	45.75	40.03	37.45	46.7	40.86	38.02	38.77	53.44	44.0	47.15
776	25.867	22.84	31.11	23.98	27.97	21.92	28.79	30.49	25.59	25.16	24.92	35.02	33.32	35.17	27.21	39.79	45.56	36.13	34.25	34.36	49.92	30.05	37.73	44.42	46.97	45.81	41.06	37.58	46.2	40.83	37.92	38.22	53.4	43.04	47.22
777	25.9	23.16	31.41	24.33	28.3	22.26	28.97	30.83	25.97	25.51	25.13	35.54	33.91	35.26	27.69	40.34	45.64	35.69	33.66	35.73	51.63	29.82	35.67	44.25	46.99	45.44	41.17	37.89	45.4	41.13	37.55	36.68	52.48	42.04	46.45
778	25.933	23.26	31.68	24.25	28.4	22.2	29.67	30.58	25.98	24.8	24.97	35.17	34.78	36.58	25.82	41.12	48.88	35.11	31.36	34.78	54.1	29.61	36.0	44.97	47.13	48.01	39.99	33.12	44.64	37.53	34.62	35.99	54.05	38.69	46.7
779	25.967	23.5	32.3	24.23	28.97	22.4	30.18	30.45	26.24	25.0	25.01	35.77	36.78	37.28	25.27	41.53	53.38	35.64	30.68	34.04	55.03	29.18	36.56	45.97	47.33	49.18	38.67	32.65	45.5	36.58	33.09	35.23	52.71	37.42	44.52
780	26.0	23.45	32.71	24.39	29.46	22.29	30.49	30.54	26.61	24.2	25.2	35.78	37.87	35.3	26.28	41.31	54.04	35.37	30.11	33.21	56.09	29.36	36.7	44.94	46.6	46.77	37.98	33.44	48.9	34.63	36.51	35.7	53.5	35.91	45.38
781	26.033	44.53	45.82	45.46	44.86	45.42	44.18	42.96	46.97	44.86	49.3	41.05	40.29	42.06	44.57	37.32	38.35	37.16	46.86	37.12	40.6	39.0	44.23	36.12	42.0	32.46	46.29	29.33	43.83	29.33	49.97	30.19	47.97	26.37	48.78
782	26.067	44.53	45.82	45.46	44.86	45.42	44.18	42.96	46.97	44.86	49.3	41.05	40.29	42.06	44.57	37.32	38.35	37.16	46.86	37.12	40.6	39.0	44.23	36.12	42.0	32.46	46.29	29.33	43.83	29.33	49.97	30.19	47.97	26.37	48.78
783	26.1	23.06	34.38	24.1	30.85	21.73	32.18	30.79	28.13	24.0	27.78	36.45	37.67	34.8	30.02	40.28	49.73	33.23	35.27	32.41	56.45	30.33	45.38	43.46	43.8	44.42	37.37	38.8	45.74	40.4	37.12	35.11	54.23	35.62	49.94
784	26.133	22.96	34.9	23.88	31.19	21.41	32.43	30.2	28.19	23.39	28.11	35.28	39.4	34.99	30.92	39.26	50.78	34.01	34.07	32.33	57.24	30.23	44.67	44.97	46.36	46.54	38.81	41.27	50.39	42.92	40.0	37.64	55.03	37.4	50.25
785	26.167	23.4	34.77	23.95	31.02	21.94	32.77	30.28	27.67	24.2	28.0	36.69	38.9	36.25	30.23	40.74	52.22	35.99	34.03	32.08	57.11	29.81	42.38	44.52	45.57	46.36	38.4	39.72	48.14	41.52	38.75	35.34	53.35	36.31	49.5
786	26.2	23.52	34.64	23.89	30.92	21.97	32.72	30.14	27.15	24.21	27.28	37.21	37.58	36.9	27.34	42.18	52.57	35.61	31.57	33.75	57.75	30.26	40.15	46.83	45.68	48.79	37.49	37.97	46.95	40.22	35.94	35.03	53.01	36.15	47.84
787	26.233	23.53	33.97	24.24	30.42	22.25	32.03	30.47	27.87	24.42	27.2	36.99	38.91	36.8	28.4	42.42	52.46	37.56	30.91	33.48	58.08	31.58	40.08	46.66	45.94	48.66	37.74	37.51	47.05	38.92	35.89	34.99	54.24	35.55	47.69
788	26.267	23.36	33.5	24.61	29.99	21.97	31.04	30.74	28.13	23.68	27.14	36.01	39.32	34.97	29.33	41.77	51.69	35.75	31.53	34.36	58.53	31.87	41.48	46.37	47.69	47.44	39.5	36.76	47.07	37.34	35.45	36.31	55.1	36.09	47.51
789	26.3	23.7	32.93	24.88	29.69	22.59	30.28	30.76	28.51	24.92	27.39	35.89	41.05	34.68	30.41	41.49	53.69	35.55	32.38	33.26	59.86	31.45	43.83	46.72	51.13	47.24	41.87	39.63	51.3	38.66	37.65	40.08	58.85	38.07	49.74
790	26.333	23.7	32.58	24.81	29.42	22.66	30.09	30.67	28.25	25.12	27.17	35.62	40.64	35.22	29.92	41.61	53.8	36.16	31.88	34.11	59.38	32.21	41.33	46.97	51.23	48.05	41.99	38.78	50.99	38.65	37.41	40.48	58.58	39.05	49.4
791	26.367	23.95	32.1	24.49	28.57	22.69	30.06	30.18	26.86	25.42	26.72	35.92	38.56	37.85	28.53	42.12	53.73	38.37	34.11	35.23	58.89	31.47	43.18	47.28	49.16	50.3	40.72	36.64	47.72	40.87	35.78	37.36	55.8	41.4	48.85
792	26.4	44.53	45.82	45.46	44.86	45.42	44.18	42.96	46.97	44.86	49.3	41.05	40.29	42.06	44.57	37.32	38.35	37.16	46.86	37.12	40.6	39.0	44.23	36.12	42.0	32.46	46.29	29.33	43.83	29.33	49.97	30.19	47.97	26.37	48.78
793	26.433	23.89	31.66	24.89	28.88	23.33	29.83	31.02	28.95	26.44	27.49	36.39	41.01	35.99	30.85	41.15	55.08	37.31	34.71	33.19	61.64	32.22	44.44	46.0	51.27	47.38	42.8	38.32	51.04	37.88	39.09	38.38	61.17	37.43	52.66
794	26.467	44.53	45.82	45.46	44.86	45.42	44.18	42.96	46.97	44.86	49.3	41.05	40.29	42.06	44.57	37.32	38.35	37.16	46.86	37.12	40.6	39.0	44.23	36.12	42.0	32.46	46.29	29.33	43.83	29.33	49.97	30.19	47.97	26.37	48.78
795	26.5	23.5	30.71	24.65	28.02	23.04	28.63	30.62	28.63	26.14	26.69	35.64	40.82	35.74	29.7	42.23	55.81	34.19	32.43	35.52	63.89	29.02	39.1	46.54	50.76	48.39	41.71	35.46	47.4	36.34	34.42	37.97	59.31	37.5	49.08
796	26.533	23.8	29.96	24.93	27.41	23.43	28.04	30.78	28.4	26.57	26.47	35.76	40.49	36.07	30.27	42.79	55.12	35.85	34.33	35.65	63.07	30.65	41.24	46.42	50.15	48.38	41.62	35.09	48.04	36.26	35.61	37.98	59.73	38.3	49.13
797	26.567	23.84	29.31	25.15	26.78	23.58	27.39	31.22	27.99	26.95	25.97	35.66	40.03	36.53	30.02	42.86	54.4	36.83	33.51	35.8	62.72	30.38	38.85	45.0	50.56	47.32	42.23	33.93	47.49	35.52	35.5	37.29	58.89	37.98	48.2
798	26.6	23.97	28.92	25.29	26.44	23.85	26.96	31.56	27.71	27.44	25.53	35.48	40.26	36.66	30.12	41.65	54.54	36.16	33.73	35.52	62.1	30.39	39.26	44.67	51.13	47.27	42.8	33.93	48.33	36.12	36.44	37.6	59.37	38.81	49.08
799	26.633	44.53	45.82	45.46	44.86	45.42	44.18	42.96	46.97	44.86	49.3	41.05	40.29	42.06	44.57	37.32	38.35	37.16	46.86	37.12	40.6	39.0	44.23	36.12	42.0	32.46	46.29	29.33	43.83	29.33	49.97	30.19	47.97	26.37	48.78
800	26.667	44.53	45.82	45.46	44.86	45.42	44.18	42.96	46.97	44.86	49.3	41.05	40.29	42.06	44.57	37.32	38.35	37.16	46.86	37.12	40.6	39.0	44.23	36.12	42.0	32.46	46.29	29.33	43.83	29.33	49.97	30.19	47.97	26.37	48.78
801	26.7	44.53	45.82	45.46	44.86	45.42	44.18	42.96	46.97	44.86	49.3	41.05	40.29	42.06	44.57	37.32	38.35	37.16	46.86	37.12	40.6	39.0	44.23	36.12	42.0	32.46	46.29	29.33	43.83	29.33	49.97	30.19	47.97	26.37	48.78
802	26.733	44.53	45.82	45.46	44.86	45.42	44.18	42.96	46.97	44.86	49.3	41.05	40.29	42.06	44.57	37.32	38.35	37.16	46.86	37.12	40.6	39.0	44.23	36.12	42.0	32.46	46.29	29.33	43.83	29.33	49.97	30.19	47.97	26.37	48.78
803	26.767	44.53	45.82	45.46	44.86	45.42	44.18	42.96	46.97	44.86	49.3	41.05	40.29	42.06	44.57	37.32	38.35	37.16	46.86	37.12	40.6	39.0	44.23	36.12	42.0	32.46	46.29	29.33	43.83	29.33	49.97	30.19	47.97	26.37	48.78
804	26.8	44.53	45.82	45.46	44.86	45.42	44.18	42.96	46.97	44.86	49.3	41.05	40.29	42.06	44.57	37.32	38.35	37.16	46.86	37.12	40.6	39.0	44.23	36.12	42.0	32.46	46.29	29.33	43.83	29.33	49.97	30.19	47.97	26.37	48.78
805	26.833	44.53	45.82	45.46	44.86	45.42	44.18	42.96	46.97	44.86	49.3	41.05	40.29	42.06	44.57	37.32	38.35	37.16	46.86	37.12	40.6	39.0	44.23	36.12	42.0	32.46	46.29	29.33	43.83	29.33	49.97	30.19	47.97	26.37	48.78
806	26.867	27.54	24.36	28.93	22.62	28.41	22.21	35.06	26.3	33.6	23.06	37.79	40.71	38.81	31.38	42.42	55.65	38.29	37.8	35.42	61.19	31.36	42.15	43.92	55.0	45.78	47.08	36.61	51.39	36.22	39.63	40.64	63.16	40.76	50.94
807	26.9	44.53	45.82	45.46	44.86	45.42	44.18	42.96	46.97	44.86	49.3	41.05	40.29	42.06	44.57	37.32	38.35	37.16	46.86	37.12	40.6	39.0	44.23	36.12	42.0	32.46	46.29	29.33	43.83	29.33	49.97	30.19	47.97	26.37	48.78
808	26.933	44.53	45.82	45.46	44.86	45.42	44.18	42.96	46.97	44.86	49.3	41.05	40.29	42.06	44.57	37.32	38.35	37.16	46.86	37.12	40.6	39.0	44.23	36.12	42.0	32.46	46.29	29.33	43.83	29.33	49.97	30.19	47.97	26.37	48.78
809	26.967	44.53	45.82	45.46	44.86	45.42	44.18	42.96	46.97	44.86	49.3	41.05	40.29	42.06	44.57	37.32	38.35	37.16	46.86	37.12	40.6	39.0	44.23	36.12	42.0	32.46	46.29	29.33	43.83	29.33	49.97	30.19	47.97	26.37	48.78
810	27.0	44.53	45.82	45.46	44.86	45.42	44.18	42.96	46.97	44.86	49.3	41.05	40.29	42.06	44.57	37.32	38.35	37.16	46.86	37.12	40.6	39.0	44.23	36.12	42.0	32.46	46.29	29.33	43.83	29.33	49.97	30.19	47.97	26.37	48.78
811	27.033	44.53	45.82	45.46	44.86	45.42	44.18	42.96	46.97	44.86	49.3	41.05	40.29	42.06	44.57	37.32	38.35	37.16	46.86	37.12	40.6	39.0	44.23	36.12	42.0	32.46	46.29	29.33	43.83	29.33	49.97	30.19	47.97	26.37	48.78
812	27.067	44.53	45.82	45.46	44.86	45.42	44.18	42.96	46.97	44.86	49.3	41.05	40.29	42.06	44.57	37.32	38.35	37.16	46.86	37.12	40.6	39.0	44.23	36.12	42.0	32.46	46.29	29.33	43.83	29.33	49.97	30.19	47.97	26.37	48.78
813	27.1	28.7	22.17	30.06	20.19	29.52	20.72	36.37	24.06	34.58	21.94	40.46	35.64	41.22	31.77	44.79	50.28	42.53	44.13	33.7	61.7	33.63	45.16	45.11	50.87	46.55	46.59	35.01	44.69	33.69	38.87	34.42	58.0	32.76	46.7
814	27.133	44.53	45.82	45.46	44.86	45.42	44.18	42.96	46.97	44.86	49.3	41.05	40.29	42.06	44.57	37.32	38.35	37.16	46.86	37.12	40.6	39.0	44.23	36.12	42.0	32.46	46.29	29.33	43.83	29.33	49.97	30.19	47.97	26.37	48.78
815	27.167	44.53	45.82	45.46	44.86	45.42	44.18	42.96	46.97	44.86	49.3	41.05	40.29	42.06	44.57	37.32	38.35	37.16	46.86	37.12	40.6	39.0	44.23	36.12	42.0	32.46	46.29	29.33	43.83	29.33	49.97	30.19	47.97	26.37	48.78
816	27.2	28.2	23.04	29.37	21.31	28.99	21.74	35.34	25.17	33.85	22.75	39.91	36.65	40.25	31.07	43.46	50.27	42.05	39.99	33.73	61.92	34.6	42.42	45.69	50.21	46.81	44.93	37.37	45.01	35.18	38.05	34.42	57.11	32.69	46.41
817	27.233	27.4	23.16	28.7	21.54	28.33	21.16	34.7	25.47	33.81	22.18	38.18	37.31	39.92	30.85	43.66	51.28	40.79	40.96	35.43	61.24	32.71	46.09	45.77	52.26	47.64	45.85	38.72	46.37	37.78	36.61	38.88	58.22	38.51	45.01
818	27.267	27.35	23.11	28.72	21.43	28.32	20.94	34.85	25.27	33.85	21.81	38.49	37.53	39.9	30.46	43.6	51.15	40.5	39.62	35.14	60.66	33.04	44.31	45.36	51.28	47.0	44.69	37.62	44.06	36.18	34.15	37.45	55.6	36.5	42.32
819	27.3	27.86	23.01	29.38	21.34	28.78	20.9	35.61	25.42	34.19	22.04	38.99	37.62	39.52	30.98	43.05	52.06	39.4	41.33	33.34	61.77	31.57	47.32	45.33	52.41	46.43	45.92	38.26	47.23	35.95	37.45	38.09	61.02	36.09	47.93
820	27.333	27.74	22.86	29.21	21.17	28.59	20.66	35.5	24.96	33.84	21.3	39.0	37.69	39.42	29.33	42.3	51.87	38.63	37.04	32.83	61.47	31.88	42.58	45.99	51.43	47.12	43.94	39.15	46.17	36.83	35.25	37.91	59.42	35.74	46.39
821	27.367	44.53	45.82	45.46	44.86	45.42	44.18	42.96	46.97	44.86	49.3	41.05	40.29	42.06	44.57	37.32	38.35	37.16	46.86	37.12	40.6	39.0	44.23	36.12	42.0	32.46	46.29	29.33	43.83	29.33	49.97	30.19	47.97	26.37	48.78
822	27.4	44.53	45.82	45.46	44.86	45.42	44.18	42.96	46.97	44.86	49.3	41.05	40.29	42.06	44.57	37.32	38.35	37.16	46.86	37.12	40.6	39.0	44.23	36.12	42.0	32.46	46.29	29.33	43.83	29.33	49.97	30.19	47.97	26.37	48.78
823	27.433	44.53	45.82	45.46	44.86	45.42	44.18	42.96	46.97	44.86	49.3	41.05	40.29	42.06	44.57	37.32	38.35	37.16	46.86	37.12	40.6	39.0	44.23	36.12	42.0	32.46	46.29	29.33	43.83	29.33	49.97	30.19	47.97	26.37	48.78
824	27.467	27.43	21.22	28.69	19.21	28.29	18.79	34.97	22.85	33.75	19.25	38.49	36.47	40.26	28.05	42.98	51.56	38.5	37.07	34.58	59.01	31.0	41.06	47.54	50.4	49.6	42.92	38.47	43.12	37.61	31.93	39.43	56.31	37.99	42.81
825	27.5	27.51	21.05	28.72	19.11	28.41	18.7	34.92	22.96	34.01	19.38	38.55	36.46	40.57	28.25	43.09	52.19	39.27	38.59	34.2	59.52	31.17	43.4	47.56	50.69	49.71	43.29	38.48	43.47	37.56	32.27	39.23	56.29	37.93	42.55
826	27.533	44.53	45.82	45.46	44.86	45.42	44.18	42.96	46.97	44.86	49.3	41.05	40.29	42.06	44.57	37.32	38.35	37.16	46.86	37.12	40.6	39.0	44.23	36.12	42.0	32.46	46.29	29.33	43.83	29.33	49.97	30.19	47.97	26.37	48.78
827	27.567	44.53	45.82	45.46	44.86	45.42	44.18	42.96	46.97	44.86	49.3	41.05	40.29	42.06	44.57	37.32	38.35	37.16	46.86	37.12	40.6	39.0	44.23	36.12	42.0	32.46	46.29	29.33	43.83	29.33	49.97	30.19	47.97	26.37	48.78
828	27.6	27.6	20.19	29.05	18.22	28.48	17.84	35.39	22.4	33.95	18.88	38.41	35.94	40.72	28.62	43.5	51.46	40.15	39.62	34.98	59.57	31.48	43.34	46.91	51.22	49.29	44.4	36.99	43.26	36.62	32.88	39.26	56.76	38.35	42.84
829	27.633	28.59	19.93	30.01	18.08	29.24	17.73	36.03	22.33	34.26	19.35	39.53	36.78	39.94	29.65	43.25	52.91	39.15	39.84	33.44	60.01	30.55	42.47	45.27	53.34	46.4	46.61	38.84	47.68	36.99	37.84	37.87	59.14	36.19	47.08
830	27.667	27.85	20.23	29.41	18.11	28.5	17.75	35.67	22.1	33.52	18.91	38.73	36.2	40.21	29.57	43.86	52.16	40.2	41.55	35.37	58.87	31.76	44.49	45.8	51.65	47.6	45.33	37.04	44.48	36.6	34.84	38.7	56.38	38.1	43.54
831	27.7	27.62	20.28	29.26	18.15	28.32	17.7	35.78	22.15	33.5	18.71	39.13	36.36	40.0	29.27	43.97	51.75	40.29	40.62	35.12	59.01	32.36	45.84	45.92	51.15	47.35	44.53	38.12	44.74	37.14	34.65	38.8	57.41	38.3	44.5
832	27.733	44.53	45.82	45.46	44.86	45.42	44.18	42.96	46.97	44.86	49.3	41.05	40.29	42.06	44.57	37.32	38.35	37.16	46.86	37.12	40.6	39.0	44.23	36.12	42.0	32.46	46.29	29.33	43.83	29.33	49.97	30.19	47.97	26.37	48.78
833	27.767	44.53	45.82	45.46	44.86	45.42	44.18	42.96	46.97	44.86	49.3	41.05	40.29	42.06	44.57	37.32	38.35	37.16	46.86	37.12	40.6	39.0	44.23	36.12	42.0	32.46	46.29	29.33	43.83	29.33	49.97	30.19	47.97	26.37	48.78
834	27.8	44.53	45.82	45.46	44.86	45.42	44.18	42.96	46.97	44.86	49.3	41.05	40.29	42.06	44.57	37.32	38.35	37.16	46.86	37.12	40.6	39.0	44.23	36.12	42.0	32.46	46.29	29.33	43.83	29.33	49.97	30.19	47.97	26.37	48.78
835	27.833	44.53	45.82	45.46	44.86	45.42	44.18	42.96	46.97	44.86	49.3	41.05	40.29	42.06	44.57	37.32	38.35	37.16	46.86	37.12	40.6	39.0	44.23	36.12	42.0	32.46	46.29	29.33	43.83	29.33	49.97	30.19	47.97	26.37	48.78
836	27.867	44.53	45.82	45.46	44.86	45.42	44.18	42.96	46.97	44.86	49.3	41.05	40.29	42.06	44.57	37.32	38.35	37.16	46.86	37.12	40.6	39.0	44.23	36.12	42.0	32.46	46.29	29.33	43.83	29.33	49.97	30.19	47.97	26.37	48.78
837	27.9	44.53	45.82	45.46	44.86	45.42	44.18	42.96	46.97	44.86	49.3	41.05	40.29	42.06	44.57	37.32	38.35	37.16	46.86	37.12	40.6	39.0	44.23	36.12	42.0	32.46	46.29	29.33	43.83	29.33	49.97	30.19	47.97	26.37	48.78
838	27.933	44.53	45.82	45.46	44.86	45.42	44.18	42.96	46.97	44.86	49.3	41.05	40.29	42.06	44.57	37.32	38.35	37.16	46.86	37.12	40.6	39.0	44.23	36.12	42.0	32.46	46.29	29.33	43.83	29.33	49.97	30.19	47.97	26.37	48.78
839	27.967	44.53	45.82	45.46	44.86	45.42	44.18	42.96	46.97	44.86	49.3	41.05	40.29	42.06	44.57	37.32	38.35	37.16	46.86	37.12	40.6	39.0	44.23	36.12	42.0	32.46	46.29	29.33	43.83	29.33	49.97	30.19	47.97	26.37	48.78
840	28.0	44.53	45.82	45.46	44.86	45.42	44.18	42.96	46.97	44.86	49.3	41.05	40.29	42.06	44.57	37.32	38.35	37.16	46.86	37.12	40.6	39.0	44.23	36.12	42.0	32.46	46.29	29.33	43.83	29.33	49.97	30.19	47.97	26.37	48.78
841	28.033	44.53	45.82	45.46	44.86	45.42	44.18	42.96	46.97	44.86	49.3	41.05	40.29	42.06	44.57	37.32	38.35	37.16	46.86	37.12	40.6	39.0	44.23	36.12	42.0	32.46	46.29	29.33	43.83	29.33	49.97	30.19	47.97	26.37	48.78
842	28.067	44.53	45.82	45.46	44.86	45.42	44.18	42.96	46.97	44.86	49.3	41.05	40.29	42.06	44.57	37.32	38.35	37.16	46.86	37.12	40.6	39.0	44.23	36.12	42.0	32.46	46.29	29.33	43.83	29.33	49.97	30.19	47.97	26.37	48.78
843	28.1	44.53	45.82	45.46	44.86	45.42	44.18	42.96	46.97	44.86	49.3	41.05	40.29	42.06	44.57	37.32	38.35	37.16	46.86	37.12	40.6	39.0	44.23	36.12	42.0	32.46	46.29	29.33	43.83	29.33	49.97	30.19	47.97	26.37	48.78
844	28.133	44.53	45.82	45.46	44.86	45.42	44.18	42.96	46.97	44.86	49.3	41.05	40.29	42.06	44.57	37.32	38.35	37.16	46.86	37.12	40.6	39.0	44.23	36.12	42.0	32.46	46.29	29.33	43.83	29.33	49.97	30.19	47.97	26.37	48.78
845	28.167	44.53	45.82	45.46	44.86	45.42	44.18	42.96	46.97	44.86	49.3	41.05	40.29	42.06	44.57	37.32	38.35	37.16	46.86	37.12	40.6	39.0	44.23	36.12	42.0	32.46	46.29	29.33	43.83	29.33	49.97	30.19	47.97	26.37	48.78
846	28.2	44.53	45.82	45.46	44.86	45.42	44.18	42.96	46.97	44.86	49.3	41.05	40.29	42.06	44.57	37.32	38.35	37.16	46.86	37.12	40.6	39.0	44.23	36.12	42.0	32.46	46.29	29.33	43.83	29.33	49.97	30.19	47.97	26.37	48.78
847	28.233	44.53	45.82	45.46	44.86	45.42	44.18	42.96	46.97	44.86	49.3	41.05	40.29	42.06	44.57	37.32	38.35	37.16	46.86	37.12	40.6	39.0	44.23	36.12	42.0	32.46	46.29	29.33	43.83	29.33	49.97	30.19	47.97	26.37	48.78
848	28.267	44.53	45.82	45.46	44.86	45.42	44.18	42.96	46.97	44.86	49.3	41.05	40.29	42.06	44.57	37.32	38.35	37.16	46.86	37.12	40.6	39.0	44.23	36.12	42.0	32.46	46.29	29.33	43.83	29.33	49.97	30.19	47.97	26.37	48.78
849	28.3	44.53	45.82	45.46	44.86	45.42	44.18	42.96	46.97	44.86	49.3	41.05	40.29	42.06	44.57	37.32	38.35	37.16	46.86	37.12	40.6	39.0	44.23	36.12	42.0	32.46	46.29	29.33	43.83	29.33	49.97	30.19	47.97	26.37	48.78
850	28.333	44.53	45.82	45.46	44.86	45.42	44.18	42.96	46.97	44.86	49.3	41.05	40.29	42.06	44.57	37.32	38.35	37.16	46.86	37.12	40.6	39.0	44.23	36.12	42.0	32.46	46.29	29.33	43.83	29.33	49.97	30.19	47.97	26.37	48.78
851	28.367	44.53	45.82	45.46	44.86	45.42	44.18	42.96	46.97	44.86	49.3	41.05	40.29	42.06	44.57	37.32	38.35	37.16	46.86	37.12	40.6	39.0	44.23	36.12	42.0	32.46	46.29	29.33	43.83	29.33	49.97	30.19	47.97	26.37	48.78
852	28.4	44.53	45.82	45.46	44.86	45.42	44.18	42.96	46.97	44.86	49.3	41.05	40.29	42.06	44.57	37.32	38.35	37.16	46.86	37.12	40.6	39.0	44.23	36.12	42.0	32.46	46.29	29.33	43.83	29.33	49.97	30.19	47.97	26.37	48.78
853	28.433	25.61	27.74	25.59	25.52	25.78	26.06	29.8	24.37	30.05	23.02	34.08	34.85	38.08	25.81	39.86	49.25	38.87	32.15	37.45	57.52	33.04	42.02	45.82	47.47	49.85	39.76	35.94	45.45	37.4	34.17	41.39	53.12	41.94	44.09
854	28.467	25.8	27.12	25.81	24.97	26.03	25.39	29.99	23.9	30.22	22.28	33.33	34.67	38.02	25.32	38.2	48.62	38.23	30.71	36.06	54.89	31.89	38.95	45.24	48.03	49.69	40.17	35.54	47.4	38.23	35.85	41.23	53.66	43.09	44.55
855	28.5	25.79	26.85	25.82	24.53	25.88	25.02	30.08	23.17	30.01	21.84	33.4	34.35	38.16	25.44	37.76	49.77	38.56	33.27	34.52	53.11	32.32	40.36	45.53	48.61	49.93	40.94	35.17	47.87	37.45	36.37	42.21	54.22	43.02	45.21
856	28.533	44.53	45.82	45.46	44.86	45.42	44.18	42.96	46.97	44.86	49.3	41.05	40.29	42.06	44.57	37.32	38.35	37.16	46.86	37.12	40.6	39.0	44.23	36.12	42.0	32.46	46.29	29.33	43.83	29.33	49.97	30.19	47.97	26.37	48.78
857	28.567	44.53	45.82	45.46	44.86	45.42	44.18	42.96	46.97	44.86	49.3	41.05	40.29	42.06	44.57	37.32	38.35	37.16	46.86	37.12	40.6	39.0	44.23	36.12	42.0	32.46	46.29	29.33	43.83	29.33	49.97	30.19	47.97	26.37	48.78
858	28.6	26.02	24.16	26.36	21.51	25.83	22.31	31.0	20.58	29.72	20.21	34.29	32.82	37.78	25.96	37.61	46.21	37.35	32.13	33.41	54.12	31.42	37.79	43.92	49.64	47.51	43.16	34.76	47.54	37.37	38.61	39.64	53.46	41.22	46.64
859	28.633	26.42	23.62	26.76	20.95	26.25	21.77	31.37	20.05	30.12	19.85	34.55	32.5	37.87	26.22	37.52	45.01	37.4	31.85	33.26	52.38	31.08	37.1	43.39	48.86	46.88	42.78	34.77	47.27	37.17	38.97	39.58	52.95	41.06	46.67
860	28.667	26.5	23.05	26.88	20.25	26.4	21.06	31.77	19.69	30.46	19.37	35.29	32.73	38.32	26.59	38.51	46.48	38.0	33.75	32.5	56.02	31.09	39.52	43.92	49.12	47.07	43.04	35.26	46.18	37.02	37.91	39.36	52.99	40.29	46.02
861	28.7	26.61	22.82	27.08	20.15	26.64	20.8	32.09	19.73	30.73	18.92	35.19	32.38	38.56	26.2	38.94	46.06	38.54	34.1	33.01	54.41	31.7	39.69	44.21	49.0	47.57	42.92	34.61	46.58	36.77	37.96	39.7	54.47	40.88	46.3
862	28.733	26.7	22.82	27.11	19.91	26.53	20.64	32.17	19.74	30.52	18.98	36.37	33.93	38.64	26.23	39.7	48.4	38.74	32.77	32.2	56.0	31.93	39.11	44.89	49.17	47.49	42.16	36.81	45.61	37.85	35.97	38.66	53.3	39.49	45.67
863	28.767	26.72	22.78	27.22	20.01	26.7	20.63	32.29	19.93	30.89	18.97	36.15	33.27	38.76	26.32	39.63	48.69	38.52	35.0	31.54	56.52	30.79	40.42	44.83	49.67	47.51	43.04	35.78	46.15	36.5	36.81	39.08	54.23	39.12	45.63
864	28.8	26.56	23.33	27.13	20.71	26.53	21.22	32.18	20.82	30.5	19.54	35.75	34.45	38.3	25.81	39.47	49.8	37.57	31.86	31.98	56.81	29.82	36.53	44.71	50.48	47.41	42.83	35.32	47.36	36.38	36.62	39.47	54.69	39.91	45.62
865	28.833	26.45	23.52	26.86	20.93	26.45	22.0	31.84	21.05	30.17	19.95	36.08	33.01	39.08	25.45	40.55	49.96	39.68	34.34	31.65	57.12	29.97	37.45	45.71	49.27	48.86	42.66	32.28	44.62	33.7	35.39	36.42	52.53	37.03	42.96
866	28.867	25.78	23.88	26.29	21.75	26.25	22.32	31.33	22.12	30.6	20.15	34.51	33.15	38.54	25.17	40.39	47.88	38.41	32.73	33.91	56.29	29.9	38.43	43.61	48.4	47.87	41.65	29.87	46.23	34.99	36.21	35.25	54.98	40.94	43.96
867	28.9	25.05	25.36	25.57	23.28	25.5	23.67	30.7	23.43	29.89	21.2	34.53	33.93	37.72	24.99	40.66	49.47	36.19	32.23	32.54	56.38	27.29	37.84	44.35	48.33	47.99	40.73	31.11	45.6	35.08	34.08	36.22	55.93	40.41	43.98
868	28.933	24.85	26.24	25.27	24.3	25.27	25.08	30.17	24.18	29.35	22.72	33.44	33.8	36.31	27.13	39.15	47.66	37.64	35.86	33.18	54.39	29.6	44.4	42.77	49.48	46.19	43.24	31.24	50.97	34.28	41.28	38.63	59.36	42.24	49.21
869	28.967	24.02	27.34	24.07	25.52	24.66	26.38	28.62	25.29	29.4	23.93	32.3	34.32	36.25	27.63	37.84	48.29	37.74	36.55	33.07	54.85	29.98	44.43	43.21	49.6	47.49	43.27	31.37	50.59	35.31	40.86	38.31	58.73	43.48	48.65
870	29.0	23.3	29.15	23.2	27.3	23.87	28.08	27.47	26.61	28.72	25.13	32.06	35.44	35.85	27.48	37.6	50.31	37.07	36.07	32.63	55.46	29.59	44.63	43.56	49.46	47.64	42.4	31.16	49.87	33.91	39.07	37.14	57.19	40.82	46.89
871	29.033	22.38	30.55	22.22	28.69	22.83	29.22	26.47	27.57	27.49	25.6	30.67	35.69	35.71	26.27	36.03	49.85	34.9	32.0	32.66	55.61	26.91	39.06	44.79	47.95	49.62	39.97	31.28	46.43	35.15	34.5	36.73	53.53	40.44	42.74
872	29.067	44.53	45.82	45.46	44.86	45.42	44.18	42.96	46.97	44.86	49.3	41.05	40.29	42.06	44.57	37.32	38.35	37.16	46.86	37.12	40.6	39.0	44.23	36.12	42.0	32.46	46.29	29.33	43.83	29.33	49.97	30.19	47.97	26.37	48.78
873	29.1	21.01	34.16	20.75	32.52	21.51	33.2	24.92	31.02	26.29	29.16	29.93	38.78	33.95	27.05	35.78	52.38	33.49	28.8	31.59	57.64	26.54	38.9	43.66	49.34	48.14	39.57	33.24	51.51	36.84	37.03	38.02	56.98	42.19	46.29
874	29.133	21.07	35.49	20.49	33.75	21.41	34.37	23.79	31.75	25.87	29.86	28.78	38.91	33.95	26.75	34.66	50.51	32.62	25.73	33.0	55.81	27.16	33.51	44.71	47.79	49.91	37.99	33.27	48.26	37.31	34.08	37.94	52.59	41.7	42.65
875	29.167	20.79	36.45	20.02	34.91	21.36	35.87	23.61	33.06	26.41	31.28	30.01	38.74	34.57	28.47	34.46	50.54	34.0	31.31	32.46	58.17	27.62	41.87	44.53	44.8	49.76	36.72	31.43	47.73	35.12	36.4	32.32	53.89	37.29	45.18
876	29.2	20.6	38.1	19.68	36.58	21.19	37.58	22.98	34.87	26.21	32.75	30.11	40.58	34.49	28.58	35.91	52.52	33.99	29.57	31.79	59.5	27.38	40.33	45.25	46.43	50.36	36.93	33.64	50.77	36.81	37.23	33.11	56.69	37.27	46.57
877	29.233	19.05	40.94	17.64	37.05	17.8	39.72	22.8	35.41	24.19	37.74	32.17	47.26	41.52	34.08	38.63	55.81	46.76	27.11	27.84	59.09	27.51	43.29	60.03	49.02	68.05	34.9	67.5	50.32	69.36	30.42	65.1	45.78	63.59	37.9
878	29.267	18.69	40.61	17.14	36.8	17.52	39.42	21.97	35.66	24.11	37.79	31.21	47.77	41.62	33.89	37.79	55.16	47.03	24.78	27.2	58.15	26.95	40.59	60.13	50.18	68.81	35.56	67.43	49.02	69.53	28.4	65.26	44.67	63.6	36.12
879	29.3	44.53	45.82	45.46	44.86	45.42	44.18	42.96	46.97	44.86	49.3	41.05	40.29	42.06	44.57	37.32	38.35	37.16	46.86	37.12	40.6	39.0	44.23	36.12	42.0	32.46	46.29	29.33	43.83	29.33	49.97	30.19	47.97	26.37	48.78
880	29.333	44.53	45.82	45.46	44.86	45.42	44.18	42.96	46.97	44.86	49.3	41.05	40.29	42.06	44.57	37.32	38.35	37.16	46.86	37.12	40.6	39.0	44.23	36.12	42.0	32.46	46.29	29.33	43.83	29.33	49.97	30.19	47.97	26.37	48.78
881	29.367	44.53	45.82	45.46	44.86	45.42	44.18	42.96	46.97	44.86	49.3	41.05	40.29	42.06	44.57	37.32	38.35	37.16	46.86	37.12	40.6	39.0	44.23	36.12	42.0	32.46	46.29	29.33	43.83	29.33	49.97	30.19	47.97	26.37	48.78
882	29.4	19.61	37.96	18.87	36.35	20.08	37.45	22.61	34.69	24.89	32.84	30.81	41.12	33.34	28.31	37.82	53.09	33.48	26.83	30.91	59.1	26.74	36.57	44.25	45.25	48.04	35.0	34.0	48.7	35.39	34.12	32.22	54.19	34.87	43.78
883	29.433	44.53	45.82	45.46	44.86	45.42	44.18	42.96	46.97	44.86	49.3	41.05	40.29	42.06	44.57	37.32	38.35	37.16	46.86	37.12	40.6	39.0	44.23	36.12	42.0	32.46	46.29	29.33	43.83	29.33	49.97	30.19	47.97	26.37	48.78
884	29.467	44.53	45.82	45.46	44.86	45.42	44.18	42.96	46.97	44.86	49.3	41.05	40.29	42.06	44.57	37.32	38.35	37.16	46.86	37.12	40.6	39.0	44.23	36.12	42.0	32.46	46.29	29.33	43.83	29.33	49.97	30.19	47.97	26.37	48.78
885	29.5	44.53	45.82	45.46	44.86	45.42	44.18	42.96	46.97	44.86	49.3	41.05	40.29	42.06	44.57	37.32	38.35	37.16	46.86	37.12	40.6	39.0	44.23	36.12	42.0	32.46	46.29	29.33	43.83	29.33	49.97	30.19	47.97	26.37	48.78
886	29.533	19.31	37.54	18.54	36.15	20.06	37.11	22.12	35.42	25.7	33.43	30.28	41.99	33.41	29.38	37.44	52.92	32.93	26.58	31.67	59.79	26.54	34.77	42.99	46.53	47.2	36.37	34.51	48.59	36.17	34.33	32.12	54.68	35.3	44.47
887	29.567	44.53	45.82	45.46	44.86	45.42	44.18	42.96	46.97	44.86	49.3	41.05	40.29	42.06	44.57	37.32	38.35	37.16	46.86	37.12	40.6	39.0	44.23	36.12	42.0	32.46	46.29	29.33	43.83	29.33	49.97	30.19	47.97	26.37	48.78
888	29.6	44.53	45.82	45.46	44.86	45.42	44.18	42.96	46.97	44.86	49.3	41.05	40.29	42.06	44.57	37.32	38.35	37.16	46.86	37.12	40.6	39.0	44.23	36.12	42.0	32.46	46.29	29.33	43.83	29.33	49.97	30.19	47.97	26.37	48.78
889	29.633	44.53	45.82	45.46	44.86	45.42	44.18	42.96	46.97	44.86	49.3	41.05	40.29	42.06	44.57	37.32	38.35	37.16	46.86	37.12	40.6	39.0	44.23	36.12	42.0	32.46	46.29	29.33	43.83	29.33	49.97	30.19	47.97	26.37	48.78
890	29.667	18.84	38.98	18.09	37.56	19.47	38.61	21.66	36.65	24.73	34.51	30.45	42.86	33.0	29.03	38.17	53.14	32.77	23.64	31.64	60.65	26.66	31.75	44.54	46.05	48.45	35.0	35.82	49.23	37.36	33.84	32.06	56.01	35.31	45.24
891	29.7	44.53	45.82	45.46	44.86	45.42	44.18	42.96	46.97	44.86	49.3	41.05	40.29	42.06	44.57	37.32	38.35	37.16	46.86	37.12	40.6	39.0	44.23	36.12	42.0	32.46	46.29	29.33	43.83	29.33	49.97	30.19	47.97	26.37	48.78
892	29.733	44.53	45.82	45.46	44.86	45.42	44.18	42.96	46.97	44.86	49.3	41.05	40.29	42.06	44.57	37.32	38.35	37.16	46.86	37.12	40.6	39.0	44.23	36.12	42.0	32.46	46.29	29.33	43.83	29.33	49.97	30.19	47.97	26.37	48.78
893	29.767	44.53	45.82	45.46	44.86	45.42	44.18	42.96	46.97	44.86	49.3	41.05	40.29	42.06	44.57	37.32	38.35	37.16	46.86	37.12	40.6	39.0	44.23	36.12	42.0	32.46	46.29	29.33	43.83	29.33	49.97	30.19	47.97	26.37	48.78
894	29.8	19.83	39.68	19.01	38.2	20.35	39.32	22.38	36.92	25.12	34.78	30.44	43.03	33.65	28.78	37.57	54.22	32.63	23.59	32.1	61.02	26.46	30.4	45.98	45.67	50.59	34.47	35.7	49.2	39.14	33.7	33.15	54.95	38.46	44.44
895	29.833	20.07	40.1	19.19	38.57	20.52	39.7	22.31	36.7	24.94	34.65	30.3	42.77	33.34	28.55	38.08	54.05	33.76	24.19	33.35	60.99	27.21	32.77	44.93	45.4	49.46	34.33	35.21	49.58	38.02	34.18	33.14	53.78	37.91	43.49
896	29.867	44.53	45.82	45.46	44.86	45.42	44.18	42.96	46.97	44.86	49.3	41.05	40.29	42.06	44.57	37.32	38.35	37.16	46.86	37.12	40.6	39.0	44.23	36.12	42.0	32.46	46.29	29.33	43.83	29.33	49.97	30.19	47.97	26.37	48.78
897	29.9	44.53	45.82	45.46	44.86	45.42	44.18	42.96	46.97	44.86	49.3	41.05	40.29	42.06	44.57	37.32	38.35	37.16	46.86	37.12	40.6	39.0	44.23	36.12	42.0	32.46	46.29	29.33	43.83	29.33	49.97	30.19	47.97	26.37	48.78
898	29.933	20.72	40.29	20.11	38.93	21.21	39.44	23.26	37.74	25.83	35.37	31.47	44.6	33.3	28.46	40.15	54.33	32.92	16.69	34.41	58.58	27.75	16.59	45.17	46.06	48.16	33.41	41.03	48.14	41.78	30.86	36.62	46.49	38.68	35.64
899	29.967	21.57	41.41	20.69	39.98	22.08	40.82	23.73	37.98	26.69	36.3	32.54	44.33	33.24	30.17	40.14	53.59	32.39	21.48	34.84	61.07	27.13	28.51	44.74	43.95	47.21	32.42	41.7	51.41	41.11	35.93	36.71	52.51	37.23	43.55
900	30.0	22.56	41.22	21.61	39.86	23.17	40.73	24.52	37.81	27.73	35.91	32.42	43.62	34.43	29.88	40.27	53.96	33.41	23.49	35.97	60.63	27.55	29.72	46.76	44.35	50.3	33.11	41.56	52.52	43.19	37.05	39.27	54.39	42.39	44.61
901	30.033	22.44	40.68	21.71	39.35	23.01	39.99	25.05	37.61	27.76	35.68	32.99	43.24	33.71	31.16	40.67	54.43	31.85	28.89	37.1	60.81	27.69	35.66	47.03	44.12	49.7	33.85	43.55	53.53	44.99	39.03	41.52	55.71	44.91	46.37
902	30.067	23.5	41.25	22.66	39.92	24.05	40.5	25.87	37.84	28.67	35.83	33.57	43.48	34.46	31.31	40.44	54.74	31.63	30.07	36.78	60.78	27.91	38.97	47.12	43.8	49.94	33.62	43.18	54.42	44.72	39.9	41.25	55.51	44.0	46.38
903	30.1	24.18	42.42	23.48	40.72	24.46	41.45	26.8	37.81	28.8	36.61	34.45	44.3	35.19	31.63	41.88	56.0	34.23	29.57	36.5	60.51	29.06	39.61	47.98	47.69	50.27	36.7	44.65	56.46	44.86	40.62	44.42	54.18	45.11	44.75
904	30.133	24.92	42.25	24.26	40.73	25.34	41.3	27.53	38.1	29.75	36.47	34.46	44.02	35.95	31.76	41.59	55.3	34.43	30.25	37.03	60.53	29.0	40.12	48.59	47.12	51.5	36.46	44.12	55.93	45.47	40.45	44.87	56.19	46.9	46.27
905	30.167	26.82	42.8	25.93	41.25	27.23	42.08	28.48	39.03	31.38	37.53	35.98	44.35	37.42	32.66	43.15	55.29	36.63	31.43	38.92	60.9	31.6	40.49	50.33	48.44	53.06	38.43	44.54	55.03	44.98	40.72	43.73	56.14	45.07	46.75
906	30.2	27.92	43.65	26.9	42.19	28.44	42.93	28.99	40.27	32.71	38.77	36.15	44.67	38.53	34.81	43.39	54.75	37.38	35.1	40.6	62.4	30.97	42.4	50.35	47.8	53.7	39.0	46.12	53.87	46.71	41.51	43.71	56.52	44.92	47.64
907	30.233	44.53	45.82	45.46	44.86	45.42	44.18	42.96	46.97	44.86	49.3	41.05	40.29	42.06	44.57	37.32	38.35	37.16	46.86	37.12	40.6	39.0	44.23	36.12	42.0	32.46	46.29	29.33	43.83	29.33	49.97	30.19	47.97	26.37	48.78
908	30.267	44.53	45.82	45.46	44.86	45.42	44.18	42.96	46.97	44.86	49.3	41.05	40.29	42.06	44.57	37.32	38.35	37.16	46.86	37.12	40.6	39.0	44.23	36.12	42.0	32.46	46.29	29.33	43.83	29.33	49.97	30.19	47.97	26.37	48.78
909	30.3	44.53	45.82	45.46	44.86	45.42	44.18	42.96	46.97	44.86	49.3	41.05	40.29	42.06	44.57	37.32	38.35	37.16	46.86	37.12	40.6	39.0	44.23	36.12	42.0	32.46	46.29	29.33	43.83	29.33	49.97	30.19	47.97	26.37	48.78
910	30.333	44.53	45.82	45.46	44.86	45.42	44.18	42.96	46.97	44.86	49.3	41.05	40.29	42.06	44.57	37.32	38.35	37.16	46.86	37.12	40.6	39.0	44.23	36.12	42.0	32.46	46.29	29.33	43.83	29.33	49.97	30.19	47.97	26.37	48.78
911	30.367	44.53	45.82	45.46	44.86	45.42	44.18	42.96	46.97	44.86	49.3	41.05	40.29	42.06	44.57	37.32	38.35	37.16	46.86	37.12	40.6	39.0	44.23	36.12	42.0	32.46	46.29	29.33	43.83	29.33	49.97	30.19	47.97	26.37	48.78
912	30.4	44.53	45.82	45.46	44.86	45.42	44.18	42.96	46.97	44.86	49.3	41.05	40.29	42.06	44.57	37.32	38.35	37.16	46.86	37.12	40.6	39.0	44.23	36.12	42.0	32.46	46.29	29.33	43.83	29.33	49.97	30.19	47.97	26.37	48.78
913	30.433	44.53	45.82	45.46	44.86	45.42	44.18	42.96	46.97	44.86	49.3	41.05	40.29	42.06	44.57	37.32	38.35	37.16	46.86	37.12	40.6	39.0	44.23	36.12	42.0	32.46	46.29	29.33	43.83	29.33	49.97	30.19	47.97	26.37	48.78
914	30.467	44.53	45.82	45.46	44.86	45.42	44.18	42.96	46.97	44.86	49.3	41.05	40.29	42.06	44.57	37.32	38.35	37.16	46.86	37.12	40.6	39.0	44.23	36.12	42.0	32.46	46.29	29.33	43.83	29.33	49.97	30.19	47.97	26.37	48.78
915	30.5	44.53	45.82	45.46	44.86	45.42	44.18	42.96	46.97	44.86	49.3	41.05	40.29	42.06	44.57	37.32	38.35	37.16	46.86	37.12	40.6	39.0	44.23	36.12	42.0	32.46	46.29	29.33	43.83	29.33	49.97	30.19	47.97	26.37	48.78
916	30.533	44.53	45.82	45.46	44.86	45.42	44.18	42.96	46.97	44.86	49.3	41.05	40.29	42.06	44.57	37.32	38.35	37.16	46.86	37.12	40.6	39.0	44.23	36.12	42.0	32.46	46.29	29.33	43.83	29.33	49.97	30.19	47.97	26.37	48.78
917	30.567	44.53	45.82	45.46	44.86	45.42	44.18	42.96	46.97	44.86	49.3	41.05	40.29	42.06	44.57	37.32	38.35	37.16	46.86	37.12	40.6	39.0	44.23	36.12	42.0	32.46	46.29	29.33	43.83	29.33	49.97	30.19	47.97	26.37	48.78
918	30.6	44.53	45.82	45.46	44.86	45.42	44.18	42.96	46.97	44.86	49.3	41.05	40.29	42.06	44.57	37.32	38.35	37.16	46.86	37.12	40.6	39.0	44.23	36.12	42.0	32.46	46.29	29.33	43.83	29.33	49.97	30.19	47.97	26.37	48.78
919	30.633	44.53	45.82	45.46	44.86	45.42	44.18	42.96	46.97	44.86	49.3	41.05	40.29	42.06	44.57	37.32	38.35	37.16	46.86	37.12	40.6	39.0	44.23	36.12	42.0	32.46	46.29	29.33	43.83	29.33	49.97	30.19	47.97	26.37	48.78
920	30.667	44.53	45.82	45.46	44.86	45.42	44.18	42.96	46.97	44.86	49.3	41.05	40.29	42.06	44.57	37.32	38.35	37.16	46.86	37.12	40.6	39.0	44.23	36.12	42.0	32.46	46.29	29.33	43.83	29.33	49.97	30.19	47.97	26.37	48.78
921	30.7	44.53	45.82	45.46	44.86	45.42	44.18	42.96	46.97	44.86	49.3	41.05	40.29	42.06	44.57	37.32	38.35	37.16	46.86	37.12	40.6	39.0	44.23	36.12	42.0	32.46	46.29	29.33	43.83	29.33	49.97	30.19	47.97	26.37	48.78
922	30.733	29.53	49.15	29.0	47.12	29.41	48.25	33.02	44.21	33.19	43.32	40.77	51.07	41.54	37.87	47.33	61.23	41.51	33.37	41.66	65.87	38.6	44.01	55.36	54.24	57.55	43.21	49.18	60.22	50.33	44.66	46.94	61.35	48.41	52.74
923	30.767	44.53	45.82	45.46	44.86	45.42	44.18	42.96	46.97	44.86	49.3	41.05	40.29	42.06	44.57	37.32	38.35	37.16	46.86	37.12	40.6	39.0	44.23	36.12	42.0	32.46	46.29	29.33	43.83	29.33	49.97	30.19	47.97	26.37	48.78
924	30.8	44.53	45.82	45.46	44.86	45.42	44.18	42.96	46.97	44.86	49.3	41.05	40.29	42.06	44.57	37.32	38.35	37.16	46.86	37.12	40.6	39.0	44.23	36.12	42.0	32.46	46.29	29.33	43.83	29.33	49.97	30.19	47.97	26.37	48.78
925	30.833	30.07	49.65	29.51	47.77	30.01	48.68	33.04	44.69	33.64	43.59	40.06	51.36	41.41	38.29	45.84	60.67	40.85	33.96	40.59	62.35	38.17	43.92	54.38	53.58	57.12	42.63	49.41	62.34	51.96	46.68	47.51	61.43	50.52	53.1
926	30.867	44.53	45.82	45.46	44.86	45.42	44.18	42.96	46.97	44.86	49.3	41.05	40.29	42.06	44.57	37.32	38.35	37.16	46.86	37.12	40.6	39.0	44.23	36.12	42.0	32.46	46.29	29.33	43.83	29.33	49.97	30.19	47.97	26.37	48.78
927	30.9	44.53	45.82	45.46	44.86	45.42	44.18	42.96	46.97	44.86	49.3	41.05	40.29	42.06	44.57	37.32	38.35	37.16	46.86	37.12	40.6	39.0	44.23	36.12	42.0	32.46	46.29	29.33	43.83	29.33	49.97	30.19	47.97	26.37	48.78
928	30.933	29.17	50.13	28.67	48.3	29.19	49.05	32.54	45.17	33.29	43.98	39.63	52.13	40.9	38.74	45.69	62.25	39.68	34.37	40.73	66.88	36.65	44.83	52.93	54.23	55.47	43.04	49.24	63.91	50.77	48.13	47.53	61.82	48.72	53.4
929	30.967	29.16	49.88	28.73	48.02	29.06	48.77	32.62	44.78	32.67	43.61	39.09	52.05	40.34	38.69	44.95	61.88	38.95	33.96	40.34	65.84	36.7	44.01	52.93	54.7	55.52	43.56	48.61	64.72	51.02	48.93	47.47	62.4	49.66	54.1
930	31.0	44.53	45.82	45.46	44.86	45.42	44.18	42.96	46.97	44.86	49.3	41.05	40.29	42.06	44.57	37.32	38.35	37.16	46.86	37.12	40.6	39.0	44.23	36.12	42.0	32.46	46.29	29.33	43.83	29.33	49.97	30.19	47.97	26.37	48.78
931	31.033	44.53	45.82	45.46	44.86	45.42	44.18	42.96	46.97	44.86	49.3	41.05	40.29	42.06	44.57	37.32	38.35	37.16	46.86	37.12	40.6	39.0	44.23	36.12	42.0	32.46	46.29	29.33	43.83	29.33	49.97	30.19	47.97	26.37	48.78
932	31.067	44.53	45.82	45.46	44.86	45.42	44.18	42.96	46.97	44.86	49.3	41.05	40.29	42.06	44.57	37.32	38.35	37.16	46.86	37.12	40.6	39.0	44.23	36.12	42.0	32.46	46.29	29.33	43.83	29.33	49.97	30.19	47.97	26.37	48.78
933	31.1	44.53	45.82	45.46	44.86	45.42	44.18	42.96	46.97	44.86	49.3	41.05	40.29	42.06	44.57	37.32	38.35	37.16	46.86	37.12	40.6	39.0	44.23	36.12	42.0	32.46	46.29	29.33	43.83	29.33	49.97	30.19	47.97	26.37	48.78
934	31.133	44.53	45.82	45.46	44.86	45.42	44.18	42.96	46.97	44.86	49.3	41.05	40.29	42.06	44.57	37.32	38.35	37.16	46.86	37.12	40.6	39.0	44.23	36.12	42.0	32.46	46.29	29.33	43.83	29.33	49.97	30.19	47.97	26.37	48.78
935	31.167	44.53	45.82	45.46	44.86	45.42	44.18	42.96	46.97	44.86	49.3	41.05	40.29	42.06	44.57	37.32	38.35	37.16	46.86	37.12	40.6	39.0	44.23	36.12	42.0	32.46	46.29	29.33	43.83	29.33	49.97	30.19	47.97	26.37	48.78
936	31.2	30.31	46.44	29.39	44.74	30.45	45.87	32.66	42.05	34.32	40.94	40.89	48.33	41.74	36.34	45.56	58.31	40.44	32.65	40.27	64.42	35.99	41.9	52.44	46.67	55.18	37.0	47.69	57.79	48.71	44.98	42.01	59.76	44.05	53.43
937	31.233	30.41	46.42	29.59	44.73	30.53	45.7	33.02	41.82	34.56	40.83	41.08	48.17	42.08	37.4	45.49	57.37	42.03	35.46	40.63	62.45	37.76	45.7	50.35	45.63	53.17	36.92	46.91	57.96	48.24	46.38	40.13	58.3	42.79	52.79
938	31.267	30.0	46.3	29.37	44.71	30.16	45.66	33.28	42.33	34.4	41.1	41.71	48.26	41.84	36.84	46.13	58.05	41.1	34.08	40.95	64.66	37.25	43.92	51.06	45.66	53.14	36.54	47.05	55.71	47.06	43.71	40.02	58.57	41.17	52.55
939	31.3	44.53	45.82	45.46	44.86	45.42	44.18	42.96	46.97	44.86	49.3	41.05	40.29	42.06	44.57	37.32	38.35	37.16	46.86	37.12	40.6	39.0	44.23	36.12	42.0	32.46	46.29	29.33	43.83	29.33	49.97	30.19	47.97	26.37	48.78
940	31.333	44.53	45.82	45.46	44.86	45.42	44.18	42.96	46.97	44.86	49.3	41.05	40.29	42.06	44.57	37.32	38.35	37.16	46.86	37.12	40.6	39.0	44.23	36.12	42.0	32.46	46.29	29.33	43.83	29.33	49.97	30.19	47.97	26.37	48.78
941	31.367	29.43	43.94	28.8	42.39	29.6	43.57	32.26	42.44	34.06	41.12	41.56	47.38	41.0	36.83	46.96	58.57	40.14	36.91	39.46	64.61	35.41	43.67	52.92	45.94	54.86	37.0	49.62	53.55	50.24	41.35	42.92	61.65	46.06	54.59
942	31.4	28.23	45.12	27.79	43.42	28.26	44.32	32.47	41.15	32.5	39.9	40.5	47.63	40.17	35.8	44.55	59.34	37.07	34.28	38.86	64.04	34.5	43.16	52.76	47.34	54.6	37.51	48.64	58.35	49.97	44.84	43.29	60.72	45.39	54.01
943	31.433	28.6	43.85	28.43	42.27	28.62	42.73	32.47	42.26	33.28	40.47	39.75	48.11	40.63	37.08	44.66	59.62	37.25	37.96	39.99	64.95	34.38	43.63	53.4	49.44	55.78	39.89	50.48	56.5	53.53	43.03	45.78	61.28	50.25	53.42
944	31.467	28.08	42.03	28.0	40.51	28.33	41.56	32.8	40.92	33.03	39.13	41.0	46.07	40.72	35.41	46.13	58.46	37.71	36.4	39.51	64.22	33.98	40.63	53.88	48.33	55.71	39.41	47.3	52.41	48.55	40.05	43.19	60.88	45.26	52.49
945	31.5	27.54	42.27	27.87	40.78	27.63	40.83	32.41	40.88	32.84	38.71	39.46	45.95	40.08	35.57	42.6	56.24	36.58	37.85	35.99	53.78	30.85	43.09	53.35	50.71	55.26	41.56	48.42	54.99	51.06	41.34	44.71	61.73	50.0	52.84
946	31.533	27.8	42.01	27.81	40.77	28.24	41.14	32.45	40.65	32.92	38.56	37.95	45.89	39.66	36.67	41.51	56.72	35.23	38.03	38.79	63.33	30.32	43.19	54.29	47.91	57.13	39.5	48.87	54.73	52.75	42.69	47.86	60.11	53.37	51.55
947	31.567	27.87	42.07	27.87	40.79	28.27	41.27	32.42	40.67	32.77	38.6	38.01	45.41	40.1	36.93	42.07	55.99	37.51	39.59	39.1	62.12	32.63	44.53	55.33	48.14	58.38	40.24	47.9	54.31	52.01	42.8	47.35	61.13	53.47	52.04
948	31.6	27.83	42.02	27.87	40.67	28.3	40.97	32.6	40.58	32.93	38.27	37.71	45.71	40.55	37.32	40.85	57.39	36.5	41.1	35.84	62.27	30.42	44.35	56.51	49.73	59.84	41.74	47.59	54.59	51.57	42.69	48.32	62.81	53.33	52.6
949	31.633	27.64	41.09	27.6	39.48	27.93	40.59	32.23	39.7	31.97	37.88	37.86	43.79	40.79	37.28	41.31	54.07	39.68	41.63	34.55	62.59	32.75	42.92	57.14	49.03	60.58	42.38	46.97	52.4	49.5	43.03	48.23	64.73	51.1	55.0
950	31.667	27.84	41.2	27.62	39.66	28.2	40.8	32.02	39.58	32.36	37.76	37.6	43.39	41.13	36.61	40.87	53.87	40.94	41.72	34.42	62.89	33.53	46.04	56.68	48.6	60.43	41.84	47.27	52.69	49.24	43.06	48.97	64.27	50.96	54.62
951	31.7	27.48	41.36	27.5	39.81	27.71	40.42	31.95	39.46	31.69	37.59	36.71	43.82	40.04	37.11	41.15	54.32	37.89	41.63	35.84	62.48	30.05	45.24	55.78	48.63	59.35	41.39	47.02	53.82	50.75	43.07	47.8	62.09	51.83	51.62
952	31.733	27.23	41.67	27.3	40.03	27.33	40.71	31.79	39.49	31.07	37.77	36.32	43.95	39.8	37.25	40.94	54.23	37.54	41.24	36.62	62.54	29.23	44.33	55.56	49.07	59.24	41.84	47.04	54.58	51.08	43.96	48.21	61.86	52.15	51.81
953	31.767	27.25	42.21	27.33	40.46	27.14	41.3	31.76	39.72	30.48	38.2	36.29	44.11	39.49	37.65	40.9	54.34	39.02	42.73	36.82	62.93	32.28	48.02	55.23	48.75	58.6	41.72	47.75	56.51	51.26	46.18	49.18	63.06	52.41	53.87
954	31.8	27.23	43.44	27.2	41.48	26.95	42.52	31.59	39.98	29.98	38.8	36.47	44.22	39.41	37.47	40.93	55.07	39.52	43.04	36.13	63.05	32.85	49.77	55.63	48.53	58.83	41.31	47.7	56.64	50.84	46.06	49.4	62.9	52.21	54.16
955	31.833	27.32	43.91	27.23	41.95	27.03	43.05	31.6	40.19	30.04	39.19	36.46	44.05	39.38	38.02	41.13	54.12	40.05	43.74	36.64	63.13	33.89	51.01	55.39	48.19	58.56	41.42	48.53	56.58	51.51	46.65	50.47	61.92	53.05	53.61
956	31.867	27.29	43.98	27.25	42.03	27.03	43.1	31.69	40.55	30.18	39.63	36.66	44.43	39.39	38.58	41.05	54.51	38.83	43.39	36.55	63.08	31.8	47.68	55.86	48.87	58.92	42.19	47.94	55.79	51.08	46.18	49.57	62.6	52.53	54.29
957	31.9	27.71	44.35	27.5	42.47	27.54	43.53	31.71	40.84	30.75	39.79	36.8	44.58	39.75	38.32	40.93	55.36	39.26	43.78	36.41	63.6	32.12	48.64	56.12	49.2	59.33	42.35	47.45	56.45	50.44	46.62	49.0	63.64	51.86	55.09
958	31.933	27.75	44.11	27.6	42.26	27.59	43.19	31.66	40.98	30.71	39.68	36.89	44.83	39.37	38.52	41.18	56.09	39.6	45.26	36.2	63.57	32.94	51.76	56.37	49.23	59.23	42.34	48.14	56.42	50.57	46.23	49.19	64.26	52.01	55.26
959	31.967	28.08	44.54	27.79	42.69	27.97	43.62	31.73	41.15	31.22	39.75	37.21	45.12	39.98	37.76	41.23	57.43	40.19	44.57	36.07	63.65	33.45	51.3	56.48	49.15	59.62	41.73	48.22	55.74	50.69	44.86	48.71	63.54	51.66	54.56
960	32.0	28.24	44.62	27.87	42.85	28.23	43.77	31.76	41.3	31.69	39.85	37.25	45.06	40.35	37.81	41.28	57.17	40.47	44.74	36.27	63.73	33.64	51.8	56.43	49.16	59.8	41.82	48.18	55.87	50.8	45.09	48.83	63.58	51.83	54.54
961	32.033	28.25	44.64	27.94	42.99	28.31	43.77	32.06	41.44	32.08	39.82	37.47	45.44	40.63	36.91	41.02	57.39	38.89	40.78	36.39	63.64	31.27	45.7	55.81	49.04	59.41	40.91	49.03	55.27	52.47	43.74	48.48	62.28	52.49	53.58
962	32.067	28.06	44.19	27.88	42.47	28.02	43.34	32.21	41.17	31.67	39.78	37.53	45.32	40.39	37.71	41.08	57.13	39.19	42.44	36.4	63.37	31.52	46.89	56.01	49.38	59.26	41.78	48.68	55.85	51.68	44.99	49.05	62.73	52.49	54.23
963	32.1	28.33	44.62	28.15	42.7	28.07	43.74	32.46	40.92	31.31	39.82	37.88	44.99	40.6	37.41	41.43	56.95	39.68	42.19	36.59	63.25	31.74	47.15	56.31	49.48	59.52	41.97	47.95	55.78	51.07	45.16	48.16	62.9	51.64	54.87
964	32.133	28.5	44.9	28.35	42.99	28.19	44.04	32.88	40.91	31.45	39.88	38.23	44.84	40.82	36.98	41.32	56.98	39.64	41.43	36.68	63.23	32.03	46.69	56.04	49.24	59.21	41.61	48.43	55.84	51.69	45.15	48.68	62.12	52.29	54.69
965	32.167	28.37	45.05	28.2	43.1	28.01	44.21	32.61	41.0	31.11	40.07	37.99	44.7	40.5	37.65	41.55	56.48	40.29	43.47	36.78	63.25	33.56	50.16	56.26	49.09	59.32	41.9	48.84	56.95	51.98	46.64	49.59	62.91	53.0	55.41
966	32.2	28.22	45.0	27.9	42.98	27.91	44.46	32.51	40.46	31.06	39.64	38.6	44.28	40.86	37.57	41.11	55.83	40.91	43.73	35.85	63.64	33.96	51.51	55.44	49.29	58.72	42.98	46.03	56.67	48.74	48.09	46.29	65.91	49.43	59.52
967	32.233	28.18	45.38	27.79	43.3	27.84	44.88	32.33	40.52	30.98	39.89	38.61	44.16	40.96	37.64	41.27	55.69	41.38	43.91	35.82	63.7	34.09	52.0	55.43	49.97	58.77	43.76	45.87	57.0	48.5	48.57	46.21	66.26	49.32	60.02
968	32.267	28.15	46.13	27.79	43.98	27.69	45.49	32.4	40.91	30.71	40.19	38.98	44.45	40.85	37.63	41.68	56.43	41.56	44.67	36.11	64.07	34.49	54.69	55.62	50.18	58.67	43.87	45.75	57.07	48.16	48.36	45.32	66.88	48.67	60.64
969	32.3	28.03	46.49	27.67	44.32	27.53	45.9	32.28	41.34	30.46	40.74	38.86	45.11	40.54	38.29	41.53	57.11	41.41	45.2	36.11	64.32	34.68	54.92	55.9	50.66	58.77	44.27	46.56	58.66	48.71	49.83	46.87	68.08	49.85	62.05
970	32.333	27.83	47.02	27.47	44.94	27.41	46.46	32.16	42.02	30.53	41.29	38.93	45.63	40.51	38.47	41.72	57.56	41.11	44.82	36.08	64.48	34.27	54.1	55.69	50.7	58.58	44.08	45.95	58.65	48.49	49.49	45.67	68.08	49.47	61.72
971	32.367	27.99	47.46	27.56	45.32	27.53	46.92	32.1	42.27	30.51	41.73	39.03	45.91	40.49	39.11	41.9	58.06	41.8	46.1	35.97	64.48	34.79	55.35	56.05	51.34	58.73	44.92	46.45	59.29	48.17	50.36	46.65	68.47	49.57	62.24
972	32.4	27.82	47.88	27.45	45.7	27.28	47.32	32.01	42.65	30.13	42.17	38.93	46.12	40.22	39.64	42.01	58.2	41.68	46.74	36.08	64.98	34.75	55.35	56.2	51.56	58.76	45.29	46.61	59.52	48.35	50.8	46.93	68.6	49.94	62.39
973	32.433	27.77	48.12	27.32	45.92	27.17	47.65	31.73	42.77	29.85	42.45	38.73	46.06	40.05	39.42	42.1	58.48	41.6	46.45	35.92	64.92	34.74	54.68	56.5	50.97	59.11	44.52	46.74	59.34	48.49	50.33	47.58	68.03	50.31	61.77
974	32.467	27.7	47.83	27.3	45.7	27.21	47.31	31.92	42.61	30.24	42.11	39.14	45.88	40.33	38.99	42.02	58.39	41.47	45.69	35.44	64.48	34.34	53.47	55.93	51.13	58.5	44.6	45.69	57.99	47.55	49.01	45.12	68.01	48.54	61.67
975	32.5	27.71	47.76	27.31	45.6	27.2	47.25	31.87	42.59	30.15	42.15	39.07	45.99	40.27	39.1	42.03	58.16	41.36	45.52	35.59	64.5	34.37	53.75	56.03	50.92	58.6	44.4	45.74	57.82	47.57	48.85	45.26	67.73	48.53	61.47
976	32.533	27.55	47.6	27.22	45.45	27.03	47.02	31.89	42.47	29.98	41.88	39.14	45.98	40.09	38.76	42.24	58.54	40.77	45.12	35.6	64.49	33.79	53.12	56.2	51.13	58.64	44.36	45.92	58.63	47.81	49.22	45.39	68.46	48.72	61.9
977	32.567	27.58	47.23	27.33	45.04	26.98	46.59	31.93	42.26	29.68	41.66	38.91	46.02	39.75	38.93	42.13	58.45	40.55	45.44	35.93	64.49	33.96	53.59	56.13	50.64	58.49	43.95	46.41	58.8	48.39	49.46	46.02	68.28	49.35	61.87
978	32.6	27.59	46.94	27.4	44.58	26.87	46.21	32.08	41.84	29.45	41.38	39.09	46.03	39.81	39.29	42.33	58.95	41.12	46.82	35.81	64.47	34.27	54.95	56.37	51.13	58.6	44.66	46.46	59.06	48.16	49.97	46.21	68.4	49.32	62.13
979	32.633	27.73	46.64	27.52	44.16	26.93	45.83	32.22	41.19	29.43	40.79	39.29	45.67	40.06	38.64	42.55	58.9	41.42	46.36	36.16	64.48	34.58	55.5	56.32	50.67	58.64	44.11	46.2	58.11	47.98	48.95	45.65	67.69	48.8	61.64
980	32.667	27.77	46.24	27.59	43.76	27.02	45.38	32.29	40.89	29.56	40.28	39.12	45.39	40.34	38.27	42.51	58.62	41.69	46.13	36.26	64.75	34.66	55.11	56.46	50.63	59.12	44.01	46.44	57.91	48.57	48.64	45.98	67.77	49.21	61.33
981	32.7	27.72	46.27	27.86	43.64	26.78	44.69	32.85	40.72	29.58	40.42	39.14	45.92	39.45	38.83	42.53	59.53	39.73	46.59	36.79	64.68	33.14	54.59	55.3	51.04	56.75	43.92	49.74	59.49	51.48	49.48	48.77	66.3	51.73	60.46
982	32.733	27.75	46.21	27.93	43.63	26.83	44.61	32.98	40.73	29.63	40.23	39.01	46.0	39.5	38.67	42.45	59.38	39.83	46.19	37.12	64.68	33.47	54.57	55.25	51.32	56.8	44.08	49.93	60.27	51.76	50.03	49.37	66.51	52.25	60.46
983	32.767	27.69	46.05	27.96	43.42	26.73	44.32	33.15	40.44	29.48	39.87	39.17	45.83	39.39	38.29	42.46	59.43	38.95	45.56	36.9	64.34	32.21	53.64	55.2	51.01	56.64	43.66	49.69	59.01	51.78	48.6	48.55	65.13	51.92	59.03
984	32.8	27.78	45.86	28.13	43.19	26.78	44.06	33.45	40.16	29.46	39.45	39.46	45.64	39.72	37.67	43.01	58.94	39.24	44.35	37.54	64.11	32.33	53.46	55.29	50.16	56.9	42.63	49.14	57.48	51.77	46.75	47.73	62.93	51.95	56.6
985	32.833	27.79	46.02	28.05	43.38	26.8	44.27	33.17	40.3	29.34	39.53	38.93	45.62	39.58	37.54	42.46	58.76	39.43	44.21	37.68	64.15	33.36	53.13	55.41	50.03	57.2	42.44	49.86	57.94	52.2	47.18	48.74	63.63	52.03	57.37
986	32.867	27.73	45.8	27.97	43.26	26.81	44.12	33.08	40.3	29.47	39.64	38.97	45.42	39.1	37.88	42.35	58.76	38.89	44.93	37.23	64.09	32.82	52.83	55.06	49.56	56.43	42.2	50.79	57.5	52.5	47.11	49.67	63.18	52.57	57.14
987	32.9	27.9	46.25	27.97	43.73	27.01	44.75	32.84	40.64	29.75	40.25	38.87	45.42	39.33	38.1	42.28	58.84	39.49	45.42	37.31	64.16	33.46	53.36	55.04	50.26	56.62	43.05	50.34	58.17	52.11	48.05	49.76	64.05	52.63	58.34
988	32.933	28.13	46.98	27.88	44.32	27.01	45.8	32.46	40.76	29.38	40.57	39.03	45.26	40.34	37.31	42.08	59.43	40.66	45.33	36.76	65.0	34.39	54.24	55.24	50.91	57.75	43.91	48.37	56.86	50.59	47.24	48.36	63.33	50.8	58.43
989	32.967	27.82	47.23	27.85	44.7	26.89	45.84	32.62	41.5	29.58	41.35	38.73	46.06	39.19	38.81	42.21	59.1	39.59	45.63	37.09	64.28	33.58	53.34	54.92	51.03	56.47	43.81	50.0	59.56	51.64	49.48	49.78	65.47	52.39	59.98
990	33.0	27.79	47.46	27.83	44.88	26.81	46.0	32.67	41.49	29.43	41.4	38.77	45.89	39.02	38.97	42.08	59.3	39.47	46.54	36.84	64.57	33.53	54.3	54.98	51.44	56.36	44.43	49.92	60.37	51.28	50.58	49.79	67.01	52.09	61.63
991	33.033	27.88	47.47	27.86	44.91	26.94	46.06	32.6	41.56	29.64	41.46	38.66	45.9	39.29	38.95	41.88	59.46	39.81	46.8	36.41	64.44	33.66	54.6	55.02	51.31	56.65	44.25	49.9	60.22	51.49	50.34	49.89	66.85	52.34	61.39
992	33.067	27.81	47.31	27.62	44.9	26.95	46.43	32.24	41.5	29.14	40.98	38.68	45.58	39.44	38.36	41.56	59.83	40.1	46.55	34.7	65.0	33.26	54.48	56.2	51.45	58.52	44.6	47.57	60.39	49.6	50.68	48.27	67.99	51.25	61.74
993	33.1	27.88	47.6	27.85	45.0	26.95	46.13	32.64	41.55	29.68	41.42	38.7	46.21	39.32	39.02	41.84	59.77	39.82	46.76	36.37	64.31	33.97	54.96	54.94	51.93	56.52	44.77	50.09	61.48	51.4	51.42	50.18	67.82	52.14	62.42
994	33.133	27.74	47.52	27.83	45.03	26.9	45.97	32.79	41.87	29.81	41.42	38.83	46.68	39.1	39.18	41.94	59.81	39.08	46.05	36.6	64.65	33.27	53.97	54.95	51.95	56.28	44.57	51.01	61.38	52.04	50.99	50.88	67.27	52.79	61.54
995	33.167	27.83	47.48	27.86	44.99	27.0	45.95	32.72	41.8	29.9	41.37	38.81	46.68	39.17	39.04	41.92	60.06	39.31	46.14	36.37	64.43	33.54	54.25	54.87	52.09	56.27	44.63	50.84	61.89	51.91	51.36	50.65	68.16	52.61	62.44
996	33.2	27.81	47.38	27.81	44.92	27.03	45.88	32.69	41.79	30.11	41.34	38.95	46.72	39.41	38.91	41.89	60.27	39.44	45.96	36.29	64.49	33.55	53.94	54.9	51.98	56.38	44.44	50.65	61.31	51.78	50.72	50.31	67.66	52.41	61.95
997	33.233	27.84	47.53	27.84	45.14	27.11	45.92	32.75	41.94	30.29	41.19	38.89	46.98	39.45	38.38	41.73	60.59	38.51	44.48	36.19	64.51	32.39	52.0	54.75	51.87	56.35	43.82	51.93	60.79	53.26	49.49	50.85	66.28	53.04	60.38
998	33.267	27.66	47.77	27.69	45.43	26.99	46.19	32.64	42.34	30.35	41.56	38.86	47.18	39.44	38.79	41.76	60.32	38.72	44.75	36.61	64.79	32.72	52.49	54.56	52.12	56.16	44.24	51.43	60.81	52.81	49.77	50.34	66.38	52.84	60.48
999	33.3	27.71	48.24	27.74	45.86	26.98	46.59	32.69	42.56	30.23	41.81	39.08	47.57	39.23	38.76	41.94	61.33	37.96	44.47	36.48	65.13	31.56	51.45	54.47	52.26	55.87	44.11	51.76	60.91	53.08	49.55	50.07	66.18	52.77	60.41
1000	33.333	27.68	48.28	27.69	45.99	27.04	46.69	32.6	42.81	30.47	41.97	39.01	47.67	39.42	38.85	41.99	61.02	38.12	44.16	36.81	64.97	31.67	50.78	54.36	52.3	55.93	44.15	51.65	60.85	53.1	49.51	50.01	66.02	52.77	60.09
1001	33.367	27.73	48.34	27.56	46.02	26.92	47.06	32.19	42.89	30.01	42.1	39.12	47.3	39.82	38.04	41.59	61.49	38.06	44.03	35.68	65.64	31.52	50.78	54.56	53.08	56.68	45.16	49.61	59.4	51.56	48.53	48.38	65.7	51.08	60.26
1002	33.4	27.46	48.36	27.37	46.4	26.95	47.48	32.16	43.53	29.69	42.25	38.6	47.31	38.87	39.09	41.5	60.23	38.18	44.47	35.35	65.7	31.97	51.26	55.23	51.89	57.28	44.41	49.12	61.1	51.23	50.55	48.27	68.48	51.92	61.64
1003	33.433	27.3	48.16	27.12	46.27	26.86	47.46	31.78	43.51	29.71	42.4	38.11	47.24	38.81	39.13	41.1	60.22	38.33	44.5	35.16	65.71	32.35	51.08	54.91	52.1	57.17	44.62	48.87	61.96	51.0	51.41	48.98	68.62	52.12	61.87
1004	33.467	27.26	48.2	27.0	46.37	26.9	47.52	31.65	43.51	29.92	42.29	37.97	47.12	39.05	38.64	41.06	60.14	38.09	43.62	35.17	65.6	31.82	50.15	54.89	51.91	57.51	44.19	48.71	61.74	51.32	50.84	48.75	68.58	52.26	61.56
1005	33.5	26.93	48.24	26.87	46.49	26.72	47.22	31.65	43.49	30.03	42.23	37.43	47.28	38.03	38.98	40.93	60.15	36.99	43.65	35.56	65.28	31.07	50.26	53.4	52.3	55.35	44.17	49.41	63.16	51.68	51.46	48.37	68.81	51.99	61.19
1006	33.533	26.88	48.14	26.83	46.32	26.63	47.08	31.66	43.35	29.96	42.09	37.65	47.24	38.22	38.84	41.18	60.45	37.51	44.0	35.51	65.23	31.49	51.05	53.71	51.82	55.66	43.65	49.24	62.01	51.39	50.23	47.91	68.3	51.59	60.6
1007	33.567	27.06	48.33	26.97	46.49	26.78	47.29	31.73	43.33	29.9	42.07	37.8	47.22	38.11	38.64	41.41	60.47	37.73	43.83	35.76	65.39	32.05	51.59	53.87	51.55	55.66	43.3	49.29	62.73	51.21	50.84	48.08	68.7	51.55	61.05
1008	33.6	26.92	48.39	26.86	46.57	26.66	47.35	31.69	43.55	29.88	42.25	37.77	47.61	38.05	39.03	41.55	60.58	37.78	44.04	35.99	65.67	32.37	52.12	53.72	52.1	55.48	43.84	49.37	63.66	51.43	51.7	48.22	68.92	51.9	61.21
1009	33.633	27.35	48.78	26.93	46.54	26.71	47.79	31.22	43.54	30.35	42.97	38.8	47.48	40.04	38.47	41.69	60.45	39.67	44.0	36.84	65.94	34.16	52.56	54.3	52.5	56.73	44.8	49.03	59.65	50.52	49.23	48.11	65.77	50.46	60.72
1010	33.667	27.29	48.73	26.94	46.78	26.89	48.05	31.45	43.85	29.85	42.69	38.39	47.63	39.24	38.88	41.6	60.46	39.34	43.93	35.39	65.84	33.22	52.4	55.7	52.11	58.12	44.34	47.93	61.32	49.81	50.3	47.57	69.06	50.84	61.92
1011	33.7	27.43	49.05	27.05	47.11	27.02	48.37	31.48	44.11	29.92	42.93	38.58	47.82	39.24	38.9	41.79	60.83	39.45	44.03	35.48	65.89	33.32	52.76	55.86	52.17	58.17	44.32	47.66	61.41	49.35	50.29	47.1	69.51	50.38	62.32
1012	33.733	27.29	49.59	27.02	47.6	26.78	48.86	31.63	44.55	29.53	43.39	38.45	48.14	39.11	39.5	41.83	61.02	39.24	44.73	35.56	66.09	33.09	52.79	55.9	52.71	58.22	44.98	47.8	62.54	49.99	51.51	47.69	70.01	51.34	62.78
1013	33.767	27.52	49.87	27.07	47.86	27.05	49.29	31.38	44.88	29.89	43.96	38.43	48.47	39.62	39.9	41.95	61.48	40.08	45.64	35.74	66.4	33.84	54.53	56.08	52.76	58.75	45.1	46.9	61.83	49.21	50.9	47.04	69.62	50.59	62.51
1014	33.8	27.51	50.14	26.94	48.12	27.06	49.63	31.07	45.07	29.92	44.27	38.2	48.32	39.7	40.11	42.09	60.87	40.39	45.92	36.09	66.39	34.08	55.04	56.31	52.58	59.23	45.13	46.78	61.21	49.34	50.54	47.14	69.46	50.99	62.3
1015	33.833	27.29	50.3	26.77	48.25	26.81	49.79	30.94	45.43	29.74	44.69	38.16	48.84	39.73	40.59	42.17	61.52	40.29	46.32	36.15	66.33	33.91	54.84	56.39	52.99	59.37	45.49	46.49	61.15	49.35	50.4	46.58	69.44	50.77	62.32
1016	33.867	27.19	50.58	26.67	48.55	26.69	50.09	30.86	45.58	29.57	44.87	38.08	49.01	39.57	40.43	42.19	61.66	39.9	45.53	36.27	66.05	33.64	53.6	56.11	52.81	59.09	45.11	46.47	61.22	49.49	50.21	46.5	68.7	50.79	61.66
1017	33.9	26.99	50.83	26.56	48.76	26.4	50.29	30.91	45.67	29.17	45.01	38.14	49.03	39.29	40.52	42.33	61.58	39.71	45.55	36.42	65.96	33.64	53.73	56.05	52.87	58.8	45.2	46.71	61.57	49.67	50.59	46.63	68.93	51.01	62.05
1018	33.933	27.0	50.69	26.52	48.65	26.47	50.19	30.82	45.58	29.38	44.89	38.14	48.9	39.52	40.34	42.39	61.48	39.95	45.3	36.51	65.75	33.68	53.2	56.13	53.03	59.06	45.34	46.59	61.32	49.69	50.32	46.4	68.79	50.95	61.8
1019	33.967	27.11	50.72	26.57	48.67	26.57	50.24	30.85	45.5	29.47	44.84	38.22	48.85	39.7	40.12	42.46	61.92	40.08	45.48	36.58	65.84	33.73	53.55	56.32	52.63	59.34	44.82	46.81	61.44	49.91	50.25	46.89	68.39	51.19	61.44
1020	34.0	27.02	51.25	26.7	49.19	26.54	50.39	31.1	45.78	29.46	45.11	37.91	49.14	38.85	40.8	42.77	62.42	39.54	46.4	36.94	66.08	32.96	54.0	55.5	52.92	57.84	44.8	47.87	62.48	50.54	50.65	47.0	68.26	51.28	60.5
1021	34.033	26.81	51.02	26.59	48.87	26.21	50.11	31.1	45.54	29.07	45.16	37.88	49.04	38.6	41.36	42.78	61.54	39.38	46.61	38.01	65.99	33.47	53.83	54.7	51.79	56.91	44.18	48.3	60.86	51.32	49.98	46.24	66.11	51.05	59.43
1022	34.067	26.77	50.67	26.56	48.56	26.22	49.78	31.08	45.49	29.16	45.08	37.97	49.35	38.48	41.6	42.84	61.9	39.17	46.69	37.67	65.87	33.31	53.37	54.79	51.74	56.82	44.01	49.08	61.22	51.83	50.16	46.83	66.19	51.47	59.43
1023	34.1	27.38	50.7	26.85	48.54	26.72	50.24	31.08	45.2	29.36	44.85	38.3	48.5	39.78	40.55	42.76	60.77	40.74	46.08	37.06	65.3	34.52	54.55	56.19	51.71	59.16	44.41	47.51	60.16	50.5	49.72	47.72	65.85	51.73	59.47
1024	34.133	27.32	50.41	26.9	48.27	26.77	49.76	31.26	44.74	29.58	44.54	37.97	48.16	39.29	40.7	42.95	60.31	40.75	46.29	37.36	65.05	34.6	54.74	55.55	51.31	58.08	43.69	48.56	61.98	51.15	50.95	48.88	66.64	52.32	59.68
1025	34.167	27.58	50.62	27.02	48.31	26.83	50.14	31.48	44.59	29.5	44.36	39.04	47.95	40.5	39.85	43.12	60.53	41.81	45.54	36.77	64.69	34.82	54.87	57.14	51.99	60.07	44.62	47.65	60.32	50.01	49.84	47.99	67.19	51.23	60.97
1026	34.2	28.15	50.5	27.43	48.14	27.37	50.08	31.45	44.13	29.75	44.12	38.83	46.81	40.75	39.5	42.95	59.25	42.71	46.07	37.18	64.21	35.23	55.58	57.56	51.2	60.76	44.43	47.15	58.49	49.36	48.92	47.95	66.39	50.9	60.44
1027	34.233	28.16	49.81	27.51	47.64	27.5	49.42	31.7	43.62	30.06	43.4	39.01	46.1	40.41	38.63	42.89	57.96	41.88	44.17	37.15	63.38	34.78	53.48	56.36	50.46	59.25	43.58	47.67	58.76	49.84	49.16	47.62	66.36	50.89	60.58
1028	34.267	27.91	49.56	27.38	47.48	27.44	48.98	31.65	43.33	30.26	43.05	38.6	45.71	39.7	38.06	43.05	57.36	41.37	42.72	38.2	63.05	35.13	51.72	55.76	49.38	58.33	41.88	48.99	57.8	51.57	47.25	47.6	64.07	52.08	57.68
1029	34.3	28.1	49.27	27.57	47.16	27.59	48.75	31.85	43.01	30.33	42.85	39.1	45.6	39.7	37.7	43.56	56.99	41.48	41.58	38.41	62.54	35.6	51.19	56.26	49.1	58.58	41.46	49.52	57.64	52.0	46.88	47.9	63.5	52.84	57.33
1030	34.333	28.36	49.34	27.67	47.1	27.72	48.76	31.55	43.1	30.4	43.26	38.87	45.45	40.19	37.8	43.57	56.76	42.12	42.05	38.93	62.22	36.38	50.73	57.03	48.43	59.68	40.96	50.72	55.59	53.41	45.2	49.33	61.25	53.9	55.67
1031	34.367	28.52	49.47	27.89	47.35	28.05	48.96	31.99	43.11	30.73	42.84	39.35	45.53	40.26	37.31	43.77	56.81	41.96	40.87	38.12	62.41	35.73	50.87	57.17	48.61	59.74	40.81	49.13	56.43	51.71	45.42	47.56	63.05	52.55	56.43
1032	34.4	28.7	49.8	28.11	47.78	28.27	49.24	32.13	43.48	30.77	42.91	39.15	45.86	40.07	37.02	43.46	57.01	41.42	39.72	38.1	62.61	35.36	49.66	56.8	48.25	59.41	40.13	48.84	57.1	51.62	45.68	47.12	63.57	52.18	56.7
1033	34.433	28.68	49.84	28.23	47.91	28.24	49.31	32.38	44.04	30.87	43.55	39.35	46.49	39.88	38.56	43.53	57.51	41.39	42.4	38.01	62.47	35.54	51.74	56.53	48.57	58.74	40.91	49.82	58.56	52.17	47.61	48.7	63.84	53.39	57.19
1034	34.467	28.51	49.84	28.02	48.07	28.23	49.39	32.14	44.46	31.05	43.81	38.8	46.72	39.61	38.73	42.66	57.31	40.48	41.86	36.88	62.75	34.74	50.54	55.97	48.5	58.26	40.69	49.55	58.91	51.64	47.78	48.9	63.94	52.75	56.92
1035	34.5	28.97	50.52	28.29	48.48	28.52	49.91	31.93	45.12	31.97	45.03	38.71	47.21	40.89	39.2	42.23	56.72	41.27	41.41	36.87	63.17	35.3	49.16	56.0	48.86	58.94	41.09	50.18	56.9	52.31	46.32	51.87	61.38	54.92	55.71
1036	34.533	28.25	50.16	27.73	48.6	28.16	49.91	31.83	45.25	31.25	44.65	37.94	47.13	39.22	39.37	41.55	55.95	38.94	40.33	35.84	63.72	33.66	48.82	55.34	47.5	57.81	39.61	50.58	58.16	52.19	47.01	51.79	62.11	53.79	55.0
1037	34.567	28.54	51.71	27.95	50.09	28.2	51.62	31.86	46.47	30.69	45.93	38.34	47.41	39.51	40.2	41.22	54.92	39.57	40.68	34.31	62.49	33.49	48.56	55.6	46.68	58.19	39.63	51.27	56.16	52.39	46.46	51.97	62.43	53.31	56.45
1038	34.6	28.25	52.21	27.77	50.57	27.92	52.09	31.52	46.95	30.54	47.03	37.89	48.05	38.52	41.26	41.3	54.5	38.97	40.68	34.1	60.13	33.2	48.82	54.57	47.84	56.52	40.42	50.39	58.16	51.75	47.63	50.27	61.82	52.75	55.61
1039	34.633	28.33	52.89	27.63	51.19	28.03	52.85	31.07	47.0	30.46	47.29	37.4	47.72	38.24	41.06	41.16	54.53	38.88	40.8	33.95	60.12	32.88	48.43	54.92	47.7	57.04	40.27	50.73	59.17	51.85	48.61	52.04	62.16	53.85	55.87
1040	34.667	26.6	51.75	26.16	50.2	26.52	51.51	30.1	47.07	29.68	46.55	36.49	48.61	37.37	41.01	40.38	55.22	38.02	40.12	33.59	61.61	32.83	48.27	54.17	47.03	56.16	38.91	50.43	59.41	51.2	47.81	50.96	62.78	52.31	55.2
1041	34.7	26.14	53.01	25.51	51.36	26.09	52.66	29.17	47.6	29.09	47.03	36.01	48.76	36.39	40.11	40.06	56.52	36.78	39.15	33.04	62.61	30.97	48.57	54.33	45.74	56.03	36.91	49.67	58.62	49.61	46.09	49.88	63.06	50.36	55.01
1042	34.733	26.15	53.46	25.38	51.56	25.79	53.32	28.39	48.18	28.26	48.93	37.75	47.8	35.05	42.65	41.39	52.78	36.61	43.72	31.4	65.31	29.63	61.04	48.18	37.98	48.5	32.91	39.64	46.63	38.63	39.8	34.18	50.51	37.1	45.75
1043	34.767	44.53	45.82	45.46	44.86	45.42	44.18	42.96	46.97	44.86	49.3	41.05	40.29	42.06	44.57	37.32	38.35	37.16	46.86	37.12	40.6	39.0	44.23	36.12	42.0	32.46	46.29	29.33	43.83	29.33	49.97	30.19	47.97	26.37	48.78
