Frame	Time	Nose_X	Nose_Y	L_Eye_X	L_Eye_Y	R_Eye_X	R_Eye_Y	L_Ear_X	L_Ear_Y	R_Ear_X	R_Ear_Y	L_Shoulder_X	L_Shoulder_Y	R_Shoulder_X	R_Shoulder_Y	L_Elbow_X	L_Elbow_Y	R_Elbow_X	R_Elbow_Y	L_Wrist_X	L_Wrist_Y	R_Wrist_X	R_Wrist_Y	L_Hip_X	L_Hip_Y	R_Hip_X	R_Hip_Y	L_Knee_X	L_Knee_Y	R_Knee_X	R_Knee_Y	L_Ankle_X	L_Ankle_Y	R_Ankle_X	R_Ankle_Y
1	0.034	34.76	67.48	32.42	65.41	31.76	71.73	34.19	66.72	33.42	83.67	42.66	67.87	41.33	84.98	48.77	60.09	49.86	93.54	48.46	55.24	54.25	97.01	65.28	67.76	66.79	82.33	73.61	60.1	77.45	76.89	84.87	68.34	87.59	79.6
2	0.069	34.82	67.45	32.53	65.42	31.85	71.68	34.3	66.85	33.52	83.61	42.72	68.01	41.32	84.98	48.8	60.18	49.97	93.52	48.39	55.25	54.28	96.97	65.18	67.88	66.64	82.33	73.39	59.98	77.22	76.6	84.77	68.39	87.48	79.49
3	0.103	34.73	67.39	32.4	65.34	31.74	71.67	34.19	66.67	33.38	83.6	42.63	67.89	41.21	84.89	48.71	60.22	49.84	93.47	48.28	55.48	54.33	96.82	65.1	67.72	66.51	82.2	73.49	60.29	77.27	76.85	84.76	68.6	87.49	79.6
4	0.138	34.7	67.42	32.38	65.38	31.73	71.68	34.14	66.73	33.38	83.59	42.56	67.94	41.17	84.86	48.68	60.31	49.76	93.39	48.3	55.6	54.15	96.78	64.97	67.69	66.41	82.13	73.4	60.17	77.17	76.73	84.68	68.44	87.39	79.47
5	0.172	34.59	67.57	32.27	65.52	31.63	71.84	34.04	66.8	33.31	83.71	42.53	67.94	41.12	84.88	48.62	60.12	49.78	93.28	48.28	55.53	54.21	96.68	65.1	67.75	66.5	82.22	73.47	60.34	77.2	76.87	84.8	68.92	87.5	79.76
6	0.207	34.32	67.7	32.04	65.68	31.41	71.96	33.84	67.05	33.18	83.83	42.3	68.13	41.0	84.97	48.39	60.28	49.57	93.28	48.17	55.69	53.83	96.72	64.67	67.9	66.16	82.29	72.9	60.06	76.69	76.57	84.43	68.86	87.11	79.72
7	0.241	34.0	67.58	31.81	65.61	31.13	71.81	33.79	67.11	33.03	83.69	42.25	68.09	40.88	84.9	48.18	60.25	49.48	93.43	48.18	55.77	53.57	96.91	64.74	68.01	66.16	82.38	73.08	60.25	76.77	76.69	84.52	69.18	87.14	79.89
8	0.276	33.56	67.75	31.32	65.72	30.69	72.0	33.41	67.0	32.62	83.77	41.99	68.03	40.48	84.84	48.22	60.22	49.15	93.32	48.2	55.41	53.4	96.81	64.72	67.82	66.04	82.37	73.45	60.95	77.17	77.76	84.79	68.85	87.59	79.86
9	0.31	33.71	67.81	31.45	65.82	30.87	72.02	33.39	67.24	32.74	83.83	41.94	68.34	40.53	84.92	48.17	60.55	49.18	93.27	48.38	55.69	53.38	96.75	64.54	68.05	65.92	82.4	73.19	61.19	76.84	77.55	84.33	69.41	87.13	80.12
10	0.345	33.71	67.85	31.47	65.87	30.89	72.06	33.43	67.27	32.78	83.82	41.95	68.31	40.55	84.91	48.17	60.54	49.19	93.27	48.44	55.74	53.38	96.75	64.59	68.01	65.98	82.4	73.41	61.25	77.03	77.73	84.59	69.35	87.35	80.13
11	0.379	33.52	67.93	31.28	65.96	30.74	72.12	33.29	67.32	32.68	83.81	41.89	68.4	40.43	84.89	48.33	60.61	49.08	93.27	48.66	55.87	53.37	96.9	64.49	67.94	65.83	82.29	73.72	61.52	77.25	77.8	84.8	69.21	87.55	79.76
12	0.414	33.71	67.84	31.47	65.82	30.84	72.09	33.52	67.18	32.77	83.94	42.18	68.17	40.8	85.04	48.84	59.86	49.26	93.22	50.2	53.94	53.33	96.91	64.51	67.68	66.01	82.08	73.38	61.07	77.01	77.5	84.53	68.91	87.18	79.54
13	0.448	33.93	67.93	31.61	65.92	31.06	72.22	33.61	67.31	33.02	84.2	42.32	68.24	41.15	85.24	49.08	59.67	49.61	93.46	50.78	53.25	53.39	96.99	65.39	67.4	67.06	82.04	75.03	61.3	78.64	77.96	86.1	68.6	88.72	79.37
14	0.483	34.66	68.02	32.31	65.76	31.6	72.22	34.23	66.95	33.63	84.26	42.25	67.42	42.25	85.58	49.53	58.49	49.7	94.63	52.53	49.83	50.06	96.16	65.79	67.54	68.38	82.66	74.62	60.84	79.06	77.58	86.23	68.05	88.07	79.3
15	0.517	34.23	68.24	32.11	65.94	31.28	72.31	34.16	66.96	33.34	83.86	41.88	67.49	41.6	85.22	48.82	59.43	48.95	94.31	51.14	52.1	49.74	95.77	64.42	68.05	66.72	82.8	72.59	60.95	77.02	77.35	85.02	69.27	86.73	79.96
16	0.552	34.23	68.23	32.11	65.92	31.26	72.31	34.17	66.94	33.31	83.88	41.9	67.47	41.58	85.25	48.87	59.32	48.92	94.35	51.26	51.81	49.7	95.76	64.41	68.04	66.68	82.8	72.5	60.95	76.94	77.37	84.92	69.31	86.66	80.01
17	0.586	34.48	68.25	32.4	66.0	31.52	72.3	34.41	67.14	33.51	83.86	42.01	67.72	41.59	85.26	48.73	59.43	48.84	94.37	51.26	50.92	49.54	95.89	64.37	68.3	66.57	82.88	72.49	61.43	76.91	77.51	84.62	69.76	86.51	80.19
18	0.621	34.42	68.54	32.3	66.25	31.5	72.55	34.21	67.35	33.48	84.01	41.8	67.93	41.54	85.3	48.16	60.57	48.79	94.52	49.92	53.91	49.68	95.84	64.21	68.36	66.44	82.88	72.34	61.55	76.7	77.53	84.33	69.99	86.26	80.41
19	0.655	34.03	68.56	31.78	66.55	31.23	72.72	33.53	67.9	33.06	84.37	42.01	68.9	40.87	85.44	48.39	60.66	49.2	93.4	49.62	54.78	52.93	96.84	64.33	68.1	65.98	82.28	73.31	61.38	76.84	77.32	84.53	69.82	87.09	79.9
20	0.69	33.62	68.57	31.42	66.54	30.87	72.63	33.15	67.75	32.67	84.02	41.5	68.95	40.29	85.09	47.9	61.22	48.81	93.11	49.09	56.1	53.02	96.62	63.84	68.42	65.35	82.44	72.75	61.81	76.3	77.42	84.34	70.51	87.05	80.24
21	0.724	33.09	68.45	30.92	66.38	30.38	72.55	32.76	67.52	32.27	83.89	41.28	68.67	39.95	84.93	47.9	61.06	48.66	93.12	48.96	56.22	53.01	96.82	63.38	68.44	64.78	82.46	71.97	61.22	75.45	76.92	83.69	70.2	86.28	79.89
22	0.759	33.26	68.42	31.1	66.36	30.55	72.49	32.9	67.57	32.39	83.83	41.38	68.72	39.98	84.91	48.02	61.18	48.6	93.1	49.08	56.32	52.79	96.81	63.37	68.42	64.75	82.4	72.06	61.37	75.52	77.02	83.66	70.26	86.27	80.0
23	0.793	33.16	68.5	31.03	66.47	30.48	72.53	32.79	67.69	32.3	83.79	41.17	68.88	39.83	84.87	47.74	61.49	48.5	93.08	48.83	56.69	52.77	96.85	63.15	68.69	64.54	82.55	71.65	61.5	75.13	76.99	83.37	70.44	86.01	80.08
24	0.828	32.97	68.46	30.67	66.35	30.39	72.19	32.24	67.34	31.94	83.18	40.93	69.59	39.75	85.43	47.71	62.0	48.83	93.97	49.36	56.86	55.25	97.99	63.55	68.34	64.99	82.21	72.33	61.34	75.58	77.12	82.47	70.36	84.72	80.13
25	0.862	32.89	68.29	30.56	66.12	30.25	72.08	32.15	67.05	31.74	83.16	40.92	69.32	39.69	85.42	47.73	61.83	48.87	94.06	49.11	57.25	55.33	98.08	63.55	68.14	64.96	82.12	72.09	61.15	75.43	77.06	82.22	70.29	84.54	80.07
26	0.897	32.67	68.6	30.34	66.49	30.13	72.35	31.93	67.44	31.75	83.34	40.72	69.65	39.68	85.47	47.53	62.11	48.8	94.0	49.12	57.33	55.19	97.99	63.59	68.26	65.12	82.16	72.32	61.34	75.6	77.14	82.35	70.37	84.67	80.1
27	0.931	32.99	68.44	30.67	66.36	30.39	72.2	32.18	67.49	31.88	83.33	40.89	69.85	39.75	85.57	47.56	62.28	48.91	94.03	49.01	57.33	55.13	97.95	63.53	68.48	64.96	82.22	72.25	61.61	75.41	76.99	82.14	70.7	84.36	80.25
28	0.966	33.18	68.7	30.84	66.59	30.56	72.47	32.26	67.66	31.97	83.59	40.9	69.95	39.77	85.74	47.51	62.4	48.88	94.12	49.0	57.45	55.16	98.05	63.52	68.49	64.96	82.28	72.3	61.64	75.49	77.13	82.21	70.76	84.45	80.38
29	1.0	33.27	68.62	30.93	66.51	30.62	72.42	32.31	67.59	31.97	83.58	40.91	69.88	39.78	85.74	47.52	62.38	48.92	94.12	48.96	57.55	55.18	98.06	63.45	68.46	64.89	82.26	72.08	61.45	75.33	76.97	82.11	70.71	84.36	80.38
30	1.034	33.48	68.46	31.32	66.41	30.71	72.56	33.03	67.65	32.4	83.98	41.32	68.96	39.94	85.0	47.57	61.44	48.63	92.93	48.64	56.66	52.66	96.47	63.37	68.76	64.67	82.65	72.04	61.67	75.45	77.02	83.61	70.86	86.22	80.38
31	1.069	33.07	68.4	30.74	66.25	30.41	72.25	32.31	67.26	31.91	83.44	41.11	69.55	39.86	85.62	47.76	61.94	49.06	94.22	48.95	57.11	55.27	98.0	63.7	68.26	65.08	82.15	72.22	61.09	75.46	76.7	82.34	70.41	84.57	79.89
32	1.103	32.82	68.43	30.45	66.23	30.17	72.3	31.95	67.13	31.62	83.49	40.79	69.31	39.62	85.63	47.66	61.59	48.89	94.16	48.89	57.18	55.25	98.05	63.55	68.0	64.99	82.1	72.16	60.65	75.55	76.62	82.33	70.16	84.62	79.85
33	1.138	32.85	68.43	30.49	66.23	30.23	72.26	31.97	67.1	31.69	83.35	40.71	69.31	39.66	85.56	47.59	61.67	48.98	94.14	48.92	57.21	55.38	98.04	63.41	68.0	64.92	82.05	71.98	60.65	75.41	76.63	82.22	70.08	84.53	79.77
34	1.172	32.88	68.54	30.54	66.39	30.32	72.34	32.05	67.33	31.87	83.39	40.82	69.5	39.77	85.54	47.71	61.87	48.98	94.09	49.11	57.01	55.39	97.97	63.36	68.07	64.89	82.0	72.01	60.97	75.38	76.83	82.05	70.22	84.39	79.94
35	1.207	32.86	68.54	30.51	66.4	30.3	72.35	32.0	67.35	31.85	83.41	40.75	69.51	39.74	85.53	47.66	61.9	48.97	94.07	49.08	57.06	55.39	98.01	63.32	68.05	64.87	81.99	72.02	60.96	75.4	76.83	82.1	70.2	84.46	79.93
36	1.241	33.02	68.81	30.7	66.65	30.47	72.58	32.21	67.48	31.98	83.49	40.86	69.57	39.78	85.63	47.68	61.89	48.88	94.05	49.28	57.04	55.36	98.04	63.43	68.15	64.92	82.13	72.24	61.21	75.56	77.24	82.33	70.48	84.57	80.24
37	1.276	33.27	68.6	31.09	66.53	30.62	72.66	32.83	67.61	32.49	83.89	41.24	68.6	40.08	84.87	47.89	60.61	48.7	92.95	49.58	54.23	52.61	96.66	63.24	68.08	64.79	82.12	72.12	61.23	75.62	77.08	83.48	70.61	86.23	80.27
38	1.31	33.23	68.56	31.05	66.48	30.55	72.64	32.83	67.58	32.42	83.95	41.34	68.6	40.02	84.92	48.08	60.44	48.66	93.06	49.75	53.58	52.51	96.77	63.36	68.22	64.82	82.28	72.26	61.22	75.7	77.03	83.53	70.68	86.26	80.32
39	1.345	33.52	68.51	31.33	66.37	30.79	72.59	33.09	67.34	32.63	83.88	41.62	68.25	40.3	84.98	48.46	59.59	48.69	93.07	50.52	51.63	52.41	96.67	63.46	67.95	65.01	82.16	72.08	60.66	75.58	76.9	83.24	70.26	85.87	80.22
40	1.379	34.56	68.25	32.44	65.85	31.57	72.36	34.38	66.64	33.5	83.8	42.13	67.06	41.4	85.26	48.79	58.08	48.7	94.21	50.72	48.86	49.5	95.75	63.91	68.05	65.93	82.8	71.18	60.29	75.57	76.81	83.13	70.78	85.34	81.25
41	1.414	34.54	68.17	32.41	65.76	31.53	72.31	34.35	66.57	33.48	83.82	42.2	67.0	41.43	85.26	49.02	57.91	48.78	94.15	50.86	48.48	49.51	95.64	63.82	67.85	65.85	82.59	70.91	60.13	75.33	76.7	82.96	70.66	85.21	81.2
42	1.448	34.1	67.58	31.8	65.39	31.1	71.92	33.76	66.51	32.93	83.85	42.84	67.49	41.03	85.17	50.14	57.87	49.29	93.36	51.29	49.06	52.93	96.86	64.15	67.52	65.5	81.92	71.87	59.61	75.3	76.2	82.5	69.92	84.87	80.49
43	1.483	34.47	67.34	32.29	64.93	31.23	71.75	34.6	66.11	33.26	84.06	43.42	66.72	41.7	85.62	51.19	56.53	49.31	94.12	51.3	46.49	49.79	95.63	64.68	67.65	66.24	82.46	71.03	58.88	75.41	75.54	82.73	70.01	84.86	80.88
44	1.517	34.33	67.64	32.05	65.48	31.24	72.01	34.19	66.68	33.06	84.09	43.39	67.52	41.26	85.4	50.92	57.23	49.34	93.23	51.3	48.07	52.59	96.69	64.61	67.47	65.81	81.96	72.22	58.82	75.69	75.66	82.84	69.34	84.89	80.38
45	1.552	34.37	67.9	32.12	65.68	31.27	72.26	34.32	66.77	33.09	84.29	43.57	67.4	41.3	85.59	51.13	56.94	49.23	93.45	51.19	47.63	52.21	96.79	64.81	67.37	65.97	81.99	71.88	58.56	75.54	75.82	82.54	68.94	84.67	80.2
46	1.586	34.77	68.06	32.66	65.59	31.49	72.37	34.91	66.66	33.33	84.54	43.19	67.16	41.63	86.26	50.52	56.86	48.94	94.85	50.9	46.97	49.21	96.17	64.78	68.05	66.44	83.02	71.16	58.63	75.88	75.43	82.96	69.84	85.06	80.84
47	1.621	34.78	68.08	32.68	65.61	31.48	72.41	34.9	66.66	33.29	84.6	43.18	67.17	41.58	86.28	50.49	56.71	48.84	94.75	50.74	46.84	49.06	96.1	64.66	68.03	66.29	82.99	71.03	58.72	75.78	75.46	82.89	70.08	85.02	81.03
48	1.655	34.54	68.19	32.48	65.72	31.29	72.42	34.65	66.83	33.1	84.5	42.68	67.46	41.28	86.33	49.84	57.39	48.59	94.99	50.76	47.44	49.03	96.26	64.19	68.29	65.91	83.16	70.59	58.75	75.31	75.36	82.59	70.08	84.64	80.99
49	1.69	34.54	68.26	32.55	65.9	31.4	72.3	34.63	67.33	33.25	84.29	42.65	68.2	41.24	86.2	49.63	58.83	48.72	95.25	51.22	48.1	49.0	96.68	64.11	69.12	65.76	83.47	70.57	59.2	74.99	74.84	82.01	70.85	84.24	81.25
50	1.724	34.6	68.29	32.61	65.92	31.43	72.38	34.77	67.35	33.29	84.43	42.8	68.12	41.32	86.34	49.85	58.62	48.8	95.35	50.95	47.83	48.93	96.66	64.12	68.93	65.76	83.38	70.44	59.22	74.96	75.16	81.95	70.75	84.13	81.37
51	1.759	34.67	68.44	32.65	66.04	31.48	72.58	34.75	67.4	33.38	84.64	42.7	68.13	41.48	86.46	49.62	58.6	48.86	95.2	50.99	48.09	49.08	96.34	64.04	68.96	65.86	83.47	70.22	59.21	74.91	75.31	81.98	70.72	84.3	81.4
52	1.793	34.79	68.34	32.78	65.87	31.55	72.52	35.09	67.09	33.46	84.57	43.32	67.93	41.63	86.44	50.49	58.07	48.97	95.09	51.07	47.35	49.28	96.14	64.38	68.98	65.9	83.47	70.54	59.21	75.13	75.25	81.95	71.12	84.15	81.53
53	1.828	34.77	68.32	32.76	65.86	31.51	72.51	35.08	67.09	33.43	84.59	43.33	67.95	41.63	86.47	50.52	58.06	48.98	95.08	51.06	47.3	49.26	96.13	64.39	68.99	65.9	83.48	70.51	59.2	75.12	75.25	81.94	71.04	84.13	81.49
54	1.862	34.78	68.11	32.73	65.64	31.47	72.42	35.1	66.86	33.38	84.66	43.5	67.72	41.62	86.49	50.66	57.58	48.95	95.07	50.7	47.14	49.32	96.23	64.57	68.88	65.95	83.51	70.73	59.22	75.25	75.37	82.05	71.15	84.19	81.67
55	1.897	34.7	68.16	32.65	65.71	31.41	72.41	34.96	66.92	33.3	84.56	43.1	67.77	41.5	86.36	50.09	57.93	48.77	94.94	50.78	47.56	49.45	96.07	64.43	68.7	65.96	83.33	70.78	59.23	75.37	75.42	82.31	70.86	84.37	81.42
56	1.931	34.73	67.98	32.66	65.5	31.37	72.23	34.97	66.77	33.19	84.5	43.14	67.77	41.48	86.31	50.11	58.23	48.83	95.04	50.81	47.42	49.44	96.06	64.53	68.67	66.02	83.25	70.9	59.24	75.49	75.27	82.16	70.59	84.34	81.21
57	1.966	34.61	68.09	32.59	65.62	31.32	72.28	34.92	66.87	33.19	84.38	43.0	67.91	41.33	86.19	49.83	58.65	48.74	94.93	50.93	47.69	49.61	96.11	64.25	68.85	65.71	83.33	70.65	59.49	75.16	75.5	82.1	70.89	84.3	81.42
58	2.0	34.44	67.99	32.43	65.54	31.14	72.27	34.91	66.86	33.11	84.52	43.17	67.91	41.31	86.28	50.1	58.2	48.65	94.79	50.4	47.07	49.48	96.06	64.28	68.91	65.6	83.41	70.64	59.24	75.06	75.39	82.18	70.49	84.11	81.17
59	2.034	34.45	67.97	32.43	65.51	31.13	72.27	34.92	66.81	33.1	84.56	43.2	67.86	41.32	86.31	50.15	58.08	48.65	94.78	50.4	47.01	49.49	96.04	64.29	68.87	65.61	83.41	70.64	59.17	75.06	75.37	82.21	70.43	84.11	81.16
60	2.069	34.54	67.93	32.52	65.48	31.2	72.26	35.01	66.83	33.18	84.63	43.42	67.82	41.48	86.4	50.22	57.67	48.89	94.72	50.15	46.91	49.7	95.91	64.58	69.23	65.84	83.8	70.89	59.53	75.28	75.69	82.28	70.94	84.29	81.66
61	2.103	34.69	67.92	32.62	65.42	31.22	72.37	35.09	66.71	33.03	84.96	43.36	67.72	41.45	86.8	50.12	57.4	48.95	95.0	50.01	46.96	49.48	95.95	64.64	69.13	65.9	83.97	70.92	59.56	75.36	76.1	82.52	70.7	84.26	81.75
62	2.138	34.77	67.99	32.68	65.54	31.33	72.41	35.05	66.96	33.15	85.06	43.31	67.97	41.5	86.85	49.94	57.81	49.02	95.01	50.34	47.52	49.16	95.73	64.85	69.26	66.13	84.02	71.43	59.76	75.64	76.0	82.87	70.96	84.48	81.75
63	2.172	34.62	68.01	32.59	65.62	31.26	72.31	34.94	67.15	33.1	84.82	43.1	68.21	41.32	86.72	49.67	58.38	48.9	95.13	50.17	47.76	49.04	95.81	64.69	69.53	65.99	84.13	71.23	60.13	75.46	76.14	82.64	71.22	84.41	81.81
64	2.207	34.68	67.88	32.66	65.56	31.39	72.24	34.93	67.24	33.3	84.83	43.03	68.14	41.31	86.64	49.34	58.08	48.7	94.96	49.67	47.62	48.99	95.7	64.33	69.47	65.67	84.02	70.86	59.65	75.05	75.57	82.4	71.5	84.18	82.06
65	2.241	34.67	67.83	32.66	65.53	31.41	72.12	34.88	67.23	33.29	84.65	42.95	68.19	41.25	86.57	49.23	58.36	48.73	94.99	49.81	48.1	49.23	95.68	64.38	69.54	65.71	84.06	71.0	59.72	75.06	75.57	82.41	71.5	84.11	82.04
66	2.276	34.96	67.9	32.93	65.57	31.71	72.24	35.15	67.13	33.6	84.73	43.19	67.85	41.55	86.78	49.28	57.31	48.8	95.16	49.3	47.9	49.23	95.71	64.51	69.43	65.91	84.2	70.97	59.69	75.2	75.89	82.42	71.8	84.18	82.49
67	2.31	34.96	67.84	32.94	65.49	31.65	72.26	35.23	67.02	33.52	84.85	43.28	67.74	41.5	86.88	49.48	56.96	48.74	95.23	49.21	47.32	49.08	95.72	64.47	69.23	65.85	84.09	70.77	59.48	75.35	75.77	82.47	71.46	84.65	82.22
68	2.345	34.94	67.87	32.91	65.47	31.57	72.36	35.27	66.93	33.44	85.02	43.33	67.59	41.45	86.94	49.54	56.74	48.69	95.22	49.18	47.36	49.11	95.64	64.42	69.06	65.74	84.04	70.8	59.35	75.47	75.85	82.53	71.31	84.83	82.22
69	2.379	35.04	67.9	32.97	65.44	31.62	72.52	35.43	66.69	33.52	85.23	43.6	67.11	41.71	87.06	49.7	55.94	48.87	95.41	48.76	46.7	49.33	95.96	64.7	68.51	66.05	83.82	71.03	58.84	75.8	75.95	83.01	70.84	85.17	81.98
70	2.414	34.76	67.85	32.72	65.43	31.42	72.36	35.06	66.8	33.32	84.95	43.07	67.28	41.36	86.7	49.15	56.38	48.55	95.07	48.72	47.31	49.07	95.84	64.14	68.61	65.58	83.67	70.52	58.83	75.28	75.46	82.52	70.68	84.9	81.69
71	2.448	34.8	67.89	32.73	65.45	31.45	72.42	35.04	66.75	33.35	85.0	43.06	67.17	41.41	86.69	49.13	56.21	48.6	95.01	48.73	47.32	49.21	95.8	64.19	68.54	65.66	83.67	70.66	58.88	75.41	75.64	82.59	70.65	84.97	81.73
72	2.483	34.22	67.78	32.3	65.5	31.13	72.02	34.75	67.11	33.26	84.26	42.93	67.82	40.86	86.13	49.25	57.55	48.09	95.12	48.67	47.47	48.91	96.33	64.02	69.01	65.19	83.55	70.77	59.29	75.06	75.15	82.33	71.05	84.65	81.44
73	2.517	34.26	67.75	32.28	65.44	31.06	72.14	34.76	66.99	33.13	84.59	42.9	67.53	40.89	86.3	49.24	57.18	48.18	95.18	48.71	47.39	49.15	96.7	64.07	68.71	65.3	83.55	70.78	58.62	75.3	75.1	82.58	70.32	84.94	81.3
74	2.552	34.16	68.03	32.19	65.73	30.98	72.4	34.62	67.34	33.07	84.85	42.81	67.96	40.89	86.61	49.08	57.63	48.19	95.41	48.66	48.3	48.94	96.81	64.09	69.43	65.35	84.14	70.48	59.17	74.93	75.26	82.29	70.69	84.56	81.31
75	2.586	34.43	68.0	32.41	65.65	31.15	72.45	34.74	67.2	33.09	85.06	42.91	67.78	41.04	86.8	49.06	57.37	48.31	95.33	48.65	48.9	48.88	96.52	64.29	69.26	65.59	84.14	70.68	59.11	75.23	75.37	82.64	70.65	84.87	81.33
76	2.621	34.89	68.05	32.74	65.68	31.49	72.7	34.97	67.17	33.3	85.66	43.16	67.55	41.53	87.27	48.95	56.6	48.72	95.59	48.05	48.87	49.04	96.71	64.85	68.89	66.29	84.17	71.51	59.04	76.06	75.7	83.25	70.47	85.27	81.55
77	2.655	34.87	68.06	32.71	65.68	31.45	72.74	34.97	67.13	33.28	85.69	43.18	67.5	41.52	87.27	48.95	56.52	48.73	95.55	47.98	48.86	49.09	96.67	64.86	68.85	66.28	84.17	71.55	59.06	76.1	75.79	83.35	70.53	85.37	81.61
78	2.69	34.93	68.2	32.73	65.78	31.48	72.89	34.99	67.12	33.25	85.81	43.13	67.52	41.62	87.46	49.06	56.67	48.77	95.62	48.16	50.0	48.66	96.75	64.96	68.64	66.46	84.09	71.58	59.05	76.21	76.04	83.37	69.88	85.25	81.26
79	2.724	35.03	68.13	32.82	65.74	31.6	72.8	34.99	67.13	33.34	85.72	43.02	67.54	41.66	87.37	48.72	56.9	48.86	95.53	47.9	50.21	48.9	96.6	64.84	68.56	66.43	83.98	71.66	58.66	76.29	75.64	83.38	69.59	85.29	80.98
80	2.759	34.65	68.07	32.35	65.97	31.37	72.71	34.41	67.57	32.99	85.47	43.45	68.35	41.03	86.5	49.84	58.6	49.13	94.33	49.61	51.32	51.57	96.83	65.07	68.97	65.92	83.59	73.02	59.75	76.36	76.04	83.51	70.38	85.83	81.11
81	2.793	34.75	68.78	32.41	66.66	31.55	73.38	34.27	68.06	33.1	85.86	43.13	68.77	41.0	86.62	49.52	59.48	48.88	94.19	49.38	52.65	51.28	96.7	64.38	69.05	65.37	83.45	72.22	59.4	75.59	75.41	82.68	70.18	84.99	80.77
82	2.828	35.44	69.03	33.18	66.64	32.15	73.52	34.97	67.92	33.77	86.01	42.72	68.4	41.82	87.39	48.48	59.13	48.76	95.4	48.51	51.75	48.35	96.32	64.3	68.94	66.13	83.89	70.93	58.68	75.43	75.26	82.44	69.65	84.3	80.92
83	2.862	35.42	68.99	33.17	66.61	32.14	73.5	34.99	67.92	33.8	86.02	42.78	68.43	41.89	87.42	48.57	59.09	48.83	95.38	48.53	51.94	48.39	96.24	64.33	69.0	66.15	83.93	71.05	58.9	75.47	75.43	82.55	69.88	84.27	81.1
84	2.897	35.43	69.43	33.15	66.97	32.2	73.9	35.1	68.03	34.12	86.17	43.2	68.42	42.29	87.49	49.11	58.95	49.24	95.89	49.17	50.55	48.86	96.69	64.89	69.36	66.7	84.3	71.47	59.29	75.72	75.87	82.54	70.52	84.41	81.44
85	2.931	35.42	70.07	33.21	67.52	32.16	74.49	35.18	68.36	34.04	86.52	43.07	68.85	42.16	87.76	48.58	59.76	48.94	96.01	48.49	51.78	48.64	97.04	64.33	69.68	66.08	84.46	70.73	59.07	74.92	75.52	82.08	70.77	83.65	81.47
86	2.966	35.67	70.56	33.45	67.91	32.4	74.99	35.39	68.4	34.21	86.77	43.09	68.56	42.34	87.83	48.6	59.41	48.97	95.83	48.63	51.78	48.68	96.62	64.08	69.32	65.96	84.27	70.45	58.93	74.9	75.86	81.94	70.74	83.59	81.6
87	3.0	35.46	71.14	32.81	68.53	32.53	75.68	34.11	68.74	34.25	87.25	42.74	69.25	41.87	87.24	49.31	59.52	49.6	94.65	49.74	54.12	51.52	97.27	63.71	69.48	65.11	84.02	71.5	60.69	74.59	76.33	81.37	72.01	84.09	82.35
88	3.034	35.59	71.17	32.92	68.57	32.6	75.81	34.3	68.76	34.35	87.48	42.95	69.15	42.09	87.24	49.35	59.03	49.76	94.51	49.47	52.63	51.37	97.24	63.69	69.21	65.1	83.77	71.49	60.87	74.59	76.59	81.39	71.9	84.18	82.38
89	3.069	35.57	71.21	32.92	68.6	32.57	75.83	34.33	68.79	34.33	87.49	43.01	69.25	42.07	87.29	49.37	59.36	49.76	94.63	49.35	53.21	51.42	97.24	63.73	69.34	65.08	83.85	71.42	60.96	74.51	76.58	81.35	72.05	84.13	82.43
90	3.103	35.27	70.99	32.93	68.62	32.14	75.58	34.84	69.39	33.95	87.47	43.64	69.72	41.98	87.5	49.14	61.01	49.16	94.65	48.36	54.83	51.45	96.32	63.82	69.57	65.06	83.7	71.59	60.2	74.94	75.96	82.0	71.6	84.3	81.52
91	3.138	35.58	71.38	32.91	68.69	32.53	76.07	34.44	68.76	34.37	87.77	43.22	69.19	42.24	87.5	49.56	59.14	49.87	94.85	49.2	52.98	51.74	97.34	63.72	69.58	65.02	84.18	71.29	60.92	74.43	76.64	81.24	72.32	84.07	82.82
92	3.172	35.77	70.93	33.11	68.26	32.7	75.58	34.5	68.41	34.31	87.31	43.22	68.93	42.09	87.22	49.68	58.94	49.92	94.62	49.46	53.02	51.98	97.25	63.8	69.33	64.99	83.92	71.36	60.81	74.46	76.44	81.12	72.36	83.91	82.8
93	3.207	35.57	70.76	32.89	68.07	32.52	75.43	34.26	68.15	34.16	87.15	42.89	68.75	42.01	87.08	48.97	58.7	49.83	94.48	48.43	53.35	52.15	97.26	63.81	69.27	65.11	83.99	71.51	60.6	74.63	76.41	81.4	72.11	84.06	82.66
94	3.241	35.36	70.48	32.69	67.81	32.36	75.11	34.0	68.0	34.01	86.86	42.66	68.74	41.77	86.91	48.72	58.63	49.74	94.36	48.58	53.28	52.38	97.43	63.63	69.36	64.91	84.0	71.38	59.91	74.37	75.46	81.28	72.0	83.85	82.27
95	3.276	35.4	70.55	32.71	67.86	32.37	75.21	34.0	68.0	33.99	86.99	42.64	68.72	41.79	87.01	48.56	58.44	49.75	94.4	48.25	53.0	52.36	97.4	63.62	69.35	64.91	84.04	71.35	59.91	74.33	75.51	81.21	71.99	83.71	82.3
96	3.31	35.52	70.64	32.84	67.94	32.5	75.29	34.21	68.0	34.12	87.0	42.87	68.63	41.94	86.86	48.93	58.44	49.85	94.12	48.64	52.91	52.36	97.39	63.88	69.1	65.1	83.81	71.96	59.66	74.83	75.49	81.56	71.51	83.89	82.06
97	3.345	35.03	70.16	32.52	67.81	32.08	74.49	33.89	68.49	33.4	86.17	42.66	69.66	41.52	87.37	48.03	61.09	49.34	94.87	47.47	58.6	55.48	98.49	63.52	68.77	64.96	83.11	71.54	58.78	74.81	75.23	80.9	70.86	82.68	81.53
98	3.379	34.87	70.02	32.33	67.66	31.93	74.36	33.64	68.38	33.26	86.11	42.46	69.62	41.4	87.42	47.9	60.49	49.21	94.9	47.77	56.84	55.2	98.34	63.36	68.81	64.85	83.14	71.19	58.98	74.4	75.27	80.34	71.01	82.13	81.5
99	3.414	34.8	70.31	32.31	67.96	31.85	74.61	33.81	68.64	33.3	86.24	42.76	69.8	41.4	87.47	48.54	60.57	49.12	94.88	48.64	56.12	55.19	98.36	63.56	69.04	64.9	83.28	71.38	58.91	74.5	75.23	80.43	70.96	82.16	81.5
100	3.448	34.91	70.36	32.41	68.07	31.95	74.72	33.92	68.86	33.37	86.5	42.96	69.89	41.47	87.7	48.8	60.53	49.29	95.07	48.59	55.97	55.17	98.4	63.68	69.09	64.96	83.38	71.39	59.13	74.53	75.6	80.4	71.04	82.21	81.78
101	3.483	34.97	70.28	32.47	68.0	31.98	74.66	34.01	68.83	33.4	86.52	43.11	69.84	41.53	87.72	48.91	60.22	49.36	95.1	48.46	55.33	55.13	98.35	63.87	69.11	65.09	83.42	71.51	58.99	74.62	75.42	80.42	70.89	82.2	81.65
102	3.517	35.4	70.79	32.8	68.12	32.42	75.35	34.22	68.2	34.06	86.89	42.93	68.81	41.69	86.94	49.29	58.41	49.69	94.18	49.25	53.27	52.22	97.34	63.57	69.54	64.58	84.03	71.18	59.58	73.95	74.96	80.64	72.22	82.93	82.3
103	3.552	35.24	70.84	32.62	68.08	32.22	75.43	34.13	67.97	33.91	86.92	42.92	68.75	41.68	86.87	49.21	58.35	49.69	93.86	49.04	53.66	52.26	97.27	63.6	69.4	64.54	83.88	71.33	59.58	73.93	74.92	80.86	72.24	82.95	82.15
104	3.586	34.98	70.65	32.43	67.93	31.99	75.14	34.01	67.9	33.64	86.55	42.75	68.8	41.27	86.7	49.14	58.49	49.36	93.86	49.18	53.28	51.94	97.2	63.63	69.38	64.41	83.81	71.44	59.49	73.94	74.72	80.85	72.15	82.82	81.97
105	3.621	34.96	70.59	32.44	67.9	31.98	75.06	34.03	67.92	33.62	86.45	42.73	68.92	41.19	86.67	49.09	58.93	49.44	93.91	49.1	54.31	52.13	97.13	63.61	69.65	64.3	83.98	71.39	59.67	73.81	74.71	80.88	72.56	82.77	82.18
106	3.655	35.19	70.53	32.7	67.86	32.21	74.98	34.19	67.95	33.73	86.34	42.81	68.89	41.22	86.56	49.16	59.08	49.61	93.86	49.21	54.47	52.33	97.13	63.36	69.4	64.02	83.62	71.05	59.82	73.5	74.66	80.66	72.86	82.57	82.26
107	3.69	35.22	70.52	32.74	67.84	32.22	74.99	34.29	67.9	33.74	86.37	42.97	68.83	41.26	86.58	49.3	58.84	49.63	93.86	49.18	54.01	52.32	97.15	63.47	69.44	64.05	83.68	71.13	59.77	73.53	74.66	80.65	72.86	82.52	82.28
108	3.724	35.38	69.97	33.06	67.65	32.21	74.5	34.91	68.54	33.77	86.44	43.62	69.16	41.61	86.98	49.16	60.01	49.23	94.27	48.26	54.12	52.34	96.56	63.73	69.4	64.63	83.52	71.77	59.27	74.77	74.81	81.36	71.8	83.19	81.7
109	3.759	35.56	70.57	32.99	67.91	32.48	75.19	34.6	67.98	34.02	86.83	43.45	68.57	41.69	86.79	49.79	58.03	49.94	94.05	49.02	52.22	52.29	97.41	63.87	69.12	64.51	83.65	71.75	59.8	74.29	75.31	80.85	72.32	83.03	82.53
110	3.793	35.23	70.5	32.71	67.81	32.19	75.05	34.34	67.93	33.77	86.62	43.21	68.85	41.39	86.8	49.57	58.56	49.75	93.9	49.07	53.69	52.38	97.15	63.68	69.68	64.18	83.98	71.2	59.85	73.5	74.86	80.6	73.15	82.39	82.79
111	3.828	35.24	70.49	32.7	67.79	32.19	75.1	34.3	67.86	33.78	86.71	43.19	68.7	41.45	86.79	49.46	58.02	49.77	93.78	48.91	52.88	52.32	97.18	63.67	69.53	64.22	83.91	71.25	59.68	73.54	74.75	80.66	73.13	82.46	82.79
112	3.862	35.27	70.41	32.74	67.76	32.27	74.93	34.14	67.95	33.74	86.48	42.81	68.94	41.32	86.67	48.97	58.88	49.83	93.73	48.77	54.27	52.58	97.13	63.48	69.74	64.15	83.98	71.08	60.05	73.41	74.89	80.65	73.34	82.44	82.83
113	3.897	35.26	69.8	32.95	67.51	32.14	74.28	34.61	68.49	33.6	86.21	43.21	69.28	41.36	86.84	48.76	60.46	49.2	93.95	48.28	55.33	52.7	96.46	63.26	69.6	64.22	83.58	71.18	59.92	74.14	75.2	81.27	72.37	83.06	82.07
114	3.931	35.27	69.56	32.97	67.33	32.22	74.04	34.64	68.47	33.8	86.03	43.26	69.16	41.55	86.76	48.86	60.44	49.39	94.12	48.52	55.82	52.78	96.55	63.44	69.6	64.5	83.62	71.43	59.84	74.41	75.21	81.38	72.24	83.27	82.03
115	3.966	34.78	69.82	32.37	67.55	31.87	74.04	33.68	68.46	33.07	85.68	42.43	69.86	40.96	87.29	48.38	61.19	49.31	94.81	48.64	58.15	55.32	98.45	63.21	69.47	64.4	83.56	71.1	59.72	74.1	75.73	80.31	72.18	81.95	82.36
116	4.0	34.74	69.72	32.37	67.43	31.81	73.87	33.73	68.24	32.95	85.39	42.43	69.74	40.78	87.14	48.37	61.22	49.23	94.78	48.79	58.2	55.2	98.31	63.42	69.41	64.49	83.54	71.46	59.66	74.44	75.72	80.59	71.85	82.27	81.95
117	4.034	35.03	69.98	32.47	67.4	32.17	74.43	33.5	67.68	33.51	85.92	41.79	68.65	40.89	86.32	48.04	59.47	49.57	93.79	48.33	56.07	52.32	97.2	63.11	69.7	64.22	84.22	71.01	60.33	73.82	75.83	81.27	72.49	83.46	82.45
118	4.069	34.69	69.66	32.28	67.37	31.79	73.78	33.53	68.2	32.86	85.32	42.25	69.74	40.65	87.11	48.08	61.66	49.16	94.84	48.46	58.6	55.04	98.35	63.6	69.27	64.73	83.52	71.88	59.41	74.9	75.76	81.02	71.16	82.78	81.44
119	4.103	34.7	69.62	32.29	67.34	31.83	73.73	33.48	68.19	32.86	85.24	42.25	69.77	40.62	87.02	48.08	61.79	49.17	94.73	48.35	58.62	55.15	98.37	63.51	69.24	64.62	83.41	71.7	59.42	74.71	75.65	80.86	71.24	82.63	81.4
120	4.138	35.16	70.14	32.56	67.52	32.27	74.64	33.54	67.63	33.58	86.1	41.72	68.53	41.01	86.46	47.76	59.01	49.76	93.91	47.83	55.3	52.63	97.62	63.03	69.48	64.3	84.19	70.87	59.84	73.97	75.72	81.35	71.76	83.8	81.93
121	4.172	35.33	70.3	32.69	67.7	32.42	74.9	33.53	67.87	33.7	86.52	41.63	68.55	41.18	86.7	47.45	58.56	49.95	94.05	47.41	54.64	52.72	97.94	63.01	69.22	64.52	84.06	70.81	59.72	74.23	75.69	81.82	71.15	84.58	81.4
122	4.207	35.47	70.52	32.86	67.85	32.54	75.2	33.93	67.85	34.01	86.8	42.08	68.32	41.63	86.83	47.6	57.58	50.13	94.1	47.38	52.88	52.56	98.0	63.08	69.02	64.58	83.91	70.68	59.5	74.11	75.56	81.53	71.17	84.33	81.4
123	4.241	35.49	70.39	32.96	67.7	32.6	75.01	34.28	67.63	34.32	86.5	42.55	68.01	41.91	86.73	48.03	56.34	50.11	94.26	47.73	50.14	52.5	98.29	63.11	68.9	64.54	83.81	70.6	59.14	73.89	75.25	81.24	71.19	83.95	81.45
124	4.276	35.33	70.07	32.78	67.46	32.43	74.64	33.98	67.57	33.97	86.18	42.22	68.2	41.41	86.42	47.72	57.22	49.79	93.86	47.32	51.4	52.34	97.95	62.96	69.05	64.24	83.79	70.65	59.23	73.79	75.06	81.09	71.49	83.78	81.72
125	4.31	35.34	70.06	32.79	67.45	32.43	74.63	34.0	67.59	33.99	86.18	42.26	68.22	41.44	86.42	47.78	57.18	49.83	93.85	47.32	51.23	52.34	98.02	63.0	69.05	64.29	83.78	70.7	59.21	73.86	75.04	81.18	71.43	83.87	81.67
126	4.345	34.97	69.58	32.84	67.31	31.88	73.93	34.7	68.18	33.36	85.6	43.27	68.85	40.88	86.4	48.35	59.04	48.81	93.71	46.77	51.12	52.12	96.86	63.33	69.38	64.09	83.51	70.89	58.94	74.19	74.88	81.49	70.93	83.76	80.99
127	4.379	35.5	70.04	32.98	67.58	32.63	74.53	34.23	67.97	34.22	86.09	42.55	68.58	41.49	86.23	48.12	58.04	49.78	93.92	47.46	51.38	52.22	97.94	63.34	69.22	64.52	83.71	71.07	59.48	74.18	75.01	81.27	71.02	84.11	81.32
128	4.414	35.65	70.6	33.16	68.08	32.8	75.03	34.47	68.28	34.41	86.35	42.69	68.67	41.64	86.42	48.15	58.29	49.73	94.19	47.41	51.78	52.25	98.05	63.36	69.15	64.58	83.69	71.06	59.68	74.34	75.48	81.19	70.8	84.21	81.29
129	4.448	35.63	70.5	33.15	68.0	32.78	74.91	34.44	68.23	34.4	86.24	42.59	68.71	41.6	86.41	48.08	58.55	49.78	94.24	47.49	52.22	52.5	97.89	63.29	69.18	64.54	83.71	70.94	59.71	74.22	75.54	81.22	70.94	84.17	81.46
130	4.483	35.6	70.34	33.08	67.74	32.68	74.85	34.42	67.86	34.3	86.3	42.65	68.35	41.67	86.49	47.86	57.74	49.87	94.38	47.14	51.27	52.79	97.93	63.4	69.13	64.61	83.86	71.02	59.54	74.24	75.52	81.16	70.97	84.01	81.47
131	4.517	35.61	70.34	33.09	67.73	32.7	74.83	34.42	67.83	34.33	86.26	42.68	68.32	41.71	86.46	47.89	57.72	49.86	94.38	47.06	51.43	52.7	97.89	63.43	69.1	64.66	83.82	70.99	59.58	74.21	75.54	81.13	70.91	84.02	81.38
132	4.552	35.48	70.29	32.91	67.64	32.58	74.82	34.12	67.71	34.18	86.3	42.47	68.29	41.57	86.48	47.79	57.6	49.71	94.31	47.03	51.56	52.57	97.96	63.36	69.2	64.63	83.95	70.87	59.45	74.09	75.28	81.19	71.11	84.11	81.36
133	4.586	35.26	70.14	32.71	67.52	32.35	74.6	33.95	67.58	33.89	85.96	42.12	68.3	41.23	86.29	47.53	58.13	49.46	94.11	46.81	52.27	52.6	97.68	63.06	69.01	64.36	83.78	70.75	59.55	74.15	75.69	81.1	70.8	84.12	81.47
134	4.621	34.96	69.64	32.84	67.21	31.83	73.92	34.77	67.75	33.3	85.37	43.16	68.45	40.98	86.28	47.61	58.56	48.78	93.8	45.56	51.11	52.15	96.77	63.28	69.03	64.15	83.31	70.82	58.88	74.3	75.02	81.28	70.36	83.76	80.56
135	4.655	34.9	69.8	32.79	67.38	31.85	74.01	34.57	67.86	33.25	85.26	42.88	68.51	40.78	86.1	47.53	58.89	48.67	93.53	45.62	51.83	52.25	96.65	63.06	68.73	64.0	82.94	70.42	58.77	74.05	74.94	81.16	70.05	83.75	80.18
136	4.69	35.05	70.03	32.48	67.34	32.15	74.51	33.63	67.26	33.67	85.83	41.7	68.05	41.09	86.17	47.07	57.78	49.3	94.02	46.64	51.39	52.51	97.85	62.58	68.53	64.1	83.39	70.09	58.94	73.7	75.27	80.73	70.0	83.91	80.82
137	4.724	34.9	69.64	32.78	67.2	31.79	73.96	34.62	67.73	33.26	85.4	42.99	68.36	40.9	86.19	47.5	58.47	48.7	93.74	45.4	50.8	52.01	96.83	62.89	68.7	63.85	82.95	70.04	58.65	73.66	74.84	80.89	69.86	83.51	80.16
138	4.759	34.9	69.77	32.78	67.32	31.79	74.09	34.55	67.83	33.23	85.5	42.92	68.45	40.85	86.29	47.47	58.62	48.7	93.79	45.48	51.25	52.19	96.9	62.64	69.03	63.61	83.21	69.47	58.67	73.17	74.73	80.43	70.38	83.15	80.48
139	4.793	34.75	69.89	32.68	67.35	31.66	74.25	34.58	67.7	33.18	85.6	42.88	68.1	40.89	86.34	47.21	57.81	48.72	93.84	45.01	51.13	52.04	96.93	62.61	68.76	63.6	83.16	69.3	58.65	73.15	75.08	80.42	69.97	83.23	80.26
140	4.828	34.74	69.96	32.64	67.46	31.68	74.33	34.51	67.89	33.23	85.74	42.97	68.27	40.82	86.4	47.51	57.87	48.59	93.97	45.29	50.17	51.64	96.92	62.58	69.0	63.46	83.32	69.65	58.72	73.2	74.91	80.57	70.49	83.18	80.56
141	4.862	34.78	70.07	32.68	67.6	31.72	74.44	34.54	68.05	33.22	85.81	43.02	68.44	40.72	86.34	47.54	58.7	48.5	93.93	45.14	52.43	51.81	96.91	62.77	69.18	63.51	83.43	69.97	59.12	73.44	75.17	80.82	70.62	83.48	80.63
142	4.897	35.05	70.56	32.54	67.81	32.15	75.04	33.98	67.6	33.82	86.2	42.28	68.15	41.29	86.23	47.44	58.0	49.24	93.93	46.25	52.93	52.25	97.44	62.83	69.05	63.99	83.78	70.49	59.62	73.72	75.76	80.51	71.18	83.39	81.8
143	4.931	35.06	70.56	32.56	67.84	32.18	75.01	33.97	67.68	33.83	86.15	42.25	68.27	41.26	86.18	47.44	58.38	49.27	93.91	46.32	53.59	52.33	97.4	62.82	69.11	63.96	83.74	70.54	59.72	73.72	75.7	80.54	71.32	83.4	81.81
144	4.966	34.65	70.18	32.37	67.8	31.73	74.3	34.07	68.33	33.07	85.58	42.84	69.45	40.91	87.04	47.66	60.24	49.12	94.8	46.06	55.86	55.54	98.47	63.6	68.97	64.51	83.28	71.27	59.25	74.45	76.01	80.65	70.58	82.55	81.29
145	5.0	34.58	70.19	32.27	67.8	31.66	74.34	34.0	68.32	33.03	85.63	42.79	69.4	40.93	87.0	47.72	60.35	49.11	94.72	46.09	56.87	55.57	98.48	63.58	68.91	64.52	83.24	71.23	59.32	74.46	76.13	80.55	70.58	82.53	81.37
146	5.034	34.47	70.26	32.13	67.95	31.63	74.36	33.69	68.6	32.97	85.62	42.41	69.78	40.76	87.07	47.83	61.21	49.03	94.7	46.82	58.43	55.42	98.46	63.44	68.98	64.56	83.22	71.25	59.65	74.6	76.41	80.64	70.37	82.75	81.18
147	5.069	34.38	70.24	32.05	67.97	31.54	74.3	33.65	68.69	32.94	85.57	42.35	69.99	40.84	87.19	48.05	61.57	49.21	94.84	47.41	58.18	55.48	98.45	63.57	69.15	64.83	83.37	71.32	59.56	74.79	76.42	80.8	70.34	82.84	81.23
148	5.103	34.35	70.21	32.02	67.94	31.52	74.29	33.64	68.66	32.93	85.58	42.38	69.91	40.84	87.18	48.11	61.42	49.24	94.88	47.28	58.03	55.34	98.42	63.58	69.16	64.81	83.41	71.28	59.63	74.74	76.57	80.86	70.38	82.9	81.26
149	5.138	34.38	70.23	32.06	67.96	31.54	74.32	33.68	68.67	32.94	85.62	42.44	69.93	40.86	87.21	48.15	61.46	49.26	94.9	47.26	57.99	55.41	98.45	63.59	69.18	64.79	83.42	71.24	59.68	74.68	76.59	80.81	70.47	82.83	81.34
150	5.172	34.42	70.18	32.09	67.89	31.51	74.35	33.79	68.69	32.95	85.87	42.64	69.85	41.08	87.45	48.13	61.25	49.39	95.16	47.16	58.26	55.16	98.45	63.73	69.26	64.93	83.56	71.15	59.71	74.5	76.56	80.55	70.86	82.44	81.74
151	5.207	34.33	70.15	31.95	67.88	31.42	74.38	33.58	68.75	32.88	86.01	42.46	69.96	41.06	87.5	48.02	61.39	49.55	95.24	47.03	58.18	55.04	98.26	63.73	69.35	65.01	83.62	71.29	59.86	74.65	76.54	80.72	70.87	82.7	81.6
152	5.241	34.36	70.17	31.95	67.89	31.43	74.4	33.53	68.76	32.84	86.06	42.43	69.99	41.04	87.55	48.03	61.44	49.49	95.23	47.05	58.25	54.88	98.31	63.79	69.27	65.09	83.59	71.46	59.76	74.81	76.49	80.8	70.7	82.77	81.53
153	5.276	34.34	70.15	31.95	67.9	31.46	74.34	33.49	68.8	32.89	85.96	42.38	70.0	41.03	87.53	47.99	61.44	49.47	95.27	47.12	58.02	54.93	98.38	63.79	69.27	65.15	83.59	71.42	59.77	74.79	76.59	80.76	70.71	82.75	81.6
154	5.31	34.44	70.14	32.04	67.86	31.58	74.31	33.55	68.71	32.98	85.87	42.47	69.88	41.09	87.43	48.09	61.38	49.5	95.2	47.12	58.16	54.93	98.27	63.79	69.19	65.13	83.52	71.56	59.85	74.86	76.68	80.89	70.8	82.82	81.62
155	5.345	34.41	70.14	32.01	67.87	31.54	74.33	33.53	68.69	32.95	85.88	42.45	69.87	41.05	87.43	48.07	61.39	49.47	95.2	47.1	58.18	54.92	98.29	63.79	69.2	65.11	83.54	71.59	59.89	74.88	76.72	80.9	70.86	82.85	81.66
156	5.379	34.83	69.98	32.59	67.65	31.85	74.33	34.27	68.46	33.46	85.93	42.79	68.83	41.14	86.63	47.7	60.32	49.0	94.54	46.64	56.27	52.27	96.78	63.38	69.2	64.55	83.51	71.31	59.82	74.58	75.81	81.48	71.1	83.9	81.17
157	5.414	34.48	69.83	32.01	67.58	31.61	73.93	33.23	68.58	32.88	85.55	42.11	70.15	40.85	87.16	47.84	61.88	49.28	94.94	47.5	57.52	54.67	98.1	63.6	69.13	65.02	83.16	71.63	59.7	74.78	75.69	80.75	70.65	82.75	80.92
158	5.448	34.43	69.82	31.95	67.58	31.56	73.93	33.18	68.57	32.84	85.54	42.04	70.18	40.84	87.15	47.79	61.96	49.25	94.93	47.52	57.48	54.64	98.13	63.53	69.09	64.99	83.09	71.56	59.68	74.72	75.65	80.71	70.53	82.69	80.8
159	5.483	34.43	69.79	31.99	67.54	31.56	73.88	33.27	68.52	32.85	85.45	42.07	70.16	40.81	87.12	47.75	61.99	49.21	94.93	47.46	57.56	54.89	98.17	63.49	69.19	64.92	83.21	71.4	59.71	74.63	75.81	80.67	70.74	82.66	81.08
160	5.517	34.42	69.75	31.96	67.46	31.53	73.85	33.24	68.38	32.78	85.42	42.11	69.98	40.77	87.07	47.77	61.78	49.17	94.9	47.32	57.49	54.93	98.18	63.53	69.16	64.9	83.24	71.38	59.5	74.6	75.68	80.5	70.68	82.5	81.1
161	5.552	34.32	69.74	31.84	67.47	31.43	73.85	33.16	68.32	32.7	85.36	41.86	70.0	40.64	86.97	47.73	61.76	49.1	94.95	47.42	56.95	55.08	98.4	63.61	68.76	65.04	82.86	71.39	59.28	74.85	75.52	80.65	69.61	82.85	80.12
162	5.586	34.29	69.73	31.79	67.45	31.42	73.79	33.05	68.27	32.66	85.23	41.75	70.07	40.59	86.82	47.67	61.99	49.0	94.79	47.52	56.75	54.91	98.34	63.61	68.77	65.07	82.8	71.62	59.52	75.05	75.63	80.67	69.45	82.92	79.93
163	5.621	34.25	69.8	31.73	67.53	31.41	73.89	32.94	68.38	32.66	85.34	41.63	70.05	40.59	86.84	47.6	61.99	48.95	94.7	47.58	57.23	54.94	98.58	63.11	68.65	64.68	82.67	71.2	59.44	74.62	75.6	80.27	69.82	82.47	80.39
164	5.655	34.31	69.69	31.77	67.4	31.46	73.76	32.87	68.21	32.61	85.18	41.56	69.99	40.52	86.8	47.51	62.0	49.0	94.71	47.51	57.08	55.09	98.53	63.03	68.65	64.58	82.65	71.13	59.18	74.44	75.22	80.13	70.09	82.2	80.44
165	5.69	34.31	69.69	31.79	67.41	31.45	73.75	32.91	68.22	32.6	85.16	41.57	70.0	40.5	86.81	47.51	61.93	49.01	94.7	47.52	56.99	55.1	98.47	63.05	68.74	64.59	82.75	71.16	59.31	74.5	75.39	80.16	70.08	82.25	80.48
166	5.724	34.31	69.64	31.79	67.39	31.5	73.68	32.87	68.28	32.66	85.14	41.56	70.08	40.56	86.85	47.49	61.77	49.21	94.74	47.34	56.85	55.33	98.44	63.36	68.85	64.93	82.87	71.41	59.21	74.83	75.17	80.53	70.05	82.68	80.24
167	5.759	34.31	69.64	31.79	67.39	31.5	73.68	32.87	68.28	32.67	85.14	41.57	70.07	40.56	86.85	47.49	61.76	49.2	94.74	47.34	56.85	55.34	98.44	63.35	68.84	64.91	82.87	71.39	59.22	74.8	75.2	80.5	70.06	82.64	80.26
168	5.793	34.28	69.68	31.79	67.44	31.5	73.7	32.9	68.32	32.68	85.09	41.57	70.07	40.5	86.88	47.53	61.73	49.2	94.86	47.37	56.78	55.45	98.49	63.48	68.89	65.01	82.99	71.58	59.48	75.0	75.64	80.87	70.0	83.02	80.29
169	5.828	34.25	69.67	31.75	67.44	31.45	73.73	32.88	68.36	32.65	85.22	41.59	70.08	40.5	86.97	47.53	61.65	49.23	94.94	47.31	56.71	55.37	98.48	63.62	68.86	65.15	83.03	71.78	59.62	75.22	75.83	81.08	69.9	83.28	80.24
170	5.862	34.32	69.78	31.87	67.58	31.51	73.84	33.18	68.51	32.81	85.31	41.84	70.12	40.68	87.02	47.64	61.67	49.34	95.01	47.35	56.75	55.37	98.43	63.8	68.91	65.26	83.06	71.93	59.72	75.37	76.0	81.4	69.81	83.54	80.17
171	5.897	34.39	69.58	31.95	67.37	31.59	73.65	33.23	68.3	32.84	85.12	41.92	69.91	40.7	86.92	47.67	61.43	49.36	94.95	47.17	56.73	55.36	98.38	63.81	68.96	65.24	83.15	71.78	59.64	75.23	76.03	81.23	69.88	83.37	80.3
172	5.931	34.29	69.53	31.85	67.31	31.51	73.62	33.21	68.18	32.86	85.05	41.93	69.79	40.78	86.79	47.68	61.38	49.47	94.87	47.16	56.74	55.75	98.39	63.83	68.74	65.29	82.98	72.01	59.59	75.45	76.12	81.59	69.73	83.66	80.19
173	5.966	34.29	69.52	31.85	67.3	31.51	73.61	33.22	68.18	32.86	85.05	41.93	69.79	40.8	86.79	47.68	61.38	49.48	94.87	47.14	56.75	55.74	98.37	63.84	68.71	65.31	82.95	72.05	59.6	75.5	76.13	81.61	69.68	83.68	80.14
174	6.0	34.5	69.69	32.11	67.47	31.7	73.78	33.62	68.33	33.1	85.21	42.4	69.83	41.08	86.94	48.1	61.28	49.62	94.85	47.27	56.85	55.62	98.21	63.92	68.87	65.27	83.07	72.06	59.49	75.39	76.03	81.57	70.16	83.42	80.63
175	6.034	34.52	69.74	32.13	67.48	31.69	73.82	33.68	68.31	33.12	85.25	42.46	69.86	41.2	87.0	48.16	61.32	49.6	94.87	47.34	57.04	55.22	98.2	63.85	68.84	65.27	83.0	72.0	59.48	75.34	75.91	81.47	70.28	83.29	80.67
176	6.069	34.54	69.6	32.17	67.38	31.74	73.66	33.7	68.25	33.13	85.07	42.46	69.77	41.12	86.88	48.12	61.23	49.69	94.86	47.27	56.88	55.69	98.3	64.03	68.81	65.38	83.01	72.13	59.24	75.5	75.75	81.61	69.96	83.48	80.41
177	6.103	34.51	69.62	32.09	67.41	31.73	73.71	33.55	68.27	33.1	85.15	42.33	69.8	41.11	86.87	48.08	61.29	49.79	94.78	47.28	56.78	55.99	98.35	64.08	68.61	65.51	82.88	72.52	59.49	75.9	76.13	82.25	69.65	84.04	80.1
178	6.138	34.52	69.57	32.13	67.38	31.77	73.61	33.58	68.29	33.15	85.02	42.29	69.87	41.13	86.78	48.05	61.38	49.8	94.61	47.36	56.96	56.16	98.43	63.89	68.61	65.38	82.78	72.35	59.31	75.75	75.83	82.14	69.74	83.89	80.16
179	6.172	34.51	69.57	32.12	67.38	31.74	73.63	33.62	68.3	33.15	85.07	42.35	69.85	41.15	86.82	48.08	61.3	49.84	94.68	47.34	56.92	56.18	98.46	64.01	68.68	65.45	82.88	72.46	59.38	75.84	75.93	82.16	69.84	83.94	80.29
180	6.207	34.35	69.59	31.92	67.36	31.61	73.66	33.27	68.18	32.95	85.04	42.0	69.76	40.89	86.78	47.85	61.39	49.63	94.7	47.36	56.87	56.01	98.4	63.67	68.78	65.17	83.03	72.05	59.58	75.46	76.23	81.77	69.99	83.68	80.47
181	6.241	34.39	69.55	31.93	67.33	31.63	73.66	33.31	68.13	33.01	85.07	42.06	69.66	40.98	86.73	47.87	61.32	49.7	94.68	47.37	56.84	56.17	98.45	63.89	68.6	65.38	82.95	72.45	59.49	75.8	76.29	82.23	69.81	84.07	80.41
182	6.276	34.41	69.6	31.97	67.38	31.65	73.7	33.39	68.17	33.02	85.08	42.08	69.73	40.95	86.69	47.88	61.4	49.65	94.61	47.37	56.85	56.08	98.45	63.9	68.56	65.35	82.87	72.56	59.5	75.92	76.21	82.48	69.8	84.28	80.33
183	6.31	34.59	69.62	32.18	67.43	31.81	73.72	33.75	68.29	33.26	85.15	42.56	69.78	41.25	86.76	48.15	61.29	49.94	94.73	47.33	56.87	56.39	98.49	64.48	68.82	65.78	83.09	73.03	59.91	76.22	76.49	82.63	70.36	84.37	80.84
184	6.345	34.79	69.55	32.52	67.36	31.89	73.83	34.18	68.25	33.52	85.28	42.52	69.0	41.08	86.0	48.03	60.97	49.3	93.86	47.02	56.21	53.85	96.53	63.52	68.62	64.83	82.79	71.9	59.85	75.51	75.89	82.91	69.86	85.33	80.01
185	6.379	34.78	69.55	32.51	67.36	31.88	73.83	34.17	68.25	33.49	85.28	42.5	69.01	41.04	86.0	48.02	60.99	49.27	93.86	47.03	56.2	53.82	96.53	63.47	68.66	64.76	82.82	71.8	59.84	75.4	75.86	82.79	69.89	85.21	80.04
186	6.414	34.65	69.37	32.42	67.26	31.83	73.57	34.01	68.33	33.39	85.0	42.21	69.17	40.71	85.84	47.76	61.29	49.01	93.78	47.01	56.25	53.3	96.43	63.5	68.65	64.76	82.73	71.86	59.91	75.47	75.8	82.98	69.9	85.5	79.97
187	6.448	34.36	69.71	31.98	67.49	31.65	73.69	33.4	68.26	33.02	84.83	42.04	69.9	40.77	86.41	47.81	61.74	49.4	94.39	47.51	56.78	56.06	98.23	63.64	68.56	64.99	82.54	71.73	59.94	75.13	76.15	81.45	70.22	83.59	80.36
188	6.483	34.39	69.77	31.97	67.49	31.64	73.82	33.36	68.14	32.98	84.99	42.0	69.77	40.8	86.53	47.74	61.53	49.38	94.45	47.46	56.8	55.97	98.23	63.58	68.5	64.96	82.6	71.67	59.88	75.07	76.25	81.42	70.33	83.52	80.52
189	6.517	34.42	69.64	32.0	67.44	31.7	73.65	33.45	68.29	33.14	84.87	42.19	70.0	40.94	86.52	47.9	61.69	49.52	94.54	47.4	56.79	56.03	98.3	63.76	68.75	65.1	82.68	71.89	60.53	75.11	76.51	81.36	70.81	83.46	80.86
190	6.552	34.44	69.77	32.01	67.58	31.68	73.86	33.49	68.51	33.17	85.26	42.28	70.17	41.06	86.85	47.88	61.65	49.55	94.77	47.21	56.86	55.51	98.24	63.81	68.96	65.17	82.93	71.98	60.64	75.12	76.59	81.33	70.99	83.36	81.06
191	6.586	34.44	69.76	32.02	67.57	31.69	73.85	33.5	68.51	33.18	85.25	42.3	70.17	41.07	86.85	47.9	61.65	49.56	94.77	47.22	56.88	55.51	98.24	63.81	68.97	65.17	82.93	71.95	60.64	75.09	76.59	81.32	71.0	83.33	81.07
192	6.621	34.44	69.96	32.03	67.78	31.71	74.0	33.46	68.67	33.14	85.29	42.18	70.24	40.95	86.84	47.99	61.8	49.43	94.63	47.45	56.85	55.31	98.07	63.65	68.88	65.04	82.84	71.93	60.48	75.17	76.56	81.48	70.77	83.48	80.93
193	6.655	34.48	69.77	32.03	67.58	31.71	73.83	33.52	68.47	33.19	85.2	42.29	70.06	41.15	86.73	47.97	61.69	49.46	94.59	47.57	56.99	54.87	97.91	64.1	68.63	65.54	82.66	72.53	60.71	75.71	76.79	81.71	70.68	83.79	80.93
194	6.69	34.58	69.69	32.14	67.49	31.8	73.75	33.62	68.42	33.25	85.16	42.38	70.0	41.28	86.76	47.98	61.64	49.61	94.66	47.56	56.98	55.03	97.93	64.07	68.54	65.53	82.56	72.47	60.64	75.64	76.7	81.53	70.62	83.54	80.89
195	6.724	34.6	69.67	32.15	67.48	31.81	73.73	33.61	68.4	33.26	85.16	42.31	69.97	41.24	86.76	47.82	61.52	49.52	94.63	47.57	56.99	54.93	97.85	64.12	68.72	65.57	82.79	72.56	60.76	75.72	76.86	81.6	70.79	83.66	81.1
196	6.759	34.58	69.69	32.13	67.51	31.79	73.79	33.6	68.44	33.24	85.24	42.29	69.94	41.2	86.77	47.77	61.4	49.58	94.66	47.41	56.81	55.16	97.9	64.04	68.69	65.47	82.77	72.37	60.61	75.59	76.71	81.51	70.55	83.64	80.87
197	6.793	34.56	69.7	32.12	67.52	31.77	73.8	33.59	68.43	33.22	85.25	42.28	69.93	41.17	86.76	47.78	61.41	49.57	94.66	47.41	56.8	55.14	97.89	64.03	68.68	65.44	82.77	72.36	60.61	75.59	76.72	81.5	70.54	83.64	80.85
198	6.828	34.5	69.61	32.03	67.41	31.72	73.66	33.4	68.31	33.11	85.05	42.1	70.02	41.02	86.68	47.74	61.68	49.57	94.6	47.46	56.97	55.47	98.03	63.76	68.84	65.2	82.84	72.25	60.58	75.45	76.47	81.36	70.9	83.51	81.03
199	6.862	34.51	69.67	32.06	67.47	31.75	73.72	33.45	68.37	33.16	85.1	42.17	70.0	41.09	86.7	47.85	61.63	49.6	94.55	47.57	57.07	55.5	98.0	63.62	68.92	65.06	82.87	72.04	60.33	75.21	76.21	81.05	71.09	83.12	81.2
200	6.897	34.46	69.51	32.0	67.25	31.61	73.6	33.48	68.05	32.97	85.01	42.25	69.79	40.98	86.54	47.85	61.38	49.55	94.49	47.33	56.62	55.53	97.95	63.83	68.74	65.11	82.75	72.26	60.55	75.42	76.4	81.21	70.81	83.35	80.89
201	6.931	34.41	69.68	31.93	67.46	31.61	73.77	33.31	68.3	33.0	85.15	42.07	70.06	40.97	86.66	47.73	61.72	49.48	94.53	47.3	57.11	55.41	97.99	63.66	68.92	65.06	82.84	72.01	60.87	75.19	76.56	81.14	71.04	83.29	80.97
202	6.966	34.44	69.73	31.96	67.51	31.66	73.81	33.31	68.36	33.04	85.19	42.02	70.16	40.98	86.76	47.81	61.83	49.5	94.56	47.43	57.24	55.31	97.97	63.59	68.94	65.08	82.89	72.14	60.93	75.4	76.73	81.43	71.13	83.59	81.09
203	7.0	34.43	69.76	31.95	67.53	31.63	73.84	33.31	68.38	33.01	85.24	42.0	70.19	40.95	86.81	47.78	61.84	49.48	94.61	47.43	57.25	55.32	98.0	63.55	68.99	65.01	82.95	72.07	61.0	75.32	76.79	81.32	71.28	83.49	81.23
204	7.034	34.46	69.71	31.99	67.48	31.64	73.8	33.42	68.36	33.07	85.23	42.1	70.22	41.04	86.81	47.81	61.98	49.43	94.67	47.46	57.15	54.77	97.82	63.88	68.77	65.35	82.76	72.5	61.03	75.71	76.85	81.91	71.02	84.04	81.0
205	7.069	34.48	69.78	32.01	67.54	31.66	73.87	33.48	68.38	33.1	85.27	42.19	70.17	41.09	86.81	47.91	61.91	49.42	94.64	47.52	57.1	54.77	97.83	63.86	68.83	65.3	82.83	72.5	61.12	75.71	77.04	81.78	71.07	83.91	81.17
206	7.103	34.49	69.9	32.03	67.65	31.66	73.99	33.59	68.45	33.12	85.37	42.33	70.19	41.16	86.86	48.05	61.93	49.48	94.7	47.55	57.14	54.76	97.85	64.13	68.73	65.53	82.79	72.93	61.07	76.11	77.08	82.1	70.86	84.16	81.0
207	7.138	34.53	69.68	32.04	67.44	31.66	73.83	33.57	68.32	33.15	85.35	42.27	70.13	41.27	86.88	48.0	61.84	49.67	94.78	47.68	57.3	55.11	98.08	64.06	68.99	65.55	83.04	72.76	60.76	76.0	76.66	81.99	71.03	84.04	81.13
208	7.172	34.59	69.58	32.11	67.36	31.71	73.74	33.69	68.25	33.19	85.3	42.42	70.02	41.34	86.8	48.11	61.65	49.69	94.68	47.63	57.17	55.27	98.08	64.33	68.82	65.77	82.93	73.11	60.62	76.35	76.63	82.36	70.77	84.33	81.05
209	7.207	34.61	69.54	32.13	67.31	31.7	73.72	33.76	68.2	33.19	85.32	42.5	69.98	41.38	86.81	48.16	61.56	49.8	94.7	47.63	57.16	55.52	98.2	64.43	68.85	65.82	82.99	73.21	60.77	76.44	76.84	82.47	70.88	84.42	81.18
210	7.241	34.64	69.62	32.24	67.42	31.78	73.72	34.0	68.29	33.32	85.17	42.74	69.95	41.43	86.71	48.34	61.5	49.89	94.69	47.67	57.05	55.77	98.16	64.67	68.89	65.93	83.0	73.41	60.85	76.58	76.98	82.67	71.06	84.56	81.3
211	7.276	34.66	69.74	32.3	67.53	31.82	73.83	34.1	68.33	33.39	85.17	42.85	69.91	41.48	86.66	48.38	61.45	49.83	94.62	47.78	56.96	55.64	98.06	64.59	68.84	65.82	82.88	73.05	60.74	76.21	76.82	82.34	70.99	84.25	81.09
212	7.31	34.67	69.74	32.28	67.49	31.83	73.83	34.01	68.24	33.4	85.15	42.74	69.87	41.52	86.64	48.25	61.48	49.79	94.59	47.73	57.0	55.69	98.1	64.36	68.81	65.7	82.84	72.82	60.63	76.03	76.7	82.12	70.99	84.06	81.09
213	7.345	34.56	69.77	32.11	67.53	31.71	73.89	33.82	68.29	33.28	85.28	42.62	69.89	41.43	86.67	48.24	61.5	49.74	94.6	47.71	57.07	55.66	98.15	64.47	68.82	65.82	82.91	73.03	60.68	76.23	76.81	82.29	70.88	84.25	81.11
214	7.379	34.61	69.72	32.13	67.45	31.72	73.89	33.8	68.16	33.28	85.32	42.61	69.84	41.49	86.69	48.16	61.49	49.76	94.58	47.63	57.06	55.63	98.18	64.4	68.69	65.79	82.79	72.9	60.74	76.09	76.87	82.14	70.61	84.11	80.86
215	7.414	34.61	69.74	32.13	67.46	31.72	73.91	33.81	68.15	33.28	85.34	42.61	69.84	41.5	86.69	48.15	61.5	49.75	94.59	47.63	57.07	55.61	98.19	64.39	68.7	65.78	82.82	72.9	60.76	76.1	76.91	82.15	70.59	84.13	80.86
216	7.448	34.65	69.74	32.15	67.47	31.78	73.93	33.77	68.27	33.35	85.46	42.65	69.94	41.59	86.86	48.19	61.5	49.84	94.83	47.53	57.05	55.35	98.23	64.42	68.75	65.86	82.85	73.02	60.7	76.15	76.68	82.15	70.76	84.08	80.84
217	7.483	34.59	69.84	32.09	67.56	31.73	74.05	33.7	68.29	33.33	85.53	42.55	69.91	41.59	86.86	48.01	61.42	49.79	94.71	47.51	57.13	55.38	98.18	64.08	68.67	65.58	82.75	72.66	60.56	75.78	76.52	81.76	70.74	83.68	80.82
218	7.517	34.63	69.94	32.12	67.62	31.75	74.14	33.71	68.29	33.34	85.61	42.59	69.91	41.62	86.92	47.96	61.46	49.77	94.75	47.59	57.03	55.56	98.22	64.07	68.87	65.57	82.96	72.64	60.4	75.7	76.4	81.7	70.73	83.58	80.86
219	7.552	34.95	69.87	32.59	67.53	31.95	74.28	34.51	68.21	33.87	85.82	43.2	69.04	41.84	86.13	48.24	60.76	49.53	93.78	47.18	56.26	53.78	96.48	64.08	69.14	65.38	83.21	72.58	60.47	75.85	76.0	82.84	70.96	85.3	80.68
220	7.586	34.98	69.77	32.63	67.42	31.97	74.16	34.57	68.07	33.85	85.68	43.26	68.9	41.84	86.06	48.36	60.67	49.52	93.77	47.21	55.98	53.91	96.56	64.15	69.01	65.43	83.13	72.55	60.4	75.92	76.15	82.78	70.59	85.27	80.53
221	7.621	34.98	69.76	32.62	67.42	31.96	74.16	34.56	68.05	33.83	85.68	43.25	68.87	41.84	86.04	48.33	60.64	49.52	93.74	47.15	56.01	53.97	96.58	64.18	68.97	65.46	83.13	72.66	60.37	76.04	76.16	82.87	70.55	85.36	80.51
222	7.655	34.87	69.94	32.48	67.47	31.8	74.29	34.21	67.92	33.48	85.7	42.79	68.81	41.5	86.1	47.91	60.69	49.35	93.89	47.15	56.22	53.72	96.42	63.52	69.17	64.85	83.29	72.03	60.5	75.34	75.98	81.98	71.16	84.57	80.92
223	7.69	34.62	69.85	32.18	67.36	31.52	74.25	33.82	67.8	33.09	85.73	42.54	68.85	41.07	86.05	48.02	60.74	49.02	93.64	47.33	55.53	53.35	96.37	63.31	68.81	64.57	82.92	71.68	59.97	75.0	75.48	81.83	70.6	84.4	80.34
224	7.724	34.63	69.86	32.21	67.41	31.55	74.26	33.89	67.9	33.19	85.78	42.59	68.89	41.13	86.15	48.0	60.82	49.15	93.88	47.24	55.84	53.66	96.38	63.63	68.84	64.88	83.06	72.08	60.31	75.41	76.01	82.43	70.6	84.98	80.47
225	7.759	34.58	69.87	32.21	67.46	31.56	74.19	33.92	68.03	33.26	85.58	42.55	69.1	41.1	85.98	47.99	61.21	49.07	93.65	47.67	56.01	53.37	96.36	63.51	69.06	64.74	83.03	72.04	60.36	75.18	75.68	82.39	71.04	84.77	80.57
226	7.793	34.88	69.78	32.54	67.37	31.83	74.06	34.29	67.95	33.53	85.47	42.94	68.98	41.4	86.09	48.22	61.07	49.2	93.88	47.98	55.82	53.17	96.45	63.79	69.0	65.0	83.01	72.13	60.48	75.2	75.89	82.21	71.38	84.58	80.87
227	7.828	34.86	69.94	32.52	67.51	31.78	74.31	34.32	68.06	33.5	85.81	42.9	68.91	41.49	86.37	48.05	60.93	49.3	94.23	47.45	56.3	53.21	96.53	63.84	68.96	65.13	83.17	71.96	60.43	75.27	76.19	82.36	71.09	84.79	80.85
228	7.862	34.85	69.95	32.52	67.53	31.77	74.33	34.32	68.1	33.49	85.83	42.85	68.93	41.48	86.38	48.01	60.97	49.25	94.24	47.49	56.28	53.13	96.57	63.77	68.93	65.09	83.16	71.9	60.49	75.27	76.31	82.42	70.95	84.85	80.8
229	7.897	34.71	69.84	32.38	67.43	31.68	74.12	34.1	67.92	33.32	85.42	42.66	68.94	41.1	86.07	47.99	61.28	49.03	93.99	47.62	56.44	53.18	96.35	63.85	69.04	65.01	83.18	72.07	60.67	75.25	76.35	82.58	70.99	84.96	80.62
230	7.931	34.69	69.66	32.36	67.22	31.66	73.97	34.18	67.66	33.31	85.27	42.81	68.59	41.11	85.8	48.12	60.76	49.07	93.71	47.38	55.66	53.47	96.22	63.87	68.5	64.94	82.72	72.2	60.34	75.39	76.3	82.71	70.45	85.08	80.27
231	7.966	34.74	69.56	32.47	67.17	31.8	73.81	34.22	67.66	33.38	85.04	42.83	68.46	41.02	85.66	47.99	60.42	49.03	93.54	46.64	55.72	53.57	96.26	64.02	68.4	65.06	82.72	72.36	60.12	75.69	76.36	83.15	70.0	85.55	79.94
232	8.0	34.53	68.91	32.24	66.62	31.58	73.19	33.86	67.39	33.02	84.63	42.45	68.26	40.54	85.43	47.78	60.12	48.78	93.44	46.22	55.62	53.53	96.24	63.51	68.56	64.46	82.81	71.4	60.1	74.77	76.18	81.9	69.89	84.44	80.11
233	8.034	34.61	68.14	32.3	65.89	31.57	72.47	33.99	66.78	33.0	84.14	42.63	67.79	40.69	85.13	47.91	59.72	49.0	93.28	46.42	55.57	53.98	96.33	63.71	68.28	64.66	82.61	71.6	59.98	74.96	76.19	82.05	69.86	84.59	80.35
234	8.069	34.63	68.13	32.31	65.88	31.59	72.46	34.02	66.78	33.03	84.14	42.67	67.79	40.73	85.12	47.92	59.72	49.05	93.28	46.4	55.57	54.01	96.31	63.79	68.29	64.73	82.62	71.71	60.0	75.05	76.18	82.13	69.93	84.67	80.38
235	8.103	34.86	67.62	32.73	65.47	31.88	71.78	34.51	66.65	33.28	83.41	43.0	67.82	40.81	84.93	48.22	59.7	49.23	93.2	46.88	55.22	53.75	96.03	63.88	68.39	64.69	82.52	71.6	59.89	74.88	75.79	82.07	70.27	84.51	80.49
236	8.138	34.81	66.94	32.65	64.83	31.78	71.18	34.54	66.23	33.24	83.1	43.15	67.49	40.94	84.68	48.23	59.29	49.52	93.07	46.65	55.23	54.15	95.93	64.21	68.21	64.98	82.39	71.93	59.95	75.15	75.84	82.32	70.22	84.74	80.59
237	8.172	34.81	66.88	32.65	64.79	31.77	71.16	34.56	66.2	33.24	83.12	43.19	67.42	40.96	84.67	48.25	59.09	49.59	93.03	46.54	55.27	54.26	95.85	64.2	68.16	64.93	82.35	71.91	60.09	75.11	75.95	82.22	70.36	84.65	80.71
238	8.207	34.73	65.79	32.58	63.85	31.78	70.02	34.48	65.67	33.38	82.18	43.19	67.08	41.14	84.08	48.4	58.87	49.89	92.62	46.94	55.04	54.65	95.9	64.3	67.92	65.19	81.97	71.86	59.59	75.09	75.38	81.96	70.05	84.45	80.52
239	8.241	34.62	65.58	32.47	63.48	31.81	69.23	34.19	65.13	33.06	80.94	42.88	67.76	40.91	84.61	48.26	59.05	50.16	93.99	47.48	54.87	56.53	97.44	64.88	68.19	65.7	82.19	72.72	59.55	75.56	75.27	81.17	70.27	82.89	80.78
240	8.276	34.63	65.56	32.47	63.46	31.81	69.22	34.19	65.09	33.05	80.94	42.88	67.73	40.91	84.6	48.26	59.04	50.15	93.99	47.49	54.86	56.54	97.45	64.88	68.21	65.7	82.21	72.71	59.56	75.55	75.3	81.16	70.3	82.88	80.81
241	8.31	34.73	65.34	32.58	63.2	31.92	68.98	34.32	64.71	33.16	80.61	42.98	67.24	40.94	84.4	48.28	58.3	50.28	94.05	47.73	53.76	57.05	97.41	65.07	68.02	65.81	82.19	72.77	59.69	75.53	75.71	81.09	70.34	82.81	80.97
242	8.345	34.59	65.49	32.41	63.31	31.81	69.07	34.04	64.71	33.0	80.53	42.73	67.44	40.7	84.23	48.17	58.93	49.92	93.8	47.79	54.09	56.61	97.18	64.8	68.01	65.56	82.02	72.72	60.15	75.42	75.91	81.02	70.42	82.8	80.74
243	8.379	34.45	65.27	32.23	63.36	31.49	69.52	34.02	65.31	32.97	81.85	42.8	66.99	40.52	83.88	48.35	58.95	49.66	92.73	46.8	54.68	54.95	96.07	64.33	68.2	65.02	82.36	72.14	60.05	75.28	75.88	82.12	70.08	84.72	80.74
244	8.414	34.41	66.0	32.15	64.08	31.42	70.22	33.79	65.91	32.83	82.42	42.56	67.47	40.34	84.18	48.32	59.24	49.23	92.71	47.33	54.38	53.85	96.21	64.05	68.43	64.83	82.45	72.03	60.35	75.06	75.87	81.74	70.3	84.37	80.77
245	8.448	34.32	66.02	32.05	64.07	31.31	70.29	33.72	65.96	32.77	82.63	42.6	67.49	40.4	84.4	48.37	59.16	49.22	93.0	47.25	54.3	53.25	96.46	63.86	68.25	64.69	82.27	71.79	60.24	74.79	75.66	81.34	70.29	83.99	80.68
246	8.483	34.35	66.08	32.07	64.12	31.32	70.37	33.76	65.97	32.77	82.71	42.62	67.43	40.42	84.44	48.37	58.99	49.21	92.99	47.3	54.19	53.3	96.46	63.87	68.25	64.71	82.32	71.76	60.25	74.8	75.77	81.29	70.19	83.97	80.69
247	8.517	34.5	66.19	32.21	64.24	31.42	70.53	33.9	66.18	32.85	83.04	42.79	67.69	40.53	84.71	48.36	59.21	49.3	93.21	46.94	54.62	53.31	96.55	64.06	68.44	64.85	82.53	72.13	60.38	75.12	75.72	81.83	70.3	84.42	80.71
248	8.552	34.58	66.19	32.31	64.19	31.47	70.51	34.06	65.96	32.87	82.86	42.97	67.49	40.55	84.5	48.57	59.16	49.33	92.99	47.07	54.4	53.61	96.23	64.19	68.27	64.85	82.34	72.01	60.58	74.98	76.07	81.78	70.31	84.3	80.75
249	8.586	34.62	66.16	32.37	64.18	31.5	70.52	34.21	65.96	32.93	82.93	43.14	67.37	40.64	84.56	48.69	58.72	49.43	92.95	47.16	54.1	53.74	96.36	64.3	68.31	64.9	82.46	72.26	60.25	75.2	75.83	82.1	70.37	84.53	80.85
250	8.621	34.66	65.93	32.44	63.99	31.57	70.27	34.24	65.86	32.96	82.66	43.08	67.36	40.59	84.3	48.65	58.99	49.48	92.69	46.67	54.85	54.16	96.14	63.98	68.32	64.57	82.34	71.8	60.1	74.86	75.62	81.7	70.3	84.18	80.89
251	8.655	34.69	65.82	32.47	63.91	31.61	70.17	34.28	65.84	33.03	82.58	43.14	67.31	40.72	84.23	48.72	58.92	49.63	92.54	46.69	54.99	54.32	96.07	63.82	68.24	64.46	82.18	71.47	60.01	74.57	75.47	81.28	70.37	83.79	80.99
252	8.69	34.67	65.84	32.46	63.93	31.61	70.18	34.27	65.86	33.02	82.58	43.11	67.34	40.7	84.25	48.7	58.94	49.63	92.56	46.68	55.04	54.34	96.12	63.81	68.25	64.46	82.19	71.47	59.99	74.58	75.45	81.38	70.38	83.87	80.96
253	8.724	34.79	65.82	32.57	63.9	31.74	70.16	34.34	65.84	33.16	82.58	43.17	67.2	40.82	84.32	48.62	58.53	49.74	92.64	46.67	54.99	54.49	96.18	63.91	68.16	64.62	82.21	71.68	59.72	74.79	75.28	81.45	70.43	83.99	81.03
254	8.759	34.81	65.74	32.62	63.84	31.8	70.07	34.5	65.82	33.38	82.48	43.39	67.15	41.16	84.24	48.74	58.47	50.02	92.71	46.55	54.88	54.44	96.17	64.12	67.97	64.91	81.94	71.69	59.47	74.85	74.94	81.36	70.01	83.94	80.52
255	8.793	34.99	65.77	32.81	63.89	31.98	70.09	34.69	65.89	33.57	82.47	43.5	67.15	41.34	84.27	48.8	58.2	50.11	92.7	46.78	54.32	54.39	96.22	64.12	68.0	64.97	81.93	71.56	59.54	74.73	74.94	81.18	69.97	83.75	80.47
256	8.828	35.0	65.91	32.76	63.98	31.9	70.37	34.75	65.93	33.5	82.95	43.72	67.28	41.35	84.45	48.84	58.51	50.19	92.82	46.55	54.76	54.82	96.11	64.65	68.47	65.24	82.5	72.41	60.12	75.39	75.52	81.85	70.66	84.35	81.13
257	8.862	34.96	65.85	32.72	63.97	31.87	70.31	34.67	66.06	33.5	82.97	43.63	67.39	41.34	84.49	48.77	58.56	50.14	92.79	46.43	55.0	54.7	96.03	64.56	68.47	65.22	82.46	72.19	59.99	75.23	75.34	81.59	70.53	84.12	81.1
258	8.897	34.98	65.79	32.75	63.91	31.87	70.28	34.72	65.99	33.48	82.99	43.66	67.27	41.36	84.51	48.74	58.32	50.17	92.74	46.42	55.0	54.74	96.01	64.55	68.39	65.2	82.44	72.12	59.87	75.19	75.32	81.53	70.54	84.05	81.2
259	8.931	34.96	65.45	32.73	63.61	31.89	69.98	34.77	65.74	33.55	82.75	43.79	66.82	41.44	84.3	48.89	57.17	50.26	92.54	46.44	53.83	54.48	96.05	64.51	67.99	65.11	82.08	72.09	59.75	75.07	75.18	81.13	70.45	83.7	81.12
260	8.966	35.12	65.1	32.9	63.21	32.05	69.64	34.96	65.23	33.8	82.42	44.03	66.2	41.82	84.26	49.11	55.53	50.66	92.64	46.96	50.79	55.17	96.28	64.55	67.43	65.3	81.72	71.67	58.89	74.67	74.64	81.01	70.68	83.33	81.33
261	9.0	35.15	64.98	32.85	63.0	32.03	69.67	34.97	64.72	33.84	82.54	44.1	65.26	42.05	84.27	49.39	52.71	50.7	92.48	47.34	45.98	54.81	96.3	64.71	66.4	65.64	81.23	72.05	58.29	75.23	74.85	81.5	69.67	83.87	80.89
262	9.034	35.83	65.22	33.1	62.55	32.37	70.47	34.99	63.2	34.23	83.83	43.58	63.32	42.23	84.5	49.33	48.01	50.54	92.42	48.15	37.75	52.92	94.69	64.85	65.82	65.84	82.1	72.06	57.03	75.55	74.41	82.26	69.4	84.96	82.06
263	9.069	35.8	65.23	33.05	62.54	32.33	70.47	34.79	63.22	34.05	83.89	43.25	63.43	42.05	84.65	48.71	48.11	50.48	92.43	47.55	38.19	53.05	94.7	64.75	65.93	65.79	82.29	72.04	57.19	75.54	74.6	82.26	69.61	84.85	82.29
264	9.103	35.86	65.19	33.11	62.51	32.38	70.46	34.86	63.23	34.1	83.93	43.32	63.41	42.09	84.68	48.69	47.91	50.53	92.49	47.42	37.65	53.21	94.73	64.79	65.93	65.81	82.3	72.0	57.14	75.51	74.55	82.28	69.63	84.86	82.32
265	9.138	35.6	64.74	33.37	62.68	32.35	69.67	35.53	64.62	34.33	83.13	43.78	64.78	42.27	84.92	48.16	50.45	50.3	92.84	45.6	40.19	51.85	94.46	64.7	66.85	65.92	82.33	71.55	58.46	75.26	75.4	82.74	70.79	84.53	82.54
266	9.172	35.01	65.07	32.66	63.17	31.93	69.75	34.65	65.02	33.73	82.72	43.61	65.61	41.75	84.57	49.27	52.02	50.4	92.45	48.18	43.85	54.64	96.34	64.41	66.66	65.43	81.52	72.03	58.99	75.09	75.41	81.26	70.06	83.54	81.43
267	9.207	35.23	64.81	32.96	62.74	31.97	69.64	35.07	64.66	33.9	83.0	43.3	64.97	41.79	84.96	49.01	51.29	49.69	93.14	48.25	40.44	50.83	94.87	64.4	66.58	65.78	82.11	71.69	58.22	75.52	75.41	82.61	69.29	84.54	81.54
268	9.241	34.7	64.8	32.36	62.91	31.64	69.39	34.23	64.89	33.36	82.35	43.3	65.75	41.38	84.51	49.6	52.69	50.14	92.64	49.16	43.98	54.32	96.41	64.05	66.66	65.12	81.31	71.14	58.2	74.24	74.3	80.41	69.9	82.57	80.93
269	9.276	35.03	64.23	32.83	62.19	31.81	69.05	34.9	64.32	33.71	82.5	43.33	64.77	41.55	84.59	49.01	51.39	49.7	92.7	47.92	42.27	51.34	94.5	64.05	66.65	65.21	81.86	70.53	57.78	74.26	74.33	81.67	69.83	83.61	81.36
270	9.31	35.02	64.27	32.79	62.17	31.74	69.17	34.9	64.18	33.61	82.69	43.39	64.54	41.51	84.73	49.16	50.87	49.65	92.81	48.07	41.49	51.31	94.53	64.06	66.48	65.18	81.88	70.56	57.64	74.33	74.49	81.72	69.8	83.64	81.48
271	9.345	34.95	64.04	32.74	61.98	31.76	68.94	34.83	64.05	33.71	82.44	43.25	64.25	41.47	84.52	49.0	50.16	49.68	92.66	48.1	40.92	51.21	94.22	63.96	66.06	65.1	81.48	70.47	57.6	74.19	74.41	81.52	69.54	83.57	81.19
272	9.379	35.0	63.99	32.78	61.96	31.82	68.96	34.88	64.02	33.78	82.49	43.34	64.16	41.51	84.48	49.18	49.8	49.62	92.5	48.07	40.13	51.1	93.91	63.84	66.09	64.95	81.51	70.33	57.56	74.04	74.36	81.65	69.65	83.62	81.29
273	9.414	34.81	63.93	32.66	61.97	31.74	68.83	34.94	64.16	33.94	82.28	43.57	64.18	41.66	84.31	49.54	49.8	49.71	92.72	48.44	39.09	50.77	94.37	64.3	66.05	65.4	81.44	70.78	57.35	74.47	74.32	81.86	69.06	83.95	80.71
274	9.448	34.61	64.35	32.41	62.31	31.51	69.16	34.51	64.36	33.58	82.46	42.82	64.54	41.36	84.51	48.61	51.13	49.35	92.98	47.6	41.9	50.78	94.53	63.65	66.35	65.07	81.75	70.14	57.62	74.31	74.62	81.45	68.89	83.97	80.86
275	9.483	34.6	64.39	32.44	62.37	31.48	69.16	34.63	64.47	33.52	82.46	42.91	64.8	41.28	84.61	49.03	51.95	49.48	93.26	48.38	42.11	51.13	94.84	63.83	66.32	65.17	81.7	70.45	57.33	74.65	74.51	81.65	68.55	84.1	80.69
276	9.517	34.62	64.46	32.41	62.43	31.47	69.28	34.54	64.48	33.45	82.62	42.75	64.68	41.26	84.65	48.77	51.81	49.4	93.2	48.05	42.49	51.06	94.88	63.79	66.11	65.21	81.62	70.57	57.11	74.81	74.49	81.84	68.04	84.23	80.41
277	9.552	34.54	64.38	32.41	62.35	31.41	69.17	34.66	64.45	33.45	82.43	43.03	64.78	41.17	84.49	49.22	52.28	49.34	93.3	48.41	42.55	50.99	94.81	63.74	66.43	64.89	81.7	70.22	57.57	74.27	74.58	81.48	68.9	83.8	80.8
278	9.586	34.45	64.64	32.3	62.5	31.34	69.54	34.52	64.48	33.49	82.89	42.9	64.6	41.08	84.91	48.21	50.8	49.2	93.68	46.9	41.4	50.94	94.82	63.36	66.84	64.32	82.27	69.89	58.51	73.23	75.32	80.89	70.67	82.56	82.25
279	9.621	34.51	64.53	32.51	62.44	31.48	69.26	34.78	64.57	33.58	82.38	43.02	65.1	40.84	84.83	48.65	52.16	49.14	93.75	47.71	43.13	51.25	94.79	62.88	66.92	63.55	81.91	69.28	59.62	72.12	75.85	81.0	71.43	81.8	82.26
280	9.655	34.71	64.71	32.74	62.74	31.68	69.36	34.97	65.18	33.66	82.56	43.28	65.75	40.89	84.96	48.87	53.73	49.1	94.07	47.95	44.93	50.68	95.16	63.32	67.38	63.79	82.03	69.7	59.13	72.11	74.76	80.61	70.16	80.85	80.72
281	9.69	34.95	65.26	33.0	63.28	31.89	69.92	35.21	65.7	33.72	83.1	43.25	66.01	40.96	85.34	48.74	54.05	48.95	94.24	48.01	46.0	50.11	95.64	63.25	66.74	63.61	81.44	70.02	58.62	71.48	74.51	81.14	67.76	79.28	78.7
282	9.724	34.98	65.26	33.01	63.28	31.91	69.92	35.2	65.7	33.72	83.14	43.23	66.02	40.95	85.36	48.71	54.06	48.9	94.28	47.97	46.0	50.05	95.7	63.22	66.73	63.61	81.44	69.98	58.58	71.5	74.46	81.09	67.69	79.33	78.65
283	9.759	35.43	65.75	33.36	63.73	32.27	70.47	35.41	65.75	33.95	83.39	43.28	65.9	41.42	85.13	48.51	54.09	49.09	93.89	47.53	46.07	50.22	95.44	63.06	66.18	64.01	80.85	69.25	59.63	72.72	75.35	79.67	66.78	81.26	77.85
284	9.793	34.48	66.39	32.3	64.49	31.48	71.03	34.22	66.27	33.1	83.51	42.75	66.73	40.55	85.01	48.56	55.16	49.16	93.54	47.61	47.28	53.52	97.75	61.97	66.8	62.54	80.91	68.21	60.26	70.51	76.08	78.23	66.7	78.97	77.7
285	9.828	34.82	66.9	32.64	64.97	31.77	71.49	34.54	66.51	33.28	83.73	43.08	66.94	40.87	85.04	48.46	55.89	49.13	93.4	47.35	48.89	53.39	97.58	62.4	67.25	63.12	81.31	68.43	60.56	71.57	76.25	78.04	66.55	80.25	77.33
286	9.862	35.46	67.44	33.41	65.21	32.3	72.07	35.57	66.38	33.97	84.28	43.21	65.96	41.44	85.7	48.63	54.73	48.56	94.35	47.95	46.39	49.96	95.56	62.91	66.46	64.05	81.48	69.29	58.09	73.27	75.12	80.08	64.84	81.71	76.43
287	9.897	35.67	68.1	33.61	65.71	32.52	72.73	35.77	66.44	34.14	84.69	43.35	65.81	41.66	85.88	48.11	54.47	48.53	94.33	46.45	46.19	49.83	95.76	63.37	66.45	64.38	81.74	69.9	58.12	73.16	75.76	81.28	65.98	81.49	77.71
288	9.931	35.68	68.09	33.62	65.71	32.55	72.7	35.76	66.49	34.17	84.65	43.33	65.87	41.65	85.87	48.01	54.62	48.48	94.36	46.2	46.58	49.73	95.73	63.4	66.59	64.37	81.85	69.98	58.25	73.06	75.84	81.28	66.14	81.23	77.89
289	9.966	35.64	68.62	33.55	66.18	32.47	73.22	35.61	66.84	34.07	85.06	43.0	66.44	41.63	86.29	47.68	55.32	48.55	94.64	46.02	48.07	49.79	95.92	62.73	66.9	64.03	82.01	69.02	59.66	73.17	76.75	80.13	66.71	81.82	78.04
290	10.0	35.62	68.89	33.53	66.4	32.44	73.42	35.63	66.92	34.12	85.07	43.04	66.61	41.76	86.33	47.61	55.77	48.65	95.07	46.23	48.15	49.6	96.16	62.83	67.09	64.21	82.09	69.17	59.99	73.28	76.71	79.92	66.72	81.82	77.66
291	10.034	35.64	69.15	33.45	66.63	32.4	73.84	35.57	67.09	34.14	85.69	43.07	66.62	41.96	86.7	47.86	55.44	48.58	94.98	46.25	46.98	49.02	95.52	62.66	67.27	64.18	82.38	68.84	59.02	73.18	76.09	79.39	66.45	81.47	77.88
292	10.069	35.57	69.28	33.39	66.75	32.34	74.02	35.48	67.21	34.07	85.93	42.97	66.59	41.82	86.84	47.63	54.8	48.5	94.92	45.65	46.23	49.12	95.53	62.54	67.34	64.04	82.56	68.49	59.25	73.01	76.49	79.31	67.32	81.59	78.89
293	10.103	35.49	69.25	33.32	66.68	32.28	73.95	35.39	67.16	34.04	85.86	42.85	66.75	41.79	86.92	47.45	55.14	48.66	95.06	45.39	46.89	49.51	95.48	62.51	67.75	64.03	82.96	68.46	59.83	73.0	76.94	79.71	69.1	81.97	80.44
294	10.138	35.47	69.25	33.3	66.69	32.25	73.96	35.37	67.17	34.01	85.88	42.83	66.75	41.77	86.94	47.45	55.11	48.64	95.08	45.43	46.81	49.45	95.52	62.51	67.76	64.04	82.98	68.48	59.83	73.02	76.94	79.72	69.07	81.97	80.42
295	10.172	35.39	69.15	33.25	66.54	32.18	73.87	35.38	66.95	33.99	85.73	42.95	66.68	41.67	86.78	47.68	54.81	48.58	94.81	45.68	46.49	49.78	95.5	62.15	67.8	63.51	82.89	68.02	60.29	72.45	77.15	79.45	70.06	81.73	81.04
296	10.207	35.32	68.66	33.21	66.14	32.11	73.46	35.38	66.75	34.0	85.54	42.88	66.35	41.66	86.73	48.07	54.33	48.72	95.04	46.68	46.01	49.98	95.93	62.13	67.28	63.69	82.62	67.96	60.16	73.01	77.45	80.2	69.34	83.19	80.69
297	10.241	35.3	68.67	33.17	66.15	32.05	73.46	35.33	66.81	33.92	85.64	42.87	66.7	41.61	86.87	47.96	54.53	48.7	95.17	46.38	45.85	49.71	96.08	62.29	67.34	63.84	82.6	68.53	60.62	73.47	77.44	80.86	70.07	83.85	81.06
298	10.276	35.37	68.89	33.29	66.31	32.13	73.56	35.59	66.71	34.11	85.44	42.97	66.51	41.76	86.71	48.03	54.43	48.79	95.29	47.02	45.47	50.09	96.42	62.84	67.73	64.39	83.18	69.51	61.28	74.32	78.5	82.17	70.79	84.9	81.93
299	10.31	35.39	68.83	33.19	66.33	32.02	73.53	35.52	66.9	33.87	85.76	43.01	66.7	41.86	86.82	48.01	55.12	48.76	95.32	46.57	46.14	49.91	96.1	64.3	67.57	65.96	83.35	72.63	60.44	77.35	77.99	84.98	69.02	87.23	80.68
300	10.345	35.41	68.93	33.22	66.39	32.02	73.63	35.55	66.88	33.86	85.82	43.04	66.7	41.89	86.9	48.0	55.04	48.8	95.32	46.44	46.15	50.06	96.04	64.2	67.63	65.87	83.43	72.49	60.38	77.28	77.96	84.99	69.32	87.26	80.95
301	10.379	35.49	69.06	33.23	66.48	32.06	73.76	35.59	66.93	33.93	86.04	43.19	66.73	42.25	87.03	48.0	54.79	49.12	95.19	46.46	46.14	50.14	96.38	65.09	67.88	66.87	83.82	73.37	60.04	78.09	77.86	85.42	69.81	87.48	81.74
302	10.414	35.08	69.27	32.72	66.92	31.77	74.05	35.1	67.61	33.61	86.48	43.83	67.87	41.82	86.9	48.56	55.7	49.93	94.35	46.45	46.86	53.1	96.89	66.27	68.6	67.19	84.16	76.14	60.57	79.55	78.09	87.16	70.75	89.51	82.09
303	10.448	35.15	69.65	32.82	67.36	31.88	74.4	35.24	68.11	33.72	86.77	43.99	68.32	41.9	86.94	48.56	56.78	49.89	94.22	46.31	48.52	52.99	96.73	66.8	68.58	67.64	83.98	76.77	60.13	80.14	77.45	87.87	70.35	90.06	81.41
304	10.483	35.21	69.85	32.85	67.66	32.01	74.58	35.22	68.57	33.86	86.97	43.86	68.71	42.03	87.14	48.57	57.62	49.97	94.61	46.47	49.41	52.92	96.72	66.94	68.25	67.96	83.6	77.18	60.0	80.64	77.2	87.97	69.32	90.13	80.38
305	10.517	34.85	69.73	32.28	67.58	31.73	74.3	34.33	68.51	33.36	86.64	43.31	69.22	41.98	87.32	48.02	59.16	50.41	95.57	46.06	54.02	55.36	98.51	67.68	68.19	68.83	83.49	77.29	60.14	80.37	77.45	87.16	69.81	88.9	81.28
306	10.552	34.85	69.68	32.28	67.53	31.72	74.26	34.35	68.46	33.36	86.6	43.34	69.19	42.01	87.3	48.04	59.09	50.42	95.57	46.08	53.83	55.36	98.5	67.72	68.19	68.86	83.48	77.3	60.15	80.37	77.44	87.16	69.83	88.88	81.28
307	10.586	34.86	69.51	32.24	67.33	31.73	74.12	34.06	68.2	33.24	86.49	43.04	68.92	41.74	87.26	47.98	58.6	50.24	95.39	46.07	53.66	55.49	98.52	66.9	68.29	68.1	83.68	76.65	60.38	79.7	77.82	86.72	70.26	88.49	81.9
308	10.621	34.84	69.45	32.25	67.25	31.72	74.05	34.1	68.04	33.2	86.33	43.01	68.81	41.64	87.17	48.07	58.62	50.12	95.34	46.32	53.96	55.51	98.59	66.81	68.18	67.97	83.62	76.66	60.48	79.73	78.1	86.98	70.35	88.7	82.0
309	10.655	34.78	69.61	32.23	67.41	31.68	74.11	34.15	68.23	33.17	86.25	43.06	69.22	41.53	87.16	48.18	59.97	50.18	95.4	46.35	56.51	56.33	99.02	66.93	68.51	67.98	83.78	76.8	60.75	79.93	78.27	87.11	71.0	88.92	82.51
310	10.69	34.87	69.55	32.4	67.37	31.8	73.98	34.41	68.18	33.33	85.97	43.24	69.27	41.59	86.96	48.39	60.17	50.29	95.13	46.63	56.79	56.56	98.85	66.67	68.25	67.65	83.33	76.68	60.69	79.74	77.97	87.36	71.31	88.98	82.39
311	10.724	34.94	69.51	32.57	67.28	31.86	73.84	34.6	68.06	33.41	85.66	43.36	69.34	41.58	86.87	48.59	60.01	50.21	95.01	47.26	54.89	56.6	98.76	65.78	68.79	66.74	83.54	75.08	61.4	78.23	78.34	85.76	72.11	87.64	83.02
312	10.759	34.94	69.49	32.59	67.26	31.87	73.82	34.62	68.05	33.42	85.62	43.34	69.34	41.58	86.87	48.59	60.03	50.23	95.01	47.28	55.02	56.63	98.76	65.74	68.79	66.69	83.53	75.03	61.38	78.21	78.34	85.76	72.11	87.63	83.01
313	10.793	34.94	69.66	32.67	67.39	31.9	73.89	34.73	68.16	33.48	85.49	43.37	69.62	41.54	86.91	48.59	60.03	49.94	94.92	47.43	54.14	56.24	98.65	64.58	69.06	65.51	83.34	73.14	61.45	76.35	77.69	83.32	72.7	85.4	83.16
314	10.828	34.77	69.78	32.63	67.61	31.92	73.88	34.6	68.69	33.61	85.25	43.14	70.46	41.43	87.04	48.33	61.11	49.55	94.92	47.34	55.47	55.2	98.25	63.27	69.24	64.25	82.71	70.41	62.39	73.47	77.38	80.73	72.01	82.54	81.31
315	10.862	34.77	69.93	32.56	67.8	31.9	74.05	34.46	68.94	33.54	85.46	42.98	70.68	41.43	87.33	48.31	61.57	49.46	95.34	47.37	56.55	55.32	98.59	62.71	69.16	63.76	82.49	69.5	62.37	72.38	77.17	79.07	71.29	80.44	80.69
316	10.897	34.51	70.14	32.29	68.05	31.69	74.37	34.26	69.09	33.34	85.75	42.86	70.37	41.11	87.01	48.19	61.86	49.2	95.02	47.17	57.08	55.51	98.37	63.08	68.74	63.8	82.26	70.11	61.28	72.17	76.85	80.05	69.4	79.88	79.38
317	10.931	34.66	69.91	32.35	67.85	31.77	74.14	34.13	69.03	33.28	85.69	42.73	70.62	41.12	87.16	48.17	62.01	49.18	95.13	47.43	57.06	54.89	98.49	62.97	68.71	63.9	82.09	69.95	61.64	72.37	76.64	79.43	68.59	80.05	78.35
318	10.966	34.63	69.9	32.33	67.82	31.74	74.14	34.14	68.98	33.26	85.68	42.73	70.6	41.12	87.15	48.17	61.97	49.14	95.1	47.42	57.02	54.9	98.48	62.89	68.72	63.8	82.09	69.85	61.65	72.25	76.68	79.33	68.58	79.88	78.38
319	11.0	34.68	69.83	32.35	67.76	31.75	74.12	34.24	68.82	33.35	85.65	42.93	70.17	41.36	86.95	48.36	61.63	49.23	95.02	47.39	57.63	55.09	98.61	63.34	68.7	64.33	82.25	69.93	61.68	72.73	77.11	79.26	68.89	80.43	79.08
320	11.034	34.69	69.68	32.38	67.6	31.77	73.96	34.34	68.66	33.43	85.47	43.03	70.22	41.46	86.86	48.55	61.83	49.34	94.93	47.57	57.81	55.2	98.63	63.34	68.88	64.38	82.37	69.95	61.61	73.03	77.02	79.34	68.93	80.92	79.01
321	11.069	34.57	69.53	32.08	67.49	31.69	73.84	33.67	68.66	33.19	85.52	42.4	70.37	41.33	87.1	48.14	61.76	49.38	95.05	47.34	57.73	55.05	98.53	63.05	68.47	64.43	82.03	69.54	61.84	72.82	77.13	78.32	67.11	80.16	77.32
322	11.103	34.49	69.58	32.01	67.47	31.56	73.95	33.5	68.59	32.94	85.63	42.04	70.32	40.87	87.14	48.01	62.17	49.07	95.25	47.35	57.77	54.96	98.61	62.18	68.69	63.35	82.17	68.27	61.41	71.11	76.79	77.6	67.64	78.59	77.97
323	11.138	34.42	69.74	32.06	67.55	31.49	73.95	33.6	68.54	32.86	85.43	42.14	70.39	40.85	87.34	48.15	61.99	49.16	95.45	47.37	57.59	55.15	98.75	62.54	68.94	63.87	82.6	68.33	62.25	71.98	77.95	78.69	68.66	80.8	78.84
324	11.172	34.39	69.83	32.06	67.64	31.47	74.03	33.63	68.58	32.85	85.43	42.12	70.43	40.76	87.32	48.11	62.04	49.08	95.4	47.35	57.6	55.23	98.78	62.48	69.07	63.77	82.73	68.3	62.31	71.96	78.07	78.83	68.78	80.9	78.97
325	11.207	34.22	69.52	31.93	67.36	31.36	73.6	33.52	68.28	32.76	84.84	42.0	70.2	40.62	86.49	47.78	61.75	48.95	94.42	47.24	56.95	55.04	98.07	62.82	68.02	64.1	81.53	69.63	62.13	73.16	77.25	80.66	69.46	82.79	78.78
326	11.241	34.18	69.16	31.63	67.07	31.21	73.41	33.26	68.15	32.62	85.2	41.99	70.07	40.94	86.55	47.68	61.59	49.38	94.63	47.14	56.25	54.96	98.14	64.39	66.94	65.8	80.87	72.96	60.86	76.09	76.17	82.36	67.9	84.05	77.75
327	11.276	34.24	69.34	31.64	67.1	31.15	73.59	33.46	67.99	32.73	85.54	42.33	69.71	41.39	86.98	47.93	61.5	49.81	95.87	47.21	55.99	55.4	98.37	67.4	68.91	68.85	83.72	75.41	61.5	78.95	78.29	85.42	69.35	87.48	80.36
328	11.31	34.19	69.53	31.7	67.28	31.18	73.75	33.52	68.11	32.76	85.59	42.38	69.69	41.05	87.17	48.34	61.19	49.86	95.83	47.01	56.77	55.91	98.86	66.46	69.31	67.77	84.33	75.41	61.21	78.89	78.53	86.72	72.53	88.66	83.57
329	11.345	34.42	69.63	31.94	67.31	31.35	73.9	33.95	68.04	32.99	85.8	42.85	69.57	41.39	87.43	48.53	60.89	49.97	96.0	46.78	56.95	55.88	98.72	67.26	69.47	68.48	84.79	76.3	61.31	79.79	79.21	87.71	72.63	89.5	83.97
330	11.379	34.41	69.61	31.93	67.3	31.33	73.89	33.98	68.03	33.0	85.82	42.92	69.59	41.44	87.45	48.63	60.93	50.02	96.03	46.83	56.96	55.9	98.73	67.42	69.4	68.62	84.73	76.51	61.31	80.0	79.2	87.89	72.54	89.66	83.87
331	11.414	34.4	69.79	31.92	67.5	31.34	74.07	33.91	68.33	33.01	86.04	42.84	69.86	41.46	87.68	48.72	61.2	50.04	96.15	46.99	57.15	55.42	98.56	67.26	69.33	68.57	84.6	76.41	61.17	79.94	79.04	87.75	72.16	89.53	83.54
332	11.448	34.38	69.81	31.86	67.46	31.31	74.14	33.89	68.13	33.01	86.11	42.92	69.58	41.59	87.61	48.56	61.07	50.06	96.26	46.83	57.14	55.51	98.65	67.75	69.09	69.07	84.5	76.67	60.45	80.19	78.49	87.91	71.37	89.64	82.7
333	11.483	34.38	69.8	31.92	67.45	31.32	74.05	33.9	68.17	33.0	85.94	42.87	69.7	41.46	87.63	48.63	61.2	50.09	96.27	46.99	57.08	55.57	98.6	67.41	69.54	68.68	84.82	76.07	60.83	79.6	78.73	87.45	72.03	89.28	83.3
334	11.517	34.31	69.77	31.76	67.47	31.24	74.05	33.58	68.27	32.84	86.01	42.47	69.82	41.26	87.61	48.25	61.39	49.95	96.38	47.02	57.05	55.72	98.98	67.32	69.56	68.7	84.79	75.72	61.01	79.38	78.74	86.67	71.73	88.86	83.09
335	11.552	34.24	69.99	31.69	67.67	31.14	74.31	33.64	68.44	32.77	86.32	42.48	69.98	41.31	87.89	48.21	61.55	49.92	96.58	46.96	57.35	55.41	98.89	67.27	69.29	68.67	84.57	75.86	60.86	79.59	78.66	86.7	71.15	88.81	82.59
336	11.586	34.22	70.0	31.68	67.68	31.11	74.32	33.65	68.45	32.76	86.33	42.48	69.97	41.31	87.86	48.2	61.54	49.87	96.59	46.96	57.28	55.32	98.93	67.26	69.22	68.66	84.5	75.85	60.77	79.57	78.55	86.69	71.21	88.77	82.62
337	11.621	34.33	70.33	31.92	67.95	31.27	74.55	33.72	68.58	32.78	86.15	42.38	70.22	40.96	87.83	48.36	62.16	49.64	96.45	47.2	58.11	55.35	99.11	65.07	69.62	66.38	84.3	72.81	60.8	76.67	77.86	83.86	71.88	86.31	82.62
338	11.655	34.44	70.49	31.97	68.14	31.42	74.71	33.62	68.89	32.9	86.39	42.26	70.52	41.14	88.08	48.31	62.23	49.53	96.37	47.04	58.53	54.57	98.74	64.61	69.49	66.16	84.06	72.57	61.16	76.49	77.9	83.19	71.62	85.68	82.37
339	11.69	34.52	70.53	32.05	68.26	31.55	74.76	33.76	69.09	33.16	86.36	42.49	70.57	41.23	87.76	48.29	62.4	49.16	96.05	47.22	58.34	54.34	98.87	64.05	69.51	65.44	83.65	71.59	60.78	75.11	76.96	81.08	71.37	83.43	81.97
340	11.724	34.67	70.52	32.26	68.28	31.76	74.75	33.75	69.27	33.28	86.26	42.33	70.95	41.14	87.63	47.95	62.55	48.95	95.61	47.09	58.39	54.33	98.65	62.1	69.7	63.26	82.99	68.95	60.9	71.19	75.45	78.75	71.89	78.99	81.16
341	11.759	34.59	71.15	32.11	68.86	31.73	75.43	33.51	69.58	33.25	86.75	42.07	71.08	41.14	87.8	47.66	62.78	48.71	95.64	47.09	58.58	54.41	98.94	61.87	69.29	63.2	82.64	68.55	61.03	70.95	75.81	78.4	71.14	78.75	80.41
342	11.793	34.57	71.16	32.08	68.91	31.73	75.45	33.41	69.7	33.25	86.82	42.01	71.19	41.11	87.87	47.64	62.79	48.71	95.65	47.12	58.6	54.35	98.93	61.89	69.34	63.26	82.69	68.68	61.1	71.05	75.78	78.51	71.17	78.88	80.37
343	11.828	34.47	71.55	32.01	69.22	31.6	75.91	33.53	69.79	33.21	87.2	42.2	71.0	41.19	87.97	47.6	62.67	48.72	95.73	47.16	58.27	54.71	98.85	62.31	69.36	63.53	82.88	68.78	60.38	70.92	75.65	78.93	69.61	78.55	79.0
344	11.862	34.49	71.32	31.9	69.04	31.57	75.74	33.33	69.77	33.14	87.28	42.1	71.1	41.25	88.15	47.69	62.61	48.79	95.7	47.46	58.34	54.55	98.99	62.29	69.15	63.72	82.7	68.72	60.76	71.35	76.06	77.68	68.74	78.38	78.62
345	11.897	34.49	71.4	31.87	69.15	31.54	75.85	33.3	69.86	33.07	87.39	42.04	71.14	41.25	88.2	47.79	62.64	48.77	95.63	47.47	58.48	54.37	98.94	62.28	68.71	63.89	82.34	68.55	61.56	71.91	77.06	77.46	67.95	79.34	78.13
346	11.931	34.45	71.04	31.84	68.87	31.5	75.45	33.38	69.76	33.07	87.09	42.25	71.09	41.27	88.06	47.96	62.47	48.84	95.5	47.46	58.2	54.31	98.63	62.91	68.85	64.45	82.56	69.66	61.97	73.06	77.59	78.13	67.85	80.37	78.32
347	11.966	34.3	70.92	31.76	68.76	31.36	75.26	33.41	69.59	32.93	86.74	42.15	71.0	40.96	87.73	47.9	62.44	48.51	95.15	47.37	57.87	54.03	98.56	62.84	68.68	64.24	82.36	69.78	62.46	73.22	78.2	78.58	67.73	80.92	78.31
348	12.0	34.29	70.88	31.73	68.74	31.35	75.22	33.3	69.62	32.88	86.76	42.05	71.05	40.93	87.76	47.89	62.48	48.53	95.14	47.4	57.87	53.91	98.45	62.79	68.68	64.24	82.33	69.76	62.4	73.19	78.03	78.49	67.74	80.82	78.23
349	12.034	34.37	70.71	31.87	68.54	31.42	75.05	33.48	69.39	32.94	86.6	42.26	70.68	41.0	87.67	47.95	62.05	48.68	95.09	47.3	58.08	54.29	98.45	63.08	68.98	64.45	82.84	69.89	62.04	73.39	78.17	79.05	68.31	81.36	79.11
350	12.069	34.26	70.62	31.76	68.42	31.32	74.97	33.39	69.24	32.9	86.53	42.2	70.64	40.94	87.64	48.03	62.01	48.81	95.13	47.38	58.28	54.73	98.61	63.27	68.92	64.64	82.89	70.44	62.45	73.89	78.64	80.08	69.37	82.4	80.08
351	12.103	34.25	70.76	31.78	68.54	31.32	75.11	33.42	69.24	32.88	86.54	42.14	70.51	40.77	87.42	47.91	61.82	48.47	94.72	47.31	58.46	54.44	98.45	63.07	68.66	64.33	82.6	70.33	62.5	73.7	78.63	80.38	70.08	82.66	80.58
352	12.138	34.23	70.73	31.77	68.47	31.31	75.08	33.39	69.12	32.85	86.51	42.22	70.27	40.65	87.29	47.96	61.67	48.38	94.58	47.32	58.6	54.58	98.47	62.95	68.73	64.01	82.68	70.32	61.16	73.3	77.27	80.27	71.36	81.99	81.72
353	12.172	34.26	70.47	31.77	68.23	31.29	74.85	33.33	69.03	32.83	86.52	42.1	70.44	40.88	87.59	47.94	61.7	48.76	95.08	47.28	58.56	54.78	98.94	63.27	69.02	64.67	83.15	71.11	61.75	74.45	77.81	81.64	71.84	83.64	82.11
354	12.207	34.25	70.47	31.75	68.23	31.28	74.85	33.31	69.03	32.81	86.53	42.09	70.43	40.89	87.59	47.92	61.67	48.76	95.09	47.26	58.57	54.77	98.93	63.28	69.0	64.69	83.13	71.15	61.75	74.47	77.77	81.55	71.78	83.54	82.03
355	12.241	34.21	70.58	31.79	68.22	31.2	74.88	33.34	68.92	32.74	86.4	42.02	70.62	40.59	87.42	48.14	62.32	48.44	94.96	47.44	58.91	54.5	98.68	62.56	69.73	63.85	83.65	70.48	62.27	73.89	77.92	81.81	74.64	84.09	84.55
356	12.276	34.27	70.59	31.8	68.29	31.27	74.89	33.54	69.04	32.91	86.61	42.28	70.48	40.98	87.76	48.3	62.11	49.01	95.45	47.37	58.65	54.58	98.66	64.72	69.62	66.16	84.3	73.77	61.91	77.34	79.0	85.18	73.48	87.41	84.49
357	12.31	34.47	70.13	31.97	68.0	31.46	74.45	33.83	69.07	33.15	86.46	42.68	70.37	41.3	87.52	48.46	61.79	49.3	95.31	47.24	58.18	55.09	98.68	66.46	69.34	67.82	84.21	75.78	60.97	79.25	78.31	86.95	71.73	88.84	83.22
358	12.345	34.5	69.75	31.93	67.67	31.47	74.14	33.79	68.88	33.15	86.42	42.73	70.12	41.47	87.53	48.48	61.48	49.58	95.58	47.2	57.93	55.11	98.75	67.46	69.03	68.85	84.16	76.88	60.58	80.34	78.19	87.84	70.7	89.6	82.47
359	12.379	34.48	69.4	31.97	67.29	31.52	73.65	33.72	68.39	33.13	85.63	42.5	69.74	41.16	86.97	48.33	61.33	49.34	95.25	47.31	58.03	55.07	98.52	66.74	69.13	68.08	84.13	76.15	60.96	79.58	78.4	87.17	71.4	89.13	82.96
360	12.414	34.48	69.4	31.96	67.29	31.51	73.65	33.71	68.38	33.12	85.64	42.47	69.72	41.16	86.98	48.32	61.32	49.35	95.3	47.35	57.95	55.1	98.56	66.81	69.09	68.16	84.13	76.23	60.88	79.68	78.39	87.3	71.46	89.26	83.04
361	12.448	34.42	68.71	31.96	66.67	31.43	72.9	33.56	68.01	32.83	84.98	42.23	69.69	40.79	86.63	48.35	61.6	49.34	95.0	47.53	57.78	54.83	98.41	66.31	69.19	67.6	83.95	75.38	60.69	78.87	77.81	86.48	71.37	88.51	82.79
362	12.483	34.48	68.37	32.04	66.34	31.44	72.58	33.88	67.7	32.95	84.72	42.73	69.48	41.06	86.48	48.72	61.34	49.67	94.99	47.51	57.56	55.38	98.45	66.69	69.44	67.82	84.19	75.55	61.25	79.0	78.39	86.39	71.77	88.53	83.24
363	12.517	34.67	68.18	32.23	66.14	31.62	72.36	34.16	67.47	33.16	84.46	43.01	69.2	41.35	86.28	48.82	61.1	50.01	95.0	47.7	57.04	56.01	98.65	67.23	69.08	68.33	83.88	76.03	60.83	79.4	78.12	86.6	71.35	88.62	82.94
364	12.552	34.7	68.33	32.32	66.26	31.67	72.49	34.29	67.51	33.23	84.45	43.12	69.19	41.4	86.24	48.84	60.92	50.06	94.79	47.69	56.92	56.32	98.57	66.65	69.05	67.7	83.71	75.27	60.9	78.67	78.03	85.6	71.4	87.74	82.88
365	12.586	34.54	68.38	32.1	66.28	31.48	72.66	34.07	67.48	33.06	84.77	43.01	69.05	41.32	86.35	48.81	60.62	49.87	94.8	47.65	56.9	55.93	98.55	66.59	68.74	67.67	83.53	75.33	60.57	78.7	77.86	85.62	70.59	87.71	82.25
366	12.621	34.55	68.38	32.1	66.28	31.48	72.66	34.08	67.48	33.05	84.77	43.02	69.06	41.32	86.35	48.81	60.62	49.86	94.8	47.65	56.9	55.92	98.55	66.59	68.75	67.66	83.54	75.33	60.56	78.7	77.85	85.62	70.59	87.7	82.25
367	12.655	34.45	68.88	32.01	66.82	31.51	73.13	33.9	67.98	33.14	85.01	42.85	69.42	41.18	86.46	48.78	60.99	49.58	94.67	47.84	57.05	55.78	98.59	65.74	68.97	66.84	83.52	74.33	60.89	77.62	78.04	84.26	70.78	86.43	82.34
368	12.69	34.53	69.0	32.1	66.89	31.61	73.17	33.89	67.96	33.16	84.89	42.76	69.62	41.16	86.41	48.73	61.4	49.53	94.48	47.87	57.45	55.85	98.52	65.35	68.91	66.52	83.3	74.14	60.9	77.45	77.71	84.16	71.2	86.25	82.28
369	12.724	34.54	68.82	32.11	66.71	31.62	72.92	33.77	67.88	33.02	84.67	42.55	69.72	41.01	86.45	48.65	61.6	49.64	94.59	47.9	57.51	56.02	98.51	65.15	68.81	66.36	83.14	73.94	60.66	77.29	77.28	83.89	71.02	85.89	81.94
370	12.759	34.58	68.89	32.18	66.77	31.65	73.0	34.03	67.85	33.21	84.65	42.81	69.63	41.28	86.27	48.73	61.46	49.74	94.51	47.93	57.27	56.07	98.53	65.41	68.78	66.6	83.05	74.22	60.81	77.55	77.31	84.14	71.0	86.17	81.84
371	12.793	34.55	68.79	32.15	66.7	31.64	72.95	34.02	67.85	33.24	84.71	42.89	69.58	41.32	86.36	48.83	61.28	49.89	94.52	47.93	57.28	56.44	98.58	65.4	68.79	66.59	83.14	74.13	60.94	77.49	77.67	84.21	71.34	86.29	82.3
372	12.828	34.59	68.78	32.18	66.69	31.66	72.96	34.03	67.85	33.22	84.76	42.91	69.57	41.33	86.42	48.84	61.22	49.87	94.53	47.92	57.28	56.2	98.46	65.49	68.81	66.66	83.2	74.18	61.03	77.55	77.79	84.2	71.31	86.31	82.32
373	12.862	34.51	68.45	32.11	66.33	31.53	72.62	34.0	67.47	33.11	84.44	42.87	69.27	41.25	86.16	48.75	61.07	49.83	94.48	47.95	57.13	56.05	98.3	65.55	68.94	66.67	83.34	74.27	60.85	77.54	77.6	84.18	71.16	86.26	82.22
374	12.897	34.91	68.2	32.63	66.11	31.81	72.61	34.65	67.41	33.51	84.65	43.19	68.62	41.25	85.57	48.61	60.64	49.33	93.45	47.39	56.37	53.86	96.26	65.01	69.08	65.92	83.39	73.87	60.99	77.19	77.06	84.62	70.98	87.0	81.62
375	12.931	34.61	68.31	32.19	66.2	31.64	72.49	34.04	67.28	33.19	84.21	42.88	69.1	41.27	85.81	48.72	60.93	49.76	94.03	48.02	57.0	56.14	98.09	65.27	68.53	66.36	82.78	74.05	60.92	77.22	77.4	83.73	71.21	85.81	82.08
376	12.966	34.47	68.61	32.05	66.49	31.5	72.82	33.94	67.57	33.04	84.58	42.9	69.29	41.15	86.1	48.75	60.89	49.7	94.22	47.83	57.0	56.22	98.2	65.03	68.6	66.03	82.81	73.47	61.07	76.66	77.43	82.96	71.48	85.11	82.22
377	13.0	34.41	68.78	32.11	66.7	31.49	72.95	33.98	67.88	33.05	84.58	42.75	69.72	40.99	86.21	48.68	61.18	49.43	94.05	47.91	57.24	56.26	98.24	63.62	68.93	64.61	82.67	71.34	61.41	74.51	77.07	81.48	71.7	83.33	81.93
378	13.034	34.41	68.8	32.12	66.72	31.49	72.95	33.99	67.9	33.06	84.56	42.72	69.73	40.98	86.18	48.63	61.13	49.39	94.01	47.93	57.21	56.21	98.27	63.57	68.92	64.57	82.64	71.29	61.45	74.44	77.08	81.48	71.75	83.29	81.97
379	13.069	34.45	68.94	32.13	66.85	31.52	73.1	34.03	67.95	33.05	84.63	42.8	69.66	41.03	86.13	48.56	61.01	49.24	93.81	47.91	57.23	55.85	97.97	63.66	68.53	64.58	82.18	71.04	62.04	74.12	77.63	80.45	71.1	82.39	81.42
380	13.103	34.54	68.56	32.19	66.56	31.61	72.75	33.98	67.97	33.1	84.55	42.77	69.7	41.15	86.33	48.53	60.85	49.59	94.15	47.91	57.27	56.07	98.29	63.51	68.51	64.5	82.11	70.54	62.22	73.46	77.66	79.44	70.98	81.15	81.47
381	13.138	34.35	68.44	31.93	66.45	31.43	72.64	33.6	67.84	32.88	84.47	42.48	69.6	41.03	86.19	48.25	60.83	49.43	93.87	47.86	57.22	55.81	98.08	63.69	68.34	64.84	82.01	70.96	61.18	74.0	76.67	79.79	69.34	81.54	79.8
382	13.172	34.37	68.44	31.92	66.46	31.44	72.63	33.63	67.85	32.91	84.43	42.49	69.66	41.12	86.08	48.32	61.01	49.48	93.73	47.95	57.21	55.77	97.95	63.57	67.93	64.8	81.5	70.93	61.14	74.09	76.53	79.38	68.31	81.36	78.86
383	13.207	34.38	68.29	31.95	66.31	31.46	72.47	33.62	67.68	32.89	84.23	42.34	69.63	41.05	86.01	48.17	60.94	49.39	93.63	47.98	57.0	55.72	97.84	63.24	67.86	64.52	81.37	70.42	61.51	73.71	76.87	79.02	67.78	81.12	78.33
384	13.241	34.38	68.31	31.96	66.33	31.46	72.49	33.65	67.71	32.9	84.24	42.37	69.66	41.08	86.02	48.17	60.97	49.41	93.61	47.99	57.08	55.73	97.8	63.28	67.84	64.55	81.34	70.44	61.55	73.72	76.87	79.08	67.81	81.15	78.28
385	13.276	34.47	68.62	32.14	66.62	31.56	72.76	34.02	67.84	33.08	84.3	42.76	69.63	41.16	85.99	48.51	60.85	49.41	93.64	47.93	57.15	55.95	97.8	63.7	68.16	64.77	81.74	70.81	62.44	74.1	78.02	79.96	68.41	82.07	78.97
386	13.31	34.75	68.39	32.59	66.44	31.76	72.74	34.61	67.86	33.41	84.48	43.1	68.82	41.0	85.4	48.58	60.46	48.88	93.09	47.37	56.75	53.38	96.46	63.47	68.5	64.3	82.16	70.82	62.22	74.21	77.42	81.06	69.17	83.63	79.3
387	13.345	34.45	68.58	32.15	66.58	31.56	72.71	34.0	67.87	33.07	84.36	42.78	69.57	41.14	86.26	48.6	60.61	49.64	94.02	47.95	56.97	56.3	98.03	63.9	68.32	65.0	82.11	71.08	61.71	74.42	77.65	80.66	68.89	82.66	79.53
388	13.379	34.74	68.45	32.59	66.49	31.8	72.78	34.54	67.87	33.47	84.46	43.01	68.8	40.9	85.33	48.53	60.43	48.87	93.0	47.5	56.55	53.62	96.39	63.36	68.67	64.14	82.33	70.81	62.5	74.06	77.67	81.44	70.29	83.93	80.25
389	13.414	34.34	68.56	31.94	66.46	31.45	72.76	33.57	67.6	32.9	84.42	42.35	69.34	41.0	86.31	48.16	60.52	49.71	94.32	47.7	57.27	56.4	98.14	63.75	68.32	64.97	82.29	70.95	62.31	74.25	78.27	80.57	70.47	82.75	80.84
390	13.448	34.34	68.57	31.94	66.46	31.45	72.76	33.57	67.6	32.9	84.42	42.35	69.34	40.99	86.31	48.16	60.53	49.7	94.32	47.7	57.26	56.38	98.13	63.75	68.32	64.97	82.29	70.96	62.32	74.25	78.28	80.57	70.47	82.76	80.84
391	13.483	34.18	68.7	31.74	66.6	31.31	72.93	33.42	67.7	32.9	84.58	42.16	69.48	41.02	86.16	47.97	60.94	49.83	94.29	47.91	56.93	56.67	98.28	63.84	67.98	65.15	81.89	71.44	62.17	74.65	77.93	81.21	71.11	83.36	81.16
392	13.517	34.17	69.31	31.63	67.09	31.3	73.55	33.26	67.93	32.94	85.1	41.92	69.71	41.13	86.42	47.95	61.34	49.82	94.58	48.0	56.87	56.66	98.54	63.97	67.65	65.57	81.76	72.33	62.45	75.79	78.47	82.59	71.21	84.97	81.32
393	13.552	34.12	69.52	31.57	67.31	31.26	73.81	33.54	68.07	33.19	85.48	42.37	69.53	41.49	86.67	48.23	60.75	50.07	94.96	47.95	56.61	56.61	98.66	65.89	68.31	67.41	83.09	75.29	62.5	78.72	79.73	85.29	71.0	87.71	82.14
394	13.586	34.4	70.24	31.87	67.88	31.42	74.51	33.85	68.25	33.21	85.89	42.58	69.53	41.58	86.73	48.05	61.11	49.65	94.71	47.95	56.98	56.35	98.6	65.59	68.48	67.03	83.14	74.43	61.02	77.9	78.26	84.19	70.48	86.43	81.68
395	13.621	34.5	70.59	31.97	68.21	31.57	74.78	33.81	68.46	33.28	85.95	42.47	69.78	41.51	86.76	47.94	61.41	49.53	94.48	47.92	57.07	56.27	98.52	65.01	68.02	66.51	82.49	73.97	60.81	77.41	77.78	83.81	70.4	85.98	81.18
396	13.655	34.51	70.57	31.96	68.2	31.59	74.78	33.75	68.51	33.28	86.02	42.44	69.81	41.54	86.84	47.91	61.43	49.57	94.59	47.82	57.27	56.3	98.62	65.0	68.1	66.55	82.6	73.94	60.8	77.4	77.76	83.78	70.47	85.96	81.26
397	13.69	34.43	70.66	31.85	68.25	31.46	74.97	33.71	68.46	33.22	86.26	42.59	69.73	41.62	86.91	48.05	61.35	49.64	94.64	47.8	57.19	56.41	98.54	64.99	68.52	66.46	83.01	73.62	60.84	77.04	77.77	83.19	70.53	85.43	81.32
398	13.724	34.27	70.42	31.65	68.02	31.29	74.77	33.5	68.27	33.06	86.12	42.42	69.57	41.43	86.67	48.01	61.33	49.43	94.53	47.64	57.08	56.12	98.53	64.84	68.67	66.26	83.13	73.37	61.15	76.77	78.04	82.87	70.44	85.25	81.35
399	13.759	34.54	70.12	31.97	67.71	31.52	74.48	33.89	67.99	33.28	85.89	42.72	69.27	41.77	86.54	48.1	60.84	49.63	94.32	47.63	57.16	56.15	98.25	65.16	68.29	66.62	82.84	73.68	61.07	77.14	78.1	83.38	70.23	85.62	81.29
400	13.793	34.52	69.89	32.01	67.5	31.52	74.18	33.94	67.89	33.27	85.63	42.67	69.31	41.78	86.61	48.16	61.0	49.87	94.62	47.79	57.26	56.03	98.12	65.35	68.52	66.86	83.08	73.95	60.85	77.5	77.84	83.77	70.42	85.95	81.25
401	13.828	34.88	69.82	32.51	67.51	31.83	74.27	34.57	68.17	33.75	85.89	43.09	68.93	41.77	86.12	48.3	60.75	49.61	93.8	47.25	56.5	53.99	95.68	65.25	68.97	66.52	83.38	74.24	61.01	77.74	77.11	84.97	70.6	87.35	80.64
402	13.862	34.88	69.83	32.51	67.51	31.83	74.28	34.55	68.17	33.73	85.9	43.07	68.94	41.75	86.14	48.3	60.76	49.61	93.79	47.25	56.51	53.99	95.67	65.22	68.97	66.49	83.39	74.22	61.03	77.74	77.11	84.99	70.63	87.38	80.65
403	13.897	34.51	69.94	32.0	67.64	31.59	74.24	33.96	68.12	33.4	85.7	42.81	69.35	41.85	86.58	48.31	60.88	50.21	94.68	47.68	57.22	56.94	98.53	65.61	68.33	67.08	82.93	74.51	60.68	78.0	77.7	84.48	70.45	86.56	81.17
404	13.931	34.93	69.88	32.61	67.53	31.9	74.31	34.69	68.0	33.79	85.73	43.17	68.63	41.8	85.95	48.41	60.47	49.74	93.62	47.24	56.48	54.52	96.15	64.93	68.51	66.2	82.97	73.63	60.35	77.31	76.84	84.59	70.28	87.03	80.52
405	13.966	34.89	69.97	32.56	67.62	31.86	74.4	34.59	68.1	33.69	85.82	43.03	68.6	41.68	86.02	48.47	60.44	49.58	93.61	47.28	56.39	53.95	95.98	64.67	68.45	66.0	82.95	73.22	60.21	77.04	76.91	84.19	69.56	86.74	80.04
406	14.0	35.22	70.1	32.96	67.62	32.21	74.44	34.97	67.73	34.01	85.49	43.11	68.16	41.96	85.97	48.45	60.34	49.58	93.81	47.48	56.23	53.85	96.15	64.13	67.79	65.69	82.42	72.31	59.16	76.39	76.52	83.86	68.52	86.31	79.25
407	14.034	35.26	70.19	32.98	67.7	32.24	74.58	34.95	67.72	34.03	85.59	43.16	68.03	42.04	86.06	48.51	60.23	49.5	93.85	47.43	56.51	53.83	96.03	63.95	67.67	65.56	82.33	71.88	58.83	76.05	76.35	83.29	68.06	85.76	78.85
408	14.069	35.24	70.19	32.98	67.7	32.24	74.56	34.97	67.75	34.05	85.55	43.17	68.07	42.05	86.03	48.52	60.27	49.52	93.8	47.48	56.52	53.85	96.04	63.93	67.68	65.55	82.3	71.82	58.85	75.98	76.34	83.24	68.1	85.71	78.88
409	14.103	34.77	70.07	32.26	67.61	31.85	74.34	33.96	67.84	33.51	85.65	42.6	68.86	42.16	86.87	48.01	60.5	49.98	94.75	47.64	56.87	55.93	97.61	64.21	67.58	66.19	82.2	71.57	57.6	75.64	75.22	81.37	66.08	83.32	77.33
410	14.138	34.52	70.0	32.02	67.55	31.62	74.26	33.61	67.84	33.24	85.55	42.35	69.04	41.81	86.88	47.87	60.54	49.71	94.52	47.58	56.78	55.95	97.89	63.16	67.75	65.08	82.09	70.04	57.35	74.05	74.59	79.64	65.83	81.62	76.89
411	14.172	34.64	69.86	32.14	67.4	31.68	74.12	33.67	67.78	33.2	85.49	42.28	69.04	41.73	86.95	47.91	60.62	49.58	94.71	47.72	56.7	55.75	97.99	62.77	67.61	64.71	81.87	69.22	56.84	73.34	74.0	78.77	64.93	80.74	76.19
412	14.207	34.87	69.53	32.61	67.18	31.82	74.0	34.31	67.62	33.38	85.32	42.46	67.86	41.24	86.06	48.15	60.07	49.09	94.07	47.39	55.9	53.53	96.43	62.35	67.44	63.95	81.75	68.02	57.27	72.56	74.5	79.13	65.0	81.87	76.03
413	14.241	34.33	69.26	31.83	66.96	31.47	73.52	33.11	67.57	32.79	84.9	41.61	68.83	40.96	86.28	47.42	60.23	49.1	94.03	47.54	56.14	56.0	98.05	61.82	66.75	63.58	80.69	67.8	56.95	71.6	73.47	77.28	64.71	78.95	75.59
414	14.276	34.36	69.26	31.84	66.97	31.5	73.55	33.11	67.58	32.81	84.94	41.59	68.76	40.97	86.29	47.4	60.18	49.1	94.06	47.54	56.19	56.09	98.14	61.8	66.76	63.57	80.75	67.74	56.87	71.57	73.53	77.2	64.66	78.89	75.69
415	14.31	35.23	68.12	33.24	65.72	32.24	72.27	35.1	66.67	33.97	83.54	42.4	67.11	41.39	85.01	47.66	60.01	48.04	94.13	46.68	55.98	49.16	94.64	61.68	67.22	63.29	81.1	66.55	57.64	71.03	73.14	77.61	65.98	79.77	76.36
416	14.345	35.25	67.89	33.28	65.46	32.26	72.04	35.16	66.39	33.9	83.36	42.38	66.7	41.3	84.93	47.72	59.36	48.3	93.92	46.48	56.03	49.88	94.14	61.93	67.46	63.39	81.65	66.98	58.3	71.39	74.49	78.25	66.84	80.13	77.88
417	14.379	34.7	67.31	32.46	65.29	31.6	71.79	34.22	66.64	33.0	83.82	42.48	67.05	40.75	85.19	48.14	58.86	49.12	93.8	47.04	55.68	53.93	96.64	62.97	67.22	64.12	81.55	68.4	58.44	72.54	75.36	78.44	65.18	81.23	76.97
418	14.414	34.82	67.42	32.72	65.4	31.81	71.79	34.59	66.74	33.34	83.64	42.66	67.16	41.1	85.35	48.21	58.88	49.49	93.97	47.42	55.99	54.29	96.62	63.13	67.33	64.46	81.72	68.4	58.9	72.82	76.08	79.33	65.45	82.17	77.06
419	14.448	34.91	67.44	32.88	65.38	31.93	71.77	34.89	66.63	33.57	83.52	42.96	67.03	41.44	85.35	48.35	58.78	49.73	94.06	47.46	55.95	54.53	96.43	63.45	67.25	64.83	81.67	68.53	58.51	73.01	75.8	79.93	65.51	82.55	76.91
420	14.483	34.91	67.48	32.88	65.38	31.9	71.84	34.9	66.57	33.53	83.61	42.95	66.92	41.46	85.47	48.28	58.57	49.7	94.2	47.3	56.06	54.28	96.33	63.45	67.25	64.83	81.78	68.55	58.47	73.04	75.86	79.99	65.5	82.58	76.96
421	14.517	34.83	67.88	32.73	65.81	31.89	72.21	34.63	66.95	33.54	83.81	42.69	67.35	41.41	85.59	48.11	58.94	49.39	94.13	47.18	56.02	54.06	96.44	62.83	67.17	64.38	81.46	67.79	59.02	72.34	76.05	78.85	64.37	81.55	75.64
422	14.552	34.91	68.17	32.82	66.08	31.98	72.51	34.76	67.15	33.71	84.06	42.79	67.48	41.62	85.81	48.14	59.0	49.47	94.3	47.31	56.22	54.2	96.54	62.67	67.29	64.31	81.57	67.7	58.84	72.25	75.9	78.86	64.07	81.4	75.34
423	14.586	34.98	68.49	32.89	66.45	32.06	72.9	34.78	67.53	33.76	84.45	42.73	67.6	41.53	86.01	48.14	58.94	49.31	94.32	47.52	56.23	54.04	96.76	62.21	67.33	63.81	81.58	67.08	58.96	71.62	76.12	77.94	63.51	80.53	75.01
424	14.621	34.94	68.44	32.84	66.47	32.13	72.75	34.65	67.72	33.87	84.24	42.68	67.9	41.67	85.89	48.13	59.3	49.46	94.01	47.64	56.41	53.88	96.48	62.22	67.1	63.98	81.09	67.15	58.48	71.64	75.26	77.45	62.81	80.01	74.03
425	14.655	35.02	67.76	32.82	65.75	32.06	72.22	34.58	67.01	33.71	84.05	42.82	67.15	41.75	85.73	48.13	58.18	49.63	94.09	47.46	55.91	53.87	96.64	62.2	66.73	63.88	80.85	66.82	58.05	71.13	74.69	76.46	62.87	79.04	74.11
426	14.69	35.04	67.71	32.84	65.71	32.09	72.17	34.64	66.99	33.77	83.98	42.91	67.17	41.82	85.66	48.15	58.24	49.69	94.03	47.34	55.93	53.86	96.52	62.28	66.68	63.94	80.75	66.91	58.02	71.18	74.56	76.43	62.89	79.03	74.05
427	14.724	35.0	67.44	32.78	65.49	32.08	71.93	34.53	66.93	33.78	83.88	42.74	67.22	41.83	85.69	48.0	58.57	49.89	94.16	47.35	56.69	54.32	96.35	62.09	66.58	63.83	80.62	66.78	57.85	71.04	74.28	76.35	62.55	78.86	73.67
428	14.759	35.01	67.27	32.81	65.34	32.1	71.74	34.66	66.77	33.84	83.61	42.93	67.1	41.9	85.34	48.22	58.5	50.04	93.87	47.52	55.96	55.08	96.67	62.42	66.4	64.08	80.4	67.03	57.59	71.32	74.14	76.63	62.32	79.14	73.52
429	14.793	35.13	67.26	32.93	65.35	32.26	71.62	34.68	66.68	33.9	83.25	42.78	67.12	41.81	84.98	48.26	58.82	50.05	93.59	47.8	55.94	55.47	97.1	62.36	66.37	64.04	80.26	67.21	57.87	71.52	74.39	76.89	62.39	79.4	73.58
430	14.828	35.15	67.44	32.95	65.48	32.28	71.84	34.7	66.72	33.92	83.48	42.81	67.08	41.9	85.28	48.24	58.68	50.16	93.92	47.84	56.39	55.54	97.39	62.42	66.38	64.16	80.43	67.17	57.47	71.58	74.2	76.98	62.27	79.48	73.42
431	14.862	35.13	67.29	32.94	65.33	32.23	71.73	34.75	66.61	33.91	83.44	42.86	66.96	41.94	85.19	48.21	58.52	50.21	93.95	47.69	55.95	55.51	97.35	62.37	66.33	64.08	80.37	67.08	57.58	71.44	74.27	76.85	62.28	79.31	73.49
432	14.897	35.14	67.3	32.92	65.35	32.23	71.76	34.7	66.64	33.88	83.53	42.84	67.04	41.94	85.28	48.24	58.6	50.18	93.97	47.69	56.0	55.24	97.15	62.38	66.28	64.09	80.3	67.11	57.63	71.42	74.21	76.75	62.21	79.17	73.33
433	14.931	35.16	67.24	32.93	65.3	32.22	71.72	34.71	66.62	33.85	83.56	42.87	66.96	41.96	85.3	48.24	58.42	50.26	94.0	47.66	55.92	55.44	97.33	62.43	66.2	64.14	80.27	67.1	57.5	71.44	74.13	76.77	62.11	79.2	73.31
434	14.966	35.15	67.4	32.93	65.43	32.25	71.82	34.68	66.71	33.89	83.54	42.89	67.07	41.93	85.31	48.28	58.76	50.13	93.98	47.67	56.53	55.24	97.05	62.5	66.27	64.2	80.31	67.29	57.5	71.57	74.1	76.82	62.35	79.24	73.42
435	15.0	35.08	67.28	32.87	65.32	32.22	71.62	34.58	66.63	33.9	83.25	42.76	67.08	41.86	85.22	48.14	58.75	50.03	94.07	47.62	56.04	54.97	96.71	62.29	66.16	64.05	80.07	67.03	57.49	71.23	73.82	76.33	62.4	78.74	73.2
436	15.034	34.95	67.41	32.67	65.43	32.09	71.87	34.25	66.73	33.74	83.66	42.39	66.95	41.77	85.45	47.66	58.2	49.98	94.05	47.29	56.13	54.54	96.56	61.92	66.21	63.82	80.28	66.58	57.43	70.84	73.88	75.93	62.17	78.4	73.09
437	15.069	34.85	67.81	32.63	65.76	32.04	72.16	34.22	66.78	33.7	83.58	42.24	67.02	41.57	85.26	47.59	58.61	49.53	93.89	47.52	55.9	54.25	96.72	61.72	66.19	63.62	80.2	66.5	57.08	70.8	73.68	76.17	62.04	78.63	72.9
438	15.103	35.04	67.86	32.81	65.86	32.25	72.15	34.28	66.95	33.85	83.53	42.22	67.18	41.66	85.15	47.52	58.64	49.46	93.56	47.53	55.33	53.49	96.7	61.72	66.08	63.72	79.91	66.48	56.57	70.78	72.88	76.14	61.26	78.53	71.96
439	15.138	35.0	67.82	32.78	65.84	32.25	72.11	34.23	66.96	33.88	83.48	42.19	67.2	41.71	85.12	47.47	58.61	49.59	93.48	47.52	55.42	53.89	96.74	61.69	66.09	63.75	79.9	66.39	56.59	70.71	72.89	76.11	61.32	78.5	71.98
440	15.172	35.23	67.86	32.99	65.9	32.46	72.2	34.37	67.06	34.03	83.67	42.24	67.1	41.88	85.23	47.3	58.29	49.56	93.39	47.52	55.77	54.14	96.78	61.73	65.77	63.89	79.7	66.32	56.37	70.76	72.86	76.18	60.89	78.52	71.76
441	15.207	35.21	67.9	32.96	65.92	32.39	72.31	34.36	67.02	33.92	83.85	42.27	66.93	41.86	85.26	47.33	57.91	49.5	93.34	47.27	55.42	53.7	96.75	61.72	65.63	63.82	79.62	66.12	55.89	70.59	72.46	75.9	60.41	78.2	71.38
442	15.241	35.29	67.76	33.04	65.77	32.42	72.19	34.47	66.87	33.92	83.76	42.38	66.87	41.9	85.28	47.4	57.95	49.55	93.48	47.35	55.51	53.73	96.75	61.71	65.53	63.79	79.52	66.15	55.88	70.57	72.4	75.97	60.43	78.19	71.34
443	15.276	35.53	67.67	33.3	65.68	32.65	72.04	34.78	66.78	34.19	83.57	42.67	66.75	42.13	85.22	47.8	58.05	49.51	93.55	47.62	55.59	53.5	96.45	62.04	65.57	64.14	79.62	66.44	55.82	70.96	72.6	76.46	60.29	78.75	71.54
444	15.31	35.55	67.55	33.33	65.56	32.64	71.91	34.84	66.67	34.14	83.46	42.72	66.69	42.11	85.12	47.9	58.22	49.48	93.47	47.74	55.65	53.5	96.29	62.09	65.63	64.14	79.63	66.26	55.83	70.86	72.6	76.14	60.28	78.53	71.61
445	15.345	35.58	67.54	33.35	65.54	32.67	71.9	34.85	66.63	34.17	83.44	42.72	66.65	42.12	85.11	47.9	58.2	49.53	93.46	47.8	55.71	53.9	96.41	62.08	65.62	64.14	79.67	66.2	55.84	70.85	72.73	76.17	60.3	78.59	71.75
446	15.379	35.47	67.63	33.26	65.66	32.61	72.03	34.79	66.77	34.16	83.57	42.64	66.66	42.1	85.18	47.89	58.06	49.57	93.45	47.62	55.92	54.12	96.49	62.14	65.73	64.25	79.92	66.35	56.01	71.11	73.26	76.83	60.23	79.24	71.94
447	15.414	35.62	67.75	33.39	65.71	32.75	72.18	34.87	66.63	34.27	83.68	42.69	66.41	42.26	85.28	47.93	57.81	49.79	93.81	47.63	55.78	54.63	96.99	62.51	65.5	64.73	79.98	66.76	55.65	71.75	73.34	77.6	60.09	80.15	71.94
448	15.448	35.61	67.87	33.36	65.83	32.77	72.33	34.83	66.75	34.33	83.85	42.72	66.47	42.31	85.38	47.99	57.72	49.88	93.89	47.52	55.59	54.85	97.01	62.56	65.39	64.82	79.93	66.92	55.7	71.93	73.46	78.1	59.93	80.61	71.72
449	15.483	35.59	68.02	33.42	65.95	32.8	72.4	34.94	66.74	34.47	83.76	42.73	66.1	42.54	85.27	48.16	56.65	50.01	93.68	48.18	53.43	55.53	97.07	62.79	65.55	65.29	80.31	66.86	55.47	72.3	73.88	78.8	60.69	81.49	72.88
450	15.517	35.6	67.88	33.44	65.75	32.75	72.3	35.08	66.43	34.46	83.66	42.91	65.76	42.5	85.05	48.35	56.37	49.94	93.67	48.25	52.69	55.58	97.08	62.65	65.34	65.03	80.17	66.81	55.8	72.21	74.38	78.76	62.11	81.66	74.42
451	15.552	35.6	67.97	33.43	65.83	32.75	72.38	35.06	66.49	34.46	83.7	42.9	65.81	42.49	85.05	48.36	56.52	49.91	93.64	48.25	52.95	55.59	97.03	62.62	65.35	65.0	80.16	66.72	55.8	72.14	74.4	78.63	62.12	81.54	74.45
452	15.586	35.61	68.22	33.31	65.97	32.91	72.21	34.76	66.67	34.46	83.41	42.95	67.22	42.71	85.81	48.43	56.6	50.3	93.92	49.44	52.34	57.26	97.32	63.22	65.96	65.44	80.36	68.16	56.42	72.56	73.92	77.93	62.26	79.74	73.93
453	15.621	35.58	68.25	33.24	65.99	32.85	72.29	34.55	66.71	34.29	83.62	42.76	67.18	42.58	86.07	48.26	55.97	50.25	94.13	49.34	51.39	57.05	97.47	63.01	66.08	65.28	80.61	68.14	56.95	72.49	74.46	77.5	62.84	79.41	74.63
454	15.655	35.63	68.04	33.28	65.75	32.86	72.05	34.68	66.48	34.33	83.43	43.08	67.03	42.74	85.98	49.0	55.25	50.45	94.04	50.47	49.09	56.91	97.23	63.19	65.96	65.36	80.39	68.25	57.49	72.4	74.68	77.26	63.39	78.99	74.82
455	15.69	35.47	68.0	33.2	65.73	32.68	71.95	34.61	66.51	34.08	83.24	42.93	67.14	42.37	85.77	48.75	55.63	50.1	93.77	50.08	49.95	56.46	97.09	62.89	66.41	64.89	80.66	67.95	57.63	72.03	74.51	77.12	63.84	78.87	75.16
456	15.724	35.37	67.87	33.15	65.65	32.63	71.78	34.6	66.47	34.08	82.97	42.87	67.08	42.25	85.32	48.76	55.86	50.01	93.18	50.01	50.25	56.53	96.68	62.66	66.49	64.62	80.57	68.07	57.18	72.12	73.92	77.64	63.99	79.34	75.25
457	15.759	35.41	67.95	33.21	65.7	32.67	71.85	34.67	66.46	34.1	83.01	42.94	67.03	42.27	85.35	48.85	55.66	50.01	93.2	50.25	49.94	56.58	96.69	62.69	66.46	64.61	80.57	68.02	57.19	72.07	73.97	77.57	63.94	79.27	75.15
458	15.793	35.59	67.24	33.38	65.04	32.58	71.72	35.18	65.72	34.26	83.37	43.57	65.18	42.56	84.63	49.46	54.16	49.99	92.76	50.0	46.84	54.67	95.89	63.06	65.5	65.01	80.22	67.73	55.82	72.46	73.73	78.54	63.59	81.19	75.38
459	15.828	36.54	68.16	33.86	65.08	33.23	73.25	35.33	64.16	34.85	84.98	42.84	63.17	42.87	85.03	50.03	51.04	50.1	93.33	50.03	42.76	51.94	94.7	62.15	64.16	64.41	80.52	67.32	54.63	72.85	73.94	80.25	62.43	83.27	75.82
460	15.862	35.7	67.34	33.46	65.13	32.74	71.83	35.18	65.66	34.38	83.41	43.42	64.9	42.52	84.59	49.24	53.32	49.91	92.48	49.39	46.23	55.08	96.07	63.34	64.66	65.4	79.75	68.43	54.92	73.33	73.53	80.04	62.72	82.57	75.01
461	15.897	35.81	67.44	33.59	65.26	32.9	71.94	35.35	65.82	34.65	83.47	43.6	65.12	42.77	84.55	49.17	53.65	50.21	92.34	49.51	46.71	55.81	96.05	63.83	64.87	65.87	79.87	69.01	55.16	73.81	73.6	80.81	63.28	83.27	75.21
462	15.931	36.61	68.5	34.05	65.57	33.42	73.4	35.61	64.83	35.17	84.86	43.04	63.82	43.1	84.78	49.8	52.35	50.55	93.11	49.97	45.16	52.93	95.03	62.94	64.5	65.24	80.58	68.64	55.42	74.11	74.3	82.05	62.8	85.19	75.76
463	15.966	35.84	67.59	33.69	65.48	32.96	71.99	35.59	66.14	34.74	83.46	43.91	65.57	42.92	84.56	49.31	54.32	50.61	92.37	49.46	47.09	56.25	96.25	64.64	65.09	66.57	79.98	70.23	55.51	74.89	73.72	82.25	63.1	84.44	74.65
464	16.0	35.77	67.6	33.61	65.46	32.86	72.02	35.55	66.05	34.62	83.49	43.92	65.61	42.82	84.53	49.45	54.63	50.51	92.32	49.57	47.48	56.1	96.34	64.66	65.48	66.5	80.37	70.37	55.77	75.01	73.96	82.42	63.33	84.69	74.9
465	16.034	36.66	68.64	34.07	65.66	33.42	73.51	35.55	64.85	35.01	84.97	42.91	63.98	42.91	84.83	49.49	52.81	50.26	93.23	49.54	44.97	52.36	95.11	63.08	64.68	65.28	80.8	69.25	55.96	74.5	74.75	82.44	63.28	85.43	76.21
466	16.069	36.07	67.65	33.85	65.5	33.1	72.19	35.7	66.09	34.77	83.81	43.82	65.56	42.91	84.71	48.8	55.16	50.49	92.8	47.77	49.78	55.75	96.69	64.68	65.31	66.57	80.44	70.77	56.0	75.49	74.33	83.4	63.68	85.7	75.48
467	16.103	36.38	67.66	34.14	65.51	33.43	72.18	36.0	66.14	35.09	83.72	44.16	65.86	43.33	84.65	48.2	57.62	50.97	93.13	45.1	57.63	56.63	96.92	65.19	65.44	67.02	80.45	71.24	56.51	75.93	74.62	83.96	63.7	86.21	75.35
468	16.138	36.43	68.34	33.5	65.62	33.53	72.87	34.0	65.58	34.39	84.63	42.43	67.15	43.1	85.92	48.32	57.78	52.07	94.01	48.01	55.13	58.43	97.95	64.95	65.41	67.46	80.82	72.44	56.88	76.95	74.31	83.34	63.35	85.97	74.54
469	16.172	36.44	68.34	33.5	65.62	33.54	72.87	34.0	65.57	34.41	84.63	42.42	67.12	43.11	85.93	48.31	57.67	52.08	94.0	48.06	55.0	58.43	97.95	64.98	65.38	67.49	80.8	72.46	56.85	76.96	74.29	83.37	63.38	85.99	74.53
470	16.207	37.82	67.65	35.1	64.4	34.43	72.57	35.61	63.39	35.26	84.62	41.87	62.13	42.97	85.54	47.69	45.59	50.42	91.96	46.02	35.34	53.32	93.29	64.02	63.77	67.1	81.79	70.21	52.21	76.92	72.97	86.13	63.36	88.03	76.91
471	16.241	38.5	66.93	36.26	64.3	35.49	71.5	37.79	63.82	36.98	82.7	44.43	62.73	44.71	84.41	47.94	48.37	50.69	91.66	43.62	38.41	52.03	92.97	65.25	64.18	67.89	80.64	71.0	52.88	76.61	72.04	85.47	64.54	86.17	75.57
472	16.276	36.41	67.42	34.06	65.27	33.52	71.93	35.86	65.83	35.22	83.49	44.29	65.53	43.57	84.27	47.89	57.0	51.24	92.84	44.48	56.87	57.4	96.8	65.91	64.84	67.76	79.94	72.61	55.9	76.97	73.73	84.72	64.42	86.9	75.64
473	16.31	36.34	67.53	33.97	65.34	33.35	72.14	35.81	65.81	34.99	83.82	44.21	65.4	43.4	84.46	48.12	56.32	51.0	92.88	45.15	54.88	56.88	96.88	65.69	64.67	67.53	79.91	72.45	55.82	76.91	73.87	84.66	64.19	86.88	75.62
474	16.345	36.32	67.63	33.94	65.4	33.28	72.27	35.82	65.75	34.93	83.93	44.26	65.26	43.36	84.42	48.39	55.61	50.84	92.62	45.58	52.76	56.66	96.73	65.73	64.53	67.54	79.85	72.56	55.76	77.06	74.03	84.89	64.03	87.11	75.66
475	16.379	36.33	67.67	33.96	65.47	33.32	72.29	35.82	65.86	34.96	83.94	44.23	65.34	43.33	84.5	48.41	55.64	50.8	92.75	45.64	52.45	56.32	96.59	65.74	64.49	67.57	79.82	72.7	55.77	77.17	74.0	85.07	64.08	87.22	75.62
476	16.414	36.28	67.74	33.93	65.53	33.25	72.3	35.89	65.96	34.88	83.92	44.34	65.54	43.31	84.46	48.33	56.15	50.86	92.6	45.28	54.19	56.56	96.44	65.99	64.7	67.68	79.92	72.97	56.16	77.35	74.18	85.0	64.52	87.21	76.02
477	16.448	36.43	67.72	34.11	65.57	33.45	72.21	35.99	66.13	35.11	83.82	44.34	65.81	43.46	84.55	48.35	56.58	51.12	92.82	45.83	54.36	56.96	96.68	66.15	65.04	67.9	80.18	73.18	56.58	77.45	74.42	85.2	65.13	87.29	76.46
478	16.483	36.4	68.15	34.09	65.99	33.5	72.61	35.92	66.56	35.21	84.15	44.3	66.13	43.4	84.95	48.28	56.85	51.16	93.24	45.67	55.47	57.35	97.09	66.15	65.45	67.93	80.66	73.44	56.61	77.73	74.57	85.65	65.33	87.75	76.55
479	16.517	36.25	68.62	33.37	65.9	33.32	73.07	34.07	65.84	34.25	84.75	42.71	67.35	42.85	85.98	48.77	58.03	51.98	94.46	48.56	54.45	58.68	98.32	65.64	65.91	67.82	81.31	73.33	58.03	77.68	75.24	84.08	65.16	87.01	76.05
480	16.552	36.39	68.5	33.5	65.8	33.46	72.98	34.19	65.79	34.41	84.73	42.86	67.29	43.08	85.88	48.85	58.21	52.08	94.51	48.59	54.67	58.69	98.4	65.86	66.0	68.1	81.38	73.59	58.11	77.95	75.28	84.49	65.05	87.39	75.93
481	16.586	36.17	68.02	33.39	65.37	33.28	72.41	34.13	65.61	34.28	84.21	42.72	67.42	42.88	85.74	49.22	58.01	52.1	94.29	49.68	53.46	58.05	98.18	65.38	65.85	67.61	80.93	73.15	57.75	77.45	74.31	84.26	65.26	86.9	75.49
482	16.621	36.32	67.97	33.52	65.29	33.4	72.41	34.25	65.47	34.39	84.25	42.84	67.1	43.01	85.72	49.39	57.22	52.08	94.25	49.78	52.66	57.87	98.03	65.52	65.71	67.76	80.92	73.31	57.68	77.62	74.37	84.43	65.17	87.08	75.54
483	16.655	36.42	67.98	33.64	65.36	33.5	72.39	34.36	65.62	34.47	84.18	42.86	67.34	43.01	85.67	49.26	57.81	52.13	94.19	49.59	52.97	57.67	97.67	65.45	66.02	67.67	81.06	73.18	57.87	77.46	74.4	84.15	65.06	86.84	75.44
484	16.69	36.14	67.76	33.4	65.2	33.28	72.09	34.09	65.59	34.19	83.85	42.6	67.48	42.71	85.52	49.3	58.11	52.07	93.92	49.78	53.92	57.47	97.79	65.27	65.84	67.48	80.77	73.28	58.05	77.52	74.37	84.46	65.03	87.09	75.16
485	16.724	36.51	68.01	33.75	65.38	33.54	72.45	34.46	65.55	34.4	84.19	42.86	67.13	42.88	85.67	49.05	57.46	52.0	94.06	49.33	54.16	57.68	97.99	65.26	66.17	67.33	81.29	73.05	58.14	77.17	74.8	83.63	65.56	86.31	76.09
486	16.759	36.49	67.92	33.82	65.38	33.56	72.24	34.74	65.67	34.56	83.79	43.02	67.57	42.95	85.4	49.48	58.52	51.8	93.66	50.1	54.54	56.93	97.36	64.88	66.11	66.87	80.73	72.48	58.77	76.34	75.05	82.94	65.34	85.25	75.8
487	16.793	36.46	67.94	33.8	65.39	33.54	72.26	34.72	65.66	34.54	83.79	43.0	67.55	42.93	85.39	49.45	58.51	51.75	93.66	50.11	54.53	56.87	97.34	64.88	66.09	66.88	80.74	72.48	58.75	76.36	75.07	82.97	65.36	85.28	75.82
488	16.828	36.86	67.27	34.8	65.32	34.07	71.37	36.51	66.61	35.71	82.72	44.33	67.01	43.3	84.45	49.54	59.18	50.9	93.06	49.46	55.57	54.61	95.66	65.22	66.64	66.92	80.71	71.93	58.59	75.92	75.19	83.16	65.83	85.4	76.38
489	16.862	36.7	67.16	34.61	65.26	33.96	71.25	36.29	66.71	35.66	82.69	44.22	67.34	43.32	84.62	49.48	59.42	51.35	93.38	49.49	55.54	56.28	96.33	65.03	66.89	66.84	80.86	71.64	58.85	75.69	75.3	82.56	65.48	84.92	76.05
490	16.897	36.9	67.33	34.77	65.4	34.12	71.43	36.57	66.67	35.84	82.77	44.7	67.2	43.7	84.47	49.61	59.43	51.57	93.1	49.79	55.51	57.06	96.28	65.74	66.65	67.41	80.55	71.99	58.75	75.86	75.14	82.18	65.29	84.39	75.65
491	16.931	36.28	67.91	33.59	65.5	33.42	72.16	34.77	65.91	34.67	83.54	43.21	68.2	43.16	85.33	49.52	59.74	52.15	93.67	50.47	55.29	58.46	97.4	64.8	66.53	66.72	80.7	71.86	59.59	75.46	75.54	81.14	63.85	83.34	74.28
