Frame	Time	Nose_X	Nose_Y	L_Eye_X	L_Eye_Y	R_Eye_X	R_Eye_Y	L_Ear_X	L_Ear_Y	R_Ear_X	R_Ear_Y	L_Shoulder_X	L_Shoulder_Y	R_Shoulder_X	R_Shoulder_Y	L_Elbow_X	L_Elbow_Y	R_Elbow_X	R_Elbow_Y	L_Wrist_X	L_Wrist_Y	R_Wrist_X	R_Wrist_Y	L_Hip_X	L_Hip_Y	R_Hip_X	R_Hip_Y	L_Knee_X	L_Knee_Y	R_Knee_X	R_Knee_Y	L_Ankle_X	L_Ankle_Y	R_Ankle_X	R_Ankle_Y
1	0.034	20.23	47.34	18.28	45.0	16.74	52.17	19.44	48.22	15.45	67.17	30.7	53.06	23.02	68.52	44.78	45.41	35.91	66.53	44.22	37.16	29.31	54.19	56.8	57.64	53.11	72.17	67.94	47.9	67.94	62.73	85.26	68.92	83.15	76.45
2	0.069	22.0	45.6	19.99	44.17	18.86	50.07	21.83	48.9	19.36	65.18	32.64	52.61	27.41	67.56	44.97	43.94	38.31	66.76	43.42	34.26	28.94	52.32	57.82	57.33	56.19	70.65	69.43	48.7	69.71	62.2	83.88	67.3	81.48	75.59
3	0.103	23.91	49.56	21.72	47.65	20.7	54.18	22.8	50.92	20.77	68.5	33.64	52.74	28.98	69.04	45.43	43.49	38.56	67.21	44.01	34.16	29.35	52.01	58.78	57.15	57.76	70.86	68.44	43.5	69.73	57.89	83.78	62.85	82.06	70.77
4	0.138	23.06	47.94	20.68	46.58	20.08	52.68	20.76	50.9	19.76	67.82	32.4	52.37	28.13	68.74	45.9	43.43	39.29	67.55	44.56	35.1	30.07	51.46	58.18	55.65	57.88	69.4	66.73	38.96	69.23	53.73	81.18	54.04	81.45	62.79
5	0.172	22.81	48.24	20.29	46.78	19.6	53.08	20.26	50.92	19.07	68.21	31.9	52.0	27.52	67.91	44.76	43.27	38.43	66.52	43.14	35.11	29.98	51.24	57.73	55.1	57.22	68.18	64.45	35.41	67.37	48.07	77.63	47.94	78.17	55.2
6	0.207	22.88	48.08	20.01	46.62	19.61	53.18	19.23	50.34	18.85	68.13	30.36	51.64	26.85	67.36	43.41	43.87	37.75	65.9	41.9	36.24	29.79	50.47	55.59	52.44	55.7	65.43	60.65	34.54	64.54	47.38	75.53	39.61	77.39	47.92
7	0.241	20.05	46.17	16.99	44.66	16.7	51.82	16.59	48.88	16.48	68.06	28.69	51.39	25.36	67.25	42.73	43.14	36.59	63.99	41.19	36.01	28.74	48.25	55.83	51.86	56.16	65.56	61.22	32.16	65.77	46.14	78.6	36.77	80.75	45.8
8	0.276	18.8	47.07	15.56	45.55	14.96	53.26	15.75	49.56	14.48	70.17	27.63	50.94	23.93	68.16	41.54	41.76	34.78	62.46	38.53	36.38	27.49	44.16	55.62	48.5	55.75	63.46	60.97	31.67	66.84	48.85	77.49	31.3	80.54	44.21
9	0.31	19.97	46.13	17.19	45.38	16.42	51.17	17.57	50.64	16.07	67.28	29.66	51.97	25.59	66.61	40.56	39.73	35.2	58.0	36.2	32.92	26.77	38.68	57.19	52.0	57.12	65.03	64.8	37.35	68.11	51.77	75.29	44.35	76.76	55.61
10	0.345	18.53	45.92	16.19	44.29	14.49	51.47	17.61	48.22	13.69	67.63	29.35	50.72	22.27	65.72	40.77	38.85	34.56	56.16	34.08	31.15	28.35	36.18	56.65	54.36	53.8	68.83	66.61	40.09	69.77	56.41	82.32	56.34	84.61	68.01
11	0.379	19.55	45.45	17.15	43.9	15.26	50.83	17.96	48.75	13.9	67.91	29.61	53.53	22.49	67.64	40.39	39.12	34.66	56.29	34.39	30.14	29.27	36.92	57.73	60.89	54.49	75.06	69.0	47.92	69.87	62.96	85.23	66.52	84.52	78.12
12	0.414	20.84	45.89	18.52	44.38	16.38	51.1	20.04	49.13	15.75	67.76	30.79	53.72	24.9	67.35	41.05	38.5	36.04	56.61	34.79	29.97	30.45	37.68	57.06	60.6	54.97	74.11	67.31	54.1	70.86	68.09	82.6	66.43	85.94	79.25
13	0.448	21.72	46.21	19.39	45.12	17.92	51.21	20.92	50.19	18.02	67.27	31.62	54.1	26.69	67.44	42.81	41.15	38.31	59.68	38.05	33.4	33.3	40.66	57.18	58.95	55.8	72.15	68.52	54.54	71.71	68.41	83.13	66.28	86.17	78.3
14	0.483	22.58	46.53	20.23	45.63	19.05	51.39	21.39	50.72	18.99	67.08	32.17	54.18	27.41	67.35	43.74	42.17	39.38	59.95	38.78	34.83	33.93	40.7	58.26	58.73	57.03	71.86	69.66	52.65	72.57	66.84	84.08	65.19	86.62	76.84
15	0.517	23.54	46.5	21.13	45.73	20.11	51.33	21.74	51.04	19.66	67.01	32.15	54.62	27.67	67.34	43.57	43.07	39.65	59.35	38.58	36.14	33.96	40.67	57.74	59.12	56.55	72.02	70.11	52.32	72.35	66.38	84.05	66.51	85.28	77.97
16	0.552	23.57	46.53	21.14	45.8	20.19	51.35	21.71	51.18	19.73	67.04	32.14	54.79	27.75	67.41	43.58	43.04	39.77	59.02	38.55	36.2	33.93	40.46	57.78	59.22	56.6	72.08	70.43	52.43	72.41	66.54	84.12	66.75	84.93	78.23
17	0.586	22.6	45.85	20.14	44.92	18.89	50.71	20.94	50.27	18.14	66.66	31.71	54.84	26.27	66.78	43.03	42.91	38.21	57.23	36.87	35.86	32.62	39.44	56.56	59.59	54.65	72.07	69.26	53.71	71.41	66.85	81.54	66.61	83.55	78.26
18	0.621	22.56	45.52	20.17	44.61	18.81	50.31	20.71	50.09	17.7	66.26	31.21	54.77	25.37	66.33	42.8	43.04	37.43	56.62	36.67	35.92	32.29	39.3	55.79	59.81	53.66	72.26	68.78	53.53	71.03	66.62	82.33	66.68	84.32	78.45
19	0.655	21.8	45.29	19.34	44.21	17.99	50.14	19.61	49.48	16.46	66.15	30.43	54.3	23.99	66.16	42.66	43.16	36.69	57.08	36.35	36.18	31.7	40.16	55.12	59.34	52.45	71.94	68.36	52.48	69.81	65.45	81.91	66.56	83.0	77.81
20	0.69	21.82	44.83	19.39	43.77	18.03	49.67	19.63	49.08	16.41	65.63	30.51	53.87	23.77	65.74	42.9	43.3	36.58	57.43	36.62	36.42	31.76	40.56	54.97	58.9	52.14	71.45	67.9	52.44	69.49	65.23	81.3	66.31	82.97	77.38
21	0.724	21.81	44.76	19.36	43.65	18.04	49.54	19.46	48.92	16.26	65.44	30.55	53.81	23.55	66.05	43.21	43.37	36.54	58.2	36.79	36.77	31.86	41.08	55.05	58.99	52.08	71.59	67.17	52.42	68.75	65.23	80.08	67.09	81.87	77.88
22	0.759	22.03	44.73	19.7	43.63	18.31	49.46	19.76	49.21	16.43	65.54	30.96	54.31	23.6	66.56	43.36	43.58	36.58	58.23	36.62	37.22	32.25	41.14	54.92	59.77	51.44	72.07	66.35	50.6	66.05	63.15	80.03	67.15	78.36	77.48
23	0.793	22.12	44.75	19.78	43.64	18.41	49.42	19.8	49.21	16.44	65.42	30.96	54.46	23.44	66.71	43.63	44.06	36.62	58.68	36.93	37.69	32.52	41.49	55.07	59.69	51.63	72.13	66.68	51.31	67.01	64.09	79.96	67.64	79.49	78.16
24	0.828	22.25	44.71	19.95	43.62	18.59	49.37	20.04	49.17	16.63	65.31	31.3	54.37	23.62	66.84	44.04	44.44	36.97	59.12	37.12	38.29	32.78	41.65	55.69	59.42	52.17	72.01	67.28	50.32	67.63	63.62	80.5	67.27	79.92	77.85
25	0.862	21.96	44.66	19.55	43.63	18.43	49.4	19.52	49.27	16.72	65.44	30.87	54.16	23.99	66.63	44.07	44.54	37.32	59.16	37.27	38.23	32.87	41.5	55.47	58.78	52.64	71.38	66.72	50.15	68.1	63.55	79.96	66.35	80.65	77.1
26	0.897	22.08	44.79	19.81	43.68	18.63	49.39	19.83	49.32	16.94	65.24	31.11	54.47	23.85	67.01	44.39	45.06	37.11	60.07	37.62	39.08	32.79	42.28	55.39	59.34	52.1	71.87	66.64	50.35	66.48	63.66	81.43	67.18	79.33	77.35
27	0.931	21.9	44.78	19.58	43.55	18.42	49.36	19.49	49.04	16.48	65.23	31.02	54.19	23.35	67.34	44.47	45.36	36.88	61.16	37.44	39.51	32.14	42.81	55.41	59.25	51.88	72.03	66.81	49.27	66.54	62.7	80.38	67.71	78.5	77.57
28	0.966	21.87	44.79	19.71	43.62	18.37	49.32	19.88	49.22	16.57	65.14	31.24	54.15	23.23	67.29	44.42	45.35	36.54	61.65	37.23	39.92	31.99	43.41	55.34	59.24	51.6	71.99	66.35	48.78	65.98	62.2	80.56	67.46	78.38	77.45
29	1.0	21.57	44.68	19.36	43.44	18.1	49.23	19.38	49.12	16.24	65.22	31.04	54.18	22.88	67.46	44.46	45.47	36.23	61.89	37.25	40.54	31.8	43.47	55.45	59.41	51.48	72.15	66.1	48.35	64.88	61.53	80.8	67.64	77.28	77.27
30	1.034	21.33	45.05	19.11	43.69	17.71	49.63	19.15	49.06	15.61	65.55	30.67	54.21	22.36	67.73	44.19	45.97	35.88	62.41	37.16	41.21	31.6	43.99	55.35	59.49	51.34	72.49	66.11	49.06	65.52	62.53	80.6	68.35	78.04	78.08
31	1.069	21.29	45.0	19.09	43.66	17.66	49.53	19.18	49.15	15.48	65.46	30.6	54.36	22.12	67.7	44.22	46.43	35.63	62.58	37.44	41.77	31.57	44.35	55.01	59.36	50.72	72.2	66.07	49.55	64.51	62.75	80.38	68.48	76.34	78.3
32	1.103	21.05	44.97	18.86	43.6	17.38	49.54	19.16	48.96	15.29	65.42	30.57	54.16	21.97	67.56	44.16	46.35	35.35	62.76	37.21	41.66	31.44	44.63	54.83	58.95	50.47	71.82	65.69	49.37	64.37	62.61	79.86	67.73	76.32	77.62
33	1.138	21.21	45.18	19.08	43.82	17.45	49.73	19.57	49.23	15.46	65.61	30.88	54.58	22.17	67.78	44.32	46.7	35.43	62.98	37.32	41.99	31.47	44.77	54.97	59.09	50.67	71.83	65.59	49.94	64.97	62.79	79.76	67.87	77.38	77.64
34	1.172	21.34	45.07	19.15	43.79	17.65	49.59	19.48	49.26	15.67	65.46	30.56	54.52	22.45	67.89	43.91	46.85	35.86	63.44	37.5	42.35	31.86	45.06	55.04	58.89	51.33	71.84	65.76	50.34	66.48	63.53	79.12	67.76	78.83	77.84
35	1.207	21.24	45.05	18.99	43.74	17.62	49.52	19.27	49.1	15.69	65.3	30.38	54.42	22.46	67.84	43.7	47.03	35.86	63.51	37.63	42.35	32.01	44.79	55.42	58.8	51.9	71.95	66.51	50.37	67.61	63.87	79.27	68.33	79.74	78.53
36	1.241	21.05	44.99	18.81	43.7	17.47	49.47	19.04	49.1	15.6	65.24	30.26	54.53	22.42	67.79	43.65	47.01	35.88	63.25	37.45	42.11	31.91	44.6	55.45	58.91	51.98	71.96	66.26	50.41	67.34	63.75	79.67	68.57	79.95	78.44
37	1.276	21.24	45.23	19.1	43.93	17.64	49.69	19.56	49.23	15.89	65.28	30.62	54.67	22.71	67.55	43.71	47.2	36.16	62.9	37.29	42.14	32.08	44.8	55.17	59.1	51.52	71.84	66.05	50.79	66.63	63.81	79.84	68.68	79.41	78.4
38	1.31	21.23	45.01	19.05	43.75	17.67	49.48	19.27	49.23	15.8	65.22	30.47	54.63	22.68	67.58	43.85	47.3	36.3	62.62	37.5	41.93	32.09	44.37	55.26	58.66	51.84	71.45	65.72	49.11	66.94	62.46	79.35	66.78	79.71	76.72
39	1.345	23.21	44.82	21.2	44.25	19.94	48.65	21.42	50.51	18.47	63.77	31.92	54.88	25.19	67.19	43.24	46.49	37.48	62.47	37.01	41.56	31.58	43.65	56.75	58.45	54.16	70.33	67.23	47.45	67.74	60.25	77.66	63.94	77.0	74.34
40	1.379	23.04	44.79	21.01	44.29	19.86	48.66	21.35	50.58	18.64	63.8	31.95	54.3	25.56	66.83	43.26	46.23	37.8	62.21	37.42	41.77	31.84	43.66	57.63	57.25	55.38	69.47	68.08	44.35	69.15	58.27	78.28	59.76	78.25	71.2
41	1.414	21.32	44.84	18.83	43.74	17.88	49.42	18.6	49.38	16.24	65.44	29.9	53.56	23.97	67.31	44.0	46.47	37.11	62.16	38.25	41.78	32.61	44.1	55.2	56.88	53.65	70.09	64.03	42.3	68.23	57.51	76.47	57.94	80.11	70.24
42	1.448	21.37	45.01	18.97	43.7	17.77	49.79	19.27	48.87	16.55	65.83	29.98	52.58	24.79	67.68	42.86	45.21	37.17	62.42	37.07	41.12	32.13	44.89	55.57	54.74	54.6	68.59	63.05	35.84	67.76	52.67	77.1	48.0	78.95	61.11
43	1.483	21.12	45.23	18.27	43.89	17.34	50.52	18.05	48.79	15.92	67.08	29.23	51.91	24.85	68.2	42.3	44.56	36.67	63.7	37.01	41.6	31.76	46.17	56.41	52.82	56.15	67.18	61.02	32.96	67.19	49.83	75.44	37.6	78.7	51.06
44	1.517	20.38	45.21	17.36	43.71	16.6	50.66	16.9	48.37	15.13	67.27	28.82	51.83	24.11	67.98	41.66	44.6	35.89	63.97	36.47	41.95	31.09	46.61	55.91	52.58	55.15	66.45	59.77	31.93	64.53	46.78	73.62	36.08	75.51	47.31
45	1.552	19.86	45.12	16.98	43.58	16.02	50.57	16.82	48.23	14.58	67.17	28.58	51.82	23.58	68.07	41.1	44.71	35.08	64.49	35.87	42.22	30.44	47.23	55.6	53.11	54.5	67.04	59.05	33.11	63.32	47.96	73.77	37.12	74.6	48.11
46	1.586	19.6	44.74	17.03	43.31	15.84	49.88	17.28	48.3	14.63	66.28	28.61	51.75	23.47	67.28	41.46	44.43	35.32	63.36	35.23	41.72	30.19	46.61	54.77	53.86	53.16	67.34	58.79	34.93	60.83	49.95	75.02	41.91	71.77	53.74
47	1.621	19.04	44.61	16.52	43.17	15.34	49.39	16.36	48.72	13.46	66.07	28.85	52.86	21.5	67.55	42.43	45.15	34.25	63.32	35.92	42.33	29.99	46.03	53.95	57.37	50.15	70.26	61.87	37.37	58.29	50.63	75.57	54.35	66.25	65.0
48	1.655	21.22	45.27	19.33	44.42	18.07	49.01	19.48	50.66	16.59	64.2	31.01	54.56	23.65	67.17	42.17	46.2	34.94	63.47	36.34	42.49	30.78	45.8	53.79	59.5	50.42	70.53	61.48	40.41	58.82	51.68	71.34	57.73	65.4	67.2
49	1.69	21.4	45.25	19.38	44.16	17.91	49.54	20.05	49.98	17.06	64.94	31.1	53.92	24.95	67.0	41.96	45.75	35.84	62.27	35.29	42.23	30.22	45.0	53.71	59.71	50.9	70.46	58.56	41.95	57.17	52.59	70.38	58.9	64.56	67.45
50	1.724	21.74	45.33	19.72	44.26	18.21	49.6	20.41	49.95	17.38	64.82	31.39	53.87	25.11	66.86	42.22	46.15	35.94	62.34	35.74	42.2	30.65	44.96	53.78	59.41	51.25	70.2	58.33	41.25	58.68	52.09	69.54	58.37	66.96	67.12
51	1.759	21.5	45.1	19.47	44.15	18.02	49.25	19.71	50.14	16.46	64.78	31.38	53.8	23.99	67.28	42.75	46.08	35.44	62.8	36.32	42.17	31.08	44.2	54.45	59.25	51.25	70.61	60.25	39.98	59.39	52.07	70.44	58.91	66.7	68.67
52	1.793	22.16	45.24	20.12	44.16	18.75	49.33	20.6	49.9	17.85	64.42	31.68	53.98	25.75	66.58	42.52	46.23	36.85	61.55	36.45	42.01	31.26	44.24	54.62	59.05	52.17	69.7	60.03	40.84	59.35	51.53	71.42	58.95	67.01	67.45
53	1.828	22.04	45.35	20.07	44.31	18.67	49.39	20.77	49.93	17.91	64.23	31.66	53.91	25.72	66.26	42.51	46.42	36.88	61.36	36.32	41.93	31.32	44.02	54.43	58.28	52.02	68.92	60.35	40.98	59.98	51.87	71.71	58.04	67.91	66.78
54	1.862	21.9	45.37	19.91	44.37	18.46	49.45	20.58	50.1	17.58	64.45	31.54	54.1	25.52	66.38	42.48	46.39	36.88	61.02	36.23	41.83	31.22	43.87	54.5	58.24	52.13	68.9	60.28	41.11	60.26	52.1	71.6	57.88	68.34	66.92
55	1.897	21.77	45.27	19.75	44.27	18.34	49.38	20.36	49.99	17.43	64.42	31.39	53.89	25.29	66.37	42.33	46.16	36.66	61.13	36.15	41.91	30.99	44.05	54.41	57.99	52.01	68.76	60.39	40.8	60.41	51.81	71.51	58.24	68.45	67.07
56	1.931	21.31	45.37	19.26	44.33	17.87	49.51	19.92	49.96	17.03	64.58	31.02	53.87	25.1	66.31	41.68	46.04	36.4	61.01	35.67	41.74	30.59	43.88	54.32	58.16	51.96	68.92	60.48	41.0	60.36	51.65	71.32	58.58	68.08	67.01
57	1.966	21.12	45.47	19.02	44.39	17.62	49.66	19.61	49.98	16.65	64.82	30.89	53.92	24.77	66.46	41.76	45.99	36.16	60.91	35.66	41.77	30.4	43.78	54.18	57.91	51.75	68.73	60.52	41.04	60.58	51.63	70.83	58.94	68.09	67.4
58	2.0	20.95	45.59	18.8	44.5	17.46	49.76	19.26	50.13	16.43	64.98	30.77	54.15	24.76	66.61	42.01	46.27	36.48	60.86	36.01	42.34	30.59	43.97	54.32	58.05	51.95	68.77	60.48	41.1	60.42	51.5	70.61	58.94	67.58	67.23
59	2.034	20.94	45.54	18.81	44.46	17.44	49.72	19.36	50.09	16.47	64.94	30.72	53.93	24.77	66.63	41.87	46.03	36.49	61.19	36.0	42.29	30.71	44.09	54.2	57.65	51.93	68.49	60.28	40.99	60.54	51.58	70.41	58.79	67.84	67.23
60	2.069	21.07	45.53	18.96	44.4	17.56	49.72	19.52	49.89	16.6	64.86	30.8	53.83	24.8	66.78	41.86	45.88	36.51	61.66	35.81	42.19	30.73	44.27	54.17	57.75	51.96	68.77	60.31	41.31	61.15	52.0	70.68	59.46	69.11	67.76
61	2.103	21.06	45.53	18.92	44.43	17.66	49.65	19.47	49.96	16.9	64.67	30.78	53.89	25.14	66.61	41.87	46.06	36.86	61.57	36.12	42.4	30.9	44.23	54.14	57.87	52.14	68.74	60.45	41.41	61.19	51.95	70.35	59.07	68.84	67.41
62	2.138	20.9	45.53	18.78	44.46	17.51	49.66	19.41	50.05	16.81	64.75	30.68	53.97	25.06	66.74	41.81	46.03	36.84	61.71	36.04	42.58	30.77	44.45	54.12	57.93	52.11	68.86	60.66	41.49	61.32	52.1	70.72	59.29	68.92	67.64
63	2.172	20.93	45.5	18.81	44.44	17.55	49.63	19.45	50.14	16.84	64.81	30.82	54.08	25.05	66.85	41.88	46.03	36.86	61.86	35.97	42.54	30.77	44.45	54.27	58.18	52.05	69.07	61.01	41.68	61.07	52.1	70.98	59.76	68.31	67.95
64	2.207	20.78	45.6	18.63	44.49	17.37	49.74	19.22	49.99	16.54	64.85	30.63	53.68	24.66	66.9	41.68	45.81	36.52	62.26	35.96	42.73	30.69	44.49	54.48	57.61	52.19	68.83	61.33	41.49	61.64	52.31	70.85	59.81	68.75	68.05
65	2.241	20.71	45.64	18.57	44.48	17.29	49.74	19.21	49.94	16.45	64.81	30.59	53.8	24.66	67.03	41.56	45.88	36.61	62.57	35.72	42.75	30.72	44.68	54.36	57.87	52.01	69.03	61.48	41.78	61.46	52.35	70.69	60.1	68.07	68.2
66	2.276	20.83	45.65	18.71	44.49	17.43	49.76	19.43	49.93	16.71	64.82	30.81	53.68	25.01	66.99	41.71	45.71	36.93	62.66	35.79	42.81	30.88	44.84	54.51	57.76	52.17	68.9	61.58	41.84	61.21	52.41	70.94	59.91	67.65	68.0
67	2.31	20.78	45.81	18.69	44.68	17.46	49.95	19.51	50.12	16.85	64.96	30.79	53.7	25.23	66.94	41.47	45.59	37.27	62.45	35.82	42.77	31.15	44.77	54.56	57.48	52.23	68.59	61.82	41.75	60.87	52.41	71.52	59.7	67.2	67.74
68	2.345	20.68	46.02	18.54	44.82	17.39	50.18	19.28	50.12	16.75	65.13	30.68	53.7	25.19	67.08	41.5	45.68	37.36	62.71	35.97	42.85	31.27	45.06	54.64	57.39	52.31	68.55	61.86	41.83	60.8	52.48	71.45	59.83	67.03	67.58
69	2.379	20.94	46.3	18.82	45.05	17.54	50.48	19.67	50.27	16.84	65.46	31.1	53.93	25.45	67.35	41.61	45.81	37.44	62.66	36.06	43.0	31.33	45.19	54.97	57.51	52.51	68.61	62.02	41.49	60.76	52.03	71.27	59.78	66.42	67.44
70	2.414	20.68	46.63	18.48	45.35	17.26	50.82	19.37	50.42	16.62	65.77	31.02	53.97	25.42	67.48	41.58	45.76	37.39	62.77	35.81	42.72	31.35	45.07	55.29	57.3	52.95	68.5	62.36	41.37	61.43	52.0	71.11	59.61	66.94	67.3
71	2.448	21.07	46.41	18.98	45.43	17.8	50.26	19.42	51.07	16.42	65.24	31.74	54.62	24.72	67.49	42.31	46.46	36.99	63.16	36.49	43.59	31.68	45.1	54.93	58.1	51.76	68.99	63.68	40.21	61.48	50.7	68.68	60.61	64.83	68.85
72	2.483	20.87	46.51	18.74	45.56	17.58	50.41	19.28	51.22	16.35	65.47	31.48	54.63	24.94	67.59	41.89	46.37	37.21	63.21	36.47	43.71	31.65	45.21	54.94	57.33	52.19	68.31	63.69	39.82	62.31	50.43	68.22	59.92	65.56	68.46
73	2.517	20.64	46.69	18.39	45.72	17.36	50.74	18.92	51.18	16.32	65.85	31.12	54.21	24.99	67.61	41.41	45.47	37.0	63.2	36.0	43.4	31.47	45.01	54.75	56.83	52.33	68.11	63.85	39.28	62.97	50.19	68.12	59.63	66.25	68.31
74	2.552	20.53	46.73	18.35	45.75	17.22	50.76	19.07	51.17	16.21	65.81	31.35	54.13	24.91	67.46	41.54	45.39	36.88	63.19	35.98	43.02	31.21	44.96	54.84	56.93	52.11	68.08	63.76	39.46	62.35	50.08	67.85	59.97	65.36	68.47
75	2.586	20.74	46.75	18.6	45.77	17.4	50.71	19.33	51.13	16.32	65.61	31.4	54.02	24.98	67.29	41.48	45.16	36.86	63.2	36.16	42.61	31.08	45.2	54.55	56.65	51.85	67.65	63.28	40.19	62.04	50.47	67.18	60.67	65.03	68.92
76	2.621	20.87	46.79	18.7	45.8	17.59	50.73	19.09	51.07	16.31	65.49	30.98	53.85	24.83	67.2	41.29	45.17	36.93	63.26	36.44	42.75	31.09	45.42	54.17	56.45	51.63	67.51	63.11	40.36	61.84	50.69	67.43	61.17	65.03	69.17
77	2.655	20.84	46.83	18.63	45.82	17.53	50.85	19.03	51.04	16.32	65.71	30.98	53.71	24.9	67.25	41.21	44.74	36.82	63.15	36.36	42.85	31.01	45.43	54.36	56.3	51.94	67.51	63.24	39.94	62.31	50.41	67.76	60.86	65.81	68.97
78	2.69	21.07	47.15	18.83	46.12	17.72	51.27	19.14	51.31	16.4	66.28	31.15	53.65	24.97	67.59	41.12	44.17	36.68	63.27	35.85	42.6	30.87	45.42	54.63	56.36	52.11	67.77	63.55	39.76	62.36	50.46	67.94	60.93	65.53	69.24
79	2.724	21.1	47.2	18.84	46.22	17.74	51.41	19.23	51.41	16.53	66.46	31.27	53.65	25.18	67.53	41.23	44.04	36.87	63.05	35.69	42.42	31.01	45.29	54.62	56.36	52.17	67.75	63.49	40.15	62.57	50.93	68.07	60.88	66.05	69.36
80	2.759	21.02	47.39	18.74	46.42	17.66	51.66	19.2	51.58	16.5	66.76	31.35	53.66	25.25	67.69	41.16	43.87	36.91	63.1	35.5	42.5	31.04	45.33	54.72	56.25	52.21	67.69	63.54	40.34	62.42	51.14	67.94	61.4	65.64	69.8
81	2.793	20.63	47.41	18.2	46.37	17.15	52.05	18.6	51.52	15.93	67.59	30.95	53.35	24.75	68.11	41.31	43.66	36.97	63.22	35.13	41.97	30.92	44.48	54.69	56.41	52.04	68.23	63.14	40.87	62.16	51.9	68.91	61.25	66.46	69.34
82	2.828	20.58	47.58	18.11	46.47	17.11	52.26	18.52	51.4	16.01	67.69	30.88	53.15	24.89	68.05	41.28	43.47	36.95	63.24	35.1	41.9	30.98	44.49	54.7	56.09	52.27	68.04	63.12	40.88	62.67	52.16	68.88	60.99	67.31	69.25
83	2.862	20.79	47.69	18.34	46.56	17.33	52.38	18.76	51.39	16.17	67.74	31.11	53.06	24.9	68.05	41.32	43.28	36.93	63.32	34.78	41.63	30.94	44.46	54.69	56.08	52.07	68.08	63.38	40.66	62.63	51.97	69.1	61.27	67.22	69.41
84	2.897	20.75	47.72	18.25	46.63	17.26	52.41	18.57	51.53	16.03	67.82	30.84	53.31	24.74	68.03	41.14	43.71	36.9	63.17	34.65	41.36	30.87	44.36	54.59	56.06	52.09	67.99	63.28	40.96	62.9	52.16	69.21	61.21	67.91	69.37
85	2.931	20.59	47.73	18.13	46.69	17.17	52.38	18.47	51.68	16.02	67.74	30.66	53.5	24.75	67.88	40.84	43.94	36.95	62.88	34.75	41.31	30.88	44.43	54.35	56.07	51.98	67.84	63.28	41.09	62.95	52.08	69.11	61.33	67.98	69.42
86	2.966	20.81	47.84	18.34	46.8	17.37	52.51	18.6	51.81	16.1	67.89	30.76	53.62	24.81	67.96	40.97	44.12	36.92	62.65	34.97	41.54	30.82	44.2	54.33	55.92	51.97	67.67	63.28	41.02	63.02	52.07	69.06	61.22	68.0	69.33
87	3.0	20.73	47.94	18.22	46.81	17.24	52.67	18.49	51.65	15.93	68.07	30.77	53.39	24.72	68.07	40.9	43.8	36.83	62.76	34.71	41.52	30.78	44.23	54.41	55.8	51.97	67.72	63.32	40.67	63.13	51.9	68.88	61.3	68.01	69.38
88	3.034	20.82	48.05	18.29	46.9	17.31	52.8	18.43	51.7	15.84	68.23	30.75	53.37	24.64	68.1	40.86	43.76	36.74	62.53	34.67	41.25	30.58	44.02	54.43	55.77	51.95	67.72	63.38	40.38	63.07	51.66	68.96	61.13	67.83	69.1
89	3.069	20.73	48.03	18.19	46.91	17.25	52.79	18.39	51.73	15.86	68.22	30.75	53.34	24.67	68.03	40.76	43.43	36.73	62.41	34.4	40.91	30.5	44.03	54.38	55.66	51.9	67.58	63.46	40.48	63.07	51.68	68.83	61.23	67.7	69.19
90	3.103	20.53	47.87	17.93	46.75	17.09	52.6	17.99	51.58	15.71	68.0	30.43	53.18	24.59	67.89	40.84	43.41	36.79	62.4	34.71	41.2	30.58	43.94	54.18	55.25	51.96	67.21	63.35	40.31	63.33	51.5	68.48	61.03	67.96	69.0
91	3.138	20.63	47.83	18.02	46.73	17.17	52.59	18.01	51.55	15.68	68.01	30.36	53.09	24.49	67.8	40.81	43.41	36.7	62.26	34.73	41.25	30.47	43.84	54.11	55.0	51.83	66.98	63.35	40.4	63.2	51.67	68.7	60.77	67.92	68.82
92	3.172	20.77	47.82	18.18	46.71	17.26	52.59	18.27	51.47	15.76	67.98	30.6	53.01	24.52	67.75	40.92	43.26	36.58	62.3	34.62	41.08	30.45	43.97	54.15	54.95	51.76	66.94	63.37	40.47	63.31	51.73	68.65	60.74	68.09	68.88
93	3.207	20.88	47.69	18.29	46.58	17.35	52.43	18.3	51.38	15.72	67.83	30.56	52.98	24.46	67.67	40.94	43.5	36.56	62.29	34.81	41.27	30.49	43.93	54.19	54.68	51.82	66.66	63.39	40.43	63.56	51.65	68.53	60.61	68.35	68.74
94	3.241	20.93	47.71	18.43	46.61	17.43	52.41	18.6	51.36	15.89	67.68	30.88	53.01	24.48	67.66	41.09	43.25	36.52	62.24	34.4	41.1	30.44	43.93	54.15	55.12	51.51	67.02	63.28	40.59	62.96	51.8	68.67	60.92	67.75	68.97
95	3.276	21.18	47.73	18.68	46.67	17.7	52.4	18.86	51.43	16.25	67.59	31.05	52.99	24.82	67.51	41.14	43.13	36.69	62.07	34.42	40.86	30.55	43.72	54.15	54.91	51.69	66.74	63.24	40.52	63.17	51.67	68.67	60.74	68.15	68.87
96	3.31	21.29	47.74	18.78	46.68	17.78	52.42	18.9	51.48	16.26	67.65	31.08	53.13	24.85	67.53	41.23	43.35	36.69	61.84	34.44	40.79	30.49	43.42	54.18	55.27	51.71	67.03	63.22	40.34	63.1	51.48	68.83	60.72	68.13	68.9
97	3.345	21.09	47.69	18.54	46.61	17.6	52.4	18.62	51.41	16.14	67.67	30.84	53.11	24.76	67.47	40.99	43.5	36.66	61.91	34.77	40.55	30.7	43.44	54.04	55.06	51.65	66.82	63.33	40.52	63.15	51.54	68.69	60.83	68.09	68.9
98	3.379	21.1	47.75	18.56	46.67	17.59	52.47	18.71	51.46	16.15	67.73	30.95	53.16	24.78	67.41	41.07	43.43	36.67	61.64	34.48	40.24	30.62	43.22	54.01	54.86	51.58	66.56	63.26	40.52	63.22	51.5	68.76	60.81	68.37	68.84
99	3.414	21.03	47.77	18.53	46.69	17.51	52.53	18.89	51.4	16.2	67.73	31.14	53.11	24.86	67.29	41.11	43.37	36.61	61.36	34.19	40.07	30.63	42.77	54.1	54.87	51.58	66.57	63.24	40.44	63.24	51.57	69.0	60.64	68.63	68.81
100	3.448	21.27	47.84	18.73	46.74	17.75	52.61	18.92	51.44	16.3	67.83	31.16	53.12	24.91	67.37	41.12	43.17	36.66	61.14	34.04	40.21	30.58	42.53	54.11	54.88	51.6	66.59	63.23	40.39	63.16	51.53	68.95	60.65	68.43	68.81
101	3.483	21.26	47.9	18.73	46.87	17.79	52.67	18.91	51.7	16.42	67.91	31.14	53.37	25.06	67.24	41.05	43.48	36.74	60.57	34.12	40.02	30.63	42.13	53.94	54.85	51.49	66.34	63.18	40.39	62.78	51.39	68.97	60.73	67.88	68.89
102	3.517	21.43	48.11	18.92	47.06	17.95	52.87	19.08	51.82	16.57	68.04	31.18	53.43	25.24	67.34	40.99	43.7	36.79	60.69	34.54	40.42	30.81	42.26	54.05	54.72	51.71	66.23	63.13	40.35	62.92	51.41	69.18	60.53	68.23	68.69
103	3.552	21.73	48.36	19.18	47.3	18.21	53.11	19.33	51.94	16.89	68.19	31.36	53.5	25.62	67.42	41.09	43.8	36.98	60.76	34.49	40.34	30.76	42.1	54.14	54.57	52.05	66.09	63.13	40.35	63.39	51.45	69.02	60.39	68.82	68.73
104	3.586	21.82	48.57	19.22	47.52	18.29	53.38	19.35	52.16	17.01	68.51	31.38	53.77	25.77	67.49	41.0	43.88	36.95	60.39	34.13	40.19	30.7	41.96	54.2	54.69	52.23	66.15	63.15	40.61	63.67	51.67	69.11	60.29	69.32	68.75
105	3.621	21.81	48.82	19.15	47.74	18.27	53.69	19.25	52.34	16.99	68.89	31.36	53.94	25.82	67.76	40.94	43.78	36.84	60.2	34.07	40.18	30.74	41.88	54.22	54.69	52.29	66.23	63.22	40.44	63.72	51.7	69.06	60.26	69.16	68.84
106	3.655	21.78	49.28	19.15	48.1	18.16	54.22	19.54	52.46	17.04	69.36	31.75	53.96	26.06	68.11	41.09	43.66	37.0	60.63	33.48	40.16	30.77	41.97	54.58	54.92	52.49	66.58	63.36	40.57	63.63	52.14	69.42	60.24	69.0	69.01
107	3.69	21.6	49.4	18.92	48.24	18.03	54.34	19.26	52.67	17.0	69.51	31.62	54.24	26.12	68.07	41.12	44.02	37.01	60.2	33.58	40.35	30.91	41.69	54.59	55.03	52.63	66.58	63.52	40.45	63.73	51.94	69.63	60.15	69.07	68.92
108	3.724	21.59	49.73	18.89	48.5	17.97	54.73	19.47	52.61	17.21	69.72	31.73	54.19	26.58	68.07	40.92	43.83	37.16	59.94	33.1	40.41	30.85	41.38	54.63	55.06	52.97	66.68	63.45	40.17	64.27	51.95	69.7	59.76	70.02	68.85
109	3.759	21.63	49.82	18.85	48.52	18.04	54.81	19.22	52.45	17.22	69.7	31.48	54.11	26.7	67.93	40.61	44.0	37.13	59.47	33.49	40.3	30.96	40.96	54.68	54.69	53.36	66.37	63.62	39.97	64.91	51.86	69.81	59.66	70.86	68.54
110	3.793	21.66	49.64	18.92	48.38	18.12	54.59	19.41	52.33	17.43	69.4	31.81	54.04	26.94	67.64	40.7	43.66	37.17	58.88	33.1	39.65	30.91	40.41	54.95	54.75	53.55	66.31	63.78	39.75	64.89	51.61	69.82	59.58	70.7	68.42
111	3.828	21.69	49.66	18.98	48.42	18.2	54.57	19.5	52.33	17.59	69.23	31.82	53.92	27.02	67.46	40.56	43.44	37.13	58.69	33.02	39.58	31.01	40.28	54.81	54.54	53.48	66.07	63.62	39.45	64.74	51.36	69.68	59.29	70.54	68.19
112	3.862	21.49	49.46	18.75	48.26	18.01	54.43	19.21	52.27	17.39	69.22	31.61	53.86	26.8	67.31	40.59	43.12	37.02	58.16	32.82	39.28	30.83	39.95	54.66	54.37	53.31	65.9	63.5	39.13	64.59	51.09	69.82	58.94	70.49	67.91
113	3.897	21.33	49.84	18.56	48.6	17.84	54.84	19.1	52.44	17.33	69.56	31.46	53.92	26.87	67.39	40.31	43.17	36.91	58.09	32.83	39.19	30.91	39.84	54.48	54.25	53.26	65.81	63.55	39.1	64.68	51.14	69.75	58.82	70.46	67.93
114	3.931	21.18	50.04	18.41	48.76	17.67	55.07	18.99	52.55	17.15	69.8	31.51	54.0	26.73	67.52	40.34	43.04	36.81	57.98	32.47	38.91	30.73	39.69	54.58	54.56	53.22	66.15	63.68	39.11	64.72	51.19	69.83	59.02	70.5	68.01
115	3.966	21.17	50.31	18.38	49.04	17.7	55.34	18.9	52.78	17.17	70.01	31.44	54.2	26.77	67.64	40.24	43.06	36.7	57.73	32.35	38.72	30.54	39.54	54.59	54.7	53.31	66.28	63.61	39.25	64.67	51.43	69.83	58.97	70.4	67.97
116	4.0	20.95	50.66	18.2	49.36	17.49	55.7	18.9	52.99	17.11	70.26	31.38	54.32	26.68	67.81	40.27	43.28	36.56	58.05	32.38	38.94	30.58	39.75	54.37	54.66	53.06	66.29	63.54	39.49	64.51	51.87	70.24	59.3	70.57	68.41
117	4.034	21.08	51.47	18.35	50.02	17.55	56.5	19.1	53.29	17.11	70.85	31.6	54.61	26.67	68.24	40.43	43.47	36.52	58.28	32.3	38.8	30.62	39.79	54.38	55.28	52.88	66.96	63.5	39.92	64.4	52.45	70.44	59.72	70.6	68.7
118	4.069	21.19	52.06	18.54	50.58	17.63	57.1	19.53	53.71	17.31	71.3	31.97	54.89	26.84	68.49	40.58	43.67	36.45	58.34	32.4	38.98	30.61	39.82	54.34	55.6	52.63	67.17	63.37	40.15	63.87	52.7	70.65	59.87	70.03	68.79
119	4.103	21.12	52.38	18.43	50.78	17.53	57.44	19.39	53.76	17.22	71.63	31.86	55.03	26.86	68.87	40.45	43.79	36.41	58.73	32.26	39.27	30.57	40.01	54.47	55.86	52.85	67.59	63.45	40.3	64.13	52.99	70.88	60.01	70.45	68.91
120	4.138	21.26	52.51	18.52	50.91	17.71	57.58	19.31	53.86	17.32	71.74	31.73	55.11	26.85	68.86	40.37	43.91	36.32	58.58	32.29	39.05	30.55	39.9	54.28	55.78	52.72	67.49	63.39	40.41	64.06	53.05	70.74	60.07	70.32	68.92
121	4.172	21.37	53.07	18.67	51.38	17.8	58.12	19.58	54.05	17.47	72.05	31.89	55.09	27.03	69.09	40.26	43.73	36.43	58.87	32.24	38.95	30.66	39.82	54.18	55.85	52.6	67.62	63.41	40.43	64.02	53.18	70.79	60.27	70.27	69.06
122	4.207	21.35	53.17	18.64	51.49	17.81	58.25	19.55	54.21	17.55	72.23	31.9	55.21	27.13	69.17	40.28	43.71	36.42	58.66	32.4	38.8	30.79	39.65	54.13	55.77	52.66	67.53	63.28	40.25	64.08	53.12	70.72	60.0	70.41	68.89
123	4.241	21.4	53.16	18.71	51.49	17.86	58.21	19.67	54.2	17.58	72.14	32.04	55.25	27.1	69.1	40.42	43.81	36.4	58.59	32.21	38.75	30.68	39.6	54.14	55.92	52.55	67.62	63.32	40.21	64.03	53.06	70.62	60.03	70.26	68.93
124	4.276	21.34	53.24	18.62	51.52	17.86	58.23	19.39	54.16	17.51	72.06	31.72	55.23	27.0	69.13	40.35	44.06	36.45	58.88	32.58	39.14	30.85	39.9	54.0	55.65	52.59	67.42	63.29	40.05	64.16	52.88	70.76	60.03	70.52	68.75
125	4.31	21.13	53.32	18.4	51.62	17.71	58.28	19.13	54.35	17.38	72.14	31.56	55.46	26.88	69.3	40.46	44.27	36.48	59.07	32.71	39.42	30.86	40.09	53.99	55.78	52.61	67.5	63.23	40.39	64.06	53.14	70.58	60.16	70.31	68.81
126	4.345	21.21	53.37	18.55	51.74	17.85	58.23	19.37	54.53	17.65	71.9	31.57	55.64	27.05	69.19	40.43	44.47	36.56	59.07	32.87	39.24	30.9	40.13	53.86	55.65	52.6	67.23	63.07	40.87	63.89	53.59	70.71	60.1	70.29	68.83
127	4.379	21.33	53.34	18.66	51.75	17.99	58.21	19.38	54.65	17.73	71.98	31.61	55.78	27.1	69.28	40.48	44.47	36.58	58.94	32.78	39.04	30.83	39.95	54.04	55.9	52.81	67.5	63.28	40.68	64.17	53.47	70.89	59.98	70.56	68.82
128	4.414	21.22	53.34	18.55	51.75	17.87	58.24	19.33	54.67	17.62	72.06	31.64	55.77	27.01	69.27	40.5	44.45	36.56	58.86	32.74	39.06	30.84	39.98	54.11	55.91	52.78	67.52	63.36	40.48	64.17	53.28	71.06	59.96	70.58	68.75
129	4.448	21.29	53.48	18.58	51.86	17.94	58.37	19.26	54.66	17.64	72.08	31.57	55.87	26.98	69.23	40.49	44.69	36.46	58.68	32.76	39.37	30.86	40.04	53.9	56.06	52.63	67.62	63.32	40.48	64.25	53.21	71.03	60.13	70.82	68.83
130	4.483	21.19	53.71	18.46	52.08	17.85	58.59	19.16	54.82	17.62	72.25	31.48	55.94	27.01	69.29	40.4	44.71	36.41	58.7	32.67	39.41	30.78	40.05	53.9	56.06	52.7	67.63	63.33	40.39	64.29	53.11	70.93	60.04	70.8	68.82
131	4.517	21.35	54.1	18.62	52.43	18.08	58.93	19.24	55.05	17.84	72.4	31.48	56.09	27.14	69.37	40.36	44.95	36.44	58.75	32.74	39.28	30.86	40.0	53.76	55.88	52.65	67.41	63.18	40.59	64.18	53.37	70.92	60.12	70.75	68.73
132	4.552	21.43	54.67	18.73	52.94	18.2	59.44	19.31	55.35	17.96	72.66	31.45	56.31	27.19	69.56	40.24	45.04	36.39	58.74	32.71	39.39	30.9	40.09	53.66	55.96	52.62	67.47	63.0	40.48	64.12	53.31	70.91	60.17	70.83	68.69
133	4.586	21.35	54.73	18.08	52.49	18.28	59.82	17.88	54.27	17.62	73.41	30.9	55.63	26.53	69.61	40.71	44.06	37.86	59.54	33.66	39.41	32.8	42.05	54.67	55.49	52.49	67.56	66.12	39.06	64.17	50.82	71.35	62.92	68.28	69.67
134	4.621	21.2	55.58	18.48	53.71	18.0	60.31	19.11	55.85	17.88	73.35	31.32	56.71	27.14	70.18	40.16	45.28	36.34	59.42	32.49	39.71	30.99	40.3	53.65	56.61	52.62	68.23	63.03	40.78	64.0	53.73	71.01	60.85	70.67	69.28
135	4.655	22.04	54.97	18.66	52.81	19.09	60.0	17.9	54.7	18.32	73.61	30.67	56.01	27.39	69.82	40.08	44.08	37.58	59.19	34.08	40.72	32.63	43.11	54.95	55.24	53.64	67.3	66.37	37.39	64.45	49.02	70.96	62.87	67.24	69.32
136	4.69	22.08	55.33	18.72	53.18	19.18	60.38	18.09	55.01	18.56	73.93	30.89	56.15	27.8	69.94	40.26	44.39	37.92	59.38	34.22	40.91	32.89	43.31	55.06	55.26	53.88	67.28	66.46	37.64	64.77	49.35	71.09	62.9	67.54	69.39
137	4.724	21.81	55.52	18.53	53.28	18.87	60.61	18.16	55.04	18.3	74.2	31.16	56.19	27.64	70.18	40.58	44.58	37.91	59.78	34.35	41.07	33.08	43.41	55.15	55.53	53.64	67.63	66.47	37.68	64.7	49.49	71.12	63.27	67.49	69.63
138	4.759	22.05	55.6	18.7	53.43	19.15	60.66	18.16	55.25	18.62	74.21	31.04	56.39	27.99	70.26	40.59	45.02	38.23	60.06	34.57	41.33	33.24	43.51	55.13	55.51	53.99	67.54	66.4	37.88	64.79	49.64	71.14	63.15	67.66	69.62
139	4.793	22.05	55.74	18.7	53.55	19.22	60.71	18.12	55.25	18.8	74.05	30.86	56.39	28.1	70.25	40.31	45.08	38.31	60.37	34.59	41.68	33.4	43.79	55.08	55.48	54.16	67.54	66.47	37.92	64.94	49.73	71.36	63.28	68.08	69.71
140	4.828	22.01	55.87	18.64	53.68	19.27	60.79	17.95	55.42	18.84	74.08	30.74	56.53	28.14	70.23	40.35	45.28	38.43	60.16	34.87	41.98	33.72	43.78	55.03	55.52	54.18	67.49	66.43	37.62	64.75	49.32	71.25	63.29	67.57	69.59
141	4.862	21.91	56.04	18.58	53.84	19.17	60.92	18.03	55.52	18.85	74.1	30.81	56.68	28.27	70.2	40.26	45.54	38.55	60.05	34.9	41.77	33.83	43.5	55.14	55.61	54.32	67.48	66.51	37.8	64.92	49.41	71.32	63.24	67.82	69.48
142	4.897	22.09	56.12	18.74	53.92	19.35	60.99	18.07	55.57	18.96	74.15	30.83	56.68	28.31	70.21	40.33	45.55	38.59	60.08	34.94	41.75	33.87	43.44	55.07	55.65	54.29	67.52	66.52	37.9	65.01	49.45	71.3	63.27	67.93	69.45
143	4.931	21.92	56.13	18.48	53.96	19.19	61.01	17.78	55.73	18.96	74.28	30.54	57.09	28.5	70.43	40.13	45.85	38.75	60.11	35.03	41.76	33.92	43.43	55.04	55.81	54.68	67.64	66.49	38.24	65.5	49.67	71.19	62.98	68.68	69.31
144	4.966	21.47	57.05	18.17	54.56	18.53	61.93	18.2	55.73	18.45	74.87	31.2	56.89	28.11	70.83	41.12	46.06	39.05	60.96	34.41	40.92	33.79	42.66	55.25	56.01	54.08	67.94	66.18	39.54	65.28	51.36	71.9	63.23	69.67	69.85
145	5.0	21.45	56.91	18.2	54.42	18.53	61.74	18.18	55.66	18.35	74.66	31.04	56.81	27.76	70.75	40.97	46.02	38.94	61.17	34.16	40.16	33.72	42.46	54.93	56.02	53.63	67.98	66.01	39.69	65.11	51.54	71.84	63.5	69.7	70.14
146	5.034	21.6	56.92	18.37	54.46	18.67	61.74	18.34	55.68	18.46	74.62	31.07	56.72	27.84	70.78	40.89	46.18	39.0	61.58	34.3	40.35	33.83	42.65	55.04	56.11	53.78	68.15	66.05	39.84	65.22	51.78	71.86	63.54	69.81	70.26
147	5.069	21.6	56.93	18.34	54.44	18.61	61.81	18.23	55.66	18.3	74.81	31.03	56.62	27.72	70.95	40.97	46.07	38.98	61.98	34.09	40.48	33.61	42.89	55.05	56.29	53.71	68.43	66.03	39.89	65.05	51.81	72.05	63.79	69.66	70.36
148	5.103	21.86	56.88	18.58	54.36	18.86	61.77	18.4	55.48	18.48	74.74	31.22	56.26	27.87	71.03	41.23	45.93	39.11	62.65	34.32	40.61	33.6	43.29	55.26	56.13	53.9	68.43	65.98	39.72	64.85	51.84	72.16	63.87	69.42	70.43
149	5.138	22.4	55.81	18.91	53.7	19.6	60.75	17.95	55.62	19.1	74.3	30.54	56.57	28.43	71.09	40.52	45.83	39.01	62.67	35.24	41.91	34.0	44.4	55.02	55.71	54.65	68.08	66.21	38.41	65.24	50.5	71.22	63.58	68.54	70.44
150	5.172	22.3	55.86	18.83	53.74	19.44	60.84	17.98	55.7	18.93	74.52	30.64	56.62	28.27	71.46	40.62	45.77	38.95	63.29	35.11	42.12	33.86	44.92	55.05	55.83	54.49	68.29	66.09	38.54	64.9	50.71	71.15	63.66	68.12	70.64
151	5.207	22.32	55.69	18.86	53.58	19.38	60.7	18.03	55.62	18.81	74.52	30.66	56.58	28.23	71.65	40.5	45.6	38.97	63.82	34.83	42.42	33.59	45.4	55.03	55.82	54.44	68.33	65.96	38.66	64.76	50.63	70.96	63.84	68.04	70.79
152	5.241	22.39	55.77	18.9	53.6	19.43	60.81	17.9	55.46	18.68	74.59	30.51	56.27	28.05	71.78	40.42	45.54	39.05	64.49	34.64	42.75	33.36	45.86	55.05	55.83	54.42	68.57	65.96	38.83	64.85	51.0	70.96	64.05	68.22	70.89
153	5.276	22.29	55.94	18.88	53.83	19.29	61.01	18.15	55.69	18.67	74.77	30.6	56.33	27.95	72.07	40.28	45.36	38.96	65.29	34.17	42.58	32.86	46.16	55.08	55.91	54.33	68.76	65.78	39.5	64.97	51.77	70.9	64.21	68.78	71.18
154	5.31	22.02	56.55	18.44	54.6	19.21	61.73	17.25	56.72	18.56	75.7	29.72	57.06	27.6	72.9	39.82	45.62	39.05	66.07	34.05	43.03	33.21	47.03	54.66	55.95	54.28	69.0	65.62	40.11	65.15	52.48	70.86	64.37	69.28	71.32
155	5.345	22.16	56.63	18.53	54.78	19.49	61.81	16.94	57.11	18.59	75.96	29.24	56.9	26.99	73.61	39.27	45.17	38.38	68.16	33.8	42.21	32.77	48.34	54.6	55.6	54.26	69.26	65.68	39.91	65.64	52.79	70.78	64.21	69.9	71.13
156	5.379	21.14	49.58	18.66	48.64	18.29	54.06	19.0	53.62	17.89	68.94	30.94	55.09	25.86	70.58	40.45	44.39	37.95	69.5	31.7	39.06	30.84	51.4	54.72	56.98	53.3	69.52	63.94	44.16	65.3	55.63	70.83	63.35	72.15	70.44
157	5.414	21.82	49.18	19.66	48.0	18.92	53.29	20.3	52.48	18.38	67.45	31.61	54.15	25.69	70.23	40.45	44.41	37.4	72.16	32.57	39.26	31.29	55.12	54.81	57.22	52.76	69.93	63.67	44.38	64.46	55.79	70.71	64.07	71.21	70.53
158	5.448	20.61	52.92	18.06	50.2	17.42	57.68	19.07	51.86	16.77	71.37	31.7	53.42	24.79	71.59	41.11	44.21	36.27	72.64	34.36	39.97	30.1	56.69	55.62	56.3	51.98	70.31	66.22	41.39	63.99	53.96	72.24	66.06	68.81	70.84
159	5.483	20.16	52.91	17.71	50.21	16.93	57.62	18.92	52.0	16.24	71.37	31.62	53.76	24.36	71.81	41.4	44.51	36.11	72.83	34.83	40.13	29.84	57.11	55.67	56.57	51.78	70.51	66.19	41.45	63.67	53.86	72.38	66.37	68.38	71.01
160	5.517	21.86	49.94	19.09	47.96	18.83	54.43	18.49	51.47	17.19	69.2	30.8	54.06	25.04	71.31	41.52	45.35	37.0	71.91	37.42	42.32	30.73	55.85	55.4	56.29	52.89	69.9	66.4	40.37	64.33	52.3	71.09	65.65	67.92	71.39
161	5.552	20.95	51.16	17.98	49.14	17.99	55.74	16.99	52.46	16.14	70.5	29.52	54.91	23.91	72.16	41.22	46.44	36.45	71.73	37.93	43.4	30.68	54.21	55.02	56.44	52.56	70.31	66.38	40.21	64.5	52.49	71.1	66.09	68.21	71.7
162	5.586	20.7	51.41	17.4	49.73	18.09	56.18	16.05	53.36	16.87	71.02	28.76	55.55	24.71	71.61	40.99	46.98	36.83	69.71	38.38	43.23	30.3	52.45	54.66	56.03	53.36	69.51	66.44	40.04	65.58	52.1	71.17	65.32	70.05	71.25
163	5.621	20.78	50.05	17.38	48.55	18.04	54.94	15.85	52.71	16.65	70.33	28.72	55.28	24.67	70.75	41.09	46.38	36.8	67.6	38.22	42.63	30.49	50.17	54.72	55.9	53.46	69.12	66.57	40.13	65.74	51.8	71.13	64.72	70.14	71.22
164	5.655	21.03	50.91	17.46	49.58	18.28	56.1	15.78	53.91	17.09	71.83	28.71	55.84	25.43	71.24	40.71	45.78	37.23	66.56	37.51	41.83	30.5	48.72	54.57	56.35	53.73	69.44	66.47	40.18	65.53	51.7	71.11	64.64	69.72	71.36
165	5.69	21.86	54.68	18.28	53.12	19.14	59.8	16.42	56.42	17.9	74.58	28.71	57.27	26.17	72.36	39.33	46.25	37.36	65.44	36.17	41.69	31.42	47.15	54.33	56.65	53.77	69.61	66.26	40.1	65.32	51.99	71.38	64.64	69.45	71.55
166	5.724	21.72	54.23	18.37	52.47	18.63	59.47	17.5	55.5	17.66	74.27	30.14	56.92	26.56	71.8	40.15	45.35	37.58	63.76	35.05	41.25	31.53	46.15	55.05	57.22	53.74	69.92	66.48	40.54	65.3	52.42	71.61	64.59	69.46	71.87
167	5.759	21.26	54.15	17.94	52.36	18.12	59.45	17.32	55.44	17.29	74.42	30.14	57.21	26.55	71.93	40.08	45.09	37.6	62.86	34.71	40.75	31.3	45.32	55.21	57.55	53.82	70.16	66.49	40.35	65.08	52.22	71.86	64.68	69.1	71.8
168	5.793	21.19	54.23	17.85	52.41	18.04	59.58	17.23	55.45	17.19	74.55	30.25	57.33	26.43	71.82	40.33	44.81	37.27	61.85	34.74	40.47	30.89	44.71	55.13	57.73	53.53	70.19	66.49	40.29	64.65	51.98	71.8	64.97	68.44	71.85
169	5.828	20.91	54.27	17.57	52.4	17.77	59.57	16.8	55.45	16.73	74.54	29.84	57.56	25.98	71.9	40.26	45.71	37.41	61.74	35.49	41.42	31.76	44.49	54.97	57.95	53.29	70.41	66.47	40.09	64.6	51.87	71.64	65.22	68.13	71.97
170	5.862	21.02	53.96	17.74	52.13	17.83	59.19	17.11	55.26	16.75	74.13	30.19	57.53	26.09	71.63	40.72	46.11	37.67	61.8	35.58	41.52	31.89	44.65	55.17	58.02	53.34	70.26	66.35	40.41	64.36	51.88	71.45	65.15	67.79	71.89
171	5.897	21.46	53.82	18.86	52.76	18.15	58.55	19.25	56.91	17.62	73.03	31.43	58.51	27.24	71.01	40.89	48.03	37.65	61.71	35.5	42.18	30.64	44.5	54.16	59.0	53.05	69.89	63.4	43.54	63.62	54.73	69.87	63.51	68.82	71.69
172	5.931	20.71	53.15	17.54	51.42	17.42	58.5	17.34	54.89	16.46	73.82	30.76	57.38	25.96	71.72	41.59	46.09	37.9	62.43	35.9	42.44	31.87	45.5	55.02	58.54	52.55	70.61	65.84	41.04	62.67	52.24	70.83	65.64	65.53	72.34
173	5.966	21.13	53.3	18.5	52.29	17.62	58.26	19.14	56.71	17.17	73.3	31.38	58.58	26.96	71.6	41.12	47.84	37.46	62.62	35.54	42.84	30.16	45.41	54.33	59.8	53.09	70.96	63.31	44.5	63.65	55.96	70.26	63.23	69.35	72.06
174	6.0	21.1	53.54	18.44	52.49	17.64	58.49	18.99	56.8	17.15	73.44	31.48	58.65	26.86	71.67	41.26	47.65	37.17	62.3	35.49	42.87	30.19	45.18	54.45	60.57	52.92	71.64	63.21	44.57	62.74	55.9	69.82	63.71	67.76	72.31
175	6.034	20.92	53.71	18.24	52.65	17.42	58.69	18.94	56.85	17.03	73.59	31.36	58.79	26.81	71.74	41.11	47.65	37.08	62.19	35.46	42.89	30.07	45.52	54.3	60.59	52.9	71.69	63.32	44.99	63.46	56.35	69.56	63.88	68.68	72.58
176	6.069	21.06	53.93	18.42	52.86	17.61	58.85	19.04	56.99	17.17	73.61	31.43	58.91	26.78	71.88	41.02	47.63	37.03	62.24	35.03	43.25	29.93	45.5	54.31	61.02	52.79	72.11	63.28	44.73	63.15	56.05	69.74	64.39	68.44	72.82
177	6.103	20.9	53.81	18.27	52.79	17.43	58.75	19.01	57.05	17.04	73.63	31.44	58.93	26.78	71.96	41.1	47.7	37.17	62.53	35.04	43.36	29.93	45.78	54.44	60.72	52.91	71.82	63.22	44.88	63.12	56.2	69.5	64.24	68.21	72.79
178	6.138	20.98	53.49	18.37	52.47	17.58	58.34	18.93	56.82	17.04	73.18	31.36	58.75	26.65	71.84	41.16	47.88	37.3	62.97	35.27	43.63	30.03	46.16	54.28	60.91	52.68	71.96	63.11	45.0	62.72	56.15	69.19	64.52	67.54	72.81
179	6.172	20.7	53.06	18.08	52.08	17.23	57.93	18.65	56.66	16.65	73.04	31.22	58.71	26.45	71.81	41.34	47.93	37.36	63.06	35.61	43.57	29.79	46.12	54.4	61.01	52.79	72.04	63.09	45.12	62.77	56.1	69.12	64.48	67.59	72.8
180	6.207	20.46	52.48	17.78	51.59	17.06	57.31	18.02	56.49	16.28	72.65	30.57	58.61	26.02	71.79	41.15	48.08	37.51	63.52	35.87	43.79	30.18	46.43	54.11	60.7	52.75	71.87	63.18	45.06	63.24	56.05	68.84	64.32	67.87	72.62
181	6.241	20.14	51.6	17.37	50.77	16.9	56.31	17.24	55.92	15.98	71.73	29.97	58.18	25.54	71.45	41.25	47.95	37.53	64.15	36.19	43.66	30.26	46.83	54.04	60.13	52.86	71.42	63.31	45.22	63.56	56.07	68.46	64.62	68.12	72.67
182	6.276	20.51	50.94	17.91	50.22	17.28	55.41	17.95	55.63	16.29	70.72	30.46	58.05	25.57	71.24	41.53	48.08	37.59	64.82	36.31	44.15	30.25	47.05	54.4	60.23	52.95	71.4	63.46	45.45	63.61	55.97	68.1	64.75	67.83	72.77
183	6.31	20.96	49.88	18.4	49.24	17.68	54.25	18.32	54.95	16.45	69.68	30.61	57.73	25.51	70.67	41.68	47.97	37.54	64.58	36.56	43.92	30.05	47.22	54.58	59.77	53.12	70.85	63.74	45.64	64.28	55.96	68.21	64.44	68.69	72.61
184	6.345	20.49	48.86	17.4	47.68	17.1	53.67	17.04	52.82	15.61	69.76	30.32	56.74	24.67	70.28	42.38	47.21	37.67	64.44	37.2	44.24	31.21	47.88	55.77	59.0	53.26	70.92	66.75	43.86	65.22	54.0	69.7	65.43	68.34	73.27
185	6.379	20.62	48.77	17.55	47.6	17.21	53.52	17.28	52.81	15.82	69.61	30.7	57.01	24.87	70.32	42.72	47.27	37.57	64.11	37.26	44.56	31.29	47.64	56.0	59.19	53.42	70.96	66.49	43.88	64.93	53.84	69.74	65.54	68.36	73.42
186	6.414	21.25	48.42	18.78	47.85	17.94	52.47	18.62	54.09	16.62	67.95	30.74	57.68	25.55	69.53	42.06	48.44	37.25	63.2	36.17	44.21	30.02	46.1	54.6	59.97	53.37	70.54	63.17	45.8	64.64	55.7	68.01	63.39	69.75	72.4
187	6.448	21.01	48.48	18.58	47.89	17.73	52.6	18.55	54.08	16.51	68.07	31.05	57.78	25.4	69.62	42.22	48.63	36.87	63.04	35.96	44.74	29.59	46.14	54.89	61.35	53.15	71.82	62.94	45.85	63.49	55.68	67.93	64.22	68.42	72.8
188	6.483	20.93	48.56	18.52	47.96	17.62	52.63	18.48	54.21	16.36	68.09	30.99	58.18	25.24	69.73	42.25	49.1	36.74	63.14	35.87	44.94	29.51	46.41	54.46	62.34	52.66	72.61	62.62	46.72	63.03	56.08	67.92	64.97	68.19	73.26
189	6.517	20.76	48.79	18.38	48.12	17.32	52.92	18.62	54.14	16.15	68.4	31.13	58.11	25.13	70.05	42.23	49.0	36.5	63.91	35.34	45.15	29.04	46.91	54.73	62.47	52.84	73.01	62.74	47.63	63.67	57.22	68.2	65.71	69.46	74.22
190	6.552	20.75	48.88	18.41	48.22	17.33	53.0	18.72	54.28	16.22	68.42	31.04	58.41	25.11	70.26	42.15	49.34	36.55	64.17	35.19	45.31	29.23	47.13	54.34	62.76	52.49	73.27	62.24	48.65	63.32	58.35	68.36	66.5	69.69	75.03
191	6.586	20.69	49.0	18.4	48.35	17.3	53.14	18.74	54.48	16.26	68.61	30.94	58.33	25.09	70.47	42.19	49.31	36.53	64.81	35.47	45.56	29.2	47.34	54.31	62.92	52.5	73.59	62.14	49.22	63.16	59.26	68.94	66.76	69.91	75.56
192	6.621	20.88	49.03	18.65	48.37	17.57	53.07	18.8	54.47	16.52	68.37	30.65	58.2	25.2	70.7	42.19	49.47	36.83	65.79	35.57	45.67	29.54	47.8	54.11	62.77	52.74	73.67	61.11	49.31	63.11	59.93	69.19	66.42	71.01	75.42
193	6.655	21.21	49.31	19.03	48.49	17.78	53.54	19.32	54.29	16.95	68.78	30.33	57.69	25.32	70.89	42.05	49.05	37.11	65.96	35.76	45.77	29.77	48.27	54.04	61.58	52.74	72.88	60.12	48.86	61.91	60.44	71.59	64.35	71.27	73.87
194	6.69	21.74	49.13	19.6	48.32	18.54	53.19	19.45	54.12	17.16	68.27	30.51	57.25	25.4	71.14	42.64	49.33	36.92	66.73	36.47	45.97	30.36	48.13	53.85	61.7	52.74	73.6	59.77	46.8	62.19	60.85	70.71	61.43	71.11	72.86
195	6.724	21.55	50.18	18.86	48.76	18.13	54.6	18.16	53.67	16.74	70.2	28.8	57.5	24.67	72.43	42.22	48.59	35.9	68.58	37.9	45.84	31.72	50.57	54.19	61.51	53.71	75.06	61.03	46.79	64.93	62.15	73.03	59.29	75.47	72.65
196	6.759	19.39	49.9	16.79	48.18	14.84	55.41	18.06	52.76	13.97	72.42	28.47	55.79	23.71	72.79	41.5	47.96	35.04	67.39	34.46	45.93	28.34	49.45	53.34	58.85	52.95	73.76	58.95	44.91	66.83	63.81	73.13	52.4	79.52	69.59
197	6.793	19.16	49.87	16.63	48.07	14.56	55.3	18.0	52.65	13.49	72.24	27.74	55.81	23.27	73.11	41.45	48.54	34.89	67.69	34.48	46.0	28.27	49.43	51.65	58.32	51.59	73.37	56.2	44.79	65.71	64.88	69.84	49.59	77.88	68.68
198	6.828	18.94	50.29	16.72	48.33	14.45	55.47	18.17	52.73	13.29	71.9	28.01	55.98	22.68	72.87	41.63	48.68	34.47	67.42	34.15	45.76	28.06	49.19	51.26	59.03	50.81	73.77	54.49	45.42	65.04	64.93	69.41	52.2	79.5	70.08
199	6.862	18.57	50.31	16.39	48.34	14.21	55.52	17.9	52.69	13.28	71.84	28.22	56.31	22.63	72.88	41.77	48.83	34.58	67.42	34.43	46.11	28.13	49.52	51.71	59.88	50.98	74.35	54.82	45.59	64.54	64.16	70.59	54.65	79.96	70.77
200	6.897	18.96	50.47	16.63	48.48	14.48	55.81	17.89	52.58	13.37	72.21	28.42	56.08	22.91	72.91	41.6	48.59	34.85	67.81	34.16	46.2	28.26	49.74	52.71	59.76	51.8	74.29	56.16	45.24	64.61	63.14	72.07	54.68	79.44	69.68
201	6.931	19.71	50.38	16.88	48.8	15.23	55.96	17.04	53.71	13.68	73.48	28.49	56.99	23.2	73.52	42.12	48.1	35.18	68.22	35.57	46.04	29.39	50.28	55.48	61.85	54.41	76.69	62.19	47.05	67.9	63.9	77.6	60.05	81.71	74.73
202	6.966	19.93	50.65	17.02	49.01	15.63	56.23	16.81	53.78	14.12	73.56	27.92	56.62	23.49	73.75	42.36	48.48	35.38	68.78	36.49	46.86	29.94	50.5	54.4	61.1	54.07	76.26	60.66	45.23	67.3	63.45	76.94	57.63	81.53	73.34
203	7.0	19.79	50.75	16.94	49.14	15.64	56.27	16.55	54.03	14.0	73.52	27.38	56.7	23.4	74.29	42.4	48.11	35.16	68.8	36.87	46.79	29.9	50.31	53.38	61.51	53.37	76.72	57.7	44.33	64.71	63.5	74.56	54.97	78.51	71.66
204	7.034	19.69	50.81	16.93	49.13	15.55	56.3	16.65	53.91	13.82	73.42	27.5	56.56	23.11	74.22	42.79	48.32	35.06	68.84	36.92	46.54	29.87	50.09	53.3	61.66	53.02	77.0	57.77	45.11	64.83	64.75	75.3	56.78	79.4	73.5
205	7.069	19.71	50.99	16.96	49.3	15.66	56.41	16.54	54.08	13.9	73.42	27.72	57.01	23.13	74.37	42.81	48.35	35.12	68.7	36.47	46.53	29.86	49.93	53.59	62.12	53.18	77.16	57.74	45.2	64.64	63.95	74.94	57.83	79.22	73.38
206	7.103	19.85	50.85	17.05	49.2	15.83	56.31	16.55	54.08	14.11	73.37	27.49	56.81	23.37	74.18	42.76	48.34	35.13	68.59	36.96	46.5	29.9	50.06	52.97	61.89	52.84	76.85	56.82	44.72	63.72	63.61	74.31	56.95	78.18	72.97
207	7.138	19.35	50.98	16.83	49.08	15.06	56.45	17.58	53.35	13.84	73.01	27.87	56.05	23.5	73.37	42.29	48.47	35.2	67.58	35.42	45.98	29.08	49.19	52.21	59.46	52.01	74.25	54.8	44.31	63.21	63.72	72.48	52.24	77.96	68.81
208	7.172	18.96	51.12	16.43	49.25	14.6	56.5	17.51	53.59	13.6	73.07	27.34	56.41	23.32	73.71	41.94	49.15	35.15	68.17	35.38	45.76	28.96	49.55	51.44	58.87	51.9	73.84	53.27	43.59	64.5	63.94	69.21	46.31	79.07	65.22
209	7.207	18.92	51.09	16.06	49.34	14.54	56.69	16.85	53.57	13.56	73.41	26.99	56.88	23.68	73.63	41.26	49.34	35.34	68.08	35.18	45.38	28.76	49.96	52.23	57.44	52.94	71.97	53.55	41.39	64.08	59.91	68.78	38.55	77.45	56.18
210	7.241	18.52	51.24	15.41	49.4	14.06	57.27	15.93	53.39	13.06	74.48	26.48	56.41	23.59	74.02	40.72	48.52	35.11	68.05	34.87	45.45	28.45	50.08	53.01	56.94	53.99	72.18	54.81	39.1	65.16	58.32	71.72	37.19	79.49	54.58
211	7.276	18.28	50.97	14.97	49.27	13.63	57.21	15.47	53.35	12.54	74.88	26.46	56.05	23.5	73.87	40.69	47.48	35.22	68.06	34.77	45.25	28.02	50.38	54.1	55.82	54.9	71.26	57.9	37.76	66.74	56.31	73.96	34.65	79.68	51.58
212	7.31	18.13	50.23	14.85	48.64	13.64	56.43	15.57	52.84	12.77	74.05	26.97	54.88	23.52	72.79	41.55	46.77	35.53	67.72	35.11	45.16	27.91	50.26	54.64	54.76	55.0	70.45	61.11	38.46	68.6	57.53	75.95	38.55	80.64	55.41
213	7.345	18.02	50.16	14.68	48.75	13.86	56.46	14.76	53.08	13.01	73.99	27.07	55.08	23.47	72.53	41.29	46.49	35.72	67.41	35.15	45.28	27.87	50.25	55.37	55.2	55.63	70.36	60.88	35.67	67.5	52.96	76.4	36.84	80.49	50.73
214	7.379	19.5	51.95	16.83	49.99	15.8	57.34	17.56	53.64	15.41	72.99	28.73	56.17	25.21	72.24	40.31	48.44	36.14	67.72	33.72	45.46	29.25	50.47	54.8	55.22	54.68	68.82	58.15	36.91	63.57	51.74	75.02	39.31	75.88	49.81
215	7.414	21.19	51.94	18.65	50.4	17.67	56.57	18.79	54.84	17.41	71.4	29.55	58.56	26.96	72.68	40.05	50.21	36.9	68.16	34.71	45.45	29.94	49.54	53.33	60.45	54.07	71.63	54.14	43.35	59.65	54.07	67.54	47.31	70.34	54.99
216	7.448	20.27	51.05	17.61	50.08	16.68	55.78	17.4	55.53	16.05	71.53	28.85	58.67	25.63	72.56	40.19	48.76	36.47	67.63	35.11	45.75	29.92	49.17	51.49	60.58	51.19	71.28	53.44	42.29	54.87	52.64	63.49	48.2	61.22	58.02
217	7.483	19.88	50.25	18.08	50.41	16.07	55.4	20.26	58.12	16.37	72.35	30.88	60.47	24.88	70.98	40.08	48.16	35.69	63.42	34.23	44.59	30.12	48.31	50.98	61.35	48.02	70.24	54.61	44.89	54.11	52.77	62.5	50.14	59.21	60.26
218	7.517	20.69	51.21	18.44	50.91	17.21	55.38	18.79	57.78	16.81	71.17	31.16	59.91	26.21	72.43	40.91	48.67	36.41	65.47	34.5	45.87	29.33	47.51	51.81	63.86	50.21	72.97	51.97	44.25	51.39	54.05	57.98	52.97	55.02	64.43
219	7.552	20.72	52.07	18.72	50.76	17.36	55.87	19.02	55.46	16.48	69.76	30.14	59.71	25.06	71.52	40.49	48.43	35.3	64.86	35.0	46.2	29.71	49.37	50.05	63.22	48.38	72.76	52.83	47.88	53.02	56.88	61.85	58.3	60.12	66.47
220	7.586	20.92	51.95	18.68	50.92	17.63	55.96	18.73	55.88	16.79	70.14	30.0	60.24	25.56	71.35	40.56	49.15	36.06	63.19	34.95	46.34	29.55	48.55	51.14	63.48	50.0	73.07	54.89	47.68	55.81	57.35	63.37	55.22	62.79	64.14
221	7.621	21.54	51.41	19.45	50.41	18.34	55.19	19.57	55.66	17.46	69.4	31.01	60.1	25.86	70.48	41.4	49.16	36.61	61.68	35.48	45.37	29.73	47.19	52.65	63.98	50.98	73.54	58.79	46.79	58.76	56.15	67.55	57.51	66.09	66.05
222	7.655	19.65	50.53	17.17	49.87	16.44	55.45	17.23	55.85	15.82	71.5	29.08	58.84	24.71	71.09	41.29	49.21	36.42	62.12	34.71	45.14	28.74	45.59	54.38	62.31	53.09	73.9	62.16	42.48	62.39	55.55	77.38	55.09	73.21	65.48
223	7.69	18.68	50.28	15.92	48.98	15.17	55.55	15.28	54.18	13.18	72.24	27.75	58.38	21.76	71.87	41.97	49.16	35.35	63.49	35.74	44.85	29.34	47.39	54.87	62.36	52.07	75.61	65.75	44.94	64.04	59.25	81.72	58.56	75.54	68.92
224	7.724	19.91	51.49	17.6	49.98	16.34	56.56	18.47	54.83	15.33	72.53	30.4	58.52	23.73	71.63	42.3	49.37	35.94	63.79	34.94	45.34	29.57	47.35	56.21	63.18	52.33	75.72	66.85	49.69	63.08	62.61	83.94	65.03	74.59	74.14
225	7.759	22.71	51.13	20.27	49.79	19.45	55.16	19.96	54.71	17.89	70.03	31.89	59.71	25.94	71.27	43.72	49.82	37.71	64.22	38.07	45.78	32.62	49.2	56.89	65.08	54.04	76.32	67.49	51.18	64.18	61.43	78.34	68.97	72.0	76.44
226	7.793	22.84	50.81	20.26	49.69	19.8	54.89	19.86	54.83	18.56	69.83	32.21	59.56	26.8	70.98	44.02	49.81	38.84	64.02	38.87	46.12	33.46	48.51	57.66	65.07	55.43	76.3	69.23	49.58	67.14	59.62	77.26	68.99	73.62	76.11
227	7.828	21.69	50.39	19.18	49.25	18.46	55.11	19.55	54.49	17.92	70.7	31.51	58.35	26.61	71.28	44.03	49.36	39.69	64.79	37.35	45.42	32.77	47.09	57.26	63.33	55.27	75.4	67.01	49.89	66.65	61.86	80.48	67.37	77.2	75.88
228	7.862	23.85	51.15	21.49	49.98	20.98	55.09	21.07	54.98	19.89	69.68	32.75	58.91	27.75	71.65	44.86	49.42	39.48	66.19	40.15	46.16	34.16	49.32	57.52	63.12	56.07	75.02	67.36	46.73	67.55	58.8	77.88	63.02	76.41	71.65
229	7.897	22.81	51.0	20.3	50.36	19.53	55.5	20.53	56.11	19.13	71.12	32.23	58.34	28.48	71.93	43.11	48.51	39.92	65.36	37.68	45.77	31.73	46.94	58.37	61.18	58.04	73.18	65.98	43.48	68.29	56.25	76.23	56.64	76.73	66.92
230	7.931	21.17	51.86	18.1	50.53	17.18	57.41	17.96	55.22	16.14	74.07	30.84	57.92	25.69	73.14	42.7	47.75	37.35	66.55	36.13	45.26	30.66	48.6	56.3	60.61	55.06	73.38	61.99	41.12	64.67	53.44	73.52	46.21	74.62	56.18
231	7.966	22.8	52.64	19.72	51.35	18.84	57.74	19.47	56.18	18.33	73.64	30.78	58.76	29.23	73.11	40.91	50.08	38.9	66.96	35.66	45.66	31.02	48.97	55.18	58.16	56.6	69.18	55.73	38.84	61.05	49.87	65.64	38.65	67.35	48.73
232	8.0	22.37	52.16	19.39	50.77	18.11	57.36	19.36	56.06	17.24	74.05	30.32	59.13	28.26	74.73	40.18	49.24	37.99	67.24	34.97	45.47	30.14	48.77	53.68	58.16	54.67	69.61	52.7	39.23	57.8	51.81	61.95	38.25	62.36	50.57
233	8.034	20.46	52.8	17.6	51.22	16.54	58.01	17.85	55.87	16.02	73.85	27.96	59.37	26.8	74.62	38.85	50.96	36.96	68.11	34.26	46.0	29.46	49.62	49.95	56.87	51.21	68.1	48.52	39.4	53.52	52.22	60.58	35.65	59.36	47.42
234	8.069	18.91	52.25	16.09	51.14	14.96	57.79	16.89	56.1	14.75	73.93	27.65	58.68	25.39	73.93	39.43	49.47	35.21	67.05	33.45	45.26	27.98	48.37	48.19	58.26	48.57	69.31	45.82	40.29	49.86	53.43	56.9	39.67	55.41	52.85
235	8.103	19.68	53.06	16.8	51.73	15.87	58.11	16.91	56.36	15.68	73.47	26.98	59.5	26.39	73.98	37.69	50.74	36.64	66.74	32.55	45.01	27.72	47.51	48.63	56.62	50.53	67.34	47.13	37.39	52.9	50.32	59.24	34.77	60.01	47.31
236	8.138	18.53	52.89	15.5	51.68	14.76	58.69	15.81	56.32	14.67	74.74	26.69	59.38	25.46	74.01	38.34	49.55	35.06	65.86	32.4	44.85	27.84	48.14	47.13	57.86	48.25	68.68	45.22	38.54	50.29	50.88	57.38	38.63	57.29	50.3
237	8.172	19.19	53.57	16.25	52.24	15.35	59.1	16.89	56.4	15.27	74.43	27.38	59.8	25.84	72.76	37.78	50.25	35.58	63.32	31.88	43.77	27.86	46.4	49.33	55.36	50.46	65.8	49.19	37.0	55.54	48.43	61.65	31.14	64.01	41.97
238	8.207	19.52	53.54	16.65	52.2	15.68	58.78	17.04	56.52	15.36	74.08	27.88	59.58	25.84	72.49	38.83	50.22	36.31	63.29	33.06	43.31	28.38	45.69	51.19	57.11	51.9	67.67	52.05	39.06	57.06	50.4	64.81	37.13	65.58	47.28
239	8.241	18.53	53.05	16.01	51.27	14.54	58.51	17.08	55.08	13.67	74.08	28.07	59.29	23.67	72.56	38.78	49.84	35.54	63.81	33.3	42.93	29.4	47.31	53.09	55.21	52.21	67.1	56.04	36.1	61.57	47.91	71.35	32.4	73.29	40.76
240	8.276	19.25	50.82	16.22	50.44	15.34	56.31	16.64	56.89	15.04	73.79	29.32	59.98	25.94	71.97	40.11	49.07	36.31	60.42	35.16	44.23	28.69	42.98	56.48	58.9	56.86	70.63	64.01	39.22	68.38	51.73	74.72	41.99	77.12	54.17
241	8.31	17.85	50.58	14.91	49.45	14.2	56.52	14.5	54.96	12.55	74.2	27.45	58.68	22.28	71.82	41.1	48.79	35.79	60.47	36.14	43.38	29.6	44.27	56.93	58.25	55.76	71.99	67.19	39.65	71.92	54.13	83.55	46.06	86.08	56.0
242	8.345	19.32	50.72	16.85	49.51	15.61	56.14	17.67	55.0	14.61	73.18	29.7	59.05	23.61	72.12	42.28	48.95	36.52	61.77	36.32	43.46	30.31	44.66	58.07	62.02	55.36	75.56	70.01	46.96	70.09	62.08	86.95	58.81	82.9	69.86
243	8.379	20.38	50.35	17.94	49.28	16.5	55.48	19.01	55.12	15.86	72.54	30.44	60.24	24.86	72.17	42.5	49.17	37.54	61.32	35.99	42.97	30.65	44.83	59.17	64.28	57.02	77.53	72.13	52.41	73.3	66.91	89.16	64.82	87.02	76.76
244	8.414	20.46	50.43	18.21	48.63	16.23	55.47	18.1	53.93	13.42	72.67	29.52	60.43	21.95	73.68	43.73	49.34	37.7	63.96	37.93	42.1	34.32	46.14	57.4	65.55	53.95	79.64	68.17	56.16	70.52	70.61	87.01	70.67	87.12	81.2
245	8.448	21.66	50.29	19.31	48.64	17.54	55.28	19.41	53.96	15.16	72.24	30.81	60.19	23.71	73.04	44.89	49.35	38.79	63.78	39.32	42.5	34.93	46.3	58.22	64.74	55.04	78.43	70.07	57.7	71.97	71.65	87.34	71.05	87.33	81.73
246	8.483	21.9	50.17	19.49	48.66	17.81	55.35	19.7	54.12	15.61	72.59	31.1	59.77	24.19	73.2	45.07	48.51	38.92	63.78	38.9	41.27	34.29	45.57	59.05	64.45	56.18	78.7	71.2	56.45	73.95	71.79	88.37	67.84	89.52	79.89
247	8.517	21.76	50.23	19.48	48.46	17.85	55.27	20.34	53.55	16.46	72.11	31.99	59.23	25.2	72.69	44.41	48.56	39.41	63.52	37.12	42.16	33.77	45.99	60.29	63.69	57.51	77.97	73.13	51.86	75.82	66.91	90.45	66.61	91.03	77.34
248	8.552	21.27	50.15	18.88	48.49	17.47	55.34	19.18	53.55	15.73	72.2	31.48	57.96	24.83	71.91	44.03	47.76	39.55	62.5	37.36	41.99	34.18	45.17	59.79	63.28	56.66	77.19	70.35	45.96	71.12	60.88	85.64	61.66	82.89	71.44
249	8.586	21.85	49.73	19.16	49.14	18.54	55.09	19.36	55.38	18.11	72.23	32.06	58.09	27.45	71.16	43.82	47.1	39.41	60.71	37.37	41.55	32.42	42.78	60.03	62.12	59.19	75.21	70.16	40.66	73.29	55.55	83.48	53.38	84.6	64.76
250	8.621	21.94	49.98	18.81	49.68	17.99	55.8	18.75	56.1	17.06	73.6	31.42	58.75	27.14	71.59	42.87	47.22	38.9	60.5	37.04	42.17	31.79	43.15	58.03	59.39	57.63	71.51	65.36	38.08	69.66	50.83	75.04	41.45	78.19	53.43
251	8.655	22.22	50.35	19.76	49.46	18.05	55.32	21.36	55.43	17.91	71.91	31.65	58.97	28.68	71.15	41.13	47.54	38.92	60.67	35.28	41.14	31.84	43.81	56.48	57.32	56.06	68.0	58.75	39.63	61.54	51.33	68.76	41.35	65.7	53.74
252	8.69	21.12	50.12	18.4	49.18	16.83	55.89	19.49	55.12	16.36	73.33	30.2	59.8	27.32	73.94	40.58	48.2	38.5	63.76	34.63	42.67	31.94	44.68	53.14	58.15	52.72	69.25	52.13	38.33	54.86	50.82	63.62	38.82	60.39	51.29
253	8.724	20.68	51.27	17.95	50.5	16.88	56.27	18.05	56.7	16.47	72.68	28.13	61.19	27.54	72.94	38.56	49.38	38.76	61.38	33.69	40.99	30.31	43.47	51.53	58.28	53.03	68.09	50.62	39.98	55.17	51.19	64.29	34.5	62.43	46.65
254	8.759	19.83	51.94	17.12	51.06	16.21	57.13	17.46	56.12	15.98	72.47	27.84	59.67	26.06	70.82	37.96	49.26	36.28	60.09	32.42	41.12	28.96	43.49	50.24	57.3	50.96	66.93	50.64	38.11	55.43	48.59	63.74	32.72	64.09	43.09
255	8.793	17.95	51.08	15.24	49.81	13.99	57.01	15.79	54.1	12.53	73.2	26.73	57.38	22.25	69.81	36.72	46.71	34.93	57.89	29.97	40.52	30.21	39.98	52.44	53.13	51.31	65.45	58.77	32.27	64.07	44.9	73.18	26.65	75.47	36.1
256	8.828	19.1	50.52	16.18	50.35	15.27	55.89	16.47	56.42	14.49	72.48	28.58	58.03	24.15	69.31	38.3	45.39	33.64	57.02	30.0	39.41	25.41	40.83	53.76	58.45	53.04	69.49	60.87	42.04	64.38	53.73	68.45	46.68	71.27	59.12
257	8.862	18.01	50.08	15.4	48.79	13.9	55.61	16.05	53.59	11.7	72.44	28.43	56.39	20.77	69.13	37.73	44.87	33.3	57.96	29.61	37.68	26.48	41.74	56.7	57.99	52.77	71.28	69.52	41.83	69.85	55.01	77.61	53.91	76.88	64.16
258	8.897	18.14	49.88	15.77	48.47	13.97	55.29	16.26	53.55	11.94	72.38	27.99	57.82	20.16	70.26	38.09	45.29	33.36	58.58	30.2	37.11	27.1	41.05	57.83	61.83	53.99	75.89	71.83	50.71	72.84	64.6	88.48	65.01	88.04	74.84
259	8.931	19.63	49.22	17.43	48.12	15.63	53.99	18.71	54.09	15.15	70.76	29.71	60.15	24.51	71.05	39.55	47.24	36.22	59.66	32.09	38.37	29.28	42.7	56.92	68.16	54.76	80.35	68.42	58.18	68.99	70.21	84.21	72.77	81.55	83.37
260	8.966	20.61	50.15	18.36	48.33	16.77	54.88	17.95	53.71	14.37	71.64	28.56	60.5	22.5	72.81	41.43	47.31	37.02	62.41	36.65	37.83	34.14	44.47	55.56	66.97	52.69	80.54	68.2	58.57	68.71	71.7	86.82	69.91	83.76	79.71
261	9.0	20.99	48.9	18.98	47.14	17.25	53.23	19.75	52.43	15.85	69.31	30.22	59.46	24.42	71.03	42.61	48.89	38.84	61.75	37.41	40.06	34.97	44.72	57.46	64.87	55.11	78.09	69.45	56.22	72.0	69.85	87.1	68.2	86.65	78.6
262	9.034	22.26	48.69	19.98	48.08	19.06	53.15	20.47	54.38	18.64	69.1	31.46	59.55	26.6	69.62	43.0	48.11	38.64	58.56	36.44	40.83	32.14	42.16	58.41	65.74	56.37	77.61	71.87	53.99	70.7	66.83	87.92	69.67	82.55	80.34
263	9.069	21.57	49.13	19.25	48.4	18.23	53.79	19.72	54.46	17.62	69.89	30.81	59.4	25.79	69.9	42.44	48.12	37.92	58.84	35.86	41.7	31.41	43.06	57.96	64.88	56.15	77.05	70.76	52.61	71.66	65.64	86.49	68.41	84.47	79.07
264	9.103	21.67	49.55	19.31	48.72	18.07	54.3	19.89	54.62	17.16	70.48	31.39	59.3	25.47	70.06	42.1	47.67	37.31	59.16	34.15	41.12	30.41	43.13	57.05	65.3	54.44	76.98	68.97	52.02	68.91	63.59	82.14	68.48	79.77	78.4
265	9.138	20.51	49.63	18.24	48.64	16.85	54.44	19.1	54.47	16.04	70.73	30.62	59.44	24.37	70.4	41.84	48.1	36.76	60.08	33.96	41.53	30.0	43.97	56.05	65.01	53.18	76.88	68.61	52.49	68.31	64.16	82.93	69.81	80.04	79.57
266	9.172	20.43	49.57	17.97	48.57	17.03	54.3	17.85	54.4	15.45	70.52	30.63	59.49	23.39	70.97	42.87	48.54	36.4	61.25	35.37	42.51	30.47	44.64	55.38	66.32	51.53	77.88	67.05	50.85	63.64	61.88	78.87	71.75	72.89	79.94
267	9.207	19.59	49.59	17.59	48.35	16.06	54.13	18.79	53.86	15.29	69.73	30.62	59.47	23.27	70.66	42.02	49.62	35.93	61.71	33.96	43.59	29.82	45.54	54.47	66.46	50.59	77.74	63.76	51.39	61.94	62.72	78.03	72.09	73.34	80.65
268	9.241	19.11	49.6	17.22	48.28	15.62	54.07	18.6	53.62	14.81	69.42	30.29	59.35	22.64	70.88	41.96	49.73	35.65	62.34	33.84	43.63	29.66	45.94	53.71	65.73	49.68	77.17	62.41	50.56	60.92	62.52	76.61	70.15	72.41	78.89
269	9.276	19.18	49.61	17.21	48.31	15.7	54.21	18.45	53.61	14.85	69.66	30.26	58.99	22.63	70.95	42.16	49.43	35.47	62.22	33.85	43.83	29.35	45.92	53.39	65.11	49.49	76.76	61.94	49.34	60.8	62.03	75.79	69.87	72.02	79.11
270	9.31	19.22	49.86	17.22	48.49	15.68	54.49	18.39	53.61	14.66	69.83	30.24	58.86	22.49	71.06	42.4	49.63	35.32	62.57	33.75	44.23	29.14	46.37	52.83	65.09	48.91	76.71	60.63	48.93	59.89	61.61	74.33	69.02	71.06	78.14
271	9.345	19.16	50.13	17.19	48.77	15.52	54.81	18.49	53.83	14.52	70.22	30.04	58.87	22.52	71.42	42.43	49.91	35.39	62.9	34.06	44.54	29.31	46.71	52.74	64.41	49.25	76.41	60.5	48.81	61.3	62.6	74.27	68.34	72.67	78.59
272	9.379	19.35	50.29	17.38	48.86	15.83	54.94	18.48	53.78	14.74	70.19	30.19	58.83	22.6	71.52	42.67	49.94	35.45	63.06	34.07	44.69	29.24	46.65	53.07	65.29	49.32	77.26	60.46	48.73	60.24	62.41	75.34	68.84	72.07	78.37
273	9.414	19.41	50.63	16.95	49.31	15.88	55.52	16.61	54.4	13.62	71.46	29.41	59.09	21.63	72.43	43.0	49.56	35.15	63.82	35.33	44.85	29.84	46.89	53.61	65.44	49.72	77.85	62.35	49.01	60.83	62.33	74.83	69.71	70.96	78.81
274	9.448	21.05	51.42	18.47	50.1	17.77	55.71	17.36	55.09	15.23	70.94	29.6	60.04	22.6	72.45	42.38	50.19	34.9	63.93	36.68	45.96	30.66	48.27	54.37	65.72	51.24	77.73	64.19	49.34	62.83	61.41	73.12	70.57	70.48	79.08
275	9.483	20.79	50.6	18.56	49.99	17.51	54.85	19.07	56.1	16.98	70.15	30.0	60.71	24.99	71.54	41.48	49.85	36.32	61.97	34.18	44.46	29.0	45.26	53.52	65.71	51.92	76.6	63.59	53.27	64.1	64.86	76.11	70.9	73.94	81.08
276	9.517	20.83	50.7	18.63	50.1	17.55	54.99	19.22	56.3	17.13	70.43	30.03	61.05	25.23	71.79	41.32	49.94	36.57	62.03	34.07	44.59	29.04	45.4	53.72	66.2	52.02	77.07	64.25	53.85	63.76	65.4	77.65	71.42	73.45	81.58
277	9.552	21.12	50.58	18.9	50.04	17.87	54.85	19.45	56.45	17.54	70.4	30.15	61.16	25.66	71.77	41.1	50.12	36.87	62.11	34.03	44.55	29.15	45.28	53.92	66.25	52.33	77.09	64.82	54.33	63.98	65.8	78.16	71.91	73.18	82.19
278	9.586	20.76	50.71	18.57	50.32	17.65	55.09	19.02	56.71	16.9	70.71	30.68	60.82	24.48	72.01	41.89	50.26	35.8	63.2	34.38	44.76	29.14	45.94	54.67	66.09	52.11	77.43	66.28	53.19	64.77	65.57	78.53	70.94	74.29	80.82
279	9.621	20.98	50.85	18.77	50.43	17.84	55.23	19.26	56.73	17.16	70.8	30.69	60.84	24.72	72.26	41.87	50.36	35.83	63.83	34.45	44.98	29.12	46.34	54.69	65.86	52.5	77.45	66.49	53.61	66.16	66.4	78.35	70.48	76.05	80.94
280	9.655	21.45	51.02	19.19	50.4	18.17	55.21	19.84	56.57	17.89	70.57	30.38	61.57	25.91	72.45	41.37	50.44	37.05	63.03	34.2	45.33	29.1	46.42	54.07	65.79	52.73	76.85	65.08	55.13	65.31	67.12	77.48	71.67	74.6	82.63
281	9.69	21.07	51.03	18.82	50.39	17.75	55.27	19.64	56.57	17.53	70.75	30.24	61.59	25.66	72.7	41.15	50.49	36.88	63.58	33.84	45.42	28.84	46.82	54.27	65.8	52.87	77.06	65.4	55.22	65.73	67.38	77.85	71.55	75.13	82.6
282	9.724	19.15	51.37	16.77	50.05	15.45	56.51	17.16	55.28	13.64	72.94	29.41	60.06	21.46	73.65	42.7	51.08	35.09	66.21	34.53	45.66	29.23	48.65	54.38	64.74	50.47	77.99	65.65	53.13	65.08	67.46	80.67	71.15	77.85	81.3
283	9.759	18.96	51.56	16.64	50.11	15.11	56.71	17.16	55.15	13.15	73.13	29.32	60.12	21.05	73.91	42.65	50.89	34.74	66.72	34.09	45.69	28.86	49.27	54.37	64.84	50.22	78.19	65.37	54.26	64.71	68.45	81.37	71.84	78.3	81.8
284	9.793	19.12	51.82	16.73	50.33	15.12	57.02	17.14	55.31	12.96	73.57	29.24	60.16	20.83	74.12	42.58	50.94	34.45	67.34	33.88	45.8	28.44	49.77	54.57	64.88	50.48	78.45	65.97	55.89	66.18	69.92	81.56	72.2	80.17	82.45
285	9.828	19.32	51.93	16.9	50.47	15.44	57.07	17.36	55.48	13.56	73.53	29.4	60.37	21.22	74.26	42.55	51.09	34.55	67.89	33.83	46.08	27.97	49.99	54.89	65.2	50.95	78.84	67.13	57.66	67.22	71.51	82.83	73.68	81.49	83.71
286	9.862	19.52	52.12	17.09	50.67	15.62	57.3	17.54	55.56	13.69	73.66	29.53	60.17	21.45	74.12	42.61	51.12	34.83	67.83	34.02	46.35	28.16	50.22	54.93	64.79	51.01	78.37	67.1	57.21	67.09	71.07	82.55	73.75	81.04	83.73
287	9.897	19.61	52.36	17.14	50.84	15.72	57.54	17.63	55.58	13.89	73.88	29.69	60.11	21.73	74.26	42.63	50.93	34.92	68.15	34.02	46.39	28.09	50.43	55.37	64.67	51.56	78.36	67.58	57.03	67.79	70.85	82.63	73.64	81.61	83.54
288	9.931	19.6	52.4	17.12	50.92	15.73	57.59	17.6	55.75	13.99	73.99	29.64	60.15	21.8	74.39	42.74	51.04	35.05	68.56	34.11	46.71	28.13	50.76	55.34	64.49	51.79	78.3	67.56	56.55	68.62	70.55	82.62	72.79	82.94	82.97
289	9.966	19.44	52.47	17.13	50.93	15.57	57.66	17.91	55.64	13.88	73.94	29.94	60.03	21.65	74.48	42.8	51.06	34.78	68.76	33.76	46.78	27.47	51.4	55.44	64.74	51.37	78.56	67.35	55.61	67.23	70.05	83.19	72.85	81.23	82.97
290	10.0	18.92	52.39	16.58	50.72	15.0	57.74	17.72	55.13	13.66	74.05	29.92	59.49	21.72	74.55	42.94	51.16	34.56	69.84	33.87	47.34	26.07	53.46	55.34	64.36	51.5	78.51	66.91	55.46	67.94	70.46	82.56	72.23	82.55	82.62
291	10.034	18.53	52.97	15.98	51.17	14.62	58.5	17.05	55.31	13.44	74.96	29.66	59.31	21.54	75.21	42.83	51.11	33.74	71.5	34.52	47.35	24.83	56.49	55.21	64.01	51.53	78.62	67.3	54.84	68.26	70.22	81.98	71.66	82.35	82.09
292	10.069	21.08	53.53	18.99	51.63	16.97	58.6	19.62	55.35	14.5	74.16	30.91	58.82	21.12	74.72	42.77	50.95	32.02	72.27	34.21	47.18	23.17	60.11	55.07	64.2	50.47	78.72	66.08	54.3	67.2	69.64	81.45	71.6	81.95	82.1
293	10.103	19.99	54.05	18.05	52.07	15.62	59.31	19.34	55.89	13.38	75.34	30.67	59.3	20.8	75.48	42.17	50.42	32.33	72.95	33.57	46.69	23.59	63.07	54.85	63.81	50.25	78.4	65.11	54.32	67.01	69.69	80.63	70.51	81.98	81.34
294	10.138	18.42	53.88	16.46	51.72	13.88	59.28	18.12	55.3	11.73	75.5	29.93	59.08	19.75	75.65	41.83	50.03	32.03	72.98	32.5	47.17	23.02	62.6	54.67	63.61	49.74	78.41	64.83	54.35	66.51	69.76	80.31	70.57	81.31	81.15
295	10.172	18.3	53.74	16.32	51.5	13.69	59.14	17.85	54.92	11.29	75.32	29.66	58.72	19.28	75.55	41.78	49.94	31.55	72.82	32.42	47.43	22.42	61.87	54.52	63.36	49.47	78.33	64.79	54.16	66.46	69.75	80.14	71.04	81.01	81.49
296	10.207	18.3	53.78	16.35	51.65	13.69	59.16	17.93	55.27	11.49	75.43	29.38	58.65	19.63	75.41	41.56	49.89	31.59	72.38	32.33	47.51	22.56	61.06	54.5	63.37	49.92	78.41	64.21	53.79	66.43	70.16	80.26	69.11	81.04	80.96
297	10.241	18.33	54.0	16.38	51.93	13.74	59.37	18.09	55.61	11.63	75.63	29.52	58.9	19.77	75.53	41.56	50.36	31.71	72.82	32.74	47.57	22.81	62.06	54.68	63.08	50.11	78.09	64.92	53.65	67.02	69.97	80.32	69.3	81.04	81.13
298	10.276	18.36	54.04	16.4	52.04	13.88	59.44	18.2	55.78	12.03	75.7	29.86	59.04	20.15	75.73	41.77	50.29	31.91	73.09	33.1	47.34	22.85	62.46	54.96	63.16	50.49	78.15	64.94	53.8	67.17	70.07	80.13	70.15	81.4	81.7
299	10.31	18.81	54.25	16.89	52.3	14.4	59.59	18.54	56.06	12.38	75.72	29.81	59.02	20.13	75.7	41.8	50.21	31.94	72.99	33.68	47.01	23.57	62.59	54.76	62.9	50.27	78.04	65.4	53.91	67.36	70.78	81.02	69.86	81.62	81.93
300	10.345	18.99	54.33	17.15	52.36	14.52	59.57	18.82	56.09	12.33	75.59	30.09	59.17	20.05	75.65	41.98	50.28	31.91	72.71	33.67	47.11	23.41	62.41	54.79	63.13	49.94	78.02	65.34	53.88	66.48	70.28	81.12	70.73	80.36	82.32
301	10.379	18.6	54.2	16.7	52.33	14.33	59.47	18.66	56.14	12.83	75.39	30.03	59.31	20.69	75.21	42.07	50.73	32.21	72.3	33.95	47.26	23.2	62.36	54.78	63.27	50.38	77.84	65.3	53.25	66.61	69.53	80.49	70.02	80.05	81.79
302	10.414	18.79	54.49	16.85	52.56	14.55	59.8	18.69	56.17	13.03	75.63	30.04	59.22	20.83	75.51	42.07	50.72	32.31	72.85	34.15	47.21	23.4	62.85	54.97	63.13	50.79	78.01	65.4	52.99	67.48	69.72	81.0	70.07	81.72	81.78
303	10.448	18.95	54.65	17.09	52.59	14.53	59.88	18.72	56.09	12.42	75.7	30.15	59.27	20.09	75.6	42.1	50.67	31.72	72.71	33.7	47.24	22.73	62.63	55.18	63.58	50.32	78.41	65.8	53.0	66.82	69.26	81.45	71.18	80.5	82.24
304	10.483	18.23	54.65	16.46	52.48	13.65	59.93	18.4	55.83	11.51	75.82	29.85	59.21	19.54	75.74	42.01	50.73	31.49	72.78	33.64	47.18	22.43	62.38	54.88	63.51	49.88	78.43	65.0	53.05	66.36	69.45	81.32	70.64	80.62	81.7
305	10.517	18.11	54.84	16.32	52.66	13.56	60.14	18.51	55.91	11.65	75.92	30.04	59.31	19.73	75.8	42.05	50.97	31.42	73.04	33.6	47.31	22.31	62.35	54.83	63.65	49.76	78.5	65.16	53.84	66.31	70.12	80.66	71.05	80.04	82.09
306	10.552	18.0	54.96	16.2	52.72	13.38	60.22	18.29	55.89	11.2	75.99	29.86	59.22	19.21	75.83	41.99	51.14	31.01	73.06	33.37	47.29	21.88	61.77	54.8	63.37	49.53	78.36	65.38	54.03	66.59	70.46	80.46	70.98	80.02	82.13
307	10.586	17.6	55.0	15.77	52.75	13.1	60.31	17.92	55.88	11.12	76.06	29.63	59.23	19.21	75.79	41.93	50.95	31.04	72.72	33.52	47.14	21.71	61.88	54.67	63.28	49.47	78.28	65.38	53.74	66.28	70.31	80.7	70.79	79.75	81.83
308	10.621	17.65	54.99	15.79	52.77	13.1	60.34	17.85	55.97	10.98	76.21	29.6	59.28	19.04	75.84	41.91	51.03	31.0	72.57	33.5	47.15	21.66	61.47	54.68	63.24	49.39	78.26	65.69	53.5	66.56	69.98	80.63	70.77	79.82	81.83
309	10.655	18.4	54.81	16.52	52.72	13.93	60.08	18.39	56.11	11.79	75.89	29.88	59.37	19.66	75.69	42.04	50.89	31.61	72.27	33.9	46.9	22.6	61.38	54.74	63.09	49.63	77.92	65.74	53.28	66.33	69.68	80.79	70.52	79.41	81.7
310	10.69	18.9	54.46	17.03	52.48	14.5	59.64	18.6	56.0	12.2	75.32	29.96	59.35	19.77	75.26	42.26	50.96	31.67	71.71	33.84	46.84	22.87	60.76	54.55	63.34	49.47	77.92	65.36	53.35	65.77	69.53	80.92	70.26	79.2	81.46
311	10.724	19.09	54.37	17.29	52.46	14.8	59.47	18.96	56.05	12.72	74.95	30.3	59.44	20.28	74.9	42.44	50.92	31.92	71.2	33.96	46.74	22.81	60.64	54.56	63.56	49.57	77.75	65.04	53.2	65.19	68.9	80.81	70.51	78.74	81.34
312	10.759	19.0	54.4	17.12	52.48	14.79	59.47	18.59	56.01	12.7	74.88	30.04	59.46	20.11	74.79	42.54	51.09	31.82	70.87	34.06	46.77	22.6	60.2	54.52	63.63	49.59	77.86	65.34	52.95	65.48	68.77	81.14	70.6	79.1	81.37
313	10.793	18.35	54.55	16.52	52.54	14.08	59.67	17.99	55.98	11.74	75.14	29.65	59.35	19.11	74.83	42.19	51.11	31.01	70.93	33.55	46.87	21.62	59.66	54.48	63.64	49.22	78.12	65.73	53.27	66.25	68.99	81.4	71.01	80.25	81.29
314	10.828	18.14	54.33	16.3	52.27	13.75	59.46	17.89	55.84	11.32	75.19	29.77	59.66	19.0	75.08	42.36	51.04	31.28	70.84	33.71	46.75	21.87	59.56	54.63	64.33	49.01	78.63	66.28	54.07	65.75	69.18	81.54	72.04	78.93	81.96
315	10.862	18.66	54.64	16.75	52.61	14.41	59.74	18.35	56.03	12.25	75.2	30.09	59.67	19.69	74.92	42.21	50.89	31.48	70.86	33.62	46.44	21.9	59.82	54.78	64.28	49.32	78.53	67.14	54.84	66.3	69.89	81.92	72.59	79.3	82.59
316	10.897	18.63	54.61	16.74	52.61	14.43	59.7	18.43	56.06	12.39	75.13	30.18	59.72	19.79	74.81	42.15	50.99	31.54	70.62	33.6	46.38	21.83	59.44	54.86	64.31	49.32	78.52	67.85	55.23	66.5	70.31	82.48	72.93	79.2	82.93
317	10.931	18.54	54.39	16.64	52.38	14.27	59.47	18.23	55.87	12.04	75.01	30.01	59.55	19.38	74.6	41.95	50.78	31.22	70.32	33.27	46.25	21.56	58.92	55.01	64.29	49.37	78.6	68.33	55.2	67.16	70.17	82.87	73.17	80.05	83.2
318	10.966	18.28	54.25	16.51	52.2	14.03	59.26	18.09	55.66	11.72	74.66	29.82	59.47	18.92	74.42	41.88	50.73	30.84	69.92	32.99	46.41	21.26	58.45	54.77	64.45	48.82	78.7	67.85	55.24	65.82	70.28	83.68	73.68	79.08	83.41
319	11.0	17.74	53.95	15.95	51.86	13.4	59.01	17.55	55.3	11.0	74.54	29.35	59.26	18.27	74.25	41.62	50.62	30.37	69.59	32.67	46.23	20.82	57.79	54.64	64.09	48.8	78.56	67.64	55.22	66.98	70.48	83.31	73.27	81.01	83.24
320	11.034	17.98	53.63	16.2	51.58	13.6	58.66	17.81	55.11	11.15	74.21	29.49	59.14	18.42	73.98	41.53	50.37	30.39	69.06	32.41	45.94	20.85	57.13	54.57	64.11	48.78	78.5	67.67	55.66	67.31	70.88	83.01	73.2	81.21	83.48
321	11.069	17.79	54.05	15.93	52.05	13.6	59.12	17.59	55.5	11.59	74.51	29.3	59.27	18.72	73.94	41.25	50.42	30.19	68.92	31.97	45.78	20.33	56.81	54.39	63.95	48.99	78.4	67.73	56.18	68.02	71.65	82.91	72.61	82.24	83.18
322	11.103	18.21	54.67	16.33	52.71	14.3	59.59	17.79	55.97	12.51	74.43	29.34	59.54	19.05	73.62	41.08	50.77	29.66	68.48	31.66	45.97	19.44	56.74	54.1	64.33	48.9	78.57	67.93	56.65	68.14	71.97	83.27	73.11	82.55	83.39
323	11.138	18.29	54.11	16.31	52.2	14.36	59.07	17.65	55.65	12.51	74.16	29.32	59.53	19.22	73.56	41.16	50.55	30.06	68.41	32.05	45.6	20.19	56.65	54.34	64.21	49.31	78.44	68.34	57.32	68.74	72.33	83.25	73.38	83.17	83.58
324	11.172	18.68	54.02	16.75	52.17	14.76	58.93	18.13	55.79	12.96	74.05	29.58	59.79	19.57	73.64	41.28	50.62	30.39	68.56	32.34	45.31	20.83	56.84	54.19	64.52	49.12	78.54	68.1	57.47	67.91	72.2	83.48	73.29	82.38	83.5
325	11.207	18.2	54.13	16.19	52.26	14.27	59.18	17.42	55.94	12.34	74.52	29.14	59.92	18.99	73.79	41.4	50.89	29.95	68.4	32.21	45.74	19.73	56.99	54.09	64.46	48.96	78.63	68.43	57.83	68.39	72.64	84.3	73.86	83.25	83.93
326	11.241	17.73	54.17	15.75	52.24	13.66	59.3	17.14	55.9	11.7	74.87	28.97	59.94	18.74	74.07	41.32	50.73	30.07	68.4	32.04	45.73	19.8	56.86	54.29	64.49	49.14	78.81	68.26	57.62	68.6	72.61	84.33	73.69	83.65	83.9
327	11.276	17.91	53.52	16.01	51.65	13.88	58.58	17.65	55.43	12.12	74.1	29.44	59.76	19.21	73.62	41.53	50.56	30.44	68.2	32.27	45.42	20.33	56.53	54.49	64.73	49.24	78.8	68.43	57.99	68.16	72.61	84.45	74.06	83.0	84.04
328	11.31	17.67	53.4	15.77	51.56	13.74	58.42	17.41	55.31	12.15	73.79	29.24	59.63	19.2	73.33	41.42	50.48	30.42	67.9	32.02	45.52	20.14	56.5	54.44	64.56	49.27	78.59	68.3	57.73	67.91	72.44	84.62	73.73	82.85	83.65
329	11.345	17.56	52.86	15.63	51.08	13.66	57.9	17.29	54.95	12.14	73.37	29.17	59.29	19.31	73.05	41.55	50.18	30.68	67.74	32.39	45.3	20.57	56.34	54.62	64.21	49.66	78.33	68.46	57.22	68.49	72.19	84.54	72.99	83.44	83.23
330	11.379	17.78	52.88	15.87	51.12	14.01	57.79	17.35	54.93	12.49	72.95	29.18	59.22	19.36	72.72	41.67	50.01	30.71	67.55	32.58	44.72	20.76	56.05	54.42	64.35	49.48	78.3	68.2	57.32	68.19	71.96	84.45	73.24	83.42	83.0
331	11.414	17.42	52.64	15.46	50.9	13.72	57.51	16.89	54.66	12.24	72.59	28.82	58.96	18.98	72.31	41.42	50.04	30.26	67.35	32.36	44.47	20.0	55.93	54.27	63.83	49.39	77.87	68.58	57.16	68.95	71.84	84.15	72.57	83.94	82.33
332	11.448	17.21	52.46	15.19	50.7	13.5	57.42	16.47	54.48	11.95	72.65	28.62	58.73	18.72	72.25	41.29	49.58	30.0	67.07	31.93	44.44	19.48	55.8	54.47	63.76	49.56	77.95	68.85	56.63	69.3	71.34	84.36	72.16	84.21	81.71
333	11.483	18.5	52.33	16.45	50.73	14.91	57.16	17.52	54.6	13.37	72.11	29.22	58.79	19.79	71.76	41.54	49.46	30.65	66.3	32.34	44.16	20.21	55.33	54.57	63.81	49.85	77.6	69.31	56.31	68.95	70.78	84.69	71.54	83.37	81.25
334	11.517	18.11	52.39	16.06	50.88	14.64	57.26	17.09	54.73	13.2	72.12	28.83	58.47	19.54	71.46	41.3	49.6	30.43	66.17	32.23	44.13	19.82	55.21	54.63	62.88	50.13	76.89	69.28	55.45	69.79	70.5	84.77	70.2	84.47	80.11
335	11.552	18.55	53.85	16.39	52.27	15.34	58.68	16.94	55.66	13.85	72.99	28.68	58.52	19.67	71.64	41.14	49.66	29.88	66.02	32.08	44.5	19.17	55.43	54.18	62.27	49.91	76.41	69.27	54.24	69.82	69.79	84.65	69.5	84.27	79.34
336	11.586	19.83	53.63	17.91	51.84	16.38	58.16	19.16	55.03	15.22	72.0	29.59	58.03	20.68	71.06	41.05	49.24	30.2	65.31	31.76	43.95	19.2	54.17	53.91	61.66	49.75	75.6	68.83	53.95	69.93	69.79	84.66	68.8	84.61	80.09
337	11.621	19.63	55.27	17.66	53.39	16.18	59.95	19.02	56.12	15.17	73.62	29.53	58.39	20.91	71.62	41.05	49.08	30.18	64.77	32.1	43.73	19.38	53.65	54.25	60.97	50.23	75.05	68.98	52.43	70.0	68.85	85.37	68.46	84.57	79.97
338	11.655	20.2	55.06	18.26	53.29	16.94	59.65	19.44	56.04	16.0	73.02	29.85	58.09	21.29	71.04	41.27	48.86	30.15	64.08	32.26	43.42	19.1	52.82	54.19	60.94	50.06	74.78	68.88	51.77	68.91	68.15	85.74	68.45	83.43	79.73
339	11.69	18.89	53.78	17.16	52.0	15.67	58.24	18.68	54.98	14.83	71.68	29.53	57.52	20.13	70.51	41.41	48.73	29.52	64.17	32.34	43.38	18.58	52.4	54.29	60.76	49.67	74.71	68.61	50.9	68.45	67.28	85.66	69.02	83.13	79.65
340	11.724	18.95	53.47	17.31	51.69	15.81	57.88	18.81	54.76	14.96	71.28	29.73	57.29	20.16	70.3	41.46	48.35	29.5	63.92	31.98	43.38	18.46	52.23	54.35	60.74	49.51	74.58	68.46	50.16	67.49	66.44	85.83	69.13	81.88	79.38
341	11.759	19.94	55.18	18.2	53.39	16.9	59.56	19.37	56.05	16.03	72.47	29.95	57.74	20.86	70.71	41.25	48.61	29.54	63.96	32.12	43.33	18.6	52.32	54.42	60.63	49.76	74.36	68.49	49.47	66.96	65.91	85.83	68.94	80.87	79.32
342	11.793	20.12	56.18	18.33	54.31	17.06	60.55	19.29	56.68	15.97	73.25	29.88	58.18	20.79	71.18	41.27	48.89	29.43	63.98	32.04	43.56	18.61	52.39	54.42	60.56	49.81	74.28	68.2	49.17	66.98	65.58	85.47	69.1	80.88	79.23
343	11.828	20.17	56.19	18.38	54.3	17.14	60.52	19.37	56.6	16.1	73.1	30.03	57.99	21.05	70.93	41.39	48.87	29.67	63.83	32.17	43.4	18.57	52.25	54.25	60.39	49.6	73.87	67.71	49.06	65.97	65.18	84.47	69.14	79.16	79.09
344	11.862	19.71	55.59	17.94	53.65	16.59	60.04	19.05	56.02	15.48	72.91	29.97	57.62	20.64	70.92	41.55	48.51	29.55	63.74	32.32	42.84	18.54	51.82	54.31	60.06	49.44	73.74	67.62	48.46	65.79	64.89	84.55	68.67	79.06	78.54
345	11.897	19.49	54.86	17.7	53.01	16.35	59.4	18.7	55.62	15.12	72.55	29.7	57.4	20.29	70.71	41.51	48.13	29.66	63.15	32.14	42.3	18.54	50.86	54.19	59.94	49.45	73.75	67.28	48.08	66.51	64.69	84.09	68.09	80.55	78.17
346	11.931	19.03	54.35	17.24	52.36	15.72	59.0	18.3	54.9	14.36	72.4	29.59	56.89	20.0	70.41	41.55	47.66	29.45	62.82	31.85	41.87	18.29	50.26	54.04	59.9	48.9	73.58	66.46	47.88	64.28	64.0	84.41	67.94	78.14	77.45
347	11.966	19.19	54.05	17.31	52.16	15.92	58.73	18.37	54.83	14.68	72.23	29.76	56.77	20.36	70.12	41.57	47.48	29.8	62.33	31.66	41.59	18.43	49.71	54.34	59.58	49.43	73.27	67.33	47.83	65.83	63.98	84.13	67.7	79.28	77.54
348	12.0	19.45	54.47	17.55	52.61	16.24	59.09	18.57	55.23	15.06	72.45	29.91	56.97	20.69	70.12	41.57	47.42	29.97	62.11	31.86	41.2	18.77	49.32	54.65	59.6	49.81	73.19	67.89	47.85	66.07	63.82	84.63	67.53	79.26	77.33
349	12.034	19.26	54.31	17.34	52.46	15.94	59.07	18.41	55.25	14.7	72.8	29.87	56.88	20.72	70.08	41.61	47.29	30.19	61.67	32.03	41.35	19.31	48.81	54.75	59.39	49.84	72.93	68.03	47.31	65.76	63.11	84.97	67.77	78.42	77.59
350	12.069	18.95	53.95	17.03	52.09	15.53	58.75	18.03	55.02	14.03	72.75	29.6	56.91	20.27	70.08	41.45	47.12	30.25	61.33	31.8	41.07	19.67	48.32	54.83	59.58	49.75	73.18	68.25	47.5	65.75	63.14	85.51	67.83	78.54	77.57
351	12.103	18.14	52.87	16.19	51.04	14.6	57.82	17.56	54.29	13.27	72.37	29.49	56.67	19.99	69.96	41.45	46.85	30.52	61.29	31.73	40.83	20.07	47.84	55.02	59.31	49.86	73.0	68.53	47.72	66.39	63.19	85.01	67.82	79.01	77.62
352	12.138	18.28	53.39	16.4	51.52	14.75	58.3	17.8	54.63	13.41	72.66	29.54	56.91	20.06	70.18	41.41	47.04	30.5	61.35	32.06	40.65	20.32	47.63	54.93	59.5	49.76	73.17	68.54	47.65	66.26	63.22	85.46	67.86	79.04	77.62
353	12.172	18.05	53.09	16.13	51.18	14.31	58.07	17.58	54.36	12.76	72.75	29.42	56.92	19.7	70.28	41.37	46.81	30.57	61.11	31.89	40.21	20.91	46.86	55.15	59.35	49.97	73.16	68.6	47.85	67.1	63.43	85.21	67.51	80.19	77.59
354	12.207	18.62	52.62	16.67	50.74	14.78	57.7	17.87	54.16	13.0	72.73	29.67	56.81	20.09	70.26	41.47	46.5	31.13	60.74	31.87	39.94	21.76	45.98	55.44	59.78	50.18	73.48	68.53	47.69	66.18	62.98	85.96	67.95	79.27	77.93
355	12.241	19.55	52.48	17.55	50.71	15.69	57.47	18.53	54.25	13.77	72.42	29.91	56.99	20.47	70.23	41.32	46.37	31.32	60.65	31.73	39.5	22.45	45.46	55.44	59.83	50.38	73.48	68.72	48.31	66.77	63.52	85.64	68.1	79.96	78.44
356	12.276	18.8	51.94	16.85	50.15	14.77	56.99	18.05	53.84	12.68	72.29	29.61	56.84	19.7	70.31	41.28	46.21	31.1	60.72	31.67	39.14	22.46	45.19	55.43	59.74	50.15	73.63	68.84	48.84	67.41	64.23	85.28	68.29	80.46	78.89
357	12.31	18.29	51.41	16.35	49.6	14.11	56.56	17.74	53.39	12.03	72.17	29.46	56.52	19.35	70.13	41.14	46.07	30.99	60.66	31.34	39.03	22.25	44.86	55.41	59.57	50.08	73.54	68.61	49.0	67.78	64.36	84.87	68.14	81.04	78.89
358	12.345	17.79	50.93	15.83	49.12	13.56	56.15	17.32	53.08	11.47	72.06	29.18	56.37	19.0	70.17	41.21	45.99	31.08	60.56	31.56	39.15	22.42	44.62	55.4	59.43	50.05	73.63	68.98	48.86	68.32	64.66	85.07	67.66	81.49	78.92
359	12.379	17.46	50.1	15.5	48.33	13.15	55.36	17.06	52.57	11.04	71.62	29.12	56.16	18.71	69.84	41.18	45.85	30.98	60.19	31.5	38.79	22.37	43.93	55.58	59.44	50.04	73.6	69.24	48.75	68.38	64.23	85.27	67.69	81.46	78.85
360	12.414	17.3	49.9	15.35	48.08	12.97	55.11	16.87	52.33	10.74	71.4	29.01	56.1	18.38	69.87	41.18	45.95	30.72	60.37	31.44	38.77	22.2	43.76	55.47	59.65	49.72	73.84	69.19	48.9	67.88	64.31	85.22	68.09	80.7	79.1
361	12.448	17.16	49.87	15.25	48.12	12.8	55.16	17.17	52.45	11.01	71.51	29.28	56.13	19.1	69.73	41.38	46.16	31.43	60.5	31.62	39.12	22.87	43.66	55.68	59.44	50.23	73.41	68.98	49.29	67.92	64.49	85.24	68.04	80.89	79.16
362	12.483	17.23	49.26	15.31	47.54	12.83	54.53	17.02	52.06	10.77	71.04	29.14	56.03	18.77	69.55	41.44	46.09	31.54	60.11	31.78	38.84	23.23	42.87	55.68	59.59	50.06	73.55	69.12	49.16	67.77	64.23	85.41	68.15	80.7	79.17
363	12.517	17.51	48.75	15.45	47.07	13.07	54.01	16.69	51.84	10.6	70.77	28.85	55.99	18.45	69.4	41.31	46.01	31.53	59.76	31.72	38.35	23.66	42.36	55.49	59.33	49.86	73.24	69.01	49.38	67.77	64.09	84.63	68.01	80.37	78.96
364	12.552	17.19	48.3	15.24	46.63	12.73	53.55	16.79	51.39	10.44	70.27	28.85	55.7	18.21	69.15	41.18	45.78	31.19	59.68	31.5	37.96	23.26	42.03	55.47	59.36	49.78	73.44	69.03	49.4	68.27	64.59	84.97	67.63	81.57	79.02
365	12.586	17.26	48.05	15.27	46.38	12.8	53.22	16.65	51.21	10.38	69.95	28.64	55.58	18.03	68.93	41.12	45.84	31.14	59.68	31.81	38.11	23.59	41.9	55.33	59.14	49.74	73.22	69.02	49.55	68.76	64.53	84.23	67.46	81.84	79.0
366	12.621	17.39	47.73	15.41	46.05	12.92	52.91	16.6	50.99	10.3	69.76	28.7	55.41	17.91	68.77	41.11	45.6	31.0	59.24	31.81	37.86	23.32	41.51	55.61	59.23	49.77	73.25	69.17	49.19	68.15	64.02	84.7	67.47	81.02	78.64
367	12.655	17.06	47.62	15.09	45.93	12.66	52.75	16.19	50.82	10.01	69.47	28.31	55.25	17.47	68.56	40.86	45.38	30.8	59.06	31.23	37.9	22.92	41.47	55.24	59.2	49.49	73.34	69.07	49.27	68.77	64.19	84.38	67.62	82.02	78.75
368	12.69	17.07	47.02	15.08	45.36	12.61	52.11	16.01	50.4	9.69	68.97	28.07	54.96	17.06	68.22	40.78	45.24	30.6	58.67	31.37	37.56	23.09	40.89	55.34	58.99	49.49	73.22	69.37	49.14	69.08	64.15	84.38	67.25	82.05	78.63
369	12.724	17.07	46.42	15.05	44.82	12.63	51.53	15.79	50.1	9.61	68.6	27.86	54.82	16.88	67.97	40.83	45.11	30.66	58.38	31.42	37.42	23.3	40.55	55.12	58.78	49.4	73.03	69.28	49.29	69.6	64.23	84.36	66.85	83.11	78.28
370	12.759	17.16	46.14	15.11	44.54	12.71	51.28	15.9	49.92	9.81	68.49	28.06	54.81	17.25	67.9	40.93	44.95	30.93	58.29	31.6	37.44	23.5	40.62	55.08	59.04	49.42	73.11	69.21	49.28	69.32	63.79	84.21	67.0	82.63	78.25
371	12.793	17.54	46.34	15.51	44.68	12.97	51.48	16.52	49.81	10.13	68.52	28.45	54.73	17.68	67.86	40.99	44.82	30.91	58.33	31.63	37.29	23.43	40.68	55.15	58.92	49.56	72.96	69.2	49.86	69.52	64.41	84.21	66.91	82.96	78.41
372	12.828	17.4	46.0	15.36	44.32	12.72	51.2	16.43	49.49	9.76	68.43	28.45	54.58	17.5	67.76	41.08	44.57	30.93	57.88	31.74	36.91	23.64	39.92	55.43	58.83	49.75	72.97	69.65	49.98	70.15	64.6	84.54	67.25	83.58	78.84
373	12.862	17.36	45.73	15.37	44.1	12.72	51.0	16.58	49.37	9.93	68.34	28.78	54.46	17.82	67.57	41.41	44.37	31.39	57.5	31.9	37.13	24.05	39.76	55.91	58.88	50.14	72.95	70.18	49.46	70.26	64.07	85.56	67.38	83.82	78.78
374	12.897	17.41	45.53	15.43	43.92	12.75	50.8	16.75	49.3	10.06	68.23	28.9	54.3	18.02	67.47	41.46	44.3	31.75	57.53	32.1	36.9	24.63	39.48	55.99	58.61	50.2	72.67	70.14	49.01	69.93	63.74	85.51	66.98	83.21	78.59
375	12.931	17.44	45.6	15.47	43.98	12.77	50.87	16.84	49.37	10.09	68.28	28.95	54.41	18.19	67.39	41.49	44.4	31.82	57.24	32.26	36.77	24.86	39.28	55.92	58.79	50.06	72.67	70.13	49.27	69.16	63.77	85.84	66.92	82.13	78.44
376	12.966	17.41	45.49	15.43	43.84	12.74	50.75	16.67	49.25	9.9	68.22	28.88	54.34	18.05	67.39	41.59	44.35	31.93	57.03	32.33	37.04	25.08	39.22	55.94	58.9	49.94	72.79	70.3	48.93	68.72	63.49	86.19	67.07	81.35	78.51
377	13.0	17.68	45.26	15.53	43.63	12.98	50.61	16.55	49.13	10.06	68.33	28.78	54.43	18.43	67.42	41.56	44.3	32.55	56.66	32.66	36.86	25.94	38.78	56.24	58.85	50.61	72.76	70.79	49.33	69.87	63.71	86.28	67.28	82.53	78.67
378	13.034	18.11	45.53	15.98	43.92	13.39	50.87	17.09	49.37	10.54	68.51	29.21	54.6	18.96	67.61	41.64	44.25	32.77	56.67	32.87	36.9	26.37	38.64	56.38	58.98	50.86	72.79	70.57	49.32	69.8	63.64	85.56	67.6	82.11	79.11
379	13.069	17.94	45.43	15.9	43.8	13.22	50.75	17.12	49.31	10.36	68.43	29.26	54.69	18.81	67.75	41.67	44.16	32.75	56.6	32.78	36.89	26.38	38.54	56.54	59.15	50.79	72.97	70.57	49.06	69.22	63.51	86.12	67.77	81.57	79.12
380	13.103	18.16	45.5	16.18	43.92	13.4	50.81	17.58	49.36	10.68	68.35	29.47	54.62	19.06	67.59	41.61	44.13	32.74	56.62	32.79	36.62	26.42	38.43	56.39	58.98	50.83	72.8	70.28	49.18	69.89	63.8	85.69	67.34	82.77	79.17
381	13.138	18.15	45.23	16.09	43.67	13.38	50.57	17.34	49.24	10.6	68.27	29.3	54.61	19.07	67.5	41.74	44.13	33.05	56.29	33.05	36.4	26.65	37.98	56.35	59.01	50.98	72.78	70.14	48.97	70.2	63.46	85.27	67.16	83.11	78.99
382	13.172	18.31	44.96	16.2	43.4	13.47	50.3	17.27	49.05	10.5	68.17	29.2	54.5	18.98	67.51	41.7	44.0	33.08	56.24	33.17	36.17	26.92	37.75	56.29	58.93	51.06	72.78	69.9	48.71	70.74	63.25	84.55	66.47	83.75	78.6
383	13.207	18.1	44.62	15.98	43.14	13.35	50.01	17.09	49.05	10.5	68.06	29.13	54.59	19.04	67.49	41.8	43.92	33.36	56.09	33.22	35.92	27.33	37.7	56.22	59.08	50.88	72.82	69.92	48.71	69.73	63.17	85.05	66.53	82.42	78.49
384	13.241	18.5	44.66	16.39	43.19	13.74	50.03	17.45	49.05	10.86	67.99	29.44	54.67	19.33	67.53	41.94	43.94	33.55	56.14	33.54	35.91	27.77	37.78	56.41	59.14	51.12	72.77	69.58	48.59	69.65	62.88	84.62	66.25	82.52	78.05
385	13.276	18.33	44.54	16.28	43.05	13.61	49.95	17.54	48.88	10.9	67.91	29.63	54.22	19.66	67.53	42.16	43.35	33.77	56.23	33.36	35.61	27.4	37.66	56.7	58.77	51.35	72.47	69.26	47.07	68.52	61.9	84.66	64.28	80.66	76.22
386	13.31	18.87	44.64	16.71	43.18	14.08	50.15	17.78	48.83	11.35	68.06	29.71	53.83	20.16	67.59	42.18	42.84	33.97	56.3	33.57	35.22	27.99	37.58	56.27	58.6	51.62	72.47	67.49	46.12	69.26	61.48	81.93	63.35	82.04	76.15
387	13.345	19.0	44.59	16.86	43.15	14.14	50.13	17.84	48.88	11.36	68.2	29.85	53.55	20.39	67.57	42.48	42.4	34.02	55.78	34.26	35.49	28.04	37.23	56.44	58.36	51.8	72.19	66.81	43.54	67.85	59.17	82.12	61.15	80.19	74.15
388	13.379	18.67	44.39	16.48	42.92	13.91	49.9	17.16	48.56	11.07	67.81	29.57	53.54	20.17	67.43	42.64	42.57	34.18	55.75	35.14	36.05	28.35	37.51	55.84	58.25	51.41	71.71	64.89	42.56	66.66	57.14	79.66	61.64	79.31	73.04
389	13.414	18.67	44.14	16.78	42.54	14.06	49.3	18.34	47.82	12.24	66.19	30.4	52.91	21.63	65.56	42.26	42.76	34.62	54.3	34.35	36.39	28.59	37.89	55.57	57.74	51.48	69.9	61.52	40.81	64.01	53.7	75.95	60.15	75.98	70.19
390	13.448	19.7	44.23	17.33	43.58	15.55	49.18	17.75	50.12	14.27	66.17	29.32	54.33	23.81	65.71	40.96	43.04	34.81	52.84	34.71	36.72	27.22	36.69	53.89	58.97	52.37	69.94	59.64	40.1	62.78	52.3	71.94	56.99	72.56	68.86
391	13.483	19.64	43.67	17.32	43.0	15.53	48.64	17.64	49.63	14.08	65.61	29.2	54.26	23.21	65.3	40.95	43.37	34.51	52.93	34.29	36.31	27.13	36.89	52.77	59.15	50.7	69.71	58.52	40.37	60.52	51.61	71.66	58.06	70.87	68.89
392	13.517	19.56	43.4	17.29	42.81	15.52	48.39	17.64	49.65	14.08	65.43	29.21	54.24	23.1	65.04	40.96	43.36	34.53	52.72	33.89	36.19	27.02	36.72	52.4	59.23	50.04	69.5	58.01	40.02	59.19	50.82	71.16	57.49	69.1	68.03
393	13.552	19.3	43.66	17.01	42.97	15.29	48.66	17.29	49.68	13.79	65.6	29.05	54.28	22.82	65.1	41.03	43.43	34.28	52.68	33.61	36.04	27.0	36.55	51.94	60.16	49.22	70.29	57.4	40.51	57.22	51.11	71.37	58.93	66.95	68.96
394	13.586	19.05	43.95	16.74	43.29	14.95	49.05	17.18	49.97	13.49	66.09	29.05	54.21	22.84	64.87	41.06	43.26	34.22	52.28	33.53	35.89	26.85	36.57	51.98	59.82	49.09	69.73	57.12	39.39	56.22	49.67	70.93	55.13	65.16	65.33
395	13.621	19.01	44.23	16.8	43.51	14.76	49.34	17.55	50.08	13.45	66.32	29.42	54.07	22.98	64.97	41.18	42.82	33.9	52.49	33.44	35.86	26.67	36.5	51.91	60.23	48.72	69.85	54.96	39.01	53.38	49.0	69.15	54.15	61.92	64.38
396	13.655	18.85	43.79	16.72	43.12	14.85	48.83	17.39	50.01	13.54	65.79	28.96	53.94	22.61	64.3	41.23	43.03	33.74	51.85	33.23	35.84	26.62	35.64	50.43	59.64	46.77	69.01	55.53	38.27	50.98	48.16	72.0	52.94	59.37	63.22
397	13.69	18.57	43.59	16.48	42.87	14.59	48.63	17.22	49.73	13.34	65.65	29.08	53.7	22.5	64.08	41.19	42.65	33.76	51.42	33.36	35.74	26.34	35.34	50.91	60.58	46.75	69.94	56.95	37.53	50.37	47.43	73.38	52.74	57.63	62.75
398	13.724	18.45	43.24	16.24	42.47	14.48	48.39	16.69	49.25	12.94	65.58	28.58	53.15	22.08	64.03	40.95	42.3	33.65	51.42	32.88	35.46	25.95	35.32	50.73	59.87	46.57	69.67	57.63	36.23	50.56	46.98	74.18	50.24	57.14	60.68
399	13.759	18.42	43.01	16.28	42.26	14.39	48.2	16.93	48.96	12.98	65.32	28.32	52.76	22.22	63.93	40.65	42.44	33.36	51.77	32.31	35.22	25.4	35.53	50.05	59.31	46.38	69.35	55.7	35.69	50.31	47.55	73.18	47.43	57.86	59.21
400	13.793	18.22	43.04	15.97	42.25	14.17	48.28	16.3	48.82	12.49	65.44	27.85	52.5	21.86	63.96	40.41	42.28	33.22	51.86	31.86	35.11	25.15	35.57	49.76	59.12	46.25	69.31	55.21	35.17	50.28	47.11	72.15	46.49	57.44	58.21
401	13.828	18.2	42.74	15.97	41.98	14.18	47.95	16.29	48.73	12.48	65.26	27.76	52.27	21.78	63.85	40.29	42.25	33.14	52.03	31.88	35.12	25.06	35.64	49.8	58.73	46.27	69.06	55.83	34.34	50.58	46.52	72.81	46.53	57.41	58.51
402	13.862	18.38	42.87	16.13	42.12	14.32	48.06	16.54	48.82	12.81	65.24	27.76	52.6	22.12	63.99	40.44	42.45	33.37	52.27	31.83	35.14	25.33	35.81	49.37	58.35	46.3	68.54	54.24	35.04	50.52	47.2	71.62	44.41	58.4	56.95
403	13.897	18.33	42.84	16.02	42.07	14.24	48.14	16.5	48.54	12.86	65.25	27.76	52.54	22.37	64.06	40.32	42.3	33.54	52.36	31.62	35.07	25.29	35.92	49.64	57.79	46.95	68.08	53.44	34.92	51.16	47.2	71.04	42.0	60.03	54.53
404	13.931	18.3	42.82	15.93	42.08	14.29	48.13	16.1	48.54	12.77	65.21	27.49	52.68	22.3	64.02	40.04	42.51	33.7	52.14	31.68	35.12	25.24	36.01	49.82	58.22	47.28	68.45	53.59	34.61	51.53	46.58	71.02	41.28	60.48	53.18
405	13.966	18.41	43.02	15.96	42.21	14.31	48.4	16.02	48.47	12.66	65.49	27.27	52.62	22.3	64.45	39.91	42.33	33.56	52.64	31.63	35.07	25.3	36.25	50.11	57.6	47.9	68.19	53.09	35.1	52.23	47.62	70.6	40.4	61.61	52.7
406	14.0	18.09	43.15	15.64	42.32	14.01	48.54	15.72	48.57	12.41	65.69	27.09	52.73	22.09	64.62	39.76	42.31	33.45	52.62	31.58	34.9	25.24	36.11	50.28	57.6	48.07	68.32	53.61	34.68	52.66	47.33	71.35	40.48	62.16	52.68
407	14.034	18.43	42.92	15.94	42.14	14.32	48.39	16.01	48.48	12.67	65.71	27.29	52.42	22.23	64.56	39.88	42.11	33.51	52.81	31.59	35.09	25.19	36.41	50.34	57.34	48.09	68.23	54.14	35.01	53.27	47.93	71.34	41.32	62.56	53.92
408	14.069	18.13	42.99	15.61	42.17	13.96	48.5	15.54	48.37	12.09	65.79	26.93	52.51	21.69	64.5	39.62	42.35	33.37	52.6	31.3	35.46	25.1	36.63	50.33	57.5	47.93	68.36	54.13	35.04	53.22	47.68	71.49	40.69	62.71	52.76
409	14.103	17.99	42.95	15.61	42.18	14.02	48.36	15.61	48.6	12.33	65.59	26.99	52.29	21.68	64.14	39.74	42.07	32.94	52.3	31.26	35.89	25.07	36.62	50.13	57.51	47.53	68.35	54.8	34.76	52.71	47.51	73.28	43.53	62.26	55.4
410	14.138	17.97	42.85	15.6	42.09	13.97	48.23	15.7	48.67	12.29	65.65	27.0	52.19	21.76	64.24	39.67	41.91	33.01	52.36	31.27	35.85	24.99	36.54	50.41	57.53	47.73	68.55	55.68	34.4	52.8	47.64	74.1	43.8	61.49	56.28
411	14.172	17.72	43.17	15.31	42.33	13.65	48.58	15.39	48.6	11.9	65.77	26.65	52.48	21.44	64.44	39.46	42.13	32.84	52.61	30.79	35.79	24.92	36.81	49.8	57.55	47.17	68.35	54.22	35.6	51.79	48.3	72.5	42.34	60.59	54.36
412	14.207	18.03	43.09	15.59	42.3	13.83	48.63	15.68	48.57	11.95	65.98	27.09	52.53	21.53	64.39	39.36	41.98	32.91	52.27	30.63	35.81	24.81	36.83	50.47	57.5	47.71	68.25	54.77	34.95	52.95	47.16	72.17	41.22	61.84	52.86
413	14.241	17.87	43.01	15.36	42.27	13.69	48.63	15.43	48.52	11.86	66.02	27.0	52.34	21.45	64.15	39.32	41.65	32.95	51.96	30.43	35.9	24.82	36.9	50.61	56.81	47.88	67.63	55.53	34.87	53.79	46.98	72.4	41.32	62.5	52.81
414	14.276	17.62	43.03	15.14	42.31	13.56	48.64	15.35	48.62	11.85	66.06	27.28	52.13	21.56	63.83	39.5	41.53	33.03	51.47	30.41	35.96	24.71	36.83	51.27	57.24	48.15	68.03	57.31	34.63	53.91	46.77	73.84	44.25	61.53	55.31
415	14.31	17.47	43.29	15.09	42.53	13.32	48.81	15.6	48.74	11.63	66.04	27.31	52.36	21.39	64.03	39.55	41.76	32.83	51.84	30.18	36.08	24.76	36.96	50.87	57.14	47.65	67.81	56.26	36.34	53.17	48.41	72.53	44.78	60.61	56.08
416	14.345	18.17	43.41	15.79	42.62	13.93	48.83	16.27	48.83	12.1	65.93	27.91	52.49	21.67	64.05	39.86	41.96	33.07	52.13	30.18	36.34	24.95	37.22	50.62	57.46	47.09	67.78	56.1	36.93	52.43	48.29	70.91	46.62	58.86	57.78
417	14.379	17.82	43.39	15.48	42.59	13.59	48.86	16.14	48.94	11.78	66.27	28.3	52.45	21.41	64.08	39.74	41.6	32.81	51.64	30.11	36.26	24.58	36.75	51.75	58.27	47.5	68.76	58.87	36.69	53.26	47.96	73.38	49.73	58.85	60.16
418	14.414	17.72	43.72	15.41	42.85	13.56	49.13	16.06	49.26	11.71	66.6	28.28	52.77	21.27	64.43	39.75	41.66	32.71	51.65	30.15	36.63	24.58	36.85	52.04	59.0	47.48	69.62	59.98	37.25	53.09	48.7	75.35	51.08	58.62	61.45
419	14.448	17.58	43.59	15.25	42.71	13.61	49.02	15.87	49.11	11.94	66.47	28.42	52.48	21.51	64.15	39.75	41.6	32.92	51.47	30.12	36.1	24.59	36.5	52.74	59.0	48.14	69.76	61.41	36.46	53.83	48.12	76.97	52.27	59.32	62.12
420	14.483	17.81	43.8	15.5	42.88	13.87	49.18	16.02	49.12	12.22	66.39	28.36	52.6	21.59	64.27	39.73	41.76	32.98	51.9	29.95	36.05	24.67	36.62	52.38	59.48	48.04	70.28	60.92	37.38	54.32	49.04	77.21	53.29	61.22	62.98
421	14.517	18.19	43.87	16.02	42.94	14.25	49.13	16.51	49.15	12.43	66.18	28.64	52.7	21.49	64.2	39.52	41.68	32.78	51.67	29.74	36.08	24.32	36.6	52.84	60.43	48.24	71.24	61.29	38.11	54.85	49.58	78.04	55.84	62.65	64.99
422	14.552	17.77	44.51	15.69	43.46	13.79	49.68	16.34	49.34	12.1	66.36	28.27	53.06	21.28	64.36	39.18	42.07	32.36	51.75	29.13	35.61	24.04	36.4	52.25	60.55	48.03	71.3	59.69	39.13	54.89	50.62	77.37	56.15	64.16	65.26
423	14.586	17.72	44.43	15.58	43.43	13.93	49.53	16.12	49.29	12.42	65.99	28.18	53.1	21.46	64.28	39.26	42.39	32.56	52.16	29.25	36.05	24.07	36.84	52.19	60.34	48.37	71.07	59.61	39.57	56.0	50.88	76.44	57.13	65.62	65.83
424	14.621	17.72	44.27	15.56	43.24	13.8	49.31	15.94	49.12	11.99	65.81	27.92	53.14	21.01	64.27	39.01	42.52	32.37	52.23	29.13	36.13	24.01	36.92	51.97	60.49	48.11	71.18	59.11	40.27	56.0	51.22	75.3	57.5	65.67	66.18
425	14.655	17.55	44.48	15.38	43.43	13.56	49.54	15.87	49.26	11.75	66.05	27.85	53.36	20.91	64.52	38.95	42.81	32.35	52.38	29.04	36.17	24.1	36.9	51.89	60.08	48.17	70.8	58.82	40.57	56.55	51.62	74.45	57.44	66.22	66.36
426	14.69	17.61	44.18	15.41	43.18	13.58	49.24	15.91	49.09	11.82	65.8	27.87	53.34	21.04	64.26	38.91	42.75	32.4	52.1	28.77	35.9	24.1	36.72	51.95	60.04	48.41	70.65	58.56	40.82	57.04	51.6	73.9	57.21	67.02	66.24
427	14.724	17.55	44.25	15.34	43.28	13.57	49.28	15.87	49.17	11.9	65.75	27.88	53.32	21.04	64.15	38.81	42.7	32.34	52.03	28.61	35.78	23.97	36.66	52.02	59.92	48.53	70.55	59.01	40.7	57.57	51.52	73.96	57.32	67.45	66.36
428	14.759	17.42	44.2	15.24	43.25	13.44	49.2	15.84	49.22	11.88	65.69	27.76	53.53	21.08	64.26	38.81	42.85	32.42	52.13	28.87	36.08	24.06	36.93	51.97	60.1	48.6	70.69	58.8	41.14	57.59	51.93	73.96	57.69	67.63	66.82
429	14.793	17.47	44.26	15.28	43.32	13.41	49.27	15.91	49.33	11.81	65.87	27.87	53.64	21.07	64.28	38.7	42.78	32.38	51.91	28.75	35.69	24.0	36.65	52.42	60.06	49.03	70.66	59.34	40.99	58.33	51.64	74.2	57.47	68.32	66.63
430	14.828	17.42	44.51	15.22	43.51	13.33	49.51	15.82	49.4	11.62	66.09	27.85	53.62	20.89	64.39	38.64	42.95	32.27	52.02	28.71	35.84	24.01	36.7	52.56	60.36	48.97	71.06	59.85	40.74	58.32	51.56	74.54	58.16	67.86	67.3
431	14.862	17.22	44.61	15.01	43.6	13.18	49.62	15.68	49.5	11.61	66.23	27.85	53.67	20.95	64.49	38.62	42.76	32.31	51.86	28.57	35.88	23.97	36.66	52.79	60.46	49.17	71.26	60.56	40.61	58.6	51.64	75.26	58.86	67.81	68.09
432	14.897	17.24	44.67	15.08	43.63	13.12	49.67	15.75	49.44	11.41	66.2	27.88	53.7	20.7	64.53	38.66	42.76	32.18	52.0	28.53	36.07	23.97	36.85	52.51	60.56	48.81	71.29	59.85	40.91	58.31	51.67	74.61	59.2	68.0	68.17
433	14.931	18.05	45.03	15.87	43.91	13.93	50.0	16.18	49.58	11.88	66.43	28.05	53.62	20.89	64.8	38.71	42.97	32.1	52.3	28.8	36.49	24.06	37.13	52.46	60.67	48.76	71.59	59.78	41.06	58.16	52.26	74.68	60.53	67.61	69.62
434	14.966	18.36	44.89	16.15	43.78	14.23	49.89	16.36	49.5	12.1	66.4	28.22	53.55	21.01	64.75	38.68	42.9	32.09	52.18	28.64	36.15	23.95	36.91	52.46	60.9	48.68	71.78	59.82	40.87	57.97	52.01	74.55	60.83	67.22	69.91
435	15.0	18.34	44.64	16.11	43.6	14.28	49.65	16.34	49.37	12.27	66.14	28.25	53.39	21.21	64.47	38.79	42.87	32.28	52.08	28.87	35.85	24.08	36.74	52.56	60.94	48.87	71.78	60.21	41.0	58.24	52.08	74.83	60.99	67.43	70.03
436	15.034	18.25	44.55	15.99	43.51	14.19	49.53	16.22	49.33	12.23	66.05	28.15	53.46	21.22	64.48	38.8	42.93	32.31	52.19	29.12	35.82	24.24	36.84	52.53	61.23	48.91	72.01	60.06	41.47	58.07	52.38	74.53	62.02	67.13	71.0
437	15.069	18.43	44.68	16.16	43.65	14.31	49.65	16.34	49.49	12.23	66.2	28.17	53.71	21.2	64.68	38.83	43.07	32.37	52.17	29.22	35.81	24.34	36.81	52.63	61.19	49.04	71.97	60.11	41.45	58.46	52.32	74.46	61.46	67.67	70.56
438	15.103	18.66	44.49	16.37	43.49	14.64	49.44	16.5	49.43	12.74	65.98	28.29	53.78	21.68	64.8	39.15	43.27	32.8	52.5	30.07	36.66	24.75	37.35	52.58	61.27	49.24	72.02	60.04	41.83	58.43	52.76	74.45	62.16	67.61	71.31
439	15.138	18.47	44.24	16.13	43.3	14.49	49.22	16.28	49.3	12.71	65.81	28.2	53.61	21.7	64.57	39.26	43.02	32.88	52.24	30.04	36.45	24.76	37.07	52.5	60.87	49.25	71.59	60.07	41.63	58.48	52.52	74.28	61.93	67.61	71.18
440	15.172	18.13	43.9	15.8	43.02	14.25	48.83	16.08	49.23	12.75	65.46	28.18	53.79	21.82	64.5	39.37	43.25	33.09	52.32	30.27	36.61	24.84	37.19	52.58	60.77	49.46	71.34	60.12	41.38	58.53	52.05	74.03	61.55	67.53	70.73
441	15.207	18.14	43.9	15.81	42.98	14.23	48.79	16.11	49.16	12.7	65.39	28.16	53.84	21.78	64.5	39.44	43.57	33.11	52.58	30.63	37.07	25.0	37.57	52.57	60.84	49.38	71.34	60.08	41.54	58.18	52.08	74.01	61.59	67.01	70.75
442	15.241	18.17	43.84	15.81	42.92	14.2	48.74	16.06	49.19	12.62	65.49	28.08	53.87	21.84	64.64	39.48	43.61	33.32	52.8	30.98	37.28	25.37	37.76	52.68	60.75	49.62	71.3	60.13	41.5	58.43	52.07	73.95	61.05	67.16	70.43
443	15.276	18.5	44.06	16.19	43.18	14.56	48.9	16.49	49.48	13.05	65.52	28.34	54.19	22.14	64.72	39.61	43.91	33.4	52.85	30.98	37.34	25.39	37.82	52.47	61.11	49.44	71.45	59.74	41.88	57.99	52.26	73.88	61.34	66.93	70.68
444	15.31	18.36	44.47	16.08	43.51	14.3	49.32	16.42	49.71	12.54	65.97	28.28	54.5	21.6	65.25	39.49	44.09	33.05	53.24	30.61	37.12	25.26	37.81	52.48	61.26	49.14	71.75	59.67	41.97	58.01	52.47	73.61	61.42	66.92	70.76
445	15.345	18.47	44.45	16.23	43.44	14.44	49.27	16.57	49.63	12.64	65.89	28.34	54.82	21.59	65.74	39.58	44.54	33.18	54.07	30.63	37.38	25.38	38.38	52.53	61.9	49.08	72.45	59.38	42.96	57.58	53.57	73.55	62.84	66.59	71.9
446	15.379	18.7	44.69	16.47	43.67	14.69	49.46	16.87	49.8	12.94	65.96	28.55	55.01	21.75	65.84	39.64	44.79	33.23	54.36	30.5	37.33	25.37	38.45	52.67	62.21	49.14	72.73	59.75	43.47	57.68	54.02	74.13	63.54	66.91	72.61
447	15.414	18.83	45.03	16.5	43.92	14.8	49.74	16.74	49.93	12.95	66.18	28.52	55.19	21.81	66.51	39.73	45.28	33.45	55.71	30.82	37.95	25.76	39.19	52.93	62.61	49.55	73.34	59.86	43.99	58.15	54.67	73.11	63.84	66.74	72.95
448	15.448	18.6	44.25	16.2	43.44	14.69	48.9	15.88	50.11	12.29	65.86	28.8	55.21	20.79	66.88	41.16	45.68	33.48	57.35	33.0	39.35	26.67	39.75	53.42	62.29	49.44	73.19	61.53	42.35	58.91	52.68	72.57	61.92	66.74	70.76
449	15.483	19.11	44.56	16.92	43.39	15.23	48.84	17.25	49.5	13.61	64.89	28.72	55.54	22.13	66.95	40.34	46.93	34.06	58.43	32.99	39.6	27.39	40.82	53.25	62.22	50.31	73.02	59.89	44.6	59.57	55.14	72.77	63.52	68.76	72.41
450	15.517	19.15	44.52	17.03	43.35	15.4	48.62	17.55	49.59	14.13	64.56	29.02	55.83	22.49	67.35	40.98	47.43	34.58	59.81	34.36	40.53	28.27	42.02	53.45	62.11	50.6	72.88	60.21	45.1	59.8	55.58	72.78	63.34	68.69	72.25
451	15.552	19.21	44.08	17.13	42.95	15.63	48.05	17.64	49.29	14.54	63.84	28.74	55.74	22.54	67.55	40.94	47.87	35.01	61.2	35.6	41.65	29.05	42.94	53.42	61.57	50.84	72.66	60.85	46.06	60.6	57.07	73.44	64.1	69.75	73.16
452	15.586	19.44	44.21	17.42	43.03	15.84	48.04	18.16	49.29	14.83	63.72	29.04	55.82	22.86	67.91	40.76	47.98	35.31	62.23	35.26	41.4	29.61	43.5	53.73	61.38	51.17	72.65	61.15	46.45	61.02	57.81	73.05	63.64	69.55	73.27
453	15.621	19.23	44.39	17.21	43.46	15.75	48.35	17.36	49.88	13.96	64.17	29.02	55.0	21.23	68.1	41.3	47.3	34.54	63.87	35.65	42.02	30.08	43.62	53.47	61.01	49.93	72.77	61.35	45.54	60.43	57.23	72.59	63.32	69.68	72.43
454	15.655	19.4	44.34	17.4	43.46	15.89	48.25	17.59	49.95	14.09	64.08	28.93	54.94	21.23	68.14	41.3	47.26	34.62	64.35	35.95	42.28	30.25	44.04	53.52	60.21	50.12	72.12	61.7	46.43	61.34	58.27	72.82	63.56	70.74	73.05
455	15.69	19.4	44.4	17.34	43.43	15.97	48.28	17.38	49.77	14.12	63.96	28.9	54.89	21.16	68.11	41.46	47.59	34.78	64.73	35.9	42.21	30.46	44.27	53.25	60.44	49.75	72.29	61.74	46.54	61.06	58.12	72.45	64.73	70.24	73.67
456	15.724	19.59	44.37	17.6	43.4	16.17	48.17	17.68	49.75	14.28	63.71	29.02	54.99	21.2	68.09	41.55	47.94	34.82	64.95	36.14	42.87	30.48	44.65	53.16	60.59	49.6	72.35	61.6	47.0	60.88	58.48	72.32	65.09	70.13	73.96
457	15.759	19.49	44.49	17.42	43.57	16.18	48.31	17.47	49.87	14.5	63.8	28.79	54.83	21.39	68.13	41.32	47.67	34.92	65.11	36.15	42.87	30.55	44.64	53.49	60.15	50.25	72.2	62.31	47.1	61.9	59.07	73.02	64.96	71.15	74.03
458	15.793	19.8	44.42	17.79	43.46	16.43	48.17	17.74	49.69	14.48	63.57	28.86	54.76	21.32	68.04	41.33	48.02	34.98	65.41	36.56	43.41	30.79	45.16	53.61	59.78	50.41	71.86	62.59	47.48	62.85	59.27	73.22	65.08	72.44	73.84
459	15.828	19.62	44.16	17.58	43.19	16.32	47.92	17.44	49.48	14.37	63.38	28.66	54.66	21.22	68.03	41.31	48.08	35.15	65.55	36.72	43.57	31.03	45.31	53.7	59.62	50.57	71.79	62.69	47.45	63.04	59.37	73.35	65.31	72.69	73.9
460	15.862	19.51	45.16	17.37	43.37	15.78	49.25	17.03	48.54	12.79	64.89	28.8	54.41	19.78	68.76	42.82	48.74	34.71	65.93	37.79	44.54	31.55	46.52	53.32	59.4	48.82	72.44	63.12	46.5	62.07	59.15	75.07	65.46	72.29	73.94
461	15.897	19.63	45.22	17.52	43.37	15.79	49.37	17.36	48.5	12.85	65.16	29.06	54.25	19.92	69.06	42.84	48.21	34.78	66.54	37.78	44.62	31.87	47.19	53.83	59.34	49.25	72.6	63.29	46.46	62.47	59.32	75.26	65.37	72.67	74.1
462	15.931	19.78	45.35	17.62	43.46	15.94	49.49	17.35	48.63	13.0	65.36	29.07	54.48	20.18	69.43	42.92	48.47	35.19	67.0	38.55	45.7	32.56	47.92	53.84	59.5	49.39	72.72	63.32	46.56	62.42	59.17	74.74	65.52	72.02	74.09
463	15.966	20.72	45.0	18.77	43.84	17.18	48.74	18.64	49.92	14.99	64.23	29.52	54.72	21.81	69.13	41.37	48.05	35.54	67.75	37.68	45.7	32.27	48.09	54.29	60.03	50.95	72.4	62.38	47.8	62.89	59.45	72.22	66.21	71.7	74.61
464	16.0	20.75	45.09	18.87	43.89	17.13	48.86	19.0	49.85	14.98	64.34	29.77	54.44	21.77	69.2	41.17	47.47	35.28	68.17	37.21	45.49	32.34	48.26	54.54	59.73	50.94	72.27	62.46	47.68	62.74	59.46	72.13	65.88	71.34	74.46
465	16.034	20.84	45.33	19.22	44.18	17.46	48.55	19.17	50.12	14.85	63.33	29.7	54.63	21.22	68.86	40.94	49.09	34.48	69.13	38.27	46.03	32.65	48.58	53.85	60.13	50.1	72.49	62.06	47.09	62.06	59.46	70.85	64.88	70.45	73.99
466	16.069	20.45	45.49	18.68	44.22	17.16	48.77	18.33	50.0	14.62	63.58	28.63	54.57	21.06	69.23	39.78	49.25	34.34	69.95	38.19	46.44	32.95	49.17	53.36	60.12	50.19	72.84	61.94	47.17	62.43	59.83	71.06	65.01	70.97	73.98
467	16.103	20.28	45.42	18.32	43.99	16.68	49.3	18.43	49.57	14.78	64.74	28.96	54.01	21.54	69.83	39.55	47.59	34.88	70.57	36.4	46.93	32.64	50.63	54.12	59.71	50.75	72.83	62.07	47.61	62.46	59.66	71.89	66.07	71.11	74.36
468	16.138	20.17	45.62	18.18	44.06	16.55	49.55	18.34	49.32	14.67	64.92	28.84	53.57	21.46	69.96	39.36	47.07	34.7	71.36	35.88	47.13	32.71	51.78	54.07	59.26	50.77	72.75	62.07	47.58	62.81	60.08	72.09	65.91	71.76	74.39
469	16.172	20.1	45.6	18.13	44.02	16.65	49.38	18.07	49.27	14.83	64.51	28.03	53.65	21.53	69.63	37.82	48.18	34.91	71.51	36.0	47.27	32.74	51.68	53.74	59.25	50.81	72.62	62.5	47.97	62.79	60.21	72.44	66.62	71.47	74.52
470	16.207	20.22	45.86	18.2	44.2	16.67	49.67	18.06	49.27	14.68	64.82	27.85	53.63	21.53	69.94	37.49	48.29	34.85	72.02	35.95	47.36	32.58	52.0	53.89	59.29	51.11	72.86	62.48	47.94	63.16	60.31	72.35	66.49	71.81	74.39
471	16.241	19.82	45.56	17.78	43.87	16.32	49.3	17.42	48.92	14.22	64.41	27.12	53.54	21.06	69.89	36.62	48.46	34.66	72.19	35.02	47.68	32.16	51.73	53.7	59.46	51.06	73.19	62.5	48.08	63.3	60.48	72.58	66.92	72.21	74.62
472	16.276	20.07	45.35	18.16	43.81	16.39	49.05	18.1	49.14	14.16	64.29	27.91	53.62	20.96	69.77	37.96	48.79	34.54	72.44	36.22	47.29	31.6	51.61	54.05	59.51	50.92	72.93	62.35	48.2	62.95	59.99	72.45	66.93	71.92	74.53
473	16.31	19.97	45.39	18.12	43.87	16.2	49.1	18.28	49.2	13.98	64.34	28.16	53.73	20.83	69.72	38.93	49.03	34.22	72.36	37.35	47.12	30.81	51.6	54.02	59.51	50.73	72.8	62.26	48.27	62.83	59.97	72.67	66.71	72.08	74.43
474	16.345	20.2	45.6	18.35	43.92	16.4	49.32	18.33	48.91	13.81	64.37	28.34	53.41	20.33	70.16	40.12	48.47	33.82	73.0	37.84	47.64	29.74	52.29	53.41	59.48	49.78	73.06	61.89	48.51	62.26	60.72	72.51	67.17	71.73	74.85
475	16.379	19.96	45.27	18.06	43.57	16.28	48.94	17.87	48.55	13.68	63.93	28.13	53.2	20.04	69.96	40.32	48.24	33.67	72.85	37.81	47.52	29.42	52.27	53.36	59.43	49.69	73.09	62.0	48.28	62.26	60.59	72.49	67.46	71.75	74.98
476	16.414	20.09	45.15	18.21	43.51	16.4	48.81	18.08	48.65	13.84	63.87	28.26	53.34	20.15	69.98	40.38	48.32	33.66	72.98	37.89	47.58	29.4	52.51	53.49	59.53	49.82	73.11	62.07	48.36	62.39	60.52	72.43	67.54	71.8	75.09
477	16.448	20.03	45.18	18.13	43.5	16.37	48.8	17.94	48.52	13.74	63.74	28.12	53.25	19.96	69.98	40.38	48.64	33.5	73.48	37.99	47.72	29.38	52.83	53.52	59.62	49.8	73.3	62.28	48.64	62.35	60.92	72.53	67.67	71.58	75.18
478	16.483	20.26	45.36	18.44	43.69	16.54	48.98	18.45	48.73	13.97	63.92	28.51	53.41	20.27	70.18	40.47	48.66	33.72	73.61	37.91	47.97	29.5	53.0	53.65	59.83	49.85	73.43	62.19	48.75	62.2	60.98	72.47	67.73	71.29	75.28
479	16.517	20.27	45.25	18.47	43.62	16.51	48.9	18.66	48.69	14.04	63.9	28.65	53.3	20.41	70.1	40.45	48.46	33.64	73.66	37.63	47.84	29.45	52.91	53.71	59.69	49.91	73.31	62.27	48.88	62.4	61.15	72.5	67.65	71.38	75.42
480	16.552	20.2	45.3	18.38	43.66	16.4	49.02	18.75	48.68	14.05	64.1	28.72	53.2	20.57	70.21	40.28	48.12	33.75	73.87	37.1	47.58	29.45	53.0	53.9	59.6	50.16	73.39	62.52	49.06	62.87	61.54	72.54	67.45	71.8	75.56
481	16.586	20.29	45.46	18.53	43.75	16.41	49.13	18.84	48.73	13.84	64.2	28.82	53.38	20.27	70.53	40.46	48.25	33.6	74.19	37.53	47.47	29.34	52.93	54.07	59.99	50.11	73.82	62.65	48.89	62.89	61.24	72.77	67.61	71.96	75.4
482	16.621	20.19	45.5	18.41	43.77	16.38	49.11	18.54	48.81	13.69	64.14	28.64	53.64	20.02	70.62	40.63	48.89	33.58	74.24	38.05	47.82	29.27	53.2	53.84	60.13	49.83	73.84	62.62	48.89	62.63	61.12	72.53	67.8	71.52	75.34
483	16.655	20.0	45.37	18.17	43.62	16.23	49.03	18.21	48.64	13.59	64.13	28.45	53.42	19.88	70.67	40.55	48.3	33.48	74.39	37.76	47.65	29.2	53.24	53.7	60.15	49.68	74.0	62.61	48.78	62.37	61.08	72.58	68.11	71.2	75.56
484	16.69	19.99	45.38	18.16	43.65	16.19	49.03	18.3	48.69	13.6	64.17	28.52	53.45	19.99	70.67	40.7	48.55	33.5	74.48	37.96	47.82	29.11	53.36	53.86	59.97	49.95	73.82	62.53	48.63	62.7	61.02	72.36	67.69	71.5	75.4
485	16.724	20.06	45.28	18.18	43.56	16.28	48.95	18.23	48.66	13.7	64.11	28.5	53.51	20.08	70.55	40.77	48.97	33.55	74.43	38.33	47.6	29.19	53.41	53.91	59.94	50.06	73.69	62.52	48.48	62.58	60.71	72.49	67.78	71.48	75.28
486	16.759	20.03	45.32	18.17	43.59	16.21	49.06	18.36	48.6	13.66	64.24	28.72	53.37	20.08	70.48	40.98	48.63	33.45	74.28	38.05	47.36	29.12	53.26	54.02	59.85	49.99	73.63	62.56	48.46	62.44	60.77	72.72	67.83	71.47	75.39
487	16.793	20.14	45.27	18.27	43.52	16.27	49.02	18.43	48.5	13.61	64.24	28.83	53.22	20.0	70.55	41.05	48.42	33.24	74.57	38.01	47.29	28.84	53.43	54.27	59.81	50.12	73.72	62.97	48.52	62.73	60.82	72.96	67.92	71.55	75.4
488	16.828	19.82	45.12	17.87	43.32	16.01	48.95	17.84	48.31	13.32	64.34	28.4	53.02	19.71	70.7	40.95	48.18	33.07	74.81	38.08	47.12	28.48	53.78	54.1	59.53	50.08	73.7	62.92	48.1	62.82	60.75	73.23	67.61	71.89	75.06
489	16.862	19.78	45.15	17.81	43.33	15.96	48.99	17.76	48.27	13.24	64.38	28.31	52.98	19.65	70.76	40.82	48.11	33.03	74.94	38.05	47.11	28.51	53.82	54.09	59.49	50.09	73.71	62.97	48.23	62.88	60.87	73.24	67.66	71.9	75.03
490	16.897	19.81	45.3	17.9	43.45	16.0	49.05	17.88	48.36	13.25	64.3	28.19	53.13	19.58	70.89	40.63	48.49	33.0	75.29	38.04	47.39	28.34	54.37	53.81	59.92	49.81	74.13	62.73	48.55	62.56	61.37	72.95	68.03	71.47	75.57
491	16.931	19.8	45.3	17.94	43.49	16.0	49.06	18.03	48.46	13.37	64.35	28.28	53.21	19.69	71.03	40.57	48.23	33.03	75.3	37.77	47.5	28.34	54.33	53.85	60.02	49.89	74.27	62.61	48.38	62.66	61.3	72.73	67.76	71.51	75.56
492	16.966	19.85	45.49	18.03	43.65	15.97	49.21	18.14	48.54	13.18	64.39	28.36	53.35	19.37	71.04	40.71	48.73	32.64	75.54	37.64	47.71	28.1	54.64	53.68	60.31	49.48	74.48	62.34	48.59	62.32	61.37	72.61	67.85	71.4	75.57
493	17.0	19.89	45.52	18.08	43.61	15.91	49.28	18.33	48.44	13.11	64.58	28.56	53.39	19.29	71.47	41.07	48.45	32.48	75.95	37.86	47.7	27.95	54.85	54.01	60.15	49.83	74.62	62.59	48.56	63.48	61.76	72.9	67.63	73.07	75.68
494	17.034	19.95	45.62	18.12	43.76	16.03	49.41	18.33	48.61	13.29	64.68	28.62	53.43	19.41	71.41	41.13	48.43	32.52	75.84	37.76	47.68	27.77	54.94	53.94	60.39	49.75	74.78	62.58	48.71	63.15	61.83	72.96	67.84	72.78	75.86
495	17.069	20.05	45.56	18.22	43.72	16.11	49.34	18.43	48.62	13.32	64.63	28.69	53.52	19.39	71.43	41.14	48.48	32.49	75.82	37.64	47.6	27.72	55.01	53.92	60.42	49.66	74.76	62.62	49.02	63.05	62.06	72.92	68.17	72.63	76.2
496	17.103	19.99	45.73	18.14	43.87	16.08	49.51	18.33	48.75	13.36	64.79	28.58	53.63	19.45	71.52	40.82	48.65	32.38	75.93	37.59	47.92	27.65	55.12	54.0	60.56	49.77	74.9	62.87	48.96	62.95	61.92	73.09	68.18	72.25	76.1
497	17.138	20.03	45.67	18.16	43.82	16.16	49.42	18.19	48.75	13.38	64.69	28.39	53.69	19.43	71.5	40.7	48.86	32.43	75.83	37.74	47.97	27.53	54.85	53.94	60.64	49.81	74.98	62.97	49.22	63.01	62.18	73.41	68.38	72.42	76.21
498	17.172	20.19	45.75	18.37	43.92	16.28	49.43	18.53	48.88	13.46	64.62	28.73	53.9	19.42	71.39	41.06	49.46	32.37	75.82	37.92	48.06	27.55	55.06	53.93	60.57	49.6	74.71	63.07	49.29	62.99	62.06	73.26	68.41	72.25	76.29
499	17.207	20.17	45.79	18.38	43.97	16.27	49.49	18.6	48.95	13.51	64.7	28.89	53.9	19.46	71.48	41.11	48.99	32.32	75.67	37.76	48.0	27.54	54.91	53.98	60.83	49.52	74.94	62.99	49.15	62.56	61.91	72.95	68.78	71.48	76.67
500	17.241	20.26	45.76	18.46	43.94	16.31	49.42	18.54	48.95	13.35	64.64	28.75	53.98	19.3	71.34	41.13	49.45	32.28	75.41	38.03	48.14	27.51	54.65	53.89	60.77	49.43	74.78	63.06	49.15	62.6	61.76	73.14	68.8	71.54	76.68
501	17.276	20.42	45.78	18.69	43.96	16.42	49.43	18.85	49.01	13.41	64.66	28.94	53.99	19.36	71.31	41.22	49.43	32.23	75.32	38.21	48.09	27.29	54.6	53.84	60.79	49.28	74.73	63.08	49.21	62.44	61.72	73.36	69.01	71.33	76.87
502	17.31	20.19	45.73	18.43	43.91	16.3	49.39	18.59	48.92	13.44	64.58	28.78	53.8	19.35	71.32	41.18	48.93	32.26	75.31	38.05	47.9	27.09	54.19	53.83	60.73	49.31	74.81	63.37	49.17	62.45	61.91	73.64	69.34	71.24	77.16
503	17.345	20.36	45.79	18.66	43.97	16.39	49.46	18.96	48.95	13.49	64.66	29.16	53.7	19.46	71.33	41.24	48.64	32.18	75.37	37.91	47.82	27.14	54.25	54.16	60.79	49.43	74.84	63.31	49.12	62.21	61.68	73.49	69.4	70.86	77.11
504	17.379	20.26	45.87	18.52	44.07	16.27	49.61	18.78	49.07	13.37	64.9	29.09	53.66	19.45	71.37	41.26	48.61	32.19	75.43	37.93	47.81	27.12	54.4	54.29	60.64	49.64	74.76	63.27	48.94	62.42	61.53	73.56	69.03	71.15	76.73
505	17.414	20.23	45.8	18.42	43.95	16.26	49.54	18.54	48.92	13.24	64.86	28.94	53.58	19.19	71.45	41.39	48.66	32.15	75.54	38.17	47.91	27.44	54.56	53.97	60.45	49.24	74.66	63.2	49.19	62.23	62.01	73.23	69.2	70.82	77.03
506	17.448	20.17	45.79	18.37	43.9	16.23	49.54	18.52	48.76	13.28	64.78	28.98	53.5	19.23	71.39	41.49	48.6	32.11	75.59	37.81	47.65	27.38	54.28	53.86	60.7	49.09	74.91	63.09	49.57	61.98	62.38	73.45	69.61	70.69	77.29
507	17.483	20.26	45.94	18.46	43.99	16.3	49.62	18.58	48.77	13.24	64.72	29.0	53.67	19.2	71.45	41.44	49.15	32.16	75.83	37.94	47.98	27.64	54.51	53.92	60.85	49.06	74.96	63.06	49.61	61.7	62.24	73.26	69.89	70.18	77.29
508	17.517	20.3	45.95	18.55	44.03	16.33	49.59	18.68	48.84	13.26	64.64	29.06	53.68	19.14	71.44	41.56	49.16	32.12	75.85	38.1	48.02	27.63	54.33	53.97	60.69	49.13	74.8	62.96	49.57	62.03	62.17	73.18	69.84	70.8	77.2
509	17.552	20.18	45.98	18.44	44.05	16.24	49.59	18.6	48.84	13.18	64.58	28.97	53.71	19.06	71.37	41.48	49.3	32.06	75.88	38.13	48.04	27.54	54.62	53.87	60.66	48.99	74.72	62.99	49.49	61.74	62.02	73.26	69.8	70.4	77.05
510	17.586	20.09	45.97	18.3	44.07	16.22	49.53	18.26	48.99	13.15	64.58	28.59	54.11	19.01	71.46	41.23	49.98	32.12	75.86	38.41	48.37	27.74	54.58	53.8	61.04	49.17	75.0	62.94	49.46	62.01	61.8	73.28	69.97	70.82	77.09
511	17.621	20.21	46.02	18.42	44.14	16.31	49.57	18.46	49.09	13.3	64.64	28.73	54.27	19.2	71.67	41.38	50.29	32.24	76.26	38.69	48.39	27.68	54.95	54.02	60.89	49.53	74.89	63.07	49.52	62.59	62.0	73.0	69.68	71.22	77.07
512	17.655	20.22	46.13	18.51	44.22	16.27	49.6	18.63	49.17	13.17	64.57	28.83	54.44	19.02	71.68	41.55	50.92	32.21	76.39	39.06	48.61	27.64	55.17	53.95	61.15	49.28	75.07	63.04	49.59	62.43	62.08	73.29	69.9	71.31	77.26
513	17.69	20.25	46.22	18.54	44.31	16.28	49.76	18.73	49.18	13.29	64.76	28.8	54.3	19.26	71.7	41.18	50.44	32.31	76.43	38.64	48.46	27.82	55.38	53.95	60.96	49.44	74.97	62.94	49.67	62.55	62.22	73.23	69.81	71.44	77.3
514	17.724	20.3	46.38	18.58	44.48	16.32	49.92	18.82	49.33	13.39	64.88	28.84	54.4	19.39	71.69	41.23	50.57	32.41	76.27	38.76	48.43	27.83	55.18	53.9	60.75	49.51	74.71	62.89	49.72	62.86	62.28	73.07	69.44	71.91	77.09
515	17.759	20.24	46.43	18.42	44.52	16.33	50.04	18.44	49.29	13.47	65.02	28.29	54.17	19.53	71.59	40.39	50.21	32.44	76.11	38.13	48.39	27.91	54.84	53.5	60.75	49.48	74.82	62.73	49.66	62.87	62.32	72.96	69.42	71.79	77.14
516	17.793	20.19	46.41	18.37	44.5	16.3	49.99	18.35	49.32	13.47	64.99	28.09	54.27	19.58	71.55	39.92	50.62	32.42	76.05	38.36	48.62	27.83	54.88	53.53	60.72	49.68	74.76	62.85	49.63	63.02	62.23	73.12	69.27	72.02	76.92
517	17.828	20.21	46.38	18.41	44.51	16.27	49.97	18.37	49.35	13.32	65.0	27.97	54.29	19.43	71.55	39.56	50.3	32.4	75.76	37.5	48.23	27.83	54.11	53.55	60.91	49.64	74.99	62.9	49.67	63.12	62.3	73.13	69.13	72.04	76.86
518	17.862	20.2	46.52	18.38	44.69	16.28	50.11	18.22	49.61	13.31	65.16	27.9	54.52	19.43	71.58	39.64	50.78	32.36	75.66	38.37	48.41	27.69	54.51	53.56	60.8	49.79	74.78	62.91	49.59	63.32	62.08	73.07	69.05	72.34	76.63
519	17.897	20.14	46.57	18.32	44.79	16.27	50.12	18.23	49.82	13.32	65.14	28.11	54.78	19.34	71.59	40.17	51.07	32.28	75.41	38.5	48.42	27.62	54.1	53.62	60.79	49.64	74.63	63.03	49.83	63.04	62.33	73.18	68.85	71.96	76.56
520	17.931	20.12	46.51	18.3	44.8	16.31	50.0	18.11	50.01	13.36	65.03	27.96	55.11	19.34	71.52	39.99	51.5	32.44	74.79	38.6	48.47	27.71	53.28	53.71	60.8	49.82	74.49	63.21	49.8	63.2	62.25	73.44	68.8	72.25	76.48
521	17.966	19.9	46.6	18.18	44.9	16.11	50.12	18.13	50.13	13.34	65.2	27.37	55.29	19.57	71.51	38.12	51.72	32.5	74.63	38.07	48.46	27.84	53.49	53.58	60.95	50.01	74.64	63.34	49.81	63.09	62.2	74.14	68.68	72.23	76.13
522	18.0	20.12	46.57	18.29	44.92	16.33	50.16	18.28	50.21	13.7	65.31	28.01	55.32	20.13	71.25	39.1	51.33	32.96	73.9	38.19	48.02	28.32	53.37	54.06	60.61	50.48	74.01	63.5	49.5	63.15	61.5	74.03	68.07	72.03	75.52
523	18.034	20.32	46.56	18.5	44.98	16.39	50.18	18.71	50.42	13.7	65.44	29.16	55.66	20.22	71.05	41.24	51.31	33.09	73.0	38.23	47.26	28.45	52.43	54.42	61.28	50.18	74.15	63.07	49.16	62.31	60.44	73.86	68.34	71.26	75.68
524	18.069	20.26	46.51	18.59	45.05	16.29	50.14	19.28	50.54	13.77	65.28	29.81	55.53	20.36	70.3	41.84	50.84	33.12	71.43	38.14	46.03	28.87	51.59	54.53	61.3	49.91	73.84	62.87	48.76	61.89	60.18	73.71	68.0	70.79	75.9
525	18.103	20.14	46.64	18.45	45.19	16.13	50.4	19.28	50.59	13.72	65.61	29.89	55.41	20.5	70.13	41.95	50.23	33.12	70.66	37.62	44.51	28.88	50.77	54.58	61.31	49.96	73.91	63.14	48.67	62.04	60.46	74.48	67.62	70.99	75.9
526	18.138	20.03	46.41	18.32	45.14	16.13	50.18	19.06	50.78	13.86	65.47	29.77	55.51	20.79	69.61	41.8	49.65	33.43	69.04	37.23	43.24	28.96	49.21	54.77	61.44	50.47	73.79	63.14	48.29	62.46	59.91	74.65	66.99	71.66	75.29
527	18.172	20.23	46.32	18.5	45.15	16.36	50.09	19.12	50.92	14.06	65.4	29.91	55.73	21.07	69.35	41.92	49.41	33.9	67.59	37.02	43.14	29.13	47.86	54.94	61.63	50.75	73.73	63.31	47.72	62.74	59.18	74.53	66.68	71.91	75.05
528	18.207	20.28	46.2	18.47	45.15	16.58	50.01	18.89	51.16	14.42	65.43	30.08	55.97	21.49	69.06	42.1	49.11	34.46	65.93	36.84	42.82	29.48	46.41	55.07	62.1	50.83	73.84	63.56	47.35	61.84	58.57	74.83	66.82	70.53	75.05
529	18.241	20.57	46.17	18.7	45.23	16.88	50.07	19.06	51.34	14.86	65.55	30.22	56.12	21.93	68.88	42.18	48.6	34.62	65.05	36.3	42.22	29.46	45.45	54.72	62.53	50.68	73.99	62.7	48.05	61.17	58.9	74.42	67.28	70.29	75.48
530	18.276	19.21	46.58	17.09	44.72	15.04	51.14	17.5	49.8	12.19	67.37	30.63	55.68	20.08	69.11	43.8	47.85	34.09	63.6	35.6	41.01	29.01	44.94	55.38	62.37	49.18	74.43	64.59	46.44	59.54	56.86	77.36	68.77	68.62	75.43
531	18.31	20.59	46.35	18.6	45.42	16.84	50.46	18.62	51.66	14.67	66.31	30.33	56.54	22.33	69.03	42.32	47.93	35.02	62.86	35.47	41.11	29.06	43.3	54.64	63.59	50.73	74.69	61.46	47.36	59.6	57.95	73.93	67.0	68.86	75.1
532	18.345	20.77	46.42	18.84	45.54	17.08	50.47	18.81	51.88	14.93	66.21	30.31	56.81	22.39	68.7	42.26	48.05	34.86	61.91	35.39	40.93	29.07	42.94	54.14	63.83	50.14	74.61	61.06	47.59	58.36	58.0	74.74	67.5	67.92	75.53
533	18.379	20.84	46.36	18.9	45.52	17.12	50.52	18.89	52.0	14.98	66.52	30.51	57.01	22.54	68.93	42.39	47.81	35.06	61.33	35.54	41.19	29.04	42.72	54.59	64.12	50.45	74.97	61.77	47.43	58.59	58.07	75.54	67.7	67.85	75.9
534	18.414	20.87	46.38	18.89	45.52	17.16	50.58	18.76	52.06	15.0	66.68	30.38	57.17	22.59	68.87	42.52	47.96	35.09	60.8	35.51	41.18	28.95	42.37	54.52	64.38	50.41	75.17	61.99	47.29	58.34	57.99	76.81	67.26	67.91	75.52
535	18.448	21.02	46.38	19.0	45.56	17.35	50.59	18.73	52.21	15.2	66.75	30.4	57.31	22.92	68.77	42.45	47.88	35.33	60.1	35.46	41.25	28.9	41.96	54.56	64.84	50.54	75.44	61.96	47.23	57.84	57.78	76.62	67.14	66.85	75.45
536	18.483	21.01	46.39	19.03	45.58	17.26	50.63	18.89	52.31	15.12	66.93	30.53	57.38	22.88	68.73	42.31	47.76	35.04	59.8	35.15	41.31	28.61	42.02	54.54	65.0	50.38	75.55	61.97	47.5	57.76	57.94	76.81	67.36	66.87	75.84
537	18.517	19.25	46.87	17.26	45.15	15.0	51.51	17.57	50.72	12.12	68.12	30.17	56.76	20.14	68.74	43.3	48.12	33.85	60.39	34.74	40.91	28.37	43.07	54.71	63.5	48.43	74.97	64.62	46.67	57.63	56.98	81.69	67.63	67.86	75.06
538	18.552	19.38	46.86	17.4	45.16	15.08	51.53	17.66	50.82	12.08	68.26	30.17	56.78	20.17	68.69	43.17	47.96	33.89	59.96	34.4	40.62	28.21	42.72	54.89	63.7	48.58	75.18	64.81	46.69	57.73	57.03	82.46	67.64	68.26	75.15
539	18.586	19.43	46.81	17.45	45.13	15.16	51.55	17.73	50.77	12.23	68.3	30.24	56.51	20.28	68.53	43.25	47.59	33.88	59.78	34.31	40.48	28.03	42.63	54.98	63.57	48.62	75.14	65.17	46.42	57.68	56.99	83.5	67.31	68.46	74.91
540	18.621	19.4	47.04	17.43	45.27	15.06	51.8	17.73	50.74	11.95	68.54	30.35	56.31	20.02	68.61	43.21	47.4	33.76	59.92	33.97	40.39	27.97	42.61	55.21	63.61	48.55	75.38	65.78	46.17	57.9	56.93	83.81	67.62	68.39	75.19
541	18.655	19.16	46.92	17.15	45.13	14.8	51.7	17.33	50.66	11.61	68.57	30.09	56.48	19.7	68.78	43.08	47.39	33.64	59.9	34.0	40.68	27.87	42.77	55.26	63.68	48.65	75.47	65.65	46.3	58.22	56.87	83.34	67.67	68.93	75.07
542	18.69	19.1	46.83	17.05	45.05	14.8	51.58	17.08	50.65	11.64	68.47	29.86	56.52	19.76	68.66	43.02	47.3	33.62	59.52	33.96	40.49	27.79	42.55	55.2	64.03	48.71	75.74	65.57	46.41	57.89	56.93	83.79	67.6	68.51	74.95
543	18.724	19.12	46.78	17.06	45.02	14.84	51.57	17.18	50.65	11.8	68.47	29.98	56.5	20.0	68.55	43.04	47.25	33.68	59.25	33.87	40.14	27.84	42.23	55.09	63.82	48.65	75.43	65.31	46.19	57.58	56.68	83.4	66.97	67.95	74.34
544	18.759	19.04	46.57	16.92	44.88	14.83	51.43	16.96	50.61	11.93	68.44	29.77	56.21	20.2	68.27	42.8	46.89	33.76	58.82	33.58	39.9	27.79	41.87	55.04	63.82	48.73	75.45	65.41	45.87	57.15	56.55	83.79	66.36	67.16	73.99
545	18.793	18.93	46.31	16.78	44.68	14.87	51.15	16.77	50.54	12.14	68.19	29.68	56.11	20.37	68.06	43.01	46.89	34.01	58.55	33.91	39.87	28.04	41.4	55.22	63.79	48.99	75.46	66.17	45.23	57.33	56.2	84.9	65.54	67.16	73.29
546	18.828	18.91	46.4	16.8	44.81	14.86	51.29	16.94	50.59	12.22	68.26	29.87	56.0	20.53	67.77	43.09	46.62	34.23	57.91	33.53	39.24	28.08	40.9	55.48	63.71	49.19	75.38	66.83	44.55	57.74	55.76	85.9	64.72	67.74	72.59
547	18.862	19.02	46.42	16.91	44.87	14.86	51.31	17.12	50.74	12.17	68.36	29.84	56.18	20.64	67.87	42.92	46.86	34.27	57.94	33.68	39.48	28.4	41.19	55.25	63.74	49.13	75.29	65.94	44.73	57.57	55.88	84.3	63.58	67.15	71.96
548	18.897	19.0	46.37	16.91	44.89	14.86	51.27	17.02	50.85	12.15	68.36	29.64	56.21	20.67	67.76	42.73	46.82	34.23	57.51	33.29	39.17	28.13	40.85	55.37	63.87	49.54	75.43	65.41	44.31	57.95	55.69	84.33	62.46	68.17	71.04
549	18.931	20.72	46.1	18.59	45.54	17.19	50.57	18.44	52.43	15.67	66.94	30.18	57.17	24.01	67.4	41.54	46.65	35.39	55.97	33.75	40.05	28.02	40.01	54.59	64.67	51.55	74.92	61.6	44.93	58.98	55.97	76.82	62.25	68.58	71.74
550	18.966	20.45	46.0	18.32	45.48	16.91	50.46	18.16	52.51	15.42	66.94	29.82	57.32	23.88	67.3	41.3	46.5	35.33	55.46	33.52	39.71	27.84	39.77	54.62	64.64	51.84	74.88	61.53	44.53	59.58	55.5	77.24	61.53	69.77	71.11
551	19.0	18.77	46.12	16.61	44.75	14.71	51.08	16.39	50.79	11.86	68.21	28.93	56.09	20.25	67.55	42.36	46.72	34.18	56.97	33.56	39.21	28.22	40.59	55.24	63.05	49.92	74.91	65.54	43.21	59.8	55.05	84.51	60.82	71.17	69.58
552	19.034	18.5	46.01	16.35	44.58	14.4	50.99	16.18	50.59	11.44	68.21	28.77	56.0	19.82	67.69	42.27	46.76	33.98	57.3	33.29	39.3	27.99	40.73	55.29	63.02	49.71	75.08	66.01	43.28	59.78	55.38	85.21	60.84	71.06	69.61
553	19.069	18.51	46.39	16.47	44.96	14.47	51.31	16.35	50.87	11.42	68.35	28.79	55.9	19.62	67.59	42.13	46.72	33.8	57.2	32.95	39.05	27.95	40.55	55.23	62.77	49.33	74.93	66.69	43.33	59.49	55.75	86.27	60.69	70.39	69.5
554	19.103	18.56	46.56	16.55	45.11	14.47	51.47	16.49	50.95	11.5	68.39	28.7	56.1	19.75	67.53	42.01	46.82	33.89	57.21	32.57	39.06	27.94	40.79	54.99	62.74	49.34	74.75	66.03	44.03	59.67	56.13	86.21	60.88	71.42	69.62
555	19.138	18.45	46.47	16.4	45.01	14.33	51.42	16.36	50.83	11.42	68.41	28.69	56.1	19.74	67.47	42.01	46.66	33.85	57.0	32.38	38.98	27.74	40.69	55.09	62.96	49.44	74.96	66.19	44.32	59.85	56.28	86.39	61.44	71.71	70.1
556	19.172	18.5	46.56	16.5	45.07	14.31	51.52	16.5	50.9	11.29	68.61	28.78	56.12	19.56	67.6	42.06	46.55	33.61	56.93	32.27	38.93	27.52	40.67	55.22	62.86	49.47	74.99	66.39	44.3	60.36	56.48	86.77	61.29	72.44	70.19
557	19.207	18.31	46.47	16.4	44.94	13.89	51.48	16.96	50.75	11.12	68.68	29.23	56.25	19.65	67.63	42.06	46.51	33.39	56.96	31.85	38.5	27.09	40.67	55.42	63.17	49.42	75.15	66.17	44.71	60.13	56.7	86.65	61.82	72.44	71.03
558	19.241	17.79	46.7	15.9	45.13	13.3	51.69	16.4	50.94	10.41	68.91	28.73	56.57	19.11	67.83	41.92	46.59	33.13	56.69	31.59	38.64	27.03	40.71	55.22	63.22	49.4	75.21	65.07	44.89	60.34	56.84	85.84	61.26	73.35	70.48
559	19.276	17.62	47.24	15.77	45.63	13.14	52.25	16.39	51.22	10.33	69.28	28.73	56.78	19.07	67.96	41.39	46.5	32.89	56.59	30.67	38.84	26.63	41.32	55.15	63.04	49.33	75.0	64.97	45.19	60.48	57.06	85.84	61.25	73.77	70.1
560	19.31	17.15	47.69	15.36	46.04	12.72	52.75	16.16	51.5	10.06	69.67	28.56	56.76	18.84	68.0	41.09	46.63	32.53	56.75	30.27	39.36	26.21	41.94	54.87	62.74	48.97	74.77	64.85	45.11	60.23	57.17	86.05	61.34	73.61	70.03
561	19.345	17.01	48.04	15.24	46.24	12.45	53.16	15.92	51.33	9.5	69.97	28.25	56.53	18.28	67.93	40.51	46.49	31.94	56.62	29.65	38.58	25.67	41.54	54.61	62.8	48.57	75.01	64.71	45.21	60.28	57.3	86.44	61.34	74.32	69.72
562	19.379	16.87	48.15	15.06	46.33	12.3	53.21	15.44	51.37	9.13	69.92	27.72	56.7	17.87	67.99	40.2	46.9	31.66	56.76	29.5	38.94	25.34	41.75	54.1	63.01	48.32	75.14	63.45	45.73	60.24	57.48	84.93	61.45	74.83	69.52
563	19.414	16.38	48.37	14.63	46.36	11.79	53.46	15.0	51.12	8.37	70.15	27.42	56.08	16.81	68.02	39.77	46.47	30.64	57.16	28.69	38.83	24.39	41.88	54.28	62.65	47.89	75.41	64.79	45.26	60.6	57.89	86.76	62.44	75.14	70.59
564	19.448	16.11	48.46	14.39	46.32	11.51	53.51	14.95	50.93	8.08	70.13	27.54	56.01	16.47	68.09	39.8	46.46	30.28	57.35	28.54	39.26	24.09	42.14	54.23	62.53	47.4	75.36	65.49	45.48	60.41	58.07	86.75	63.42	74.12	71.39
565	19.483	15.41	48.76	13.64	46.51	10.84	53.85	14.26	51.16	7.57	70.7	27.19	56.2	16.22	68.42	39.44	46.34	30.05	57.45	27.89	39.56	23.85	42.31	54.46	62.78	47.4	75.7	66.15	45.82	59.77	58.33	87.76	64.82	72.64	72.59
566	19.517	15.1	49.15	13.35	46.76	10.48	54.22	14.13	51.12	7.18	70.91	27.18	56.18	15.91	68.55	39.48	46.2	29.81	57.67	27.83	39.63	23.54	42.51	54.36	62.87	47.1	75.81	66.05	46.32	59.7	58.58	87.35	65.99	72.6	73.39
567	19.552	14.9	49.8	13.18	47.33	10.34	54.84	14.03	51.42	7.11	71.28	27.16	56.31	15.78	68.73	39.36	46.24	29.51	57.7	27.81	39.97	23.23	42.63	54.46	62.67	47.18	75.71	66.24	46.29	60.32	58.64	87.23	66.52	73.21	73.65
568	19.586	14.63	49.93	12.92	47.4	10.08	55.01	13.9	51.4	7.04	71.42	27.07	56.31	15.91	68.81	39.29	46.16	29.42	57.7	27.68	39.79	22.92	42.47	54.24	62.81	47.1	75.79	65.32	46.32	59.53	58.65	86.59	66.61	72.47	73.59
569	19.621	14.58	50.24	12.84	47.67	10.08	55.35	13.93	51.56	7.2	71.7	27.14	56.27	16.16	68.95	39.25	46.15	29.52	58.01	27.74	39.95	23.0	42.7	54.19	62.65	47.07	75.67	65.52	46.09	59.31	58.56	86.62	66.36	71.74	73.38
570	19.655	14.46	50.65	12.74	48.0	10.02	55.72	13.69	51.75	7.04	71.94	26.91	56.25	15.9	68.91	39.15	46.22	29.25	57.9	27.69	40.1	22.86	42.81	54.06	62.43	46.77	75.48	65.86	45.76	58.83	58.29	87.66	66.15	71.21	73.01
571	19.69	14.56	50.89	12.73	48.25	10.16	56.01	13.34	51.8	6.96	72.1	26.53	55.94	15.69	68.71	38.65	45.89	28.92	57.66	27.02	39.59	22.26	42.59	54.03	61.75	46.93	74.99	66.07	45.23	59.43	57.96	87.38	65.21	71.7	72.05
572	19.724	14.25	51.03	12.5	48.41	9.94	56.08	13.01	52.06	6.65	72.12	26.2	55.99	15.17	68.77	38.39	46.12	28.46	57.84	26.75	39.89	21.69	42.78	53.84	61.55	46.62	74.87	65.79	44.7	59.09	57.57	87.58	64.47	71.5	71.13
573	19.759	13.93	51.17	12.16	48.51	9.64	56.25	12.62	52.08	6.32	72.28	25.8	56.0	14.87	68.92	38.17	46.41	28.34	58.23	26.75	40.28	21.59	43.15	53.73	61.38	46.64	74.85	65.57	44.59	59.44	57.64	87.36	63.93	72.09	70.56
574	19.793	13.77	51.44	12.06	48.73	9.42	56.52	12.58	52.13	6.0	72.43	25.65	56.06	14.46	69.19	37.84	46.52	27.91	58.84	26.71	40.31	21.41	43.71	53.54	61.17	46.48	74.8	64.94	44.89	59.82	58.0	86.55	63.84	73.19	70.25
575	19.828	13.64	51.5	11.93	48.77	9.34	56.58	12.4	52.18	5.95	72.52	25.49	55.97	14.33	69.24	37.68	46.4	27.82	59.19	26.65	40.43	21.42	43.83	53.41	61.04	46.33	74.73	64.97	44.71	59.73	57.68	86.72	64.2	73.17	70.38
576	19.862	13.58	51.68	11.9	48.91	9.28	56.73	12.45	52.26	5.95	72.6	25.53	56.02	14.36	69.3	37.51	46.46	27.78	59.43	26.59	40.65	21.35	44.03	53.38	61.1	46.25	74.75	65.09	44.94	59.57	57.71	86.67	64.85	72.81	70.84
577	19.897	13.64	51.72	11.91	48.97	9.31	56.82	12.36	52.22	5.91	72.64	25.44	55.91	14.33	69.17	37.45	46.41	27.59	59.27	26.3	40.48	20.98	43.98	53.39	61.05	46.44	74.74	64.8	45.03	59.98	57.9	86.3	64.64	73.58	70.74
578	19.931	13.57	51.64	11.84	48.92	9.37	56.7	12.18	52.27	6.0	72.53	25.24	55.82	14.23	69.24	37.35	46.61	27.65	59.62	26.49	40.89	20.94	44.02	53.42	61.11	46.42	75.0	65.53	45.14	60.12	58.37	87.29	64.98	73.51	71.11
579	19.966	13.5	51.58	11.81	48.87	9.32	56.63	12.31	52.32	6.1	72.52	25.42	55.9	14.39	69.26	37.4	46.54	27.73	59.53	26.44	40.96	21.0	44.1	53.57	61.28	46.49	75.08	65.61	45.13	59.86	58.31	87.47	65.26	73.08	71.39
580	20.0	13.57	51.6	11.88	48.87	9.36	56.66	12.44	52.3	6.18	72.55	25.56	56.0	14.62	69.45	37.51	46.42	27.83	59.58	26.64	40.78	21.06	44.05	53.44	61.58	46.37	75.26	64.97	45.55	59.02	58.62	86.46	65.39	71.74	71.49
581	20.034	13.57	51.44	11.79	48.68	9.36	56.55	12.13	52.07	5.99	72.55	25.34	55.69	14.32	69.47	37.29	46.16	27.69	59.82	26.48	40.35	20.83	43.92	53.74	61.08	46.75	75.12	65.63	45.12	60.37	58.47	86.57	65.02	73.32	71.14
582	20.069	13.26	51.42	11.44	48.6	9.04	56.54	11.68	51.87	5.61	72.54	24.91	55.48	13.94	69.46	36.89	46.09	27.27	59.98	26.23	40.09	20.5	43.66	53.67	60.9	46.82	75.18	65.56	44.77	60.86	58.36	86.27	64.58	73.91	70.8
583	20.103	13.2	51.3	11.36	48.52	9.02	56.42	11.38	51.84	5.45	72.45	24.6	55.38	13.52	69.46	36.51	46.04	27.01	60.1	26.14	39.91	20.53	43.54	53.8	60.9	46.92	75.4	66.03	44.26	61.48	58.05	86.6	64.39	74.68	70.46
584	20.138	13.17	51.36	11.34	48.56	9.08	56.41	11.26	51.78	5.5	72.26	24.39	55.27	13.3	69.34	36.12	46.06	26.71	60.28	25.83	40.01	20.29	43.83	53.67	60.89	46.74	75.43	66.02	44.26	61.29	58.07	86.53	64.53	74.52	70.42
585	20.172	13.22	51.1	11.4	48.31	9.1	56.14	11.37	51.61	5.51	72.05	24.55	55.22	13.36	69.3	36.42	45.99	26.84	60.2	26.15	39.94	20.32	43.68	53.71	60.89	46.82	75.43	65.99	44.39	61.87	58.2	86.0	64.42	75.08	70.43
586	20.207	13.02	51.33	11.23	48.53	8.91	56.32	11.37	51.67	5.39	71.99	24.53	55.2	13.27	69.15	36.16	46.1	26.61	60.28	25.75	40.01	20.04	43.93	53.6	60.82	46.65	75.28	65.86	44.57	61.61	58.2	85.54	64.64	74.66	70.47
587	20.241	13.06	51.46	11.3	48.61	8.94	56.47	11.55	51.71	5.46	72.18	24.65	55.23	13.3	69.27	36.12	46.04	26.67	60.47	25.59	40.08	20.09	44.09	53.7	60.87	46.59	75.41	66.47	44.99	61.73	58.69	86.58	65.52	74.93	71.36
588	20.276	13.21	51.45	11.43	48.61	9.01	56.49	11.57	51.73	5.39	72.29	24.45	55.29	13.11	69.55	35.95	46.15	26.43	60.95	25.58	40.13	19.81	44.12	53.71	60.54	46.95	75.36	66.16	45.52	63.36	59.51	86.08	65.3	77.6	71.5
589	20.31	13.52	51.37	11.81	48.55	9.36	56.29	11.82	51.86	5.63	72.07	24.59	55.51	13.06	69.57	35.93	46.5	26.18	61.07	25.62	40.56	19.78	44.43	53.82	61.54	46.53	76.15	66.7	45.98	61.4	59.7	87.58	67.29	74.75	73.21
590	20.345	13.81	51.32	12.13	48.49	9.65	56.17	12.06	51.81	5.83	71.89	24.78	55.6	13.08	69.62	35.98	46.51	26.07	61.15	25.59	40.65	19.74	44.48	53.82	61.85	46.48	76.41	66.65	46.34	61.54	59.88	87.22	68.13	74.92	73.85
591	20.379	13.77	51.59	12.02	48.81	9.67	56.49	11.99	52.15	6.08	72.24	24.73	55.85	13.52	69.78	35.96	46.56	26.57	61.11	25.77	40.76	20.19	44.47	53.72	61.81	46.75	76.28	66.53	46.28	62.02	59.69	86.76	67.97	75.25	73.68
592	20.414	13.96	51.49	12.16	48.66	9.78	56.45	11.98	51.9	6.01	72.26	24.6	55.57	13.26	69.93	35.64	46.28	26.23	61.74	25.31	40.55	19.83	44.66	53.84	61.36	47.06	76.21	66.59	46.39	63.59	60.05	86.32	67.96	77.55	73.78
593	20.448	14.2	50.71	12.38	47.93	9.93	55.68	12.0	51.42	5.87	71.74	24.62	55.36	13.13	69.69	35.8	46.21	26.52	61.5	25.46	40.62	20.23	44.55	53.93	61.34	47.1	76.17	66.68	46.41	63.85	59.9	86.1	67.9	77.79	73.76
594	20.483	14.2	51.63	12.37	48.79	9.94	56.64	12.1	51.87	5.97	72.36	24.61	55.4	13.2	69.78	35.49	45.97	26.19	61.35	25.02	40.28	19.87	44.58	53.7	60.9	47.1	75.83	66.2	46.43	64.6	60.18	85.38	67.55	79.15	73.56
595	20.517	14.47	50.98	12.67	48.13	10.0	56.05	12.38	51.43	5.77	72.18	24.89	55.18	13.18	69.78	35.7	45.83	26.32	61.39	24.98	40.34	19.98	44.39	54.15	60.96	47.4	75.97	66.47	46.34	65.08	60.06	85.64	67.34	79.6	73.57
596	20.552	14.89	50.42	13.18	47.55	10.19	55.54	13.22	50.95	5.89	71.89	25.62	54.9	13.44	69.89	36.19	45.8	26.6	62.23	25.42	40.35	20.21	44.71	54.37	60.83	47.41	75.85	66.49	46.43	65.35	60.0	85.14	67.27	79.83	73.68
597	20.586	14.68	51.34	12.94	48.44	10.08	56.47	13.05	51.54	5.97	72.55	25.48	55.17	13.51	70.1	36.03	45.87	26.51	62.08	25.34	40.38	20.05	44.64	54.29	60.72	47.45	75.81	66.8	46.5	65.7	60.29	85.62	67.45	80.28	73.87
598	20.621	14.79	51.21	13.07	48.3	10.22	56.3	13.12	51.4	6.04	72.3	25.4	55.08	13.36	69.97	35.87	45.9	26.33	62.12	25.29	40.36	19.96	44.74	53.94	60.81	46.99	75.88	66.77	46.92	65.4	60.68	85.58	67.98	79.96	74.36
599	20.655	14.79	51.23	13.0	48.31	10.2	56.37	12.96	51.52	6.02	72.59	25.35	55.2	13.44	70.21	35.82	45.78	26.49	62.14	25.18	40.32	20.06	44.71	54.19	61.0	47.21	76.13	67.2	46.89	65.24	60.69	86.22	68.24	79.51	74.7
600	20.69	14.85	51.42	13.11	48.52	10.27	56.52	13.18	51.64	6.15	72.54	25.48	55.37	13.63	70.03	35.76	45.91	26.44	61.75	25.08	40.44	20.12	44.79	54.04	61.17	47.11	76.06	66.78	46.94	64.93	60.46	85.63	68.49	79.03	74.82
601	20.724	14.07	52.88	12.38	49.94	9.72	57.89	13.22	52.46	6.57	73.16	25.33	55.99	14.38	70.33	34.96	46.5	26.54	62.33	24.26	40.74	19.85	45.86	53.68	61.09	47.39	75.87	66.28	47.88	65.31	61.65	84.59	69.0	79.38	75.3
602	20.759	14.09	52.82	12.39	49.93	9.82	57.86	13.0	52.54	6.52	73.18	25.1	55.85	14.07	70.21	35.01	46.41	26.55	62.08	24.3	40.85	20.11	45.39	53.59	60.88	47.32	75.83	66.55	47.46	65.95	61.5	85.13	68.98	80.57	75.21
603	20.793	14.21	52.86	12.53	50.0	9.93	57.84	13.23	52.59	6.69	73.03	25.17	55.84	14.2	70.12	35.02	46.59	26.75	62.39	24.43	40.9	20.41	45.61	53.41	60.75	47.22	75.64	66.43	47.62	66.14	61.55	84.65	68.89	80.7	75.21
604	20.828	14.28	52.91	12.57	50.08	10.03	57.87	13.22	52.69	6.86	73.03	25.18	55.92	14.29	70.15	35.03	46.44	26.74	62.47	24.36	40.75	20.39	45.57	53.33	60.83	47.23	75.67	66.32	47.78	66.14	61.54	84.38	69.06	80.68	75.38
605	20.862	14.53	52.84	12.74	49.97	10.12	57.89	13.22	52.71	6.67	73.42	25.37	56.04	14.25	70.51	35.35	46.01	26.79	62.1	24.57	40.08	20.47	44.88	53.71	60.86	47.44	75.75	66.57	47.93	66.18	61.66	84.49	69.36	80.39	75.89
606	20.897	14.5	52.95	12.7	50.05	10.08	57.97	13.11	52.74	6.55	73.44	25.31	55.99	14.11	70.39	35.15	45.92	26.54	61.89	24.33	39.85	20.28	44.87	53.77	61.11	47.29	75.93	66.75	47.84	65.44	61.47	84.76	69.63	79.14	76.09
607	20.931	14.7	52.76	12.93	49.88	10.27	57.73	13.34	52.56	6.71	73.12	25.47	55.96	14.18	70.23	35.22	45.99	26.33	61.8	24.27	40.07	19.93	44.94	53.84	61.29	47.34	76.0	66.47	48.12	65.29	61.58	84.51	69.82	79.15	76.16
608	20.966	14.75	52.75	12.99	49.83	10.3	57.68	13.22	52.53	6.48	73.09	25.49	55.94	13.87	70.24	35.26	45.79	25.98	61.56	24.32	40.09	19.77	44.87	54.0	61.59	47.17	76.26	66.64	47.92	64.64	61.14	84.4	70.36	77.78	76.32
609	21.0	14.89	52.47	13.08	49.54	10.35	57.46	13.12	52.37	6.28	73.12	25.47	55.84	13.71	70.26	35.35	45.65	25.96	61.37	24.48	39.9	19.68	44.57	54.05	61.47	47.08	76.17	66.76	47.85	64.48	60.97	84.39	70.51	77.28	76.55
610	21.034	15.27	51.62	13.39	48.8	10.72	56.63	13.11	51.99	6.44	72.59	25.5	55.64	13.71	70.13	35.64	45.3	26.4	61.28	25.07	39.23	20.28	44.13	54.16	61.43	47.24	76.14	66.69	47.75	64.7	60.69	83.87	70.5	77.6	76.48
611	21.069	15.54	50.54	13.68	47.81	10.97	55.51	13.13	51.35	6.45	71.69	25.48	55.26	13.42	69.73	35.73	45.07	26.32	61.06	25.13	38.78	20.39	43.69	54.11	61.42	47.07	76.15	66.54	47.82	64.46	60.76	83.96	70.92	77.62	76.9
612	21.103	15.39	50.19	13.58	47.49	10.9	55.08	12.99	51.12	6.32	71.2	25.31	55.21	13.15	69.68	35.8	44.78	26.16	61.05	25.31	38.27	20.58	43.25	53.72	61.7	46.64	76.42	66.03	47.71	63.88	60.62	83.22	71.29	76.97	77.09
613	21.138	15.57	50.56	13.42	49.0	11.4	55.91	14.11	53.48	9.36	72.28	26.25	56.58	17.5	70.48	36.82	44.47	28.84	59.65	25.65	38.36	19.92	42.16	52.82	62.95	48.33	76.61	63.75	48.64	63.51	63.03	80.64	69.71	76.72	79.47
614	21.172	15.56	51.31	13.83	48.7	11.24	56.14	13.78	52.04	7.47	71.68	25.98	55.87	14.38	69.81	36.25	45.17	26.45	61.03	25.97	37.55	19.52	43.96	53.61	62.31	47.06	76.57	65.06	48.01	63.75	60.77	82.53	71.27	77.7	77.08
615	21.207	15.5	50.76	13.79	48.16	11.18	55.53	13.64	51.65	7.31	71.17	25.9	55.65	14.12	69.56	36.15	45.05	26.25	60.99	25.84	37.61	19.44	44.02	53.64	62.28	46.95	76.54	65.21	47.85	63.56	60.49	82.57	71.1	77.3	76.84
616	21.241	15.51	50.81	13.76	48.19	11.17	55.63	13.43	51.68	7.08	71.36	25.65	55.48	13.85	69.72	35.92	44.86	26.31	61.39	25.55	37.77	19.8	44.09	53.65	61.86	46.94	76.36	65.39	47.67	63.83	60.44	82.64	71.05	77.5	76.71
617	21.276	15.33	51.1	13.53	48.38	10.92	55.99	13.17	51.73	6.78	71.8	25.53	55.51	13.68	70.03	35.88	44.95	26.22	61.73	25.01	38.4	19.84	44.22	53.69	61.78	46.88	76.41	65.39	47.53	63.54	60.38	83.09	70.97	77.19	76.54
618	21.31	15.27	50.87	13.46	48.15	10.84	55.77	13.08	51.53	6.69	71.64	25.48	55.41	13.62	69.95	35.9	45.0	26.05	61.84	25.22	38.56	19.5	44.53	53.79	61.76	47.03	76.39	65.27	47.6	63.64	60.34	82.96	71.01	77.37	76.52
619	21.345	15.5	50.84	13.63	48.09	11.07	55.77	13.13	51.43	6.81	71.66	25.54	55.25	13.75	69.99	36.14	44.87	26.08	61.85	25.73	38.36	19.5	44.41	53.6	61.45	46.96	76.12	64.83	47.5	63.67	60.33	82.05	70.46	77.4	76.14
620	21.379	15.35	50.8	13.5	48.11	10.91	55.73	13.16	51.6	6.75	71.71	25.66	55.57	13.82	70.09	36.47	45.27	26.45	61.73	26.08	38.76	19.84	44.32	53.72	61.54	47.05	76.09	65.12	47.27	63.8	60.05	82.28	70.58	77.42	76.35
621	21.414	15.47	50.89	13.58	48.13	11.02	55.8	12.96	51.59	6.64	71.81	25.57	55.55	13.54	70.22	36.56	45.31	26.15	61.82	26.08	39.17	19.82	44.38	53.7	61.71	46.81	76.32	65.23	47.27	63.2	60.04	82.77	71.06	76.58	76.7
622	21.448	15.38	51.73	13.5	48.9	10.93	56.71	13.19	52.09	6.86	72.58	25.89	55.89	13.97	70.5	36.66	45.54	26.27	61.7	26.02	39.29	19.62	44.4	53.9	61.88	47.09	76.41	65.25	47.36	63.54	60.23	83.11	71.12	77.29	76.81
623	21.483	15.37	51.71	13.45	48.86	10.98	56.64	12.99	52.09	6.86	72.51	25.63	56.04	13.87	70.72	36.42	45.89	26.36	62.16	25.98	39.71	19.93	44.61	53.83	62.07	47.12	76.69	65.33	47.65	63.71	60.57	82.98	71.37	77.41	76.99
624	21.517	15.33	51.73	13.4	48.88	10.94	56.67	12.88	52.04	6.74	72.48	25.56	55.94	13.64	70.69	36.61	45.96	26.21	62.21	26.22	39.8	19.64	44.71	53.87	61.95	47.09	76.7	65.48	47.69	63.9	60.84	83.34	71.62	77.97	77.29
625	21.552	15.04	51.97	13.22	49.12	10.61	56.96	13.38	52.12	6.88	72.66	26.09	56.02	14.25	70.75	37.0	46.06	26.67	62.41	26.53	39.9	19.77	45.08	54.0	61.83	47.25	76.4	65.28	47.83	63.6	60.99	83.15	71.57	77.47	77.31
626	21.586	14.98	51.81	13.18	48.99	10.57	56.78	13.46	52.06	7.02	72.49	26.1	56.0	14.45	70.66	36.77	46.28	26.75	62.49	26.38	40.08	19.87	44.96	54.16	61.84	47.54	76.44	65.54	47.79	63.95	61.13	83.42	71.27	77.83	77.26
627	21.621	15.41	50.88	13.57	48.17	10.99	55.9	13.72	51.65	7.42	71.95	26.4	55.87	14.68	70.63	37.1	46.01	27.04	62.53	26.75	39.74	20.32	44.41	54.18	62.12	47.48	76.67	65.7	47.79	63.68	61.0	83.3	71.45	77.25	77.53
628	21.655	15.41	50.61	13.62	47.9	10.92	55.59	13.82	51.46	7.21	71.72	26.43	55.85	14.4	70.66	37.1	45.92	26.85	62.56	26.81	39.56	20.4	44.3	54.42	62.15	47.58	76.81	65.85	47.77	64.01	61.12	83.35	71.8	77.67	78.01
629	21.69	15.6	51.04	13.81	48.39	11.08	56.04	14.11	51.93	7.44	72.13	26.62	56.07	14.88	70.65	37.31	46.05	27.54	62.18	27.35	39.56	21.22	44.34	54.31	61.87	47.73	76.32	65.5	47.77	64.4	61.0	82.54	71.37	77.98	77.92
630	21.724	15.76	51.3	13.96	48.67	11.25	56.36	14.4	52.19	7.75	72.47	26.98	56.14	15.38	70.81	37.66	45.86	28.16	61.93	27.84	39.44	21.81	44.23	54.42	61.94	47.77	76.28	65.73	47.31	63.86	60.7	82.63	71.06	76.82	77.86
631	21.759	16.59	52.21	14.56	50.64	12.35	57.68	15.98	54.74	10.88	73.69	27.92	57.32	19.66	71.24	38.08	45.1	30.29	59.48	28.31	39.96	22.12	42.39	53.24	63.02	49.08	76.15	62.45	48.09	62.62	62.55	79.04	69.02	75.33	79.08
632	21.793	16.65	51.91	14.57	50.44	12.5	57.35	15.88	54.73	11.01	73.41	28.02	57.23	19.69	71.03	38.3	45.18	30.4	59.3	28.81	39.61	22.13	42.06	53.15	63.08	48.85	76.02	62.34	47.01	61.96	61.15	77.87	68.59	73.68	78.4
633	21.828	16.75	51.95	14.62	50.53	12.68	57.36	15.83	54.82	11.24	73.35	28.21	57.17	19.96	71.03	38.58	45.32	30.81	59.47	29.27	39.64	22.47	42.07	53.39	62.91	49.25	75.79	62.51	45.92	62.4	60.0	77.0	67.92	73.61	77.51
634	21.862	16.82	51.8	14.67	50.37	12.78	57.24	15.87	54.61	11.37	73.22	28.42	56.89	20.17	70.82	38.72	45.15	31.02	59.32	29.43	39.63	22.68	42.15	53.45	62.67	49.31	75.49	62.48	44.86	62.27	58.84	76.56	67.08	73.13	76.4
635	21.897	16.31	50.53	14.32	48.14	12.03	55.58	14.5	52.02	8.63	71.72	28.06	55.84	16.42	70.21	39.11	45.09	29.48	60.25	29.52	38.97	23.49	42.62	54.21	61.52	47.46	74.96	64.08	42.78	61.5	55.03	76.58	68.45	71.06	74.41
636	21.931	16.28	50.4	14.18	48.04	11.94	55.56	14.17	52.04	8.48	71.93	27.64	55.74	16.5	70.17	38.95	44.8	29.64	59.78	29.56	38.7	23.68	42.21	54.05	61.09	47.76	74.63	63.42	42.76	61.98	55.25	76.19	67.2	71.96	73.71
637	21.966	16.51	51.42	14.18	50.11	12.42	56.95	15.15	54.61	10.93	73.26	28.01	56.95	20.09	70.81	38.96	44.81	31.4	58.84	30.0	39.43	23.51	41.69	53.25	62.21	49.52	74.91	61.82	43.82	62.42	57.57	74.75	64.42	72.87	74.19
638	22.0	16.54	51.39	14.14	50.15	12.37	56.91	15.14	54.81	10.94	73.36	27.96	57.12	20.44	70.84	38.81	44.96	31.48	58.63	29.92	39.48	23.45	41.4	53.12	62.25	49.86	74.86	61.4	43.86	63.15	57.48	73.26	63.78	73.08	74.1
639	22.034	16.54	51.37	14.16	50.14	12.33	56.96	15.27	54.81	10.94	73.51	28.2	57.06	20.54	70.86	38.79	44.69	31.58	58.55	29.85	39.41	23.51	41.41	53.49	62.07	50.05	74.66	61.66	43.22	62.85	56.76	73.68	63.34	72.68	73.46
640	22.069	16.69	51.43	14.36	50.2	12.52	56.94	15.47	54.87	11.08	73.37	28.32	57.13	20.54	70.76	38.88	44.92	31.57	58.53	29.96	39.49	23.55	41.44	53.46	62.46	49.86	74.93	61.79	43.35	62.53	56.74	73.73	63.87	72.11	73.87
641	22.103	16.82	51.41	14.46	50.2	12.58	56.92	15.59	54.88	11.13	73.38	28.38	57.2	20.64	70.73	38.83	45.07	31.67	58.55	29.95	39.59	23.69	41.45	53.49	62.31	49.96	74.72	61.84	43.65	62.83	56.84	73.38	63.7	72.3	73.82
642	22.138	17.01	51.6	14.74	50.34	12.79	57.09	16.01	54.93	11.37	73.43	28.72	57.26	20.73	70.94	38.85	44.96	31.6	58.74	29.69	39.65	23.57	41.53	53.72	62.87	49.83	75.3	61.99	43.98	62.07	57.34	74.04	64.57	71.44	74.52
643	22.172	16.89	51.7	14.68	50.42	12.69	57.1	16.08	54.98	11.37	73.33	28.73	57.38	20.71	71.0	38.87	45.1	31.62	59.04	29.67	39.84	23.52	41.75	53.71	62.88	49.83	75.27	61.95	44.03	62.16	57.31	73.84	64.73	71.45	74.64
644	22.207	17.11	51.58	14.81	50.32	12.89	56.99	15.94	54.89	11.36	73.25	28.52	57.31	20.64	70.97	38.94	45.19	31.7	59.02	29.96	39.8	23.69	41.75	53.61	62.48	50.0	74.97	61.85	43.93	62.93	57.3	73.46	64.43	72.52	74.49
645	22.241	17.13	51.44	14.8	50.18	12.92	56.83	15.8	54.74	11.35	73.07	28.34	57.2	20.57	70.86	38.92	45.16	31.72	59.13	30.12	39.84	23.74	41.82	53.55	62.55	50.07	75.08	61.82	43.85	63.13	57.19	73.65	64.33	73.1	74.37
646	22.276	17.28	51.57	15.01	50.33	13.04	56.97	16.16	54.93	11.59	73.23	28.51	57.42	20.79	71.15	38.87	45.22	31.75	59.5	30.23	39.91	23.82	42.0	53.52	62.43	50.11	74.98	61.6	44.06	63.21	57.44	73.72	64.1	73.52	74.27
647	22.31	17.48	51.58	15.21	50.35	13.21	56.94	16.37	54.96	11.74	73.16	28.58	57.39	21.01	71.08	38.97	45.48	31.85	59.66	30.56	40.13	23.85	42.07	53.24	62.46	49.98	74.87	61.24	44.33	63.04	57.5	72.93	63.97	72.96	74.21
648	22.345	17.84	51.49	15.49	50.28	13.59	56.84	16.25	54.94	11.83	73.09	28.41	57.33	21.0	71.07	39.01	45.7	31.99	59.77	30.66	40.29	23.84	42.13	53.12	62.39	49.99	74.84	61.24	44.36	63.18	57.52	72.63	63.53	72.87	73.76
649	22.379	18.04	51.18	15.54	49.98	13.82	56.55	15.93	54.82	11.84	73.07	28.4	57.24	21.01	71.32	39.38	45.64	32.21	60.17	31.07	40.68	24.15	42.54	53.47	62.29	50.33	74.87	61.71	43.9	63.16	57.05	72.62	63.75	72.09	73.9
650	22.414	18.37	51.22	15.96	50.06	14.07	56.56	16.64	54.96	12.23	73.05	28.96	57.41	21.5	71.3	39.67	45.98	32.35	60.46	31.55	41.1	24.47	42.82	53.61	62.44	50.4	74.75	61.52	44.09	62.79	56.82	72.18	63.05	71.34	73.22
651	22.448	18.58	51.37	16.12	50.23	14.35	56.54	16.64	55.34	12.52	73.02	28.96	58.08	21.64	71.95	40.27	47.19	32.66	61.9	33.22	42.48	25.31	43.95	53.82	62.56	50.78	74.8	61.66	44.41	62.84	56.83	71.82	62.96	70.89	72.94
652	22.483	18.84	51.26	16.58	50.19	14.71	56.09	17.19	55.65	12.92	72.38	29.39	58.7	21.9	72.12	40.88	48.3	33.41	62.78	34.31	44.31	26.5	45.22	53.96	62.76	50.85	74.6	61.79	44.65	62.56	56.45	72.2	62.93	70.49	72.51
653	22.517	18.65	51.43	16.32	50.17	14.82	56.02	16.59	55.23	13.02	71.73	28.95	58.37	21.84	72.05	41.33	50.25	34.2	65.07	36.22	46.02	28.26	46.97	53.92	62.37	50.88	74.27	62.06	44.72	61.62	56.47	72.4	63.79	68.9	72.18
654	22.552	18.8	51.0	16.72	49.82	15.27	55.24	17.3	54.9	14.01	70.33	28.94	58.11	22.68	71.53	40.63	51.02	35.35	66.23	37.4	47.75	29.88	47.76	54.01	62.03	51.42	73.73	62.15	44.9	61.67	56.36	72.73	63.94	69.2	71.69
655	22.586	19.27	50.57	17.2	49.37	15.81	54.58	17.39	54.82	14.37	69.8	28.5	58.07	23.01	71.75	39.84	51.45	35.77	67.65	38.59	49.01	31.04	49.3	54.05	61.75	51.99	73.52	62.04	45.04	62.02	56.18	71.8	63.42	68.51	71.07
656	22.621	19.67	50.42	17.82	49.14	16.0	54.27	18.54	54.49	14.52	69.32	29.41	58.14	23.15	71.75	40.25	51.69	35.81	68.36	38.52	48.95	31.49	50.15	54.57	61.93	52.03	73.53	61.91	45.41	62.07	56.2	71.39	63.47	68.52	71.16
657	22.655	20.05	50.35	18.12	49.08	16.36	54.25	18.62	54.39	14.75	69.34	29.32	57.93	23.32	71.74	40.02	51.23	35.91	68.43	38.22	48.93	31.59	50.46	54.48	61.61	52.16	73.32	61.79	45.53	62.39	56.37	70.97	62.98	68.83	70.88
658	22.69	19.96	50.11	18.0	48.82	16.3	53.96	18.29	54.09	14.53	68.96	29.04	57.79	23.05	71.42	40.0	51.53	35.81	68.07	38.32	48.88	31.38	49.99	54.42	61.9	52.0	73.54	61.8	45.49	61.85	56.29	71.29	63.39	68.23	71.08
659	22.724	20.05	49.78	18.09	48.47	16.36	53.6	18.24	53.79	14.41	68.67	28.98	57.49	22.78	71.29	40.06	51.16	35.63	67.96	38.38	48.9	31.22	49.75	54.46	61.97	51.82	73.69	61.96	45.2	61.52	56.02	71.5	63.61	67.64	71.27
660	22.759	20.09	49.39	18.11	48.06	16.33	53.22	18.15	53.36	14.19	68.33	28.81	57.16	22.46	71.01	39.85	51.26	35.34	67.87	38.34	49.02	31.17	49.61	54.35	61.49	51.74	73.33	61.84	44.98	62.11	55.92	71.05	63.44	68.53	71.22
661	22.793	20.2	49.03	18.22	47.8	16.48	52.81	18.19	53.27	14.34	67.94	28.75	57.15	22.46	70.78	39.78	51.3	35.35	67.82	38.3	48.9	31.15	49.62	54.5	61.14	52.01	72.96	62.2	44.98	62.83	55.83	71.18	63.03	69.32	70.94
662	22.828	20.04	48.54	18.07	47.36	16.37	52.3	18.0	52.98	14.18	67.52	28.58	56.94	22.17	70.51	39.64	51.21	35.23	67.83	38.26	48.9	31.15	49.73	54.31	61.04	51.69	72.85	62.18	44.8	62.56	55.49	71.25	63.05	69.12	70.69
663	22.862	19.89	48.32	17.91	47.11	16.28	52.08	17.72	52.69	14.05	67.27	28.3	56.7	21.89	70.38	39.44	51.15	35.04	67.89	38.24	48.92	31.06	49.67	54.27	61.12	51.61	73.08	62.39	44.83	62.55	55.72	71.83	63.4	69.41	70.95
664	22.897	19.84	48.31	17.89	47.07	16.23	52.01	17.79	52.62	14.08	67.12	28.37	56.71	21.99	70.25	39.29	51.33	34.98	67.94	38.03	49.04	31.15	49.86	54.31	61.59	51.54	73.39	62.24	45.07	61.89	55.74	71.49	63.79	68.22	71.24
665	22.931	19.93	48.3	18.0	47.07	16.32	51.99	17.87	52.64	14.12	67.1	28.44	56.74	22.0	70.28	39.28	51.29	34.97	67.95	38.0	49.1	31.15	49.95	54.28	61.65	51.45	73.42	62.2	45.09	61.72	55.69	71.47	63.73	67.95	71.09
666	22.966	19.98	48.24	18.0	46.99	16.38	51.92	17.78	52.57	14.16	67.04	28.32	56.72	22.0	70.37	39.15	51.43	34.92	68.34	38.04	49.15	31.28	50.24	54.3	61.55	51.6	73.41	62.24	45.04	62.04	55.67	71.26	63.79	68.18	71.14
667	23.0	19.97	48.1	17.99	46.83	16.47	51.72	17.63	52.44	14.31	66.75	28.07	56.76	21.96	70.31	38.83	51.68	34.88	68.79	37.82	49.19	31.43	50.75	54.01	61.88	51.38	73.67	61.93	45.55	61.49	55.98	71.29	64.52	67.83	71.58
668	23.034	19.89	48.13	17.85	46.87	16.4	51.75	17.44	52.49	14.27	66.81	27.86	56.91	22.03	70.48	38.82	51.93	35.06	69.14	37.99	49.47	31.36	51.11	54.04	61.77	51.73	73.62	61.89	45.77	62.27	56.18	71.0	64.57	68.88	71.61
669	23.069	19.32	48.22	17.12	46.21	15.6	52.08	16.6	51.03	12.88	67.39	27.76	56.54	20.63	70.45	39.87	52.07	34.32	69.02	38.24	49.52	31.66	51.41	53.87	61.77	49.96	74.12	63.28	44.85	59.84	55.07	73.77	66.14	65.68	72.2
670	23.103	19.83	48.15	17.81	46.8	16.37	51.72	17.42	52.37	14.29	66.74	27.92	56.85	21.87	70.66	38.79	51.99	34.77	70.04	37.84	49.82	31.23	51.82	54.16	62.13	51.52	74.02	61.92	46.4	61.24	56.61	71.29	65.17	67.57	71.95
671	23.138	19.28	48.19	17.12	46.16	15.55	52.01	16.69	51.0	12.84	67.37	27.83	56.54	20.55	70.56	39.6	52.19	34.12	69.46	38.02	49.57	31.54	51.56	54.11	62.04	49.99	74.44	63.62	44.83	59.73	54.92	73.93	66.54	65.2	72.44
672	23.172	19.27	48.16	17.12	46.12	15.56	51.97	16.62	50.98	12.79	67.31	27.76	56.57	20.37	70.57	39.62	52.27	33.92	69.49	38.15	49.55	31.39	51.55	53.96	62.02	49.79	74.43	63.6	44.69	59.61	54.79	74.04	66.77	65.23	72.57
673	23.207	19.57	47.97	17.55	46.57	16.05	51.61	17.28	52.03	13.97	66.7	27.82	56.51	21.49	70.59	38.81	51.92	34.42	70.29	37.95	49.78	30.85	51.55	54.34	61.67	51.52	73.85	62.71	46.1	61.93	56.58	72.42	65.31	68.67	72.06
674	23.241	19.47	47.85	17.45	46.46	15.96	51.44	17.19	51.91	13.9	66.47	27.73	56.45	21.39	70.51	38.83	52.01	34.32	70.42	38.02	49.88	30.67	51.65	54.27	61.64	51.56	73.85	62.64	46.05	62.36	56.57	72.18	65.42	69.28	72.19
675	23.276	19.08	47.82	16.98	45.78	15.37	51.68	16.71	50.53	12.73	66.96	27.88	56.13	20.27	70.29	39.83	52.24	33.65	69.63	38.09	49.75	30.71	51.48	54.13	61.77	49.94	74.38	63.72	44.64	60.42	55.05	74.57	66.87	66.96	72.66
676	23.31	19.12	47.76	17.04	45.73	15.39	51.56	16.73	50.63	12.69	66.91	27.85	56.25	20.17	70.29	39.73	52.42	33.56	69.82	38.17	49.81	30.84	51.7	54.0	61.62	49.77	74.14	63.68	44.56	60.36	54.68	74.2	66.79	66.56	72.53
677	23.345	19.18	47.73	17.12	45.72	15.45	51.53	16.81	50.63	12.72	66.87	27.78	56.22	20.16	70.32	39.63	52.25	33.51	69.83	38.15	49.78	30.78	51.81	53.92	61.59	49.81	74.18	63.58	44.87	60.73	55.16	74.13	66.75	67.17	72.7
678	23.379	19.01	47.78	16.94	45.7	15.24	51.56	16.56	50.47	12.41	66.85	27.46	56.14	19.87	70.33	39.3	52.39	33.4	70.06	38.17	49.86	30.76	52.05	53.86	61.59	49.78	74.3	63.5	44.93	60.83	55.25	74.36	66.77	67.69	72.53
679	23.414	19.61	47.54	17.81	46.26	16.03	50.8	17.43	52.03	13.13	65.86	28.14	56.67	20.24	70.66	39.46	52.45	33.65	71.35	38.28	49.2	30.51	51.62	54.46	61.76	51.07	74.1	63.35	44.8	63.36	55.85	71.47	64.65	70.37	72.25
680	23.448	19.51	47.49	17.63	46.17	15.97	50.79	17.14	51.87	13.06	65.87	27.83	56.5	20.19	70.55	39.22	52.36	33.64	71.29	38.0	49.06	30.54	51.67	54.33	61.31	51.12	73.78	63.46	44.83	63.79	56.03	71.72	64.4	70.97	72.08
681	23.483	19.5	47.51	17.63	46.18	15.9	50.85	17.27	51.85	13.06	66.0	27.96	56.36	20.31	70.72	39.21	51.96	33.57	71.67	38.0	48.92	30.42	52.1	54.4	61.1	51.19	73.67	63.36	44.5	63.66	55.77	71.43	64.04	70.5	71.86
682	23.517	19.62	47.42	17.82	46.11	16.0	50.7	17.55	51.85	13.22	65.82	28.0	56.39	20.47	70.63	38.96	52.14	33.59	71.79	38.16	49.01	30.5	52.18	54.35	61.2	51.22	73.65	63.07	44.45	63.46	55.56	71.25	63.78	70.31	71.61
683	23.552	19.65	47.53	17.82	46.12	15.98	50.88	17.53	51.65	13.21	65.99	28.06	56.13	20.51	70.67	39.07	51.87	33.46	72.11	38.18	48.94	30.35	52.37	54.34	61.49	51.16	74.06	62.97	44.43	63.32	55.49	71.44	64.1	70.34	71.74
684	23.586	19.28	47.8	17.3	45.59	15.39	51.67	17.11	50.06	12.6	66.9	27.76	55.29	20.04	70.36	39.24	51.44	33.13	71.25	38.0	49.44	30.26	52.63	53.94	61.2	49.77	74.25	63.23	44.25	60.6	54.75	74.67	66.04	67.81	71.74
685	23.621	19.86	47.55	18.18	46.19	16.19	50.84	18.1	51.67	13.41	65.72	28.5	55.98	20.42	70.46	39.45	51.73	33.48	72.21	38.18	48.87	30.16	52.54	54.53	61.52	50.95	74.06	63.43	44.91	63.21	56.08	72.21	64.73	70.63	72.38
686	23.655	19.96	47.56	18.32	46.21	16.26	50.83	18.3	51.71	13.41	65.73	28.73	56.08	20.34	70.61	39.8	51.8	33.43	72.46	38.26	48.73	29.96	52.68	54.53	61.75	50.81	74.3	63.45	45.08	63.3	56.24	72.27	64.79	70.89	72.38
687	23.69	19.86	47.64	18.25	46.29	16.17	50.93	18.35	51.78	13.42	65.81	28.8	56.09	20.36	70.63	39.79	51.72	33.38	72.45	38.17	48.61	29.9	52.55	54.51	61.64	50.74	74.19	63.48	45.04	63.23	56.22	72.34	64.7	70.84	72.28
688	23.724	19.88	47.64	18.31	46.31	16.16	50.93	18.47	51.86	13.34	65.86	28.93	56.17	20.23	70.73	39.99	51.55	33.34	72.5	38.17	48.47	29.81	52.78	54.51	61.69	50.56	74.22	63.47	45.1	62.99	56.27	72.28	64.64	70.53	72.29
689	23.759	19.9	47.76	18.2	46.35	16.22	51.08	18.05	51.77	13.28	65.98	28.48	56.09	20.1	70.9	39.54	51.71	33.28	72.93	37.89	48.64	29.78	53.18	54.12	61.76	50.3	74.42	63.35	45.23	62.67	56.47	71.95	65.1	69.89	72.64
690	23.793	19.87	47.81	18.21	46.35	16.14	51.11	18.19	51.65	13.23	65.93	28.5	56.0	20.1	70.93	39.41	51.79	33.23	73.3	37.89	48.63	29.78	53.5	54.25	61.55	50.45	74.3	63.29	45.43	62.94	56.76	71.89	64.91	70.34	72.47
691	23.828	19.78	47.78	18.07	46.3	16.03	51.09	18.0	51.58	13.1	65.99	28.44	55.91	20.09	71.01	39.56	51.69	33.27	73.54	38.07	48.51	29.58	53.53	54.35	61.48	50.62	74.28	63.3	45.39	63.11	56.67	71.68	64.79	70.33	72.34
692	23.862	19.74	47.79	18.04	46.28	15.99	51.1	17.99	51.55	13.04	66.03	28.54	55.81	20.01	71.06	39.77	51.61	33.24	73.69	38.21	48.51	29.52	53.66	54.58	61.34	50.71	74.24	63.69	44.99	63.16	56.39	72.19	64.8	70.29	72.32
693	23.897	19.71	47.72	17.93	46.21	16.03	51.01	17.69	51.46	13.09	65.9	28.3	55.8	20.05	71.03	39.73	51.88	33.3	73.81	38.4	48.64	29.32	53.88	54.47	61.27	50.82	74.16	63.57	44.99	63.18	56.43	71.91	64.79	70.26	72.25
694	23.931	19.59	47.76	17.79	46.16	15.85	51.07	17.45	51.32	12.75	66.0	28.02	55.73	19.77	71.17	39.37	52.0	33.12	74.0	38.4	48.9	29.29	54.06	54.38	61.2	50.7	74.19	63.27	44.95	62.84	56.43	71.67	64.65	69.91	72.07
695	23.966	19.59	47.77	17.79	46.18	15.84	51.07	17.44	51.43	12.75	66.07	28.04	55.83	19.81	71.16	39.39	52.18	33.16	73.92	38.36	48.95	29.23	53.71	54.53	61.22	50.8	74.13	63.42	44.7	62.58	56.03	71.94	64.53	69.45	71.93
696	24.0	19.53	47.79	17.73	46.22	15.79	51.17	17.39	51.49	12.76	66.28	28.03	55.79	19.79	71.32	39.27	51.71	33.09	73.88	38.01	48.89	29.1	53.62	54.52	61.43	50.71	74.46	63.59	44.74	62.44	56.21	72.52	64.79	69.49	72.19
697	24.034	19.41	47.75	17.66	46.18	15.66	51.13	17.43	51.47	12.68	66.22	27.86	55.71	19.77	71.05	38.71	51.85	32.86	73.74	37.61	48.87	28.99	53.69	54.08	61.31	50.3	74.21	63.2	44.88	61.99	56.1	72.08	65.14	68.78	72.47
698	24.069	19.53	47.76	17.83	46.18	15.74	51.1	17.78	51.42	12.81	66.12	28.24	55.72	19.9	71.12	39.11	51.83	32.92	73.99	38.06	48.89	28.97	53.99	54.23	61.36	50.36	74.22	63.3	44.8	62.18	56.0	71.99	65.17	68.98	72.45
699	24.103	19.62	47.8	17.95	46.22	15.81	51.17	18.02	51.37	12.91	66.14	28.56	55.53	19.98	71.2	39.62	51.08	32.89	74.08	38.21	48.48	28.82	54.3	54.4	61.13	50.5	74.16	63.34	44.98	62.72	56.42	71.97	64.98	69.81	72.38
700	24.138	19.5	47.79	17.83	46.2	15.69	51.16	17.91	51.38	12.77	66.17	28.5	55.51	19.83	71.21	39.7	50.89	32.76	74.07	38.13	48.43	28.77	54.26	54.34	61.27	50.36	74.31	63.37	45.0	62.6	56.38	72.02	64.98	69.58	72.37
701	24.172	19.48	47.79	17.83	46.24	15.69	51.16	17.95	51.48	12.78	66.17	28.57	55.57	19.82	71.25	39.77	51.03	32.76	74.14	38.26	48.58	28.76	54.37	54.42	61.11	50.41	74.13	63.44	44.74	62.66	56.15	71.93	64.94	69.59	72.31
702	24.207	19.53	47.83	17.79	46.27	15.75	51.26	17.82	51.47	12.85	66.33	28.56	55.58	19.89	71.26	39.88	51.1	32.74	74.1	38.17	48.49	28.65	54.28	54.43	61.0	50.5	74.06	63.63	44.83	62.93	56.22	72.27	64.96	70.03	72.26
703	24.241	19.38	47.88	17.52	46.26	15.65	51.39	17.28	51.38	12.74	66.54	28.07	55.48	19.83	71.46	39.54	50.86	32.73	74.33	38.16	48.55	28.68	54.68	54.15	60.84	50.54	74.08	63.36	44.87	63.07	56.4	71.96	65.0	70.23	72.23
704	24.276	19.45	48.07	17.56	46.42	15.68	51.66	17.32	51.42	12.76	66.82	28.13	55.45	19.9	71.63	39.52	50.68	32.82	74.38	38.06	48.56	28.6	54.68	54.21	60.73	50.63	74.11	63.63	44.79	63.53	56.49	72.19	65.07	70.8	72.3
705	24.31	19.36	48.19	17.55	46.55	15.54	51.8	17.57	51.55	12.72	67.0	28.45	55.51	19.97	71.74	39.71	50.6	32.85	74.42	38.06	48.64	28.6	54.65	54.44	60.78	50.67	74.12	63.74	44.56	63.43	56.22	72.35	65.14	70.64	72.31
706	24.345	19.39	48.42	17.59	46.74	15.47	52.11	17.77	51.7	12.69	67.4	28.58	55.6	20.05	71.95	39.72	50.59	32.69	74.53	38.02	48.46	28.44	54.71	54.45	60.66	50.64	74.06	63.65	44.5	63.44	56.24	72.44	64.87	70.67	72.25
707	24.379	19.17	48.67	17.33	46.91	15.25	52.46	17.53	51.7	12.53	67.81	28.48	55.33	19.99	72.2	39.62	49.97	32.62	74.95	37.88	48.48	28.22	55.3	54.58	60.46	50.75	74.11	63.69	44.17	63.25	56.14	72.84	64.91	70.6	72.22
708	24.414	19.03	48.89	17.27	47.15	15.06	52.73	17.84	51.99	12.63	68.14	28.84	55.57	20.22	72.55	39.84	49.98	32.79	75.41	37.81	48.45	28.1	55.65	54.71	60.81	50.78	74.43	63.51	44.48	63.02	56.49	72.86	64.83	70.5	72.25
709	24.448	18.94	49.17	17.14	47.38	14.92	53.07	17.76	52.13	12.49	68.54	28.84	55.71	20.25	72.71	39.77	50.51	32.73	75.6	37.64	48.43	28.04	55.74	54.86	60.73	50.91	74.38	63.5	44.45	62.94	56.55	72.96	64.81	70.39	72.29
710	24.483	19.52	49.8	18.11	47.84	15.66	52.92	19.15	52.48	13.52	67.47	29.49	56.45	20.78	72.9	40.05	50.68	32.39	77.16	38.47	48.77	28.69	57.34	54.47	60.83	50.61	74.1	63.18	45.13	62.42	57.1	71.59	65.49	69.15	73.62
711	24.517	19.08	49.39	17.33	47.6	14.98	53.31	18.0	52.37	12.48	68.83	29.13	55.81	20.24	72.96	40.14	50.44	32.74	76.02	37.81	48.31	27.69	56.23	55.1	60.83	51.01	74.49	63.57	44.64	63.03	56.61	73.21	64.83	70.65	72.26
712	24.552	18.75	49.63	16.94	47.75	14.73	53.57	17.51	52.39	12.24	69.07	28.92	55.85	20.02	73.22	40.27	50.38	32.62	76.32	37.83	48.45	27.83	56.66	55.04	61.06	50.9	74.85	63.61	44.36	62.82	56.44	73.29	65.25	70.3	72.38
713	24.586	18.72	49.85	17.04	47.99	14.63	53.76	17.94	52.7	12.23	69.26	29.24	56.1	20.03	73.4	40.35	50.58	32.56	76.62	37.79	48.57	27.9	57.09	55.08	61.28	50.69	74.96	63.4	44.56	62.35	56.54	73.33	65.5	69.81	72.65
714	24.621	18.7	49.99	17.08	48.17	14.57	53.87	18.19	52.84	12.26	69.27	29.28	56.17	20.16	73.37	40.27	50.67	32.61	76.67	37.83	48.41	27.83	57.18	55.06	60.88	50.86	74.53	63.09	44.49	62.95	56.5	72.9	64.96	70.66	72.3
715	24.655	18.72	50.27	17.18	48.42	14.55	54.16	18.45	52.98	12.29	69.46	29.41	56.24	20.25	73.44	40.11	50.75	32.66	76.75	37.76	48.42	27.89	57.23	55.11	61.1	50.83	74.72	63.07	44.68	62.81	56.65	73.19	65.34	70.71	72.55
716	24.69	18.71	50.33	17.17	48.5	14.51	54.3	18.58	53.07	12.41	69.69	29.55	56.19	20.47	73.55	40.16	50.41	32.76	76.77	37.75	48.28	27.7	57.5	55.11	60.88	50.94	74.57	63.06	44.72	63.06	56.87	73.15	64.87	71.07	72.34
717	24.724	19.32	51.05	18.07	49.05	15.33	54.25	19.73	53.39	13.47	68.63	30.08	56.85	21.12	73.52	40.21	50.74	32.71	77.87	38.5	48.72	28.74	58.86	54.81	60.75	50.81	74.01	62.97	45.14	62.48	57.15	71.58	65.45	69.39	73.52
718	24.759	18.63	50.41	17.01	48.57	14.39	54.49	18.36	53.1	12.22	70.03	29.6	55.97	20.37	73.65	40.63	49.92	32.75	76.79	37.9	48.21	27.69	57.73	55.13	60.67	50.87	74.51	63.07	44.67	62.94	57.05	73.1	64.54	70.73	72.25
719	24.793	18.48	50.85	16.87	48.96	14.27	54.92	18.33	53.31	12.22	70.28	29.67	56.1	20.39	73.74	40.8	50.29	32.72	76.92	37.97	48.32	27.72	57.86	55.13	60.74	50.81	74.55	62.97	44.47	62.66	56.95	73.25	64.57	70.55	72.22
720	24.828	18.92	51.67	17.67	49.55	14.9	54.93	19.52	53.65	13.19	69.25	30.07	56.93	21.02	73.8	40.52	50.78	32.65	78.11	38.61	48.68	28.56	59.21	54.72	60.83	50.64	74.18	62.84	44.99	62.25	57.23	72.1	65.59	69.42	73.62
721	24.862	18.73	51.73	17.41	49.54	14.71	55.05	19.15	53.51	12.96	69.39	29.73	56.9	20.84	73.99	40.37	50.87	32.58	78.4	38.45	48.8	28.51	59.41	54.72	60.99	50.73	74.54	62.85	45.42	62.49	57.93	72.4	65.77	69.96	73.8
722	24.897	18.65	51.9	17.38	49.75	14.6	55.29	19.33	53.74	13.01	69.69	29.86	56.99	20.95	74.17	40.16	50.67	32.53	78.38	38.08	48.87	28.21	59.35	54.48	61.21	50.43	74.71	62.6	45.29	62.04	57.78	72.11	65.7	69.34	73.79
723	24.931	18.6	52.06	17.28	49.85	14.55	55.4	19.0	53.73	12.82	69.69	29.59	57.11	20.72	74.05	40.19	51.44	32.4	78.27	38.26	49.06	27.73	59.22	54.35	61.16	50.33	74.56	62.49	45.16	61.79	57.51	72.25	65.67	69.29	73.53
724	24.966	18.69	51.99	17.39	49.7	14.6	55.38	19.2	53.4	12.9	69.65	29.75	56.56	20.81	74.03	40.11	50.36	32.21	78.54	37.88	48.72	27.15	60.0	54.2	61.02	50.09	74.61	62.34	44.9	61.41	57.39	72.02	65.6	68.69	73.47
725	25.0	18.51	52.25	17.2	49.93	14.34	55.74	19.13	53.38	12.72	69.95	29.55	56.35	20.8	74.14	39.74	50.0	31.81	78.41	37.46	48.64	25.76	59.59	53.9	60.66	49.95	74.4	62.06	44.9	61.33	57.69	71.81	65.08	68.68	73.16
726	25.034	18.35	52.76	16.97	50.34	14.21	56.31	18.87	53.47	12.58	70.33	29.41	56.43	20.62	74.25	39.72	50.33	31.42	78.44	37.35	48.7	25.16	60.5	53.72	60.55	49.68	74.37	62.05	45.18	60.88	58.32	72.12	65.19	68.37	73.3
727	25.069	18.05	52.69	16.51	50.23	13.95	56.35	18.12	53.23	12.22	70.45	28.86	56.29	20.24	74.3	39.51	50.31	31.15	78.58	36.89	48.75	24.55	60.91	53.41	60.46	49.52	74.49	62.05	45.17	61.16	58.46	71.96	65.46	68.78	73.45
728	25.103	17.95	52.39	16.42	49.96	13.83	56.06	18.08	53.08	12.03	70.24	28.87	56.33	20.06	74.15	39.82	50.88	30.97	78.63	37.28	48.8	24.03	61.14	53.43	60.18	49.45	74.12	62.19	45.17	61.29	58.39	71.97	65.6	68.76	73.56
729	25.138	17.75	52.52	16.15	50.07	13.56	56.27	17.82	53.16	11.74	70.57	28.74	56.53	20.01	74.31	39.8	51.43	30.9	78.62	37.23	48.87	23.42	60.99	53.48	60.18	49.59	74.12	62.2	45.32	61.56	58.47	71.85	65.76	69.04	73.65
730	25.172	17.73	52.58	16.09	50.14	13.62	56.34	17.52	53.21	11.7	70.61	28.47	56.5	19.88	74.34	39.55	51.56	30.8	78.7	36.9	49.12	23.25	61.06	53.28	60.58	49.42	74.55	62.05	45.38	61.14	58.57	71.82	66.3	68.47	74.02
731	25.207	17.44	52.72	15.74	50.29	13.4	56.53	17.02	53.23	11.54	70.74	27.91	56.34	19.8	74.42	39.07	51.11	30.93	78.59	37.1	49.17	23.25	61.16	53.09	60.59	49.58	74.77	62.01	45.07	61.5	58.56	71.62	66.64	68.91	74.29
732	25.241	17.48	52.96	15.78	50.37	13.41	56.79	17.08	52.99	11.53	70.86	27.73	56.2	20.02	74.61	38.55	51.28	31.12	79.13	36.89	49.15	23.1	62.07	52.87	60.45	49.6	74.8	61.84	45.6	61.66	59.39	71.78	66.85	69.22	74.37
733	25.276	17.47	52.55	15.82	49.99	13.53	56.26	17.21	52.7	11.74	70.21	27.91	56.12	20.1	74.34	38.73	51.62	31.19	79.33	37.06	49.29	23.16	62.31	53.04	60.63	49.7	74.92	62.32	45.91	62.03	59.72	71.77	67.34	69.26	74.84
734	25.31	17.62	52.65	15.86	50.1	13.65	56.47	16.94	52.79	11.59	70.55	27.78	56.09	19.9	74.51	38.81	51.54	31.22	79.28	37.14	49.32	23.4	62.57	52.97	60.59	49.61	75.0	62.28	45.72	62.09	59.68	71.53	67.37	69.26	74.86
735	25.345	17.5	52.69	15.81	50.14	13.61	56.42	16.94	52.88	11.72	70.39	27.67	56.37	20.08	74.29	38.69	52.16	31.41	79.02	37.47	49.49	23.6	62.73	52.74	60.76	49.63	74.91	62.02	45.46	62.21	59.12	71.61	67.34	69.75	74.54
736	25.379	17.95	52.38	16.39	49.89	14.04	55.99	17.63	52.77	12.09	69.86	28.05	56.32	20.32	74.01	38.82	52.02	31.6	78.92	37.64	49.18	23.77	62.86	52.88	60.61	49.75	74.63	62.09	45.6	62.61	59.14	71.81	66.94	70.44	74.25
737	25.414	17.98	52.28	16.4	49.74	14.12	55.81	17.43	52.57	12.04	69.58	27.84	56.23	20.14	73.93	38.84	52.3	31.51	79.15	37.77	49.29	23.81	63.15	52.83	60.56	49.75	74.62	61.93	45.91	62.52	59.57	71.81	67.12	70.49	74.34
738	25.448	18.56	51.84	17.01	49.22	14.65	55.24	17.67	52.0	11.98	68.92	28.05	55.81	19.59	73.76	39.5	52.18	31.2	79.61	38.02	48.97	23.46	63.51	52.9	60.38	49.34	74.56	62.02	46.1	62.17	59.79	71.72	67.41	70.08	74.42
739	25.483	18.79	51.74	17.32	49.13	14.9	55.05	17.85	51.95	12.05	68.6	27.82	55.8	19.49	73.53	39.0	52.48	31.24	79.39	38.1	48.99	23.42	63.51	52.74	60.25	49.29	74.37	62.0	46.06	62.41	59.8	71.95	67.38	70.62	74.34
740	25.517	19.24	50.99	17.79	48.4	15.32	54.35	18.41	51.36	12.57	68.07	28.33	55.31	19.97	73.26	39.23	51.74	31.42	79.55	38.15	48.62	23.75	63.91	53.06	60.3	49.58	74.47	62.06	46.13	62.45	59.87	72.12	67.17	70.72	74.24
741	25.552	19.55	50.69	18.17	48.13	15.68	53.91	18.7	51.05	12.8	67.36	28.42	55.07	19.87	72.74	39.26	51.85	31.18	79.33	38.13	48.45	23.58	63.66	52.99	60.17	49.38	74.21	61.95	46.5	62.1	60.18	72.16	67.27	70.67	74.33
742	25.586	19.52	50.4	18.11	47.92	15.78	53.63	18.48	51.12	12.84	67.26	28.26	55.15	19.74	72.72	39.01	52.02	31.17	79.09	38.11	48.63	23.84	63.42	52.89	60.58	49.12	74.61	62.4	46.1	61.59	59.87	72.35	67.58	69.52	74.66
743	25.621	19.69	51.15	17.82	48.24	16.11	54.68	17.18	50.76	12.64	68.31	27.66	55.58	18.33	73.23	39.91	51.89	29.14	78.45	39.03	50.02	25.22	63.15	53.15	60.35	48.71	75.31	63.65	44.69	61.7	58.78	74.22	68.01	70.41	74.61
744	25.655	19.75	50.9	17.86	48.05	16.26	54.35	17.12	50.7	12.79	67.95	27.58	55.69	18.36	72.99	39.83	52.12	29.09	77.97	39.06	50.16	25.26	62.89	53.06	59.94	48.74	74.79	63.76	44.56	61.88	58.58	74.36	68.04	70.72	74.65
745	25.69	19.6	50.48	17.69	47.8	16.15	53.93	16.92	50.71	12.71	67.57	27.38	55.86	18.11	72.56	40.12	52.74	28.84	77.47	39.55	50.03	25.43	62.24	52.78	59.94	48.5	74.57	63.46	44.6	61.68	58.55	74.22	67.57	70.84	74.46
746	25.724	19.82	50.4	17.94	47.77	16.34	53.84	17.23	50.83	12.94	67.55	27.5	56.1	18.36	72.41	40.04	52.91	29.05	76.84	39.58	50.03	25.54	61.81	52.43	60.21	48.15	74.58	63.36	45.22	61.45	58.88	74.35	67.51	70.68	74.62
747	25.759	19.99	50.47	18.08	47.81	16.51	53.95	17.22	50.83	12.99	67.67	27.41	56.09	18.18	72.54	39.79	52.54	28.75	76.73	39.4	49.87	25.81	61.38	52.4	60.32	48.06	74.85	63.53	44.96	61.52	58.74	74.66	67.83	71.02	74.84
748	25.793	19.51	49.04	17.63	46.37	15.81	53.11	17.27	49.65	12.83	67.59	27.33	54.8	18.75	71.7	39.37	51.79	30.88	74.46	39.39	49.84	25.1	60.07	52.12	60.41	47.8	74.84	62.69	45.61	60.98	59.09	75.72	68.54	71.66	74.56
749	25.828	19.83	50.59	17.94	47.88	16.26	54.08	17.07	50.91	12.6	67.93	27.54	56.26	17.83	72.8	40.11	52.38	28.57	76.61	39.5	49.91	25.79	61.07	52.79	60.93	48.17	75.55	64.01	44.58	61.84	58.29	75.17	68.0	71.46	74.84
750	25.862	19.24	49.02	17.5	46.32	15.45	53.01	17.43	49.6	12.47	67.46	27.5	54.97	18.56	71.82	39.27	51.61	30.76	74.37	39.26	49.83	25.48	59.43	52.44	61.34	47.88	75.74	62.97	45.36	61.03	58.61	75.79	68.98	71.47	74.64
751	25.897	19.3	48.9	17.58	46.22	15.48	52.88	17.52	49.54	12.41	67.34	27.46	54.91	18.52	71.72	39.06	51.43	30.85	74.14	39.26	49.64	26.0	59.07	52.42	61.08	47.85	75.49	63.09	45.39	61.18	58.71	75.72	68.64	71.53	74.46
752	25.931	19.12	48.84	17.43	46.18	15.28	52.79	17.39	49.44	12.11	67.18	27.26	54.73	18.25	71.58	39.16	51.17	30.86	73.68	39.33	49.5	26.01	58.55	52.18	60.42	47.71	74.97	62.96	45.46	61.72	59.2	75.63	68.1	72.38	74.3
753	25.966	21.17	48.18	19.62	45.98	17.57	51.44	20.31	49.73	15.59	64.87	28.44	55.93	21.95	71.3	37.85	52.02	31.43	73.74	38.84	47.99	25.81	56.6	52.85	61.31	50.55	74.56	62.2	49.69	63.68	62.01	72.48	67.89	72.23	74.52
754	26.0	18.48	48.21	16.54	45.74	14.62	52.31	16.22	49.44	11.35	67.2	26.81	54.92	17.86	71.18	39.71	51.29	31.08	71.61	39.55	48.8	26.34	54.95	52.52	59.91	48.17	74.3	63.22	44.92	62.35	58.4	75.84	67.54	73.32	73.93
755	26.034	18.49	47.69	16.27	45.39	14.66	52.03	15.93	49.42	11.72	67.4	27.35	55.11	18.62	71.12	41.31	51.0	32.1	70.82	39.85	48.2	27.08	53.89	53.15	59.89	48.97	74.02	63.37	44.9	62.57	58.05	75.87	67.32	73.38	73.88
756	26.069	18.34	47.73	16.02	45.53	14.68	52.06	15.26	49.64	11.62	67.34	26.88	55.11	18.26	70.61	41.33	50.78	31.97	69.15	39.72	47.61	27.02	52.46	52.7	59.7	48.61	73.74	63.33	44.81	62.53	58.13	76.26	67.49	73.85	74.15
757	26.103	18.33	47.51	16.12	45.48	14.54	51.87	15.88	49.84	11.55	67.3	27.84	55.17	18.47	70.07	42.61	50.45	32.26	67.91	39.64	46.47	27.17	51.44	53.09	59.41	48.46	72.99	63.54	44.92	62.24	57.81	76.04	66.92	72.94	74.03
758	26.138	18.49	47.58	16.3	45.6	14.64	51.98	16.11	50.06	11.59	67.48	28.32	55.28	18.53	69.84	43.11	50.12	32.11	66.65	39.39	45.48	26.71	49.62	53.36	59.73	48.28	73.02	63.68	44.63	61.38	57.22	76.09	66.86	71.37	73.96
759	26.172	18.56	47.52	16.31	45.58	14.8	51.97	16.07	50.07	11.83	67.47	28.59	55.26	18.71	69.69	43.51	49.87	32.19	66.31	39.12	45.09	26.57	49.3	53.25	59.69	48.1	72.81	63.44	44.49	60.99	56.78	75.46	66.95	70.87	73.84
760	26.207	18.41	47.34	16.19	45.44	14.59	51.81	16.17	49.96	11.73	67.34	28.72	55.19	18.78	69.58	43.64	49.66	32.32	65.94	38.87	44.9	26.73	48.91	53.38	59.68	48.2	72.78	63.27	44.71	61.09	57.22	75.25	66.84	70.97	74.14
761	26.241	18.43	47.38	16.12	45.5	14.62	51.94	15.91	50.04	11.68	67.59	28.59	55.25	18.77	69.51	43.49	49.43	32.34	65.21	38.5	44.48	26.83	48.01	53.39	59.77	48.29	72.84	63.29	44.59	61.14	57.04	75.32	66.89	71.14	74.13
762	26.276	18.79	47.73	16.39	45.82	14.96	52.33	15.94	50.37	11.92	68.1	28.74	55.51	19.06	69.75	43.48	49.18	32.58	64.93	38.16	43.99	27.31	47.34	53.62	60.16	48.56	73.14	63.58	44.32	61.1	56.42	75.63	67.35	70.8	74.36
763	26.31	18.8	47.08	16.45	45.2	14.91	51.6	16.0	49.89	11.74	67.41	28.76	55.4	18.84	69.33	43.68	48.8	32.71	64.04	38.02	43.13	27.41	46.27	53.68	60.17	48.47	73.02	63.72	44.28	61.3	56.34	75.88	67.2	71.27	74.53
764	26.345	18.79	46.89	16.44	45.08	14.85	51.5	16.2	49.98	11.85	67.57	29.05	55.54	19.23	69.27	43.72	48.53	33.32	63.0	37.82	42.7	28.0	45.16	54.23	60.39	48.96	73.19	64.55	44.12	61.72	56.45	76.85	67.07	71.35	74.9
765	26.379	19.13	46.9	16.81	45.18	15.26	51.54	16.55	50.31	12.42	67.73	29.55	55.83	19.93	69.18	44.08	47.85	34.17	61.5	37.6	42.26	29.25	43.73	54.58	61.13	49.43	73.69	64.7	43.87	61.79	56.26	77.77	67.12	71.82	75.1
766	26.414	19.91	47.01	17.65	45.39	16.0	51.54	17.42	50.79	13.15	67.76	30.32	56.42	20.87	69.26	44.21	47.77	35.32	60.85	37.14	41.85	30.55	43.05	54.66	61.79	49.52	73.79	64.78	43.78	61.33	55.41	76.97	66.73	70.13	74.7
767	26.448	19.35	46.82	17.05	45.2	15.48	51.43	16.87	50.61	12.81	67.78	29.78	56.17	20.73	69.26	44.07	47.38	35.45	60.41	37.57	41.43	30.8	42.24	54.74	61.2	49.95	73.55	64.94	43.4	62.27	55.89	77.63	66.42	71.53	74.89
768	26.483	19.48	46.69	17.13	45.04	15.57	51.34	16.79	50.41	12.72	67.75	29.87	56.11	20.61	69.16	44.04	47.26	35.19	60.12	37.18	41.16	30.6	41.99	54.58	61.75	49.53	73.95	64.65	43.11	61.25	55.17	77.21	66.9	70.2	75.01
769	26.517	19.42	46.73	17.1	45.02	15.44	51.42	16.83	50.24	12.5	67.79	29.65	55.92	20.31	69.22	43.88	47.29	35.0	60.5	37.05	41.35	30.48	42.21	54.22	61.09	49.18	73.51	64.34	43.86	61.43	56.3	77.3	66.75	70.89	75.07
770	26.552	19.46	46.75	17.14	45.07	15.41	51.46	16.84	50.27	12.33	67.85	29.71	55.84	20.13	69.11	43.91	46.95	34.8	60.09	36.68	41.07	30.09	41.96	54.51	61.14	49.31	73.6	64.61	43.61	61.6	56.08	77.59	66.46	71.13	74.9
771	26.586	19.33	46.8	17.02	45.13	15.3	51.51	16.63	50.28	12.13	67.8	29.51	55.83	19.78	68.93	43.93	47.07	34.36	60.02	36.72	41.03	29.94	42.17	54.39	61.16	49.17	73.6	64.21	43.8	61.55	56.17	77.64	66.78	71.75	75.01
772	26.621	19.19	46.64	16.81	44.98	15.24	51.32	16.36	50.15	12.17	67.58	29.33	55.76	19.77	68.94	44.03	47.17	34.52	60.42	36.85	41.14	30.11	42.44	54.16	60.75	49.15	73.26	64.04	43.78	61.84	56.22	77.21	66.74	72.24	74.95
773	26.655	19.15	46.63	16.73	44.95	15.17	51.33	16.27	50.13	12.03	67.66	29.28	55.85	19.69	69.05	44.04	47.17	34.52	60.4	36.81	41.12	30.08	42.35	54.17	60.74	49.11	73.27	64.29	44.02	62.02	56.39	77.02	66.66	72.1	74.96
774	26.69	18.96	46.48	16.6	44.77	14.87	51.21	16.16	49.98	11.53	67.71	29.39	55.64	19.33	68.99	44.05	46.83	34.38	60.03	36.42	41.0	29.65	42.01	54.37	61.02	48.92	73.58	64.42	43.51	61.74	55.82	77.02	66.81	71.42	74.96
775	26.724	18.91	46.34	16.52	44.58	14.79	51.17	16.05	49.78	11.32	67.84	29.44	55.44	19.05	69.0	43.81	46.31	33.92	59.78	35.84	40.16	29.04	41.34	54.44	61.27	48.63	73.92	64.78	43.09	61.24	55.35	77.32	66.98	70.74	74.9
776	26.759	18.76	46.26	16.42	44.58	14.69	51.18	16.01	49.85	11.32	67.88	29.31	55.22	18.98	68.73	43.59	45.72	33.92	59.14	35.4	39.42	28.79	40.74	54.27	61.02	48.5	73.79	65.08	43.05	61.74	55.69	78.02	66.7	71.72	74.87
777	26.793	18.34	46.27	16.05	44.52	14.16	51.35	15.92	49.59	10.83	68.15	29.19	54.79	18.54	68.86	42.76	44.85	33.46	59.46	34.16	38.24	28.35	40.57	54.26	60.78	48.32	73.96	64.98	43.1	62.08	56.26	77.82	66.93	72.64	75.23
778	26.828	18.53	46.63	16.33	44.86	14.28	51.69	16.2	49.87	10.8	68.43	29.27	54.81	18.38	68.85	42.27	44.47	32.98	59.04	33.35	37.94	27.69	40.22	54.03	60.57	47.91	73.71	64.91	42.77	61.81	55.82	77.57	66.72	72.02	75.03
779	26.862	18.55	46.82	16.22	45.01	14.34	51.91	15.72	49.94	10.57	68.69	28.8	54.52	17.91	68.86	41.86	44.06	32.55	59.06	33.08	37.24	27.65	39.95	53.53	59.79	47.43	73.18	64.77	42.6	61.93	55.85	76.57	66.28	71.66	74.74
780	26.897	18.52	46.95	16.16	45.07	14.36	52.08	15.36	49.94	10.27	68.89	28.48	54.31	17.44	69.05	41.41	43.61	32.32	58.88	32.59	36.96	27.54	39.7	53.51	59.53	47.26	73.27	65.34	41.9	62.26	55.64	76.95	66.49	71.72	74.83
781	26.931	18.19	46.97	15.93	45.07	13.98	52.24	15.55	49.7	10.14	68.99	28.28	53.87	17.4	68.89	40.81	43.0	31.89	58.51	32.48	36.45	27.21	39.61	53.37	58.74	47.32	72.82	64.87	41.71	62.67	56.55	76.93	65.3	72.96	74.41
782	26.966	17.87	47.52	15.59	45.54	13.66	52.89	15.26	49.9	9.97	69.64	28.01	53.6	17.27	69.27	40.17	42.4	31.59	59.14	31.87	36.31	26.78	39.99	53.88	57.89	48.05	72.5	65.33	41.11	64.07	56.61	77.2	64.46	74.32	73.68
783	27.0	18.7	48.59	16.14	47.59	14.9	54.06	15.96	52.55	12.78	70.58	28.22	54.5	20.58	69.71	39.73	41.75	32.3	58.45	30.98	36.99	24.81	40.07	53.92	58.91	50.7	72.87	64.24	42.21	65.52	58.51	76.2	62.65	75.7	74.3
784	27.034	17.38	48.4	15.08	46.03	13.1	53.9	14.88	49.89	9.35	70.71	28.1	53.15	16.79	70.14	39.97	41.73	30.82	60.39	30.87	36.62	25.37	41.19	53.98	58.09	47.61	73.28	65.66	39.79	63.54	55.96	76.94	65.74	72.69	74.78
785	27.069	17.0	47.8	14.84	45.28	12.67	53.38	15.01	48.97	9.14	70.25	28.1	52.47	16.55	70.32	39.8	40.98	30.35	60.9	30.33	36.63	24.29	41.5	54.44	58.26	48.05	74.14	65.67	39.98	64.5	57.66	78.0	65.43	74.99	75.24
786	27.103	16.43	49.2	14.29	46.58	12.08	54.79	14.62	49.85	8.69	71.41	27.63	52.8	16.04	71.06	39.17	40.71	29.72	61.84	29.76	36.35	23.97	42.15	54.3	58.25	48.14	74.55	65.65	39.68	65.84	57.68	77.55	65.57	76.83	75.37
787	27.138	16.47	49.5	14.42	46.74	12.0	55.0	14.83	49.78	8.29	71.38	27.7	52.79	15.53	70.86	39.03	41.17	29.07	61.78	29.14	36.5	23.29	42.01	53.93	57.84	47.4	74.03	65.61	39.64	65.61	57.41	77.16	65.18	76.48	74.85
788	27.172	16.03	50.2	14.02	47.31	11.65	55.68	14.42	50.08	8.01	71.88	27.54	52.94	15.24	71.17	38.8	40.95	28.49	62.3	28.72	36.51	22.62	42.01	54.52	58.52	47.83	74.83	66.07	39.38	65.52	56.76	78.07	65.56	76.59	74.13
789	27.207	16.36	50.21	14.41	47.23	11.89	55.64	14.98	49.95	8.18	71.81	27.97	52.9	15.33	71.44	39.13	41.3	28.46	63.05	29.12	36.73	22.9	42.62	54.18	58.82	46.88	75.04	66.0	39.91	62.92	57.53	78.77	66.47	73.06	75.42
790	27.241	15.46	50.53	13.4	47.41	11.09	56.04	13.84	49.85	7.53	72.15	27.04	52.77	14.89	71.49	38.61	41.42	28.47	63.49	28.61	37.03	22.7	43.13	54.14	58.45	47.37	75.02	65.93	40.19	64.78	57.89	79.0	66.2	76.16	74.72
791	27.276	16.11	52.02	13.53	49.8	11.78	58.01	14.45	52.61	10.05	74.39	27.34	54.1	18.89	72.69	38.39	40.93	30.33	63.41	27.62	37.57	22.01	42.87	53.99	59.78	50.11	75.67	64.39	42.76	65.97	60.86	79.03	65.07	78.42	76.31
792	27.31	16.13	52.32	13.61	50.11	11.81	58.32	14.87	52.84	10.37	74.61	27.6	53.98	19.38	72.54	38.29	40.81	30.3	63.04	27.39	37.89	21.75	42.59	54.22	59.66	50.39	75.53	64.77	41.89	65.95	60.41	79.43	63.73	77.74	75.59
793	27.345	15.22	51.16	12.97	47.86	10.79	56.73	13.47	50.09	7.4	72.93	26.55	52.99	15.22	71.67	37.96	42.64	28.78	64.11	27.89	37.75	22.54	44.04	53.67	58.38	47.1	74.84	66.06	41.5	64.44	59.16	78.97	67.49	74.64	76.74
794	27.379	15.94	53.24	13.37	50.84	11.94	59.03	14.44	53.08	10.63	74.56	26.99	53.79	19.08	72.23	37.96	42.3	29.86	63.93	27.17	38.31	21.21	43.09	52.42	59.12	48.54	74.86	63.91	43.33	64.13	62.05	78.32	66.23	75.38	77.95
795	27.414	16.14	53.33	13.55	50.98	12.1	59.22	14.73	53.38	10.99	74.96	27.24	54.07	19.59	72.56	37.67	41.99	30.13	64.19	26.66	38.57	21.2	43.61	52.44	58.76	48.8	74.42	64.04	43.52	64.55	61.85	78.16	66.03	75.84	77.67
796	27.448	15.67	53.19	12.93	51.11	11.77	59.01	13.29	53.78	10.25	74.95	26.08	54.09	19.06	72.54	37.05	41.85	29.76	65.09	28.68	38.51	21.74	45.5	52.92	59.28	49.94	75.19	64.39	41.36	65.59	59.43	77.4	64.68	76.42	75.84
797	27.483	15.49	53.59	12.81	51.42	11.79	59.27	13.05	53.77	10.17	74.74	25.73	53.75	18.48	72.46	36.92	41.74	29.36	65.62	28.84	38.51	21.76	46.22	52.77	58.95	49.55	75.13	64.33	41.1	65.15	59.81	77.75	64.83	76.26	75.9
798	27.517	15.15	53.67	12.52	51.34	11.36	59.34	12.91	53.31	9.73	74.61	25.17	53.64	18.05	72.75	36.24	41.81	29.11	66.52	28.39	38.77	21.72	47.1	52.51	58.62	49.48	75.23	64.22	41.92	65.98	61.22	78.18	64.9	78.07	76.13
799	27.552	15.34	53.67	12.76	51.27	11.41	59.34	13.41	53.07	9.76	74.54	25.54	53.34	18.26	72.51	36.25	41.98	29.05	66.39	28.15	39.05	21.62	46.94	52.72	58.31	49.63	74.95	64.24	41.94	66.52	61.5	77.72	64.7	78.37	76.46
800	27.586	15.49	53.76	12.88	51.39	11.42	59.42	13.65	53.26	9.79	74.71	25.61	53.69	18.5	72.67	36.24	42.13	29.21	66.35	28.06	38.92	21.8	46.61	52.88	58.37	49.94	74.9	64.31	42.29	66.77	61.63	77.6	63.81	78.42	75.95
801	27.621	15.49	53.15	12.99	50.94	11.38	58.86	13.99	53.26	9.79	74.46	26.2	53.74	18.6	72.27	36.73	42.34	29.21	65.5	27.95	39.05	21.47	46.0	52.96	58.8	49.64	74.96	64.18	42.61	66.16	61.6	77.3	64.16	77.43	76.44
802	27.655	15.7	52.86	13.17	50.71	11.57	58.54	14.1	53.26	9.93	74.29	26.4	53.89	18.84	72.12	37.14	42.48	29.64	64.98	28.42	39.2	22.08	45.83	53.01	58.84	49.68	74.75	64.12	42.8	65.79	61.52	77.22	64.42	76.79	76.87
803	27.69	15.66	52.29	13.14	49.89	11.57	58.05	14.57	52.2	10.37	73.68	26.98	53.35	18.94	71.87	37.8	42.46	29.9	64.57	27.4	39.4	22.26	44.0	53.3	58.06	49.45	74.09	64.48	43.9	65.61	62.92	78.84	65.96	77.43	78.14
804	27.724	16.06	50.9	13.62	48.8	12.01	56.7	15.05	51.79	10.86	72.73	27.41	53.26	19.33	71.37	38.2	42.0	30.31	63.4	27.84	39.32	22.59	43.13	53.48	58.53	49.58	74.29	64.27	43.8	65.05	62.75	78.89	65.8	76.86	78.33
805	27.759	16.27	49.92	13.89	48.12	12.23	55.73	15.24	51.82	10.94	72.15	27.46	53.74	19.13	71.1	38.32	42.63	30.38	62.88	27.81	39.42	22.52	42.78	53.49	59.17	49.42	74.61	64.34	44.22	65.05	62.58	79.24	65.86	77.16	78.28
806	27.793	17.21	48.26	14.82	46.63	13.19	53.89	15.73	50.82	11.57	70.46	27.59	53.1	19.28	70.35	38.59	42.39	30.51	62.97	28.4	39.38	22.77	42.68	53.66	58.98	49.7	74.37	64.42	44.56	65.4	62.68	78.84	65.54	77.3	78.2
807	27.828	18.07	47.9	15.74	46.41	14.05	53.42	16.68	50.77	12.37	69.87	28.27	53.16	19.98	69.91	39.08	42.62	30.92	62.23	29.21	39.32	23.46	42.56	53.71	59.22	49.76	74.2	64.19	44.57	64.84	62.6	78.03	65.96	76.11	79.08
808	27.862	18.06	48.08	15.75	46.69	14.21	53.41	16.69	51.08	12.75	69.52	28.33	53.47	20.3	69.62	39.4	43.01	31.22	61.88	29.82	39.28	23.92	42.44	53.66	59.24	49.87	73.85	64.21	44.57	64.42	62.24	77.88	66.12	75.31	79.02
809	27.897	18.05	48.23	15.8	46.93	14.26	53.48	17.04	51.41	13.14	69.43	28.64	53.83	20.8	69.47	39.83	43.23	31.56	61.43	30.25	39.22	24.39	41.98	53.69	59.14	50.01	73.39	63.99	44.47	64.02	61.86	77.96	65.83	74.87	78.72
810	27.931	18.32	48.43	16.07	47.16	14.53	53.66	17.22	51.72	13.41	69.62	28.87	54.33	21.21	69.62	40.08	43.44	31.97	60.88	30.52	39.38	24.71	41.88	53.73	60.2	50.16	74.16	63.8	44.67	63.7	61.75	77.67	66.09	74.35	78.89
811	27.966	18.34	48.52	16.02	47.26	14.51	53.8	17.23	51.84	13.45	69.88	28.9	54.62	21.34	70.09	40.36	43.54	32.19	61.18	30.95	39.7	25.17	42.07	54.17	60.13	50.84	74.34	64.3	44.98	65.03	62.61	77.83	65.22	75.81	78.62
812	28.0	18.28	48.66	15.93	47.38	14.43	53.91	17.04	52.03	13.3	70.07	28.92	54.85	21.3	70.12	40.53	43.79	32.36	60.97	31.23	40.24	25.44	42.21	54.29	60.33	50.85	74.32	64.38	44.35	64.62	61.48	77.63	65.01	74.9	78.06
813	28.034	18.18	48.7	15.78	47.37	14.33	53.97	16.78	51.88	13.15	70.08	28.7	54.78	21.15	70.32	40.57	43.64	32.37	61.22	31.24	40.41	25.51	42.28	54.42	60.25	51.21	74.52	64.33	44.64	65.5	62.18	77.9	65.25	76.67	78.47
814	28.069	18.24	48.61	15.85	47.27	14.35	53.92	16.8	51.78	13.05	70.1	28.8	54.62	21.07	70.25	40.54	43.55	32.3	61.15	31.1	40.56	25.39	42.32	54.5	60.2	51.11	74.45	64.27	43.71	65.16	61.09	77.78	64.74	76.12	77.69
815	28.103	18.06	48.47	15.63	47.13	14.16	53.79	16.51	51.79	12.8	70.14	28.56	54.79	20.82	70.26	40.48	43.69	32.21	61.05	30.85	40.36	25.34	42.28	54.29	60.15	50.81	74.3	64.26	43.81	64.69	60.97	77.83	64.82	75.37	77.81
816	28.138	18.09	48.4	15.68	47.03	14.26	53.65	16.49	51.65	12.88	69.85	28.56	54.68	20.76	70.05	40.46	43.89	32.09	61.2	30.82	40.82	25.19	42.7	54.13	60.13	50.52	74.17	64.2	43.55	64.13	60.46	77.85	64.92	74.67	77.54
817	28.172	17.9	48.35	15.52	46.99	14.02	53.61	16.43	51.65	12.62	69.88	28.57	54.65	20.62	70.02	40.53	43.94	32.0	61.04	30.5	41.1	24.7	42.69	54.22	60.39	50.49	74.45	64.41	43.56	64.17	60.61	78.07	64.69	74.51	77.53
818	28.207	17.92	48.33	15.56	46.96	14.03	53.62	16.58	51.54	12.73	69.85	28.62	54.51	20.68	70.06	40.51	44.07	31.88	61.5	30.52	41.2	24.51	42.93	54.12	60.33	50.5	74.52	64.1	44.05	64.4	61.37	78.02	64.92	75.26	77.89
819	28.241	17.99	48.31	15.65	46.89	14.13	53.62	16.65	51.39	12.8	69.8	28.7	54.24	20.65	70.06	40.5	43.95	31.79	61.83	30.52	41.22	24.49	43.14	53.95	59.99	50.24	74.28	63.91	44.01	64.16	61.41	77.8	65.28	75.09	78.09
820	28.276	18.06	48.45	15.76	46.95	14.19	53.73	16.87	51.26	12.87	69.73	28.84	54.15	20.67	70.06	40.5	44.13	31.63	62.12	30.59	41.21	24.43	43.25	53.87	60.06	49.98	74.34	63.86	44.31	63.59	61.76	77.9	65.65	74.38	78.35
821	28.31	18.04	48.29	15.78	46.84	14.16	53.58	17.01	51.26	12.94	69.64	28.98	54.15	20.73	69.99	40.54	44.01	31.58	62.02	30.53	41.18	24.34	43.13	53.99	60.09	50.1	74.35	63.9	44.04	63.84	61.48	77.88	65.27	74.68	78.07
822	28.345	17.95	48.41	15.63	46.96	14.05	53.73	16.76	51.4	12.74	69.88	28.83	54.27	20.63	70.06	40.57	44.07	31.6	61.86	30.58	41.15	24.35	43.03	53.98	59.96	50.16	74.2	63.88	43.82	63.99	61.14	77.82	65.12	74.85	77.82
823	28.379	17.87	48.26	15.61	46.86	14.02	53.55	16.8	51.42	12.75	69.69	28.99	54.51	20.61	69.91	40.66	44.09	31.56	61.28	30.56	41.04	24.36	42.81	54.2	60.55	50.15	74.56	64.03	43.74	63.48	60.68	78.27	65.42	74.32	77.74
824	28.414	17.79	48.3	15.58	46.84	14.01	53.51	16.71	51.3	12.67	69.45	28.96	54.48	20.28	69.77	40.7	44.25	31.25	61.23	30.55	40.98	24.19	42.85	53.95	61.08	49.61	75.01	63.89	43.79	62.75	60.66	78.21	66.27	73.55	78.26
825	28.448	17.9	48.12	15.64	46.72	14.18	53.3	16.66	51.31	12.84	69.29	28.9	54.54	20.45	69.77	40.64	44.17	31.39	61.15	30.77	40.89	24.36	42.74	54.04	60.66	49.86	74.57	64.14	44.07	63.02	60.83	78.15	66.15	73.5	78.03
826	28.483	17.78	48.08	15.52	46.7	14.07	53.26	16.62	51.4	12.8	69.34	29.06	54.54	20.52	69.47	40.72	44.2	31.45	60.62	30.85	40.74	24.63	42.43	54.26	60.78	49.8	74.46	64.61	43.54	62.25	59.91	78.46	66.22	71.86	77.9
827	28.517	16.95	47.69	15.02	45.25	12.5	52.76	15.81	49.02	9.04	69.0	28.96	53.57	16.51	69.74	41.54	44.74	30.66	61.86	30.89	40.25	24.8	42.78	55.08	59.5	48.04	74.39	66.4	42.05	63.35	58.57	79.24	67.86	73.62	77.64
828	28.552	17.07	47.54	15.14	45.11	12.64	52.57	15.82	49.0	9.13	68.86	29.12	53.59	16.5	69.66	41.62	44.74	30.63	61.68	31.06	40.25	24.92	42.59	55.22	59.82	48.0	74.61	66.75	41.48	63.03	57.74	79.46	67.96	72.97	77.51
829	28.586	17.08	47.7	15.24	45.36	12.65	52.73	16.15	49.27	9.34	68.94	29.19	53.78	16.96	69.56	41.54	44.76	30.94	61.18	30.96	40.43	24.94	42.7	55.31	59.76	48.48	74.43	66.25	41.32	63.61	57.83	79.3	66.89	73.9	76.89
830	28.621	17.13	47.73	15.28	45.37	12.7	52.74	16.17	49.25	9.35	68.92	29.31	53.78	16.91	69.59	41.69	44.81	30.84	61.24	31.09	40.71	24.95	42.7	55.29	59.87	48.29	74.49	66.27	41.38	63.13	57.71	79.25	67.16	73.2	76.94
831	28.655	17.16	47.74	15.33	45.36	12.76	52.71	16.27	49.13	9.48	68.72	29.32	53.78	16.99	69.52	41.72	44.8	30.87	61.26	31.12	40.65	24.95	42.85	55.29	59.94	48.36	74.57	66.28	41.71	63.24	58.14	79.55	67.25	73.79	77.05
832	28.69	17.19	47.71	15.38	45.33	12.81	52.65	16.4	49.11	9.62	68.6	29.53	53.83	17.11	69.49	41.91	44.9	30.92	61.44	31.23	40.75	25.0	42.92	55.18	59.99	48.14	74.45	66.08	41.93	62.59	57.98	79.35	67.63	72.96	77.05
833	28.724	17.2	47.62	15.35	45.24	12.82	52.56	16.19	49.1	9.51	68.6	29.41	53.81	16.97	69.46	41.84	44.88	30.8	61.29	30.97	40.76	24.77	42.68	55.37	59.83	48.38	74.33	66.13	41.59	63.03	57.59	79.34	67.2	73.48	76.62
834	28.759	17.39	47.59	15.44	45.27	12.9	52.72	16.44	49.24	9.79	69.14	29.72	53.93	17.59	70.04	42.08	44.72	31.69	61.84	31.11	40.57	25.19	42.71	55.99	59.52	49.4	74.28	66.62	41.96	64.99	58.41	79.32	66.55	75.67	76.51
835	28.793	17.35	47.52	15.32	45.21	12.96	52.63	16.01	49.29	9.74	69.09	29.44	54.06	17.48	70.0	42.01	44.61	31.67	61.59	30.71	40.22	24.95	42.51	55.49	59.78	48.9	74.36	66.42	41.95	64.12	57.9	78.68	67.66	74.08	77.15
