Frame	Time	Nose_X	Nose_Y	L_Eye_X	L_Eye_Y	R_Eye_X	R_Eye_Y	L_Ear_X	L_Ear_Y	R_Ear_X	R_Ear_Y	L_Shoulder_X	L_Shoulder_Y	R_Shoulder_X	R_Shoulder_Y	L_Elbow_X	L_Elbow_Y	R_Elbow_X	R_Elbow_Y	L_Wrist_X	L_Wrist_Y	R_Wrist_X	R_Wrist_Y	L_Hip_X	L_Hip_Y	R_Hip_X	R_Hip_Y	L_Knee_X	L_Knee_Y	R_Knee_X	R_Knee_Y	L_Ankle_X	L_Ankle_Y	R_Ankle_X	R_Ankle_Y
1	0.033	76.56	56.4	76.16	54.67	76.6	53.36	62.32	50.12	70.83	54.92	60.14	61.53	64.26	69.98	65.45	73.19	69.55	87.22	73.46	74.61	78.19	87.63	36.95	65.01	39.87	75.71	31.57	64.66	29.04	78.6	26.34	58.99	24.56	63.3
2	0.067	76.66	56.26	76.25	54.53	76.71	53.22	62.35	50.02	70.93	54.85	60.17	61.48	64.31	70.04	65.52	73.08	69.62	87.25	73.64	74.34	78.36	87.31	36.98	64.97	39.91	75.74	31.71	64.57	29.21	78.62	26.47	58.9	24.8	63.28
3	0.1	76.77	56.2	76.37	54.5	76.84	53.18	62.34	49.98	71.05	54.87	60.22	61.29	64.31	69.95	65.64	72.63	69.68	86.92	73.49	74.26	78.53	87.19	36.56	64.3	39.45	75.16	31.21	63.72	28.56	77.9	26.05	58.2	24.19	62.59
4	0.133	76.76	56.3	76.34	54.54	76.77	53.3	62.38	49.91	70.93	54.93	60.34	61.15	64.4	70.05	65.79	72.19	69.74	86.91	73.56	74.17	78.54	87.21	37.06	64.37	39.94	75.32	31.64	63.9	29.1	78.26	26.18	58.27	24.41	62.81
5	0.167	76.81	57.23	76.4	55.44	76.78	54.26	62.43	50.53	70.82	55.6	60.31	61.4	64.4	70.11	66.0	72.58	69.81	86.9	73.68	74.52	78.83	87.27	36.99	64.63	39.87	75.49	31.32	63.82	28.76	78.05	26.21	58.12	24.14	62.64
6	0.2	76.93	56.33	76.52	54.52	76.78	53.4	62.79	49.87	70.82	54.95	60.75	60.99	64.65	69.6	66.43	72.2	69.68	86.59	73.78	74.57	78.67	87.61	37.83	64.87	40.63	75.6	31.99	64.77	29.67	78.84	26.81	58.97	24.65	63.51
7	0.233	76.93	56.99	76.58	55.14	76.64	54.1	62.93	50.27	70.41	55.46	60.63	61.38	64.64	69.63	66.18	72.81	69.75	86.38	73.66	74.63	78.56	87.51	37.93	65.07	40.81	75.58	31.78	65.02	29.68	78.82	26.84	59.16	24.72	63.87
8	0.267	77.11	56.6	76.77	54.72	76.66	53.78	63.12	49.98	70.12	55.36	60.69	61.37	64.71	69.72	66.26	72.73	69.85	86.41	73.65	74.47	78.45	87.56	38.36	65.14	41.24	75.66	32.09	65.17	30.16	79.03	27.02	59.17	24.94	64.08
9	0.3	77.39	56.4	77.06	54.51	76.85	53.61	63.3	49.72	70.07	55.2	60.82	61.16	64.74	69.62	66.6	72.42	70.01	86.29	73.92	74.28	78.42	87.4	38.44	65.17	41.25	75.77	32.03	65.05	30.05	79.05	26.78	59.07	24.64	64.03
10	0.333	77.42	56.43	77.11	54.52	76.82	53.69	63.35	49.71	69.88	55.35	60.7	60.98	64.62	69.52	66.39	72.38	69.8	86.2	73.81	74.22	78.3	87.68	38.56	65.05	41.39	75.64	32.14	65.04	30.25	79.01	27.19	59.12	25.1	64.28
11	0.367	77.68	55.9	77.38	53.97	76.95	53.2	63.58	49.3	69.77	55.17	60.91	60.93	64.58	69.58	66.52	72.32	69.76	86.12	73.82	74.17	78.42	87.6	38.56	64.94	41.22	75.63	31.88	64.79	29.92	78.94	26.95	58.75	24.8	64.2
12	0.4	77.69	56.12	77.4	54.21	76.97	53.41	63.55	49.49	69.75	55.38	60.9	61.0	64.4	69.7	66.43	72.08	69.51	85.87	73.75	74.41	78.47	87.82	38.42	64.78	40.99	75.5	31.75	64.58	29.67	78.79	26.73	58.69	24.6	64.21
13	0.433	77.84	55.83	77.55	53.8	76.95	53.17	63.81	48.95	69.46	55.2	60.97	60.9	64.53	69.75	66.47	72.14	69.55	85.89	73.61	74.23	78.03	87.56	38.62	64.44	41.27	75.2	31.93	64.7	30.1	79.01	26.92	58.19	24.89	64.08
14	0.467	78.01	55.61	77.74	53.5	77.0	52.96	64.05	48.57	69.33	55.07	61.13	60.88	64.59	69.79	66.53	72.32	69.52	85.92	73.63	74.05	77.86	87.16	38.7	64.47	41.31	75.28	31.84	64.86	30.13	79.29	26.75	58.12	24.87	64.34
15	0.5	77.96	55.46	77.71	53.32	76.9	52.81	64.1	48.4	69.19	54.94	61.14	60.87	64.53	69.69	66.58	72.47	69.36	85.88	73.67	74.41	77.86	87.42	38.61	64.86	41.18	75.62	31.5	65.37	29.84	79.75	26.53	58.57	24.58	64.8
16	0.533	77.89	55.6	77.7	53.39	76.76	52.93	64.2	48.31	68.93	54.92	60.97	60.93	64.51	69.65	66.4	72.71	69.19	85.86	73.92	74.26	77.72	87.11	38.71	65.3	41.42	76.0	31.43	66.12	30.17	80.41	26.5	59.14	24.89	65.45
17	0.567	78.01	55.52	77.82	53.24	76.78	52.88	64.4	48.12	68.83	54.91	61.13	60.89	64.73	69.65	66.58	72.76	69.57	85.89	73.99	73.89	77.72	86.81	39.02	65.39	41.78	76.09	31.65	66.36	30.52	80.69	26.56	59.12	25.07	65.59
18	0.6	77.93	55.47	77.79	53.17	76.67	52.84	64.53	47.98	68.69	54.8	61.2	60.73	64.57	69.35	66.86	72.64	69.6	85.55	74.09	73.92	78.31	86.9	38.72	64.72	41.3	75.39	31.21	66.01	29.95	80.27	26.41	58.79	24.62	65.23
19	0.633	77.92	55.45	77.76	53.08	76.54	52.87	64.61	47.88	68.47	54.94	61.3	60.79	64.64	69.4	66.88	72.82	69.5	85.51	74.26	73.95	78.16	86.6	39.07	64.74	41.67	75.39	31.32	65.84	30.14	80.16	26.4	58.32	24.66	65.09
20	0.667	77.89	55.47	77.76	53.1	76.48	52.9	64.73	47.88	68.41	54.96	61.4	60.77	64.69	69.33	66.94	72.76	69.51	85.36	74.25	74.05	78.12	86.7	39.15	64.58	41.72	75.2	31.24	65.73	30.05	80.02	26.31	58.17	24.48	64.95
21	0.7	77.97	55.57	77.89	53.09	76.5	52.99	65.13	47.62	68.37	54.83	61.62	60.46	64.9	69.06	67.16	72.6	69.58	85.28	74.14	74.04	78.21	86.86	39.48	64.61	42.02	75.26	31.32	66.02	30.28	80.32	26.53	58.2	24.59	65.01
22	0.733	77.96	55.4	77.91	52.89	76.45	52.82	65.18	47.41	68.25	54.7	61.64	60.39	64.78	69.14	67.27	72.47	69.65	85.36	74.38	73.95	78.32	86.71	39.36	64.45	41.81	75.21	31.32	66.02	30.25	80.5	26.38	58.16	24.61	65.08
23	0.767	77.92	55.28	77.89	52.73	76.36	52.7	65.3	47.24	68.1	54.59	61.72	60.35	64.81	69.18	67.48	72.4	69.85	85.44	74.48	73.77	78.42	86.54	39.53	64.4	41.94	75.18	31.46	66.06	30.45	80.58	26.5	58.06	24.76	64.97
24	0.8	77.93	55.19	77.88	52.57	76.34	52.62	65.26	47.01	67.99	54.47	61.59	60.19	64.86	69.18	67.55	72.26	70.02	85.55	74.65	73.38	78.53	86.47	39.7	64.49	42.23	75.33	31.77	66.35	30.98	80.9	26.92	58.13	25.36	65.11
25	0.833	77.88	55.08	77.87	52.47	76.3	52.51	65.27	46.89	67.89	54.29	61.34	59.95	64.89	68.86	67.29	72.41	70.12	85.53	74.47	73.13	78.27	86.07	39.64	64.51	42.39	75.26	31.82	66.51	31.25	80.87	27.23	58.52	25.77	65.3
26	0.867	77.82	55.0	77.79	52.36	76.21	52.43	65.2	46.79	67.76	54.24	61.22	60.02	64.76	68.83	67.2	72.59	69.97	85.43	74.36	73.28	78.32	86.23	39.46	64.55	42.2	75.24	31.57	66.56	31.0	80.81	27.19	58.36	25.63	65.19
27	0.9	77.74	54.89	77.74	52.2	76.1	52.28	65.25	46.59	67.57	54.07	61.2	60.04	64.67	68.83	67.42	72.69	70.2	85.5	74.48	72.97	78.46	85.69	39.26	64.41	41.94	75.1	31.35	66.55	30.77	80.8	27.12	58.26	25.58	65.01
28	0.933	77.77	54.79	77.77	52.07	76.05	52.21	65.41	46.51	67.51	54.13	61.55	60.1	64.63	68.84	67.65	72.7	70.15	85.33	74.55	73.32	78.61	86.0	39.47	64.27	41.89	74.98	31.24	66.12	30.36	80.47	26.85	57.72	25.14	64.72
29	0.967	77.79	54.61	77.77	51.86	76.03	52.04	65.41	46.28	67.41	53.97	61.53	59.96	64.62	68.92	67.78	72.45	70.39	85.43	74.79	73.16	78.78	85.9	39.65	64.22	42.1	75.01	31.74	66.35	30.99	80.82	27.15	57.86	25.73	64.94
30	1.0	77.76	54.54	77.78	51.78	75.99	51.95	65.58	46.17	67.37	53.84	61.66	59.91	64.58	68.73	67.73	72.5	70.26	85.25	74.72	73.17	78.72	85.97	39.68	64.05	42.0	74.81	31.63	66.15	30.75	80.58	27.1	57.69	25.55	64.81
31	1.033	77.65	54.42	77.67	51.67	75.9	51.82	65.47	46.11	67.26	53.69	61.53	59.92	64.55	68.72	67.7	72.47	70.36	85.31	74.82	72.97	78.61	85.76	39.71	64.07	42.08	74.79	31.78	66.35	30.95	80.73	27.14	57.93	25.63	64.92
32	1.067	77.64	54.4	77.63	51.62	75.87	51.8	65.36	46.04	67.25	53.69	61.47	60.01	64.57	68.71	67.69	72.82	70.42	85.39	74.89	72.95	78.64	85.62	39.51	64.28	41.97	74.97	31.46	66.53	30.72	80.89	26.81	58.01	25.37	65.12
33	1.1	77.61	54.38	77.6	51.59	75.84	51.77	65.34	46.03	67.22	53.69	61.5	60.08	64.5	68.8	67.68	72.84	70.3	85.43	74.87	73.08	78.61	85.66	39.49	64.26	41.88	74.97	31.46	66.54	30.66	80.94	26.7	58.0	25.26	65.15
34	1.133	77.61	54.32	77.6	51.55	75.84	51.71	65.33	46.04	67.22	53.68	61.57	60.1	64.43	68.89	67.79	72.76	70.35	85.46	74.94	73.04	78.72	85.45	39.46	64.21	41.73	74.97	31.48	66.27	30.51	80.77	26.64	57.87	25.15	65.01
35	1.167	77.53	54.33	77.54	51.61	75.76	51.7	65.31	46.25	67.18	53.76	61.57	60.38	64.33	68.99	67.51	73.07	70.13	85.45	74.82	73.45	78.51	85.7	39.48	64.51	41.68	75.17	31.48	66.58	30.43	80.98	26.66	58.23	25.17	65.41
36	1.2	77.56	54.23	77.54	51.52	75.77	51.62	65.23	46.2	67.18	53.8	61.55	60.45	64.3	69.06	67.54	73.07	70.08	85.35	74.85	73.5	78.5	85.53	39.3	64.45	41.52	75.12	31.26	66.5	30.19	80.93	26.38	58.13	24.86	65.38
37	1.233	77.59	54.21	77.57	51.49	75.8	51.6	65.26	46.17	67.17	53.78	61.57	60.46	64.3	69.08	67.59	73.13	70.1	85.43	74.92	73.54	78.59	85.55	39.28	64.55	41.48	75.24	31.17	66.53	30.07	80.99	26.26	58.15	24.7	65.4
38	1.267	77.58	54.1	77.56	51.32	75.75	51.5	65.35	45.9	67.12	53.64	61.59	60.17	64.33	68.83	67.53	72.84	69.96	85.12	74.89	73.43	78.52	85.79	39.54	64.28	41.77	74.96	31.47	66.54	30.53	80.98	26.63	57.87	25.23	65.32
39	1.3	77.51	54.26	77.49	51.44	75.69	51.63	65.22	45.93	67.09	53.68	61.47	60.22	64.39	68.88	67.38	73.0	69.96	85.24	74.92	73.37	78.46	85.46	39.55	64.54	41.91	75.22	31.41	66.69	30.58	81.14	26.53	57.93	25.2	65.41
40	1.333	77.51	54.21	77.48	51.37	75.7	51.57	65.16	45.8	67.06	53.6	61.41	60.15	64.31	68.96	67.37	72.91	69.9	85.38	74.86	73.35	78.39	85.48	39.38	64.51	41.73	75.28	31.29	66.68	30.43	81.27	26.28	57.93	24.98	65.42
41	1.367	77.58	54.23	77.54	51.4	75.76	51.61	65.2	45.86	67.14	53.68	61.47	60.22	64.43	69.07	67.54	72.91	70.02	85.51	74.9	73.42	78.41	85.64	39.36	64.38	41.75	75.17	31.33	66.7	30.54	81.3	26.39	57.82	25.06	65.31
42	1.4	77.56	54.28	77.55	51.46	75.72	51.64	65.29	45.94	67.13	53.7	61.59	60.35	64.5	68.98	67.7	73.12	70.12	85.41	75.3	73.55	78.81	85.55	39.36	64.39	41.71	75.13	31.08	66.68	30.22	81.23	26.04	57.73	24.5	65.2
43	1.433	77.58	54.44	77.55	51.64	75.73	51.76	65.17	46.16	67.12	53.83	61.49	60.7	64.49	69.05	67.33	73.66	69.89	85.39	75.47	73.83	78.8	85.41	39.47	64.97	41.89	75.59	31.06	67.08	30.26	81.51	25.72	57.95	24.28	65.51
44	1.467	77.57	54.48	77.56	51.67	75.71	51.78	65.13	46.19	67.09	53.86	61.49	60.77	64.41	69.02	67.3	73.8	69.7	85.29	75.43	74.16	78.74	85.46	39.2	65.23	41.58	75.81	30.56	67.44	29.73	81.85	25.12	58.35	23.66	65.92
45	1.5	77.56	54.49	77.6	51.67	75.69	51.79	65.28	46.09	67.07	53.82	61.74	60.56	64.34	68.97	67.54	73.27	69.65	85.14	75.6	74.06	79.06	85.56	39.2	64.68	41.36	75.42	30.37	66.86	29.27	81.52	24.41	57.71	22.77	65.34
46	1.533	77.53	54.48	77.62	51.71	75.65	51.75	65.39	46.17	67.04	53.77	61.86	60.58	64.31	68.95	67.48	73.22	69.49	85.12	75.68	74.2	79.0	85.5	39.41	64.91	41.46	75.65	30.42	66.96	29.2	81.64	24.21	58.0	22.49	65.53
47	1.567	77.57	54.37	77.67	51.57	75.69	51.65	65.52	46.02	67.06	53.65	61.96	60.39	64.44	68.88	67.86	72.95	69.86	85.18	75.82	73.98	79.29	85.56	39.46	64.72	41.5	75.52	30.52	66.87	29.33	81.59	24.48	57.79	22.65	65.21
48	1.6	77.59	54.25	77.66	51.41	75.67	51.58	65.57	45.86	67.04	53.61	62.16	60.21	64.43	68.9	68.18	72.6	70.04	85.11	76.06	73.67	79.59	85.23	39.8	64.41	41.69	75.31	30.98	66.4	29.62	81.29	24.78	57.24	22.94	64.81
49	1.633	77.58	54.23	77.64	51.37	75.67	51.54	65.59	45.8	67.07	53.57	62.23	60.23	64.41	68.96	68.24	72.58	69.98	85.15	75.89	73.77	79.52	85.34	39.79	64.21	41.62	75.13	31.02	66.17	29.58	81.08	24.87	56.82	22.95	64.41
50	1.667	77.56	54.08	77.6	51.24	75.64	51.43	65.51	45.72	67.03	53.53	62.18	60.11	64.39	68.8	68.26	72.48	70.21	84.96	75.88	73.55	79.64	85.02	39.74	64.12	41.6	74.99	31.01	66.12	29.55	81.0	24.81	57.08	22.95	64.66
51	1.7	77.54	53.96	77.6	51.11	75.64	51.29	65.58	45.58	67.04	53.36	62.26	59.98	64.44	68.87	68.25	72.16	70.21	85.07	75.9	73.35	79.63	85.02	39.97	63.99	41.81	74.97	31.39	66.17	29.99	81.2	24.91	57.14	23.2	64.76
52	1.733	77.48	53.84	77.58	51.02	75.59	51.17	65.58	45.56	67.01	53.3	62.12	59.96	64.28	68.73	68.04	72.39	70.08	85.0	75.58	73.3	79.21	85.0	39.46	63.69	41.3	74.59	30.94	65.81	29.47	80.7	24.99	56.97	23.25	64.52
53	1.767	77.48	53.9	77.58	51.09	75.58	51.26	65.65	45.59	66.98	53.37	62.15	59.86	64.23	68.6	68.04	72.24	69.9	84.78	75.41	73.47	79.16	85.35	39.55	63.5	41.31	74.37	30.97	65.55	29.47	80.38	25.19	56.75	23.38	64.33
54	1.8	77.49	53.98	77.57	51.13	75.55	51.33	65.6	45.57	66.91	53.46	62.11	59.92	64.23	68.82	67.93	72.28	69.72	85.01	75.3	73.63	78.93	85.47	39.58	63.93	41.4	74.88	30.86	65.89	29.44	80.84	24.84	56.81	23.11	64.49
55	1.833	77.39	53.96	77.47	51.13	75.48	51.29	65.51	45.59	66.87	53.39	61.99	59.98	64.13	68.82	67.55	72.18	69.32	84.84	74.98	73.63	78.66	85.53	39.67	64.04	41.52	74.93	30.97	66.12	29.59	80.99	24.84	57.02	23.12	64.65
56	1.867	77.39	54.01	77.48	51.18	75.51	51.32	65.51	45.61	66.85	53.41	61.9	60.04	64.05	68.96	67.58	72.27	69.42	85.03	74.84	73.5	78.54	85.32	39.31	63.54	41.14	74.48	30.86	65.64	29.39	80.55	24.97	56.4	23.12	63.95
57	1.9	77.36	53.99	77.44	51.18	75.45	51.3	65.38	45.68	66.76	53.45	61.81	60.19	63.95	68.87	67.57	72.62	69.54	84.89	74.99	73.67	78.83	85.08	39.05	63.55	40.88	74.4	30.46	65.65	28.92	80.44	24.53	56.42	22.65	63.96
58	1.933	77.37	54.01	77.45	51.12	75.42	51.32	65.5	45.47	66.68	53.43	61.97	59.97	63.9	68.95	67.92	72.29	69.57	85.02	75.07	73.84	79.04	85.25	39.13	63.46	40.84	74.47	30.5	65.57	28.86	80.6	24.48	56.3	22.5	63.93
59	1.967	77.32	54.07	77.4	51.12	75.36	51.38	65.44	45.36	66.62	53.44	61.89	59.93	63.97	69.09	67.81	72.25	69.62	85.2	74.99	73.7	78.87	85.18	39.17	63.54	40.99	74.63	30.56	65.6	29.02	80.76	24.46	56.2	22.63	63.95
60	2.0	77.27	53.86	77.33	50.93	75.32	51.18	65.34	45.24	66.6	53.28	61.76	59.83	63.87	68.76	67.61	72.44	69.5	84.96	74.69	73.68	78.54	85.34	38.99	63.53	40.85	74.46	30.43	65.62	28.89	80.53	24.64	56.42	22.79	64.12
61	2.033	77.11	53.89	77.18	50.88	75.15	51.18	65.31	45.12	66.41	53.24	61.78	59.93	63.75	69.04	67.76	72.55	69.47	85.27	74.66	73.62	78.21	84.6	38.92	63.42	40.69	74.44	30.41	65.73	28.87	80.81	24.51	56.35	22.79	64.08
62	2.067	77.07	53.79	77.15	50.74	75.07	51.09	65.38	44.97	66.3	53.15	61.89	59.8	63.71	69.0	67.97	72.38	69.63	85.25	74.76	73.48	78.32	84.52	39.14	63.33	40.82	74.38	30.66	65.58	29.03	80.7	24.7	56.21	22.98	63.96
63	2.1	77.03	53.83	77.12	50.8	75.05	51.09	65.28	45.02	66.25	53.19	61.72	59.97	63.58	69.09	67.48	72.69	69.4	85.26	74.36	73.5	77.96	84.37	38.83	63.3	40.55	74.32	30.34	65.48	28.67	80.58	24.38	56.11	22.74	63.93
64	2.133	77.02	53.78	77.08	50.8	75.06	51.08	65.22	45.16	66.31	53.29	61.75	59.98	63.58	69.25	67.4	72.36	69.32	85.27	74.21	73.44	77.88	84.65	39.04	63.06	40.73	74.12	30.8	65.38	29.13	80.53	24.66	55.99	23.1	63.83
65	2.167	77.08	53.8	77.16	50.84	75.09	51.11	65.32	45.26	66.29	53.36	61.79	60.1	63.55	69.09	67.4	72.68	69.18	85.07	74.14	73.83	78.1	84.97	38.88	63.28	40.51	74.22	30.27	65.59	28.58	80.55	24.38	56.04	22.62	63.85
66	2.2	77.06	53.8	77.15	50.81	75.04	51.09	65.36	45.21	66.25	53.37	61.87	59.99	63.53	69.12	67.62	72.59	69.08	85.25	74.19	73.86	77.96	84.95	38.83	63.29	40.39	74.32	30.04	65.54	28.33	80.62	24.18	56.0	22.35	63.78
67	2.233	77.04	53.72	77.15	50.73	75.01	51.02	65.45	45.15	66.19	53.31	61.88	59.94	63.52	69.09	67.53	72.57	69.05	85.32	73.9	73.99	77.95	85.4	38.91	63.11	40.45	74.13	30.2	65.69	28.53	80.74	24.27	55.96	22.38	63.73
68	2.267	77.11	53.79	77.21	50.77	75.06	51.11	65.57	45.11	66.26	53.34	62.06	59.87	63.66	69.08	67.92	72.3	69.32	85.2	74.11	73.94	78.26	85.47	38.98	63.06	40.46	74.15	30.09	65.52	28.3	80.67	24.24	55.94	22.14	63.71
69	2.3	77.14	53.81	77.25	50.83	75.12	51.13	65.49	45.19	66.33	53.4	61.9	59.96	63.66	69.1	67.66	72.49	69.26	85.18	74.14	73.97	78.23	85.4	38.73	63.08	40.34	74.14	29.92	65.46	28.22	80.56	24.26	55.97	22.26	63.8
70	2.333	77.17	53.86	77.23	50.85	75.17	51.21	65.38	45.14	66.41	53.49	61.89	59.75	63.71	69.21	67.8	72.01	69.38	85.2	74.22	73.71	78.27	85.31	38.73	62.7	40.39	73.92	30.09	64.9	28.35	80.22	24.35	55.45	22.36	63.37
71	2.367	77.18	53.9	77.29	50.9	75.16	51.24	65.6	45.17	66.42	53.46	62.09	59.69	63.77	69.07	67.99	71.82	69.27	85.03	74.37	73.82	78.4	85.54	38.99	62.61	40.54	73.8	30.19	64.96	28.46	80.24	24.4	55.38	22.31	63.25
72	2.4	77.15	53.87	77.25	50.89	75.12	51.23	65.56	45.26	66.4	53.51	62.11	59.74	63.77	69.01	67.95	72.02	69.37	85.08	74.23	73.74	78.3	85.53	39.02	62.73	40.57	73.83	30.23	65.02	28.46	80.19	24.36	55.51	22.31	63.34
73	2.433	77.2	53.74	77.3	50.73	75.14	51.14	65.63	45.08	66.4	53.43	62.14	59.53	63.9	68.97	68.13	71.73	69.6	85.04	74.5	73.48	78.3	85.34	39.31	62.81	40.95	73.96	30.68	65.08	29.1	80.31	24.85	55.66	23.11	63.56
74	2.467	77.23	53.76	77.32	50.7	75.17	51.13	65.64	44.96	66.4	53.36	62.16	59.47	63.95	69.0	68.16	71.75	69.64	85.2	74.52	73.39	78.36	85.13	39.39	62.88	41.05	74.1	30.73	65.17	29.15	80.51	24.67	55.6	22.87	63.53
75	2.5	77.25	53.8	77.33	50.78	75.2	51.17	65.52	45.07	66.43	53.43	62.02	59.62	63.93	68.97	67.86	72.08	69.52	85.16	74.58	73.54	78.46	85.22	39.24	63.02	40.97	74.18	30.5	65.09	28.93	80.35	24.48	55.43	22.7	63.46
76	2.533	77.27	53.64	77.34	50.64	75.25	50.97	65.44	45.04	66.51	53.29	61.9	59.83	63.93	69.04	67.72	72.52	69.53	85.37	74.79	73.5	78.56	84.95	39.05	63.31	40.85	74.43	30.46	65.51	28.93	80.72	24.54	55.85	22.7	63.86
77	2.567	77.36	53.65	77.41	50.63	75.33	51.0	65.51	44.99	66.56	53.32	61.99	59.78	64.02	69.22	67.85	72.23	69.61	85.48	74.79	73.47	78.53	85.1	39.33	63.26	41.15	74.46	30.93	65.52	29.48	80.85	24.92	55.81	23.19	63.88
78	2.6	77.39	53.59	77.45	50.62	75.38	50.93	65.53	45.03	66.62	53.23	62.0	59.79	64.02	69.04	67.91	72.32	69.78	85.33	74.9	73.33	78.73	85.0	39.21	63.11	41.0	74.23	30.84	65.39	29.32	80.59	24.86	55.84	23.07	63.77
79	2.633	77.29	53.55	77.33	50.65	75.33	50.92	65.33	45.12	66.65	53.25	61.8	59.73	64.0	68.86	67.61	72.34	69.77	85.16	74.81	73.35	78.56	85.1	39.07	63.03	40.99	74.06	30.77	65.22	29.27	80.29	24.82	55.87	23.05	63.76
80	2.667	77.3	53.42	77.32	50.54	75.31	50.82	65.37	45.09	66.62	53.22	61.89	59.8	64.09	68.88	67.52	72.33	69.77	85.11	74.76	73.2	78.44	85.28	39.48	63.23	41.41	74.19	31.14	65.5	29.71	80.51	24.97	56.15	23.34	64.12
81	2.7	77.32	53.52	77.35	50.64	75.36	50.88	65.33	45.14	66.69	53.2	61.75	59.85	64.11	68.83	67.17	72.56	69.57	85.14	74.46	73.29	78.13	85.33	39.33	63.33	41.37	74.25	30.95	65.54	29.6	80.48	24.91	56.18	23.31	64.11
82	2.733	77.29	53.66	77.3	50.76	75.36	50.98	65.19	45.17	66.68	53.21	61.59	60.0	64.07	68.97	66.86	72.69	69.45	85.17	74.46	73.18	78.1	84.96	39.33	63.51	41.46	74.44	31.07	65.69	29.8	80.65	24.84	56.09	23.39	64.1
83	2.767	77.35	53.51	77.37	50.68	75.42	50.88	65.31	45.19	66.75	53.2	61.75	59.88	64.07	68.78	67.0	72.42	69.54	84.83	74.36	73.15	78.37	84.99	39.26	63.16	41.25	74.07	30.92	65.19	29.43	80.14	24.76	55.82	23.05	63.77
84	2.8	77.45	53.5	77.5	50.65	75.49	50.85	65.47	45.13	66.8	53.14	61.98	59.84	64.24	68.77	67.38	72.37	69.83	84.97	74.68	73.05	78.59	84.8	39.45	63.18	41.4	74.15	30.97	65.02	29.37	80.05	24.56	55.65	22.69	63.51
85	2.833	77.42	53.56	77.47	50.71	75.47	50.9	65.38	45.17	66.8	53.15	61.82	59.89	64.26	68.57	67.18	72.8	69.87	84.9	74.67	73.08	78.62	84.69	39.25	63.38	41.31	74.22	30.62	65.06	29.06	79.91	24.46	55.71	22.52	63.55
86	2.867	77.41	53.52	77.45	50.64	75.43	50.88	65.4	45.12	66.75	53.15	61.87	59.84	64.23	68.49	67.24	72.86	69.86	84.88	74.86	73.19	78.82	84.75	39.35	63.51	41.36	74.36	30.66	65.15	29.06	80.03	24.45	55.66	22.49	63.64
87	2.9	77.44	53.5	77.45	50.62	75.47	50.86	65.33	45.06	66.82	53.15	61.73	59.75	64.25	68.38	67.04	72.9	69.92	84.77	74.56	73.29	78.84	84.85	38.99	63.21	41.11	74.05	30.35	64.95	28.72	79.82	24.21	55.36	22.05	63.37
88	2.933	77.37	53.42	77.34	50.52	75.41	50.81	65.05	44.93	66.74	53.15	61.46	59.62	64.08	68.25	67.16	73.09	70.08	84.87	74.48	73.21	79.09	84.84	38.23	63.11	40.4	73.99	29.48	64.88	27.78	79.74	23.77	55.37	21.38	63.35
89	2.967	77.23	53.48	77.17	50.55	75.3	50.88	64.88	44.86	66.66	53.12	61.33	59.47	63.95	68.17	67.16	72.77	69.86	84.65	74.54	73.15	79.06	84.86	38.26	63.16	40.45	74.05	29.45	64.9	27.78	79.78	23.83	55.52	21.44	63.51
90	3.0	77.77	53.78	77.8	51.25	76.07	51.19	64.98	45.66	67.08	53.4	60.56	59.31	63.56	68.34	67.14	72.9	70.61	86.0	75.78	74.51	79.36	85.28	36.92	63.36	39.43	74.59	29.23	64.32	27.18	79.57	23.95	56.59	21.13	63.82
91	3.033	77.13	53.51	77.02	50.59	75.23	50.94	64.67	44.89	66.62	53.26	61.19	59.39	63.83	68.26	67.08	72.52	69.64	84.6	74.02	73.5	78.67	85.21	37.79	62.71	39.98	73.69	28.89	64.54	27.09	79.54	23.35	55.12	20.67	63.11
92	3.067	77.1	53.49	76.96	50.56	75.19	50.92	64.55	44.87	66.61	53.22	61.19	59.41	63.93	68.23	67.08	72.53	69.82	84.56	74.15	73.19	78.69	84.92	38.1	62.77	40.38	73.68	29.31	64.67	27.64	79.6	23.53	55.26	21.11	63.3
93	3.1	77.09	53.53	76.9	50.58	75.2	50.97	64.39	44.85	66.6	53.27	61.07	59.41	63.88	68.29	67.14	72.45	69.89	84.53	74.22	73.0	78.81	84.63	37.98	62.56	40.32	73.49	29.33	64.46	27.68	79.43	23.62	54.95	21.19	63.04
94	3.133	77.16	53.54	76.94	50.59	75.25	51.01	64.37	44.84	66.61	53.33	60.99	59.4	63.84	68.25	66.94	72.53	69.74	84.45	74.11	73.05	78.77	84.73	37.97	62.62	40.34	73.54	29.39	64.44	27.74	79.39	23.71	54.85	21.27	63.06
95	3.167	77.14	53.48	76.92	50.53	75.21	50.95	64.35	44.83	66.55	53.36	61.0	59.44	63.78	68.37	66.91	72.57	69.77	84.54	74.04	73.13	78.69	84.59	37.86	62.66	40.19	73.63	29.25	64.32	27.48	79.37	23.49	54.8	21.01	63.06
96	3.2	76.74	53.41	76.63	50.34	74.75	50.66	64.33	44.49	66.28	52.58	60.89	59.2	64.22	68.07	65.79	71.99	68.51	84.24	73.28	72.75	77.79	84.52	39.27	64.29	41.99	75.11	30.87	66.07	30.21	80.86	24.43	55.9	22.58	64.11
97	3.233	77.11	53.35	76.89	50.39	75.19	50.83	64.33	44.73	66.59	53.3	61.04	59.32	63.85	68.44	67.18	72.36	69.95	84.67	74.18	73.14	78.66	84.39	37.74	62.88	40.06	73.96	29.07	64.35	27.27	79.56	23.46	55.06	20.92	63.29
98	3.267	77.07	53.34	76.84	50.4	75.14	50.84	64.3	44.8	66.55	53.34	60.97	59.32	63.85	68.29	66.97	72.46	69.93	84.47	74.03	73.31	78.62	84.66	37.84	62.8	40.22	73.77	29.19	64.26	27.46	79.31	23.72	54.94	21.24	63.2
99	3.3	77.06	53.35	76.85	50.39	75.14	50.83	64.3	44.75	66.55	53.33	60.97	59.3	63.85	68.45	66.99	72.29	70.02	84.58	74.03	73.02	78.67	84.39	37.71	62.68	40.08	73.76	29.08	64.17	27.33	79.38	23.5	54.85	21.08	63.11
100	3.333	76.72	53.31	76.62	50.24	74.71	50.56	64.32	44.42	66.24	52.57	60.93	59.16	64.19	68.12	65.8	71.95	68.62	84.27	73.16	72.77	77.76	84.41	38.99	64.17	41.65	75.06	30.35	65.97	29.6	80.89	23.87	55.99	22.01	64.23
101	3.367	77.03	53.39	76.81	50.42	75.09	50.87	64.29	44.8	66.47	53.42	61.04	59.4	63.72	68.68	66.99	72.3	69.79	84.78	73.94	73.25	78.4	84.31	37.88	62.83	40.14	73.96	29.33	64.25	27.47	79.56	23.58	54.84	21.19	63.16
102	3.4	76.71	53.37	76.6	50.29	74.69	50.61	64.27	44.46	66.19	52.65	60.94	59.2	64.07	68.33	65.77	71.84	68.31	84.43	73.1	72.66	77.44	84.14	39.22	64.21	41.83	75.15	30.78	66.06	30.07	81.07	24.0	55.9	22.34	64.2
103	3.433	76.63	53.37	76.51	50.28	74.62	50.6	64.16	44.42	66.11	52.63	60.77	59.29	64.05	68.43	65.58	71.98	68.19	84.56	73.08	72.74	77.39	84.2	39.04	64.46	41.77	75.4	30.73	66.39	30.16	81.41	23.75	56.19	22.14	64.53
104	3.467	77.05	53.45	76.85	50.5	75.07	50.92	64.28	44.85	66.37	53.43	60.94	59.56	63.7	68.61	66.7	72.63	69.35	84.7	73.78	73.6	78.24	84.48	37.82	63.51	40.17	74.52	28.83	65.29	27.21	80.46	22.71	55.96	20.37	64.23
105	3.5	77.08	53.53	76.88	50.57	75.12	50.97	64.26	44.86	66.42	53.43	60.91	59.57	63.71	68.66	66.74	72.63	69.32	84.81	73.82	73.55	78.27	84.39	37.69	63.49	40.06	74.54	28.73	65.33	27.15	80.54	22.57	55.99	20.23	64.21
106	3.533	77.62	53.89	77.54	51.28	75.86	51.31	64.4	45.68	66.86	53.69	60.26	59.54	63.53	68.77	66.68	73.13	70.32	86.25	75.42	74.19	78.8	84.21	36.7	64.32	39.48	75.65	28.53	65.15	26.73	80.69	22.39	57.3	19.97	64.9
107	3.567	76.75	53.18	76.61	50.09	74.71	50.42	64.04	44.24	66.17	52.52	60.7	59.22	64.18	68.2	65.54	72.3	68.36	84.48	73.13	72.27	77.46	83.42	38.63	64.44	41.52	75.33	30.2	66.24	29.69	81.24	22.79	56.31	21.23	64.75
108	3.6	76.73	53.03	76.55	49.95	74.67	50.3	64.01	44.13	66.11	52.43	60.85	59.12	64.11	67.97	65.7	72.09	68.58	84.06	73.08	72.29	77.65	83.48	38.75	64.01	41.49	74.84	29.98	65.77	29.2	80.71	22.6	55.81	20.9	64.22
109	3.633	76.68	52.9	76.52	49.81	74.62	50.18	64.03	43.98	66.07	52.33	61.0	58.86	64.07	67.84	65.97	71.72	68.64	84.0	73.22	72.2	77.79	83.61	38.79	63.51	41.42	74.41	29.97	65.29	29.05	80.35	22.2	55.39	20.43	63.79
110	3.667	77.75	53.31	77.59	50.73	75.93	50.77	64.28	45.09	66.79	53.31	60.5	59.01	63.38	68.41	66.73	72.26	70.17	85.58	75.34	73.78	78.64	83.85	36.79	63.49	39.37	74.94	28.36	64.17	26.05	80.0	21.12	56.43	18.52	64.28
111	3.7	76.64	52.96	76.49	49.81	74.55	50.2	63.96	43.72	65.96	52.23	60.85	58.62	64.2	67.92	65.49	71.19	68.33	83.95	73.1	72.2	77.55	83.8	38.74	63.67	41.59	74.8	29.52	65.43	28.64	80.84	21.06	55.47	19.11	64.06
112	3.733	76.59	53.06	76.47	49.92	74.51	50.3	64.02	43.82	65.93	52.34	60.93	58.62	64.15	68.03	65.63	71.1	68.33	84.1	72.97	72.32	77.38	84.02	38.64	63.41	41.4	74.61	29.26	65.23	28.28	80.71	20.86	55.26	18.8	63.75
113	3.767	76.64	53.19	76.5	49.96	74.5	50.44	63.99	43.67	65.86	52.39	60.71	58.54	64.28	67.95	65.24	71.41	68.47	84.18	72.86	72.23	77.55	83.77	38.51	63.83	41.51	75.06	29.17	65.28	28.22	80.84	20.73	55.15	18.43	63.93
114	3.8	76.66	53.26	76.61	49.92	74.44	50.47	64.37	43.42	65.72	52.27	60.93	58.43	64.31	67.85	65.32	71.31	68.24	84.0	72.88	72.51	77.48	84.18	38.79	63.78	41.68	75.03	29.28	65.78	28.46	81.38	20.92	55.34	18.77	64.32
115	3.833	76.61	53.27	76.57	49.85	74.33	50.48	64.49	43.26	65.54	52.23	61.02	58.31	64.27	67.8	65.48	71.15	68.25	83.84	73.01	72.54	77.57	84.19	39.04	63.57	41.84	74.82	29.63	65.77	28.87	81.4	21.22	55.04	19.21	64.15
116	3.867	76.6	53.26	76.62	49.75	74.27	50.43	64.67	43.03	65.45	52.06	61.25	58.15	64.34	67.68	65.93	70.94	68.52	83.82	73.43	72.62	78.15	84.34	39.19	63.76	41.87	75.09	29.52	66.28	28.72	82.01	20.9	55.75	18.85	64.86
117	3.9	76.56	53.29	76.61	49.73	74.2	50.46	64.79	42.96	65.34	52.04	61.35	58.06	64.36	67.7	66.29	70.78	68.74	83.88	73.6	72.47	78.34	84.13	39.18	63.43	41.79	74.83	29.49	66.09	28.73	81.9	20.79	55.41	18.75	64.46
118	3.933	76.49	53.34	76.62	49.7	74.07	50.45	65.04	42.83	65.16	51.93	61.45	58.07	64.37	67.71	66.35	70.84	68.81	83.93	73.68	72.54	78.47	84.3	39.26	63.46	41.78	74.9	29.44	66.34	28.69	82.2	20.95	55.47	18.87	64.57
119	3.967	76.23	53.38	76.42	49.7	73.76	50.5	65.16	42.85	64.92	51.93	61.6	58.04	64.37	67.62	66.44	70.86	68.82	83.94	73.74	72.71	78.44	84.33	39.59	63.85	42.01	75.22	29.65	66.64	28.85	82.44	20.94	55.93	18.78	65.03
120	4.0	77.23	53.89	77.42	50.65	74.95	51.2	65.43	44.07	65.45	53.03	61.27	58.43	63.37	68.17	67.8	71.55	70.3	85.2	76.27	74.04	79.12	84.18	37.8	63.35	39.86	75.11	28.11	65.28	25.76	81.64	20.38	56.42	17.54	64.96
121	4.033	77.22	54.01	77.49	50.7	74.88	51.27	65.72	44.07	65.28	53.04	61.52	58.52	63.37	68.37	68.1	71.52	70.47	85.43	76.43	73.77	79.02	83.96	38.21	63.23	40.1	75.04	28.53	65.04	26.1	81.47	20.73	56.01	18.05	64.49
122	4.067	77.17	54.06	77.47	50.7	74.81	51.3	65.77	43.98	65.19	52.96	61.48	58.47	63.3	68.25	68.25	71.62	70.51	85.43	76.59	73.96	79.08	84.17	37.84	63.08	39.69	74.91	27.93	64.77	25.37	81.24	20.37	55.66	17.44	64.13
123	4.1	77.15	54.11	77.44	50.78	74.77	51.37	65.71	44.05	65.15	53.04	61.44	58.54	63.26	68.18	67.99	71.51	70.34	85.06	76.57	73.85	78.97	84.15	37.92	63.29	39.78	75.05	27.91	64.96	25.33	81.38	20.12	55.93	17.25	64.54
124	4.133	77.1	54.14	77.42	50.75	74.7	51.36	65.8	43.89	65.05	52.86	61.37	58.37	63.35	68.07	67.84	71.28	70.36	85.0	76.57	73.78	79.11	84.28	38.27	63.43	40.24	75.21	28.22	65.28	25.85	81.7	20.29	56.15	17.57	64.72
125	4.167	77.16	54.02	77.57	50.59	74.66	51.22	66.23	43.86	64.89	52.79	61.92	58.28	63.29	68.17	68.8	70.79	70.59	85.05	77.24	73.55	79.37	83.89	38.97	63.41	40.53	75.26	28.91	64.98	26.28	81.49	20.9	55.98	18.2	64.36
126	4.2	77.06	54.0	77.56	50.51	74.51	51.14	66.48	43.77	64.72	52.65	62.07	58.18	63.16	68.13	69.04	70.73	70.58	85.19	77.33	73.61	79.36	84.0	39.15	63.18	40.51	75.05	29.22	64.74	26.51	81.24	21.43	55.65	18.81	63.96
127	4.233	76.24	53.36	76.76	49.43	73.5	50.48	66.63	42.5	64.15	51.92	63.0	57.71	63.48	67.78	69.23	69.93	69.71	84.02	76.02	72.79	79.26	83.75	40.6	62.27	41.43	74.04	29.75	64.77	27.24	81.23	21.47	54.17	18.9	63.12
128	4.267	76.13	53.06	76.77	49.16	73.29	50.16	66.97	42.45	63.98	51.71	63.41	57.73	63.48	67.56	69.51	69.93	69.9	83.77	76.27	72.7	79.11	83.53	41.07	62.31	41.65	73.92	30.13	64.6	27.46	80.87	21.79	54.37	19.45	63.23
129	4.3	76.15	53.06	76.86	49.12	73.32	50.07	67.17	42.39	64.0	51.51	63.56	57.8	63.51	67.62	69.67	70.06	70.01	84.02	76.41	72.51	79.29	83.45	41.17	62.03	41.64	73.66	30.39	64.61	27.76	80.88	22.08	54.02	19.87	62.79
130	4.333	76.09	52.96	76.88	49.04	73.23	49.96	67.36	42.44	63.95	51.44	63.72	57.88	63.54	67.43	69.78	70.24	69.99	83.9	76.46	72.55	79.27	83.57	41.13	62.0	41.5	73.51	30.06	64.83	27.42	80.94	21.88	54.36	19.58	63.05
131	4.367	76.09	52.95	76.87	49.05	73.24	49.95	67.33	42.48	63.96	51.46	63.69	57.91	63.52	67.49	69.69	70.24	69.97	83.94	76.37	72.55	79.2	83.58	41.14	61.85	41.52	73.37	30.2	64.69	27.57	80.81	21.99	54.14	19.74	62.82
132	4.4	75.93	52.83	76.83	48.88	73.06	49.74	67.53	42.4	63.81	51.23	63.81	57.97	63.42	67.53	69.88	70.26	69.89	84.06	76.5	72.49	79.05	83.41	41.23	62.15	41.45	73.64	30.24	65.06	27.64	81.13	22.27	54.42	20.19	62.96
133	4.433	75.92	52.85	76.87	48.9	73.05	49.74	67.81	42.47	63.86	51.16	64.22	58.01	63.38	67.51	70.41	70.09	69.88	83.99	76.54	72.6	78.91	83.54	41.47	61.75	41.36	73.2	30.55	64.69	27.73	80.7	22.8	54.11	20.67	62.5
134	4.467	75.97	52.88	76.92	48.94	73.12	49.77	67.82	42.49	63.93	51.14	64.13	57.96	63.41	67.48	70.39	70.02	69.97	84.0	76.52	72.53	79.16	83.54	41.39	61.62	41.35	73.08	30.67	64.74	27.9	80.73	23.03	54.18	20.8	62.48
135	4.5	75.84	52.98	76.87	49.0	72.99	49.81	68.0	42.53	63.88	51.09	64.42	57.97	63.34	67.52	70.6	69.97	69.83	84.12	76.57	72.74	78.98	83.72	41.61	61.58	41.33	73.06	30.8	64.63	27.83	80.68	23.11	54.15	20.85	62.42
136	4.533	75.86	52.95	76.84	48.98	73.0	49.8	67.81	42.5	63.8	51.16	64.18	57.95	63.25	67.71	70.6	69.76	69.88	84.21	76.72	72.62	79.21	83.58	41.41	61.66	41.23	73.25	30.74	64.76	27.86	80.94	22.99	54.29	20.79	62.58
137	4.567	75.77	52.94	76.81	48.97	72.93	49.74	67.87	42.51	63.75	51.04	64.22	57.95	63.14	67.73	70.56	69.58	69.81	84.17	76.76	72.32	79.14	83.31	41.5	61.47	41.21	73.07	31.1	64.62	28.16	80.8	23.26	54.08	21.18	62.33
138	4.6	75.69	52.88	76.72	48.93	72.83	49.71	67.85	42.54	63.69	51.07	64.24	57.98	63.12	67.72	70.39	69.65	69.64	84.14	76.47	72.57	78.78	83.54	41.59	61.6	41.3	73.14	31.08	64.74	28.17	80.86	23.13	54.32	21.12	62.59
139	4.633	75.68	52.78	76.71	48.89	72.86	49.59	67.76	42.63	63.69	51.04	64.09	58.16	63.02	67.76	70.3	69.81	69.72	84.11	76.43	72.48	78.87	83.45	41.22	61.29	40.94	72.78	30.83	64.38	27.82	80.4	23.16	53.92	20.99	62.06
140	4.667	75.73	52.53	76.74	48.68	72.87	49.38	67.76	42.57	63.66	51.01	64.16	58.11	62.99	67.71	70.24	69.9	69.86	84.11	76.43	72.63	79.02	83.39	41.33	61.41	40.99	72.89	30.89	64.23	27.74	80.29	23.0	53.89	20.83	62.12
141	4.7	75.68	52.39	76.69	48.58	72.82	49.25	67.74	42.58	63.63	50.97	64.18	58.16	62.89	67.71	70.27	69.95	69.85	84.1	76.41	72.75	79.03	83.47	41.2	61.35	40.75	72.82	30.79	64.15	27.48	80.19	22.97	53.91	20.67	62.12
142	4.733	75.65	52.24	76.66	48.48	72.81	49.11	67.69	42.53	63.62	50.81	64.16	58.06	62.87	67.46	70.17	69.71	69.72	83.73	76.38	72.46	78.88	83.23	41.31	61.2	40.87	72.58	30.78	64.17	27.54	80.11	22.8	54.21	20.6	62.32
143	4.767	75.64	52.27	76.62	48.5	72.84	49.14	67.61	42.48	63.67	50.82	63.93	58.01	62.84	67.42	69.73	69.8	69.51	83.67	75.99	72.58	78.62	83.53	41.1	60.87	40.8	72.23	30.82	63.89	27.67	79.78	23.21	53.63	21.0	61.87
144	4.8	75.7	52.25	76.7	48.47	72.91	49.12	67.66	42.4	63.72	50.78	63.96	57.86	62.88	67.43	69.98	69.61	69.51	83.79	76.26	72.34	78.63	83.25	40.97	60.75	40.68	72.23	30.61	63.77	27.53	79.78	23.09	53.5	20.87	61.7
145	4.833	75.73	52.28	76.75	48.51	72.96	49.09	67.67	42.43	63.74	50.67	63.93	57.89	62.87	67.48	69.96	69.55	69.55	83.9	76.21	72.22	78.7	83.02	41.01	60.72	40.71	72.21	30.73	63.78	27.66	79.8	23.08	53.41	20.87	61.41
146	4.867	75.88	52.37	76.73	48.73	73.27	49.22	67.13	42.61	64.0	50.77	63.33	58.07	62.77	67.55	69.36	69.81	69.56	83.82	75.98	72.32	78.71	83.07	40.48	60.77	40.49	72.22	30.61	63.54	27.55	79.44	23.15	53.36	20.79	61.25
147	4.9	76.13	52.62	76.97	49.04	73.69	49.35	66.98	42.65	64.31	50.51	62.77	57.95	62.79	67.38	68.77	69.88	69.39	83.9	75.82	72.18	78.6	82.85	40.08	61.03	40.47	72.49	30.49	63.85	27.73	79.62	23.22	53.72	20.91	61.16
148	4.933	76.49	53.05	77.13	49.71	74.38	49.81	66.24	43.12	65.01	50.77	61.95	58.09	62.82	67.66	67.89	69.67	69.07	83.89	75.32	72.11	78.11	82.78	39.17	61.17	40.12	72.73	29.97	63.41	27.35	79.23	22.77	53.92	20.36	61.0
149	4.967	77.03	53.23	77.32	50.3	75.25	50.21	65.35	44.06	66.24	51.55	61.43	58.39	63.15	67.74	67.26	70.09	68.79	83.82	74.85	72.33	77.94	82.78	38.43	61.62	39.98	72.99	29.72	63.04	27.31	78.57	22.9	54.25	20.3	61.22
150	5.0	77.09	53.16	77.35	50.46	75.52	50.13	65.28	44.63	66.96	51.52	61.75	58.55	63.6	67.4	67.68	70.26	69.14	83.76	75.0	72.46	78.45	82.89	38.5	61.61	40.06	72.7	29.88	63.05	27.43	78.12	23.3	54.66	20.31	60.98
151	5.033	77.21	53.51	77.45	51.01	76.05	50.39	65.0	45.07	68.08	51.3	61.6	58.27	64.11	66.58	67.5	70.45	69.16	83.61	75.08	72.38	78.71	83.09	38.0	61.65	39.95	72.52	29.46	62.94	27.21	77.58	23.31	55.13	20.06	60.76
152	5.067	77.18	53.75	77.37	51.46	76.3	50.61	64.66	45.69	68.73	51.5	61.46	58.4	64.14	66.72	67.24	70.14	69.02	83.59	74.61	72.41	78.47	83.29	37.45	61.38	39.47	72.25	29.42	62.18	26.96	76.74	23.58	55.09	20.23	60.29
153	5.1	77.22	53.8	77.42	51.56	76.37	50.67	64.72	45.78	68.87	51.53	61.52	58.27	64.18	66.66	67.15	69.77	68.74	83.42	74.53	72.52	78.27	83.36	37.55	61.41	39.56	72.32	29.47	62.19	27.02	76.82	23.48	55.28	20.14	60.44
154	5.133	77.2	53.78	77.42	51.54	76.32	50.67	64.79	45.79	68.83	51.48	61.54	58.19	64.28	66.4	67.42	69.81	69.06	83.22	75.01	72.71	78.61	83.36	37.65	61.61	39.7	72.42	29.44	62.48	27.06	76.99	23.61	55.74	20.21	60.8
155	5.167	77.19	53.57	77.42	51.38	76.3	50.48	64.81	45.85	68.83	51.43	61.67	58.41	64.28	66.36	67.59	70.04	69.3	83.07	75.15	72.72	78.82	83.28	37.66	61.55	39.61	72.23	29.45	62.36	26.93	76.7	23.59	55.66	20.15	60.66
156	5.2	77.16	53.52	77.35	51.31	76.28	50.43	64.75	45.82	68.82	51.44	61.69	58.46	64.24	66.69	67.74	70.0	69.46	83.51	75.15	72.65	78.86	83.03	37.77	61.44	39.68	72.24	29.92	62.17	27.41	76.68	23.97	55.36	20.72	60.36
157	5.233	77.1	53.71	77.29	51.51	76.29	50.6	64.65	45.93	68.91	51.48	61.47	58.36	64.21	66.48	67.51	70.21	69.45	83.49	75.22	72.68	79.05	83.16	37.61	61.64	39.64	72.39	29.86	62.28	27.46	76.64	24.38	55.55	21.17	60.51
158	5.267	77.04	53.66	77.23	51.51	76.27	50.56	64.56	46.07	68.95	51.53	61.4	58.46	64.1	66.47	67.46	70.28	69.48	83.4	75.09	72.7	79.05	83.17	37.24	61.55	39.22	72.25	29.54	62.07	26.98	76.36	24.32	55.63	20.96	60.49
159	5.3	77.05	53.61	77.21	51.52	76.31	50.53	64.45	46.17	69.02	51.56	61.24	58.54	64.14	66.35	67.25	70.47	69.36	83.25	74.93	72.9	79.0	83.16	37.23	61.76	39.35	72.32	29.55	62.45	27.17	76.53	24.47	56.06	21.14	60.82
160	5.333	77.07	53.38	77.1	51.12	76.22	50.16	64.1	45.45	68.98	50.89	61.16	58.02	64.59	65.85	66.16	70.18	68.69	82.83	74.11	72.61	78.32	83.86	38.35	62.3	40.95	72.79	30.56	64.05	29.02	78.02	24.08	56.62	21.7	61.71
161	5.367	76.97	53.64	77.01	51.36	76.13	50.41	64.09	45.61	68.93	51.0	61.15	58.06	64.56	65.88	66.26	70.21	68.71	82.92	74.25	72.38	78.31	83.49	38.47	62.38	41.04	72.86	30.7	64.28	29.19	78.22	24.26	56.75	21.88	61.75
162	5.4	76.98	53.74	77.02	51.44	76.19	50.47	64.04	45.61	69.0	51.02	61.05	58.09	64.52	66.04	66.07	70.3	68.63	83.13	74.11	72.23	78.12	83.29	38.32	62.1	40.93	72.67	30.84	63.89	29.28	77.93	24.51	56.14	22.12	61.2
163	5.433	77.03	53.54	77.1	51.24	76.16	50.28	64.14	45.51	68.9	50.95	61.16	58.11	64.58	66.04	66.23	70.24	68.64	83.08	74.37	72.31	78.33	83.37	38.38	62.52	40.96	73.08	30.58	64.51	29.12	78.59	23.95	56.89	21.58	62.01
164	5.467	77.03	53.42	77.08	51.22	76.18	50.21	64.07	45.69	68.97	50.99	61.17	58.18	64.53	65.89	66.27	70.14	68.71	82.72	74.32	72.29	78.27	83.43	38.41	62.38	40.95	72.79	30.57	64.41	29.03	78.28	23.99	57.26	21.73	62.19
165	5.5	77.06	53.42	77.09	51.23	76.26	50.21	64.0	45.7	69.08	51.01	61.11	58.13	64.47	65.97	66.21	69.95	68.54	82.72	74.21	72.36	78.05	83.76	38.27	62.14	40.81	72.6	30.6	64.04	29.04	77.97	24.2	56.92	21.99	61.89
166	5.533	76.58	51.64	76.97	50.09	75.81	48.71	65.4	45.66	69.0	50.04	61.88	57.03	64.35	64.85	66.44	68.19	68.72	82.98	75.74	72.44	77.53	86.09	40.79	62.13	42.76	73.07	34.72	63.45	31.79	77.9	29.27	60.19	25.58	64.23
167	5.567	76.86	53.73	76.85	51.66	76.19	50.55	63.7	46.26	69.21	51.33	60.95	58.28	64.34	65.95	66.25	69.95	68.55	82.63	74.22	72.33	78.03	83.44	38.15	62.2	40.71	72.53	30.65	63.69	28.94	77.4	24.27	56.99	22.02	61.54
168	5.6	76.19	51.53	76.52	50.02	75.48	48.61	64.89	45.78	68.86	50.03	61.54	57.17	64.22	64.91	66.34	68.41	68.97	83.21	75.84	72.05	77.68	85.56	40.66	62.2	42.72	73.08	34.82	63.26	31.77	77.61	29.07	60.03	25.27	63.85
169	5.633	75.95	51.3	76.28	49.78	75.25	48.38	64.76	45.69	68.75	49.89	61.5	57.23	64.25	64.81	66.35	68.65	69.16	83.21	75.85	72.15	77.89	85.52	40.58	62.3	42.69	73.08	34.63	63.41	31.6	77.63	28.86	60.07	25.01	63.81
170	5.667	76.21	53.31	76.09	51.33	75.71	50.13	62.92	46.31	69.17	51.1	60.51	58.38	64.13	65.84	65.69	70.23	68.54	82.7	73.95	72.15	77.98	83.0	37.95	62.4	40.65	72.57	30.83	63.87	28.96	77.33	24.11	57.24	21.8	61.55
171	5.7	76.25	53.02	76.09	51.02	75.72	49.87	62.92	46.12	69.15	51.03	60.57	58.31	64.07	65.9	65.74	70.17	68.5	82.75	73.82	72.32	77.96	83.39	37.92	61.99	40.53	72.22	30.95	63.39	29.03	76.94	24.39	56.5	22.05	61.01
172	5.733	75.67	51.55	75.95	50.06	75.12	48.6	64.35	45.98	68.84	50.08	61.17	57.47	64.0	65.2	66.04	68.62	68.98	83.5	75.38	72.23	77.68	85.92	39.95	62.26	42.06	73.12	34.18	63.31	31.0	77.59	28.54	59.76	24.69	63.32
173	5.767	75.61	51.53	75.86	50.03	75.12	48.59	64.21	45.83	68.89	50.03	61.08	57.18	63.89	65.33	66.05	67.99	68.77	83.59	75.32	72.22	77.66	86.19	39.84	61.83	41.93	72.91	34.35	62.99	31.16	77.55	28.72	59.29	24.9	62.95
174	5.8	75.57	51.45	75.84	49.99	75.09	48.51	64.36	45.92	68.96	49.98	61.27	57.13	63.95	65.26	66.23	67.78	68.74	83.53	75.48	72.19	77.69	86.01	40.3	61.85	42.31	72.89	34.95	62.89	31.74	77.37	29.2	59.31	25.4	62.78
175	5.833	75.52	51.3	75.8	49.82	75.04	48.38	64.49	45.71	69.04	49.83	61.41	56.94	64.11	65.01	66.24	67.86	68.7	83.47	75.46	72.38	77.8	86.28	40.41	61.84	42.44	72.86	34.79	63.01	31.7	77.48	29.4	59.34	25.56	62.94
176	5.867	75.99	52.96	75.8	51.0	75.54	49.81	62.73	46.3	69.19	51.05	60.47	58.4	63.98	65.97	65.59	70.28	68.56	82.96	73.52	72.32	77.86	83.64	38.05	62.13	40.64	72.3	31.34	63.39	29.3	76.8	24.98	56.53	22.59	60.83
177	5.9	76.11	52.84	75.91	50.86	75.65	49.69	62.83	46.16	69.28	50.99	60.58	58.33	64.03	66.07	65.75	70.12	68.49	83.07	73.61	72.4	77.83	83.91	38.2	61.91	40.75	72.16	31.61	63.2	29.58	76.71	25.39	56.21	22.99	60.63
178	5.933	76.1	53.01	75.92	51.06	75.66	49.87	62.88	46.37	69.31	51.16	60.67	58.39	63.98	66.14	65.75	70.15	68.47	83.15	73.55	72.56	77.79	84.27	38.21	61.65	40.67	71.91	31.71	62.96	29.52	76.49	25.42	56.11	22.98	60.54
179	5.967	76.12	53.27	75.96	51.3	75.69	50.12	62.96	46.5	69.38	51.28	60.71	58.37	64.11	66.17	65.81	70.11	68.7	83.26	73.62	72.35	77.95	84.16	38.27	61.65	40.77	71.96	31.79	63.02	29.67	76.6	25.43	56.19	23.06	60.57
180	6.0	76.06	53.09	75.9	51.15	75.66	49.91	62.84	46.42	69.35	51.14	60.53	58.42	64.03	66.14	65.64	70.29	68.59	83.29	73.5	72.39	77.86	84.04	37.94	61.73	40.5	72.0	31.46	63.18	29.33	76.68	25.21	56.31	22.75	60.57
181	6.033	75.97	53.03	75.76	51.14	75.56	49.9	62.58	46.56	69.28	51.23	60.41	58.49	63.84	66.03	65.45	70.2	68.34	82.87	73.52	72.53	77.74	83.92	37.92	62.07	40.46	72.21	31.38	63.41	29.13	76.79	24.82	56.75	22.3	61.06
182	6.067	75.94	52.84	75.73	50.9	75.54	49.7	62.53	46.23	69.27	51.03	60.4	58.22	63.83	65.97	65.46	69.97	68.25	82.87	73.39	72.35	77.51	83.71	37.75	61.6	40.31	71.84	31.38	63.18	29.25	76.72	24.78	56.31	22.47	60.78
183	6.1	75.38	51.26	75.57	49.86	75.0	48.35	63.67	45.89	68.93	49.95	60.51	57.08	63.62	65.1	65.39	68.09	68.42	83.42	74.54	71.85	77.11	85.87	39.17	61.62	41.42	72.55	33.93	62.67	30.73	76.98	28.5	59.0	24.61	62.5
184	6.133	75.18	51.17	75.35	49.83	74.86	48.29	63.53	45.97	68.97	49.91	60.47	56.98	63.56	65.01	65.16	67.78	68.23	83.27	73.93	71.76	76.7	85.91	39.3	61.57	41.53	72.45	34.14	62.66	30.82	76.87	28.52	58.97	24.58	62.24
185	6.167	75.22	51.12	75.37	49.76	74.87	48.24	63.52	45.81	68.9	49.83	60.51	56.88	63.6	64.98	65.32	67.78	68.5	83.33	73.79	71.76	76.68	85.81	39.26	61.59	41.49	72.49	34.0	62.81	30.62	77.05	28.39	59.06	24.37	62.28
186	6.2	75.12	51.28	75.23	49.95	74.84	48.39	63.33	45.98	68.99	49.88	60.26	57.03	63.55	64.84	64.81	68.07	68.14	83.09	73.42	71.76	76.44	85.85	39.14	61.79	41.49	72.51	33.9	63.12	30.68	77.09	28.41	59.37	24.53	62.57
187	6.233	75.51	52.94	75.23	51.06	75.28	49.76	61.92	46.38	69.27	50.9	59.81	58.27	63.71	65.63	64.53	70.29	67.94	82.67	72.47	72.22	76.74	83.77	37.42	61.88	40.31	71.84	30.98	63.65	28.87	76.76	24.21	57.03	21.86	61.09
188	6.267	75.51	52.87	75.22	51.0	75.27	49.71	61.87	46.35	69.24	50.9	59.69	58.16	63.6	65.59	64.45	70.19	67.71	82.63	72.45	72.22	76.59	83.81	37.42	61.74	40.33	71.71	31.19	63.47	29.16	76.55	24.62	56.71	22.32	60.83
189	6.3	75.37	52.87	75.09	51.02	75.16	49.71	61.78	46.38	69.18	50.93	59.65	58.1	63.45	65.53	64.39	70.09	67.55	82.51	72.38	72.22	76.43	83.85	37.18	61.69	40.01	71.67	30.81	63.43	28.61	76.52	24.31	56.81	21.89	60.9
190	6.333	75.33	52.82	75.0	50.95	75.12	49.67	61.65	46.38	69.19	51.0	59.69	58.19	63.41	65.87	64.47	69.84	67.45	82.7	72.39	72.3	76.41	83.93	37.35	61.86	40.15	71.95	31.09	63.51	28.85	76.78	24.42	56.8	22.02	60.99
191	6.367	75.3	52.89	74.96	51.03	75.1	49.75	61.64	46.48	69.2	51.08	59.74	58.26	63.36	65.98	64.46	69.81	67.47	82.74	72.44	72.23	76.44	83.72	37.44	61.82	40.18	71.92	31.31	63.42	28.99	76.74	24.47	56.78	22.17	61.0
192	6.4	75.27	53.01	74.94	51.16	75.09	49.87	61.66	46.63	69.24	51.18	59.78	58.34	63.42	66.02	64.59	69.93	67.57	82.89	72.49	72.18	76.52	83.75	37.45	61.82	40.2	71.91	31.3	63.47	28.98	76.75	24.44	56.74	22.07	60.86
193	6.433	75.28	53.05	74.94	51.19	75.09	49.92	61.68	46.65	69.24	51.24	59.8	58.3	63.4	66.06	64.66	69.83	67.53	82.89	72.4	72.29	76.53	83.99	37.49	61.68	40.2	71.8	31.35	63.2	29.01	76.5	24.7	56.47	22.28	60.6
194	6.467	75.27	52.96	74.92	51.09	75.09	49.83	61.71	46.54	69.26	51.17	59.86	58.16	63.41	66.14	64.76	69.54	67.55	82.99	72.41	72.14	76.37	83.89	37.66	61.54	40.35	71.74	31.69	62.96	29.34	76.37	25.04	56.27	22.7	60.4
195	6.5	75.27	53.02	74.94	51.19	75.13	49.89	61.68	46.63	69.3	51.16	59.75	58.19	63.41	66.02	64.59	69.6	67.52	82.84	72.39	71.92	76.3	83.68	37.61	61.53	40.37	71.65	31.63	62.91	29.33	76.2	24.91	56.31	22.67	60.31
196	6.533	75.32	53.03	74.98	51.18	75.15	49.91	61.72	46.63	69.28	51.24	59.86	58.2	63.4	66.2	64.77	69.41	67.51	82.93	72.46	71.93	76.29	83.65	37.74	61.48	40.44	71.7	31.78	62.78	29.41	76.2	25.06	56.13	22.75	60.2
197	6.567	75.29	53.13	74.97	51.28	75.13	50.0	61.72	46.69	69.26	51.3	59.87	58.17	63.37	66.24	64.76	69.49	67.57	83.12	72.37	71.88	76.2	83.62	37.55	61.3	40.21	71.57	31.53	62.59	29.09	76.1	24.71	56.02	22.4	60.07
198	6.6	75.26	53.15	74.95	51.31	75.11	50.02	61.73	46.69	69.29	51.3	59.86	58.17	63.39	66.17	64.53	69.51	67.44	83.01	72.35	71.97	76.09	83.78	37.58	61.35	40.25	71.61	31.5	62.63	29.01	76.14	24.63	56.13	22.29	60.28
199	6.633	75.2	53.13	74.87	51.26	75.07	50.0	61.62	46.61	69.23	51.29	59.77	58.18	63.36	66.43	64.47	69.49	67.55	83.33	72.24	72.03	76.05	83.74	37.39	61.24	40.08	71.65	31.33	62.37	28.64	76.11	24.34	55.63	21.67	59.82
200	6.667	75.22	53.14	74.92	51.27	75.11	49.98	61.67	46.58	69.31	51.21	59.75	58.03	63.37	66.25	64.55	69.55	67.46	83.4	72.31	72.11	76.09	84.1	37.26	61.06	39.96	71.48	31.23	62.53	28.71	76.2	24.43	55.69	21.93	59.78
201	6.7	75.24	53.13	74.92	51.28	75.11	49.98	61.62	46.59	69.27	51.24	59.71	58.01	63.36	66.24	64.39	69.5	67.35	83.37	72.28	72.18	76.06	83.98	37.36	61.33	40.1	71.75	31.23	62.78	28.67	76.49	24.09	56.07	21.44	60.18
202	6.733	75.2	53.26	74.9	51.42	75.1	50.11	61.61	46.66	69.29	51.31	59.76	58.03	63.39	66.31	64.41	69.27	67.25	83.25	72.22	72.06	75.95	83.75	37.23	61.38	39.97	71.85	30.88	62.87	28.25	76.67	23.5	56.37	20.76	60.42
203	6.767	75.28	53.16	74.95	51.29	75.17	50.02	61.57	46.5	69.36	51.3	59.79	57.96	63.49	66.46	64.58	69.14	67.46	83.44	72.15	72.14	75.9	83.84	36.85	61.25	39.63	71.88	30.36	62.47	27.61	76.51	22.98	56.06	20.01	60.18
204	6.8	74.99	51.41	75.05	50.08	74.82	48.57	62.67	45.93	69.06	50.35	59.94	56.29	63.67	65.47	64.37	65.74	67.92	82.69	72.28	71.49	76.03	85.5	37.66	60.84	40.29	72.37	31.52	61.63	28.38	76.77	24.56	57.23	20.53	60.62
205	6.833	74.7	51.48	74.74	50.18	74.6	48.64	62.46	46.04	69.06	50.27	59.78	56.29	63.66	65.21	63.85	65.77	67.6	82.4	71.6	71.17	75.41	85.21	37.76	61.04	40.49	72.36	31.53	61.9	28.57	76.76	24.37	57.77	20.63	61.02
206	6.867	74.76	51.51	74.79	50.18	74.64	48.67	62.49	46.03	69.11	50.39	59.85	56.38	63.75	65.4	63.87	65.71	67.61	82.36	71.67	71.38	75.73	85.18	37.68	61.31	40.42	72.71	31.18	62.11	28.34	77.13	24.08	58.1	20.41	61.54
207	6.9	74.79	51.45	74.82	50.12	74.66	48.63	62.45	46.02	69.08	50.45	59.9	56.33	63.72	65.47	64.07	65.45	67.64	82.29	71.7	71.41	75.94	85.17	37.6	61.09	40.3	72.56	30.99	61.83	28.1	76.95	23.77	57.77	20.0	61.21
208	6.933	74.84	51.34	74.88	50.04	74.72	48.52	62.7	45.88	69.13	50.2	60.03	56.09	63.59	65.11	64.18	65.5	67.48	82.31	71.62	70.89	75.42	85.21	37.95	60.59	40.46	71.98	31.92	61.45	28.77	76.38	25.21	57.19	21.24	60.56
209	6.967	75.2	52.89	74.85	51.02	75.1	49.75	61.46	46.24	69.33	51.02	59.8	57.7	63.39	66.13	64.58	68.86	67.59	83.03	71.99	71.45	75.87	83.49	36.86	60.77	39.56	71.34	30.53	61.92	27.78	75.89	23.14	55.51	20.46	59.73
210	7.0	75.13	53.18	74.8	51.34	75.08	50.03	61.42	46.51	69.38	51.16	59.7	57.79	63.37	66.04	64.47	68.97	67.52	82.89	72.1	71.52	75.79	83.47	36.82	60.9	39.59	71.36	30.47	61.91	27.75	75.71	23.2	55.68	20.62	59.75
211	7.033	75.24	53.7	74.95	51.86	75.14	50.55	61.63	46.84	69.31	51.42	59.75	57.89	63.51	65.91	64.6	69.16	67.77	82.78	72.37	71.73	76.25	83.7	37.2	60.91	40.02	71.24	30.82	62.15	28.33	75.77	23.51	55.87	21.09	59.86
212	7.067	75.75	53.19	75.45	51.28	75.44	50.13	61.88	46.33	69.18	51.37	59.82	57.77	63.59	65.85	64.61	69.38	67.78	82.62	72.35	71.82	76.4	83.64	37.02	60.88	39.86	71.27	30.35	62.15	28.04	75.93	23.4	55.47	20.84	60.08
213	7.1	75.81	53.4	75.55	51.5	75.5	50.36	62.07	46.51	69.22	51.57	59.87	57.72	63.55	65.91	64.53	69.29	67.57	82.61	72.3	71.77	76.24	83.51	37.28	60.95	40.05	71.37	30.78	62.13	28.55	75.93	24.14	55.58	21.8	60.27
214	7.133	75.88	53.79	75.62	51.91	75.58	50.78	62.07	46.81	69.27	51.89	59.75	57.77	63.51	65.83	64.34	69.41	67.66	82.36	72.03	71.89	76.36	83.77	36.93	60.56	39.74	70.93	30.5	61.55	28.15	75.26	24.26	55.04	21.68	59.77
215	7.167	76.04	54.01	75.81	52.16	75.73	50.99	62.22	47.0	69.34	52.05	59.88	57.89	63.56	65.92	64.36	69.26	67.53	82.21	72.01	71.71	76.24	83.57	37.06	60.33	39.81	70.7	30.51	61.0	28.07	74.73	24.03	54.51	21.42	59.2
216	7.2	76.22	54.08	76.03	52.24	75.88	51.06	62.54	47.05	69.43	52.07	60.15	57.92	63.74	65.89	64.58	69.22	67.55	82.12	72.14	71.76	76.28	83.61	37.38	60.34	40.08	70.68	30.65	61.05	28.3	74.73	24.17	54.48	21.6	59.11
217	7.233	76.11	52.43	76.24	51.13	75.76	49.69	63.97	46.46	69.47	50.97	60.58	56.36	63.84	64.99	64.69	66.36	67.68	82.28	72.86	71.33	76.1	86.17	38.89	60.14	41.24	71.4	33.38	60.78	30.06	75.55	28.36	57.04	24.02	60.95
218	7.267	76.18	54.2	75.98	52.32	75.78	51.21	62.5	47.07	69.3	52.25	60.19	57.93	63.66	65.89	64.47	69.07	67.23	81.82	72.14	71.83	76.1	83.73	37.33	60.48	39.97	70.82	30.29	61.1	27.83	74.88	23.64	54.52	20.91	59.47
219	7.3	76.19	54.19	75.99	52.29	75.76	51.18	62.46	47.02	69.21	52.2	60.17	57.97	63.69	65.78	64.47	69.26	67.28	81.76	72.48	71.92	76.24	83.82	37.41	60.6	40.1	70.88	30.25	61.33	27.8	75.04	23.29	54.39	20.51	59.41
220	7.333	76.33	54.01	76.11	52.03	75.85	50.99	62.59	46.59	69.27	51.98	60.42	57.66	63.85	65.8	64.81	68.65	67.39	81.73	72.32	71.64	76.28	84.01	37.44	60.08	40.07	70.57	30.14	60.94	27.58	74.95	23.04	53.78	20.01	58.96
221	7.367	76.32	53.71	76.06	51.71	75.88	50.67	62.38	46.18	69.27	51.73	60.3	57.35	63.71	65.96	64.52	67.92	67.09	81.65	71.94	71.34	75.78	84.01	37.27	59.5	39.94	70.22	30.24	60.23	27.56	74.59	22.74	52.97	19.81	58.34
222	7.4	76.26	53.0	75.98	51.02	75.72	50.01	62.42	45.86	69.02	51.4	60.4	57.42	63.59	65.7	64.64	68.33	67.2	81.5	72.05	71.45	76.07	83.79	37.23	59.56	39.71	70.13	29.99	60.45	27.1	74.65	22.58	53.0	19.18	58.47
223	7.433	76.03	50.84	75.91	49.33	75.43	48.12	62.58	44.87	68.59	50.19	59.77	56.11	63.57	65.31	64.4	65.57	68.11	81.76	72.38	70.45	76.22	85.77	37.47	60.23	40.23	71.82	31.24	60.59	27.91	75.91	24.22	55.14	19.77	59.79
224	7.467	76.0	50.53	75.88	49.03	75.41	47.82	62.33	44.59	68.55	50.04	59.52	55.86	63.48	65.3	64.0	65.12	67.69	81.48	72.03	70.25	75.66	85.25	37.04	60.18	39.96	71.86	30.81	60.7	27.63	76.18	23.42	55.19	19.16	59.97
225	7.5	75.9	50.71	75.83	49.18	75.3	47.98	62.39	44.58	68.42	50.0	59.47	55.72	63.32	64.99	63.64	65.2	67.14	81.2	71.64	69.98	74.79	84.97	37.06	60.09	39.94	71.65	30.68	60.55	27.51	75.88	23.48	55.06	19.28	59.91
226	7.533	75.51	50.42	75.44	48.86	74.86	47.71	62.06	44.33	67.86	49.83	59.21	55.51	62.7	65.0	63.43	64.67	66.31	80.91	71.11	69.18	73.52	83.75	37.02	59.89	39.7	71.41	30.89	60.32	27.75	75.64	23.49	54.69	19.59	59.62
227	7.567	75.82	51.83	75.59	49.56	75.11	48.76	62.23	44.11	68.05	50.24	59.86	56.66	62.76	65.61	63.58	68.47	65.46	81.97	71.53	71.09	73.58	82.54	36.77	59.07	39.21	69.95	29.82	60.62	27.09	75.42	22.23	52.19	19.12	58.65
228	7.6	75.63	51.33	75.36	48.95	74.8	48.31	62.01	43.47	67.58	49.93	59.51	56.47	62.58	65.61	63.47	68.35	65.27	81.87	71.32	70.62	72.98	81.79	36.48	59.06	39.1	69.97	29.37	60.68	26.99	75.55	22.07	52.05	19.22	58.75
229	7.633	75.32	51.4	75.05	48.98	74.46	48.41	61.89	43.44	67.18	49.97	59.35	56.47	62.34	65.72	63.36	68.16	64.99	81.83	71.17	70.4	72.48	81.63	36.74	58.97	39.33	69.85	29.73	60.58	27.42	75.42	22.35	51.69	19.67	58.41
230	7.667	75.36	51.22	75.01	48.72	74.45	48.24	61.83	43.2	67.12	49.9	59.28	56.57	62.34	66.02	63.05	68.35	65.15	82.15	71.14	70.37	72.46	81.44	37.15	59.22	39.78	70.18	30.59	60.54	28.23	75.58	23.2	51.22	20.59	58.35
231	7.7	75.29	51.04	74.99	48.52	74.39	47.99	61.95	43.1	67.11	49.65	59.35	56.66	62.41	65.86	63.17	68.69	65.04	82.17	71.2	70.35	72.52	81.66	37.21	59.38	39.81	70.21	30.49	61.05	28.39	75.82	23.56	51.49	21.14	58.46
232	7.733	75.4	51.07	75.13	48.55	74.42	48.06	62.16	43.13	67.04	49.78	59.5	56.62	62.46	65.89	63.19	68.62	65.04	82.2	71.26	70.49	72.62	81.81	37.47	59.54	40.02	70.42	30.54	61.03	28.43	75.89	23.38	51.54	20.92	58.6
233	7.767	75.56	51.33	75.36	48.77	74.54	48.29	62.48	43.23	67.11	49.91	59.79	56.78	62.64	65.98	63.53	68.83	65.07	82.26	71.54	70.67	72.89	81.84	37.6	59.69	40.06	70.57	30.44	61.51	28.53	76.37	23.28	51.8	21.04	58.9
234	7.8	75.46	51.64	75.21	49.06	74.41	48.65	62.24	43.51	66.93	50.28	59.54	56.98	62.49	66.18	63.46	68.93	64.81	82.24	71.61	70.69	72.64	81.38	37.61	60.18	40.19	70.98	30.52	61.86	28.73	76.65	23.27	52.31	21.07	59.44
235	7.833	75.5	51.83	75.27	49.24	74.47	48.82	62.32	43.47	66.96	50.28	59.48	56.93	62.6	66.19	63.21	68.83	65.01	82.25	71.3	70.91	72.72	81.8	37.26	59.81	39.92	70.74	29.93	61.43	27.94	76.42	22.52	51.78	19.86	58.93
236	7.867	75.06	50.77	75.16	48.89	74.05	48.01	62.22	44.16	66.55	50.14	59.1	56.37	62.27	65.61	63.11	66.06	66.12	81.15	70.89	69.07	73.33	82.58	36.79	60.09	39.28	71.45	29.95	60.4	27.51	75.69	22.9	53.69	19.86	59.53
237	7.9	74.99	51.19	75.08	49.18	73.93	48.37	62.0	44.01	66.27	50.2	58.82	56.37	62.23	65.73	62.81	66.44	66.17	81.51	70.62	68.99	73.51	82.32	36.46	60.07	39.13	71.54	29.39	60.51	27.28	75.96	21.79	53.24	19.14	59.3
238	7.933	75.08	51.36	75.24	49.37	74.04	48.57	62.16	44.03	66.31	50.36	58.97	55.95	62.1	65.63	63.0	65.58	65.98	81.06	70.35	68.81	73.45	82.1	36.04	58.78	38.53	70.46	28.74	58.92	26.53	74.65	21.13	51.87	18.57	57.94
239	7.967	74.92	51.3	75.06	49.24	73.81	48.5	62.07	43.9	66.03	50.26	58.89	55.91	62.04	65.73	63.15	65.46	65.87	81.31	70.35	68.97	73.24	82.18	36.46	59.37	38.97	71.04	29.19	59.93	27.19	75.65	21.54	52.72	19.02	58.73
240	8.0	75.03	51.23	75.18	49.23	73.93	48.41	62.09	44.05	66.14	50.29	58.79	56.11	62.04	65.65	62.75	65.95	65.82	81.26	70.22	69.39	73.52	82.63	36.27	59.52	38.81	71.09	28.86	59.89	26.88	75.44	21.36	52.62	18.87	58.64
241	8.033	74.91	51.07	75.06	49.07	73.81	48.26	62.09	43.99	66.11	50.18	58.73	56.21	62.06	65.7	62.43	66.25	65.7	81.48	70.19	69.36	73.29	82.86	36.47	59.74	39.04	71.26	29.33	60.58	27.48	76.08	22.01	53.12	19.65	59.32
242	8.067	74.97	51.22	75.09	49.19	73.85	48.4	62.02	44.05	66.07	50.37	58.66	56.32	62.0	65.96	62.26	66.42	65.49	81.72	70.26	69.95	73.55	83.24	36.63	60.01	39.24	71.61	29.61	60.77	27.8	76.39	22.08	52.93	19.75	59.35
243	8.1	75.15	51.49	75.3	49.44	74.0	48.67	62.23	44.24	66.13	50.66	58.81	56.45	61.99	66.2	62.52	66.41	65.62	81.78	70.26	70.04	73.8	83.22	36.41	59.68	38.91	71.38	29.34	60.31	27.5	76.05	22.07	52.54	19.77	59.0
244	8.133	75.08	51.61	75.26	49.54	73.93	48.78	62.33	44.27	66.05	50.64	58.87	56.26	61.84	66.04	62.64	66.23	65.58	81.77	70.16	70.1	73.81	83.69	36.44	59.49	38.77	71.19	29.43	60.33	27.42	76.06	22.3	52.72	19.83	59.07
245	8.167	75.12	51.67	75.32	49.62	73.95	48.87	62.4	44.32	66.0	50.72	58.98	56.17	61.86	65.96	62.83	66.11	65.66	81.7	70.3	70.11	73.89	83.63	36.54	59.56	38.83	71.29	29.32	60.29	27.23	76.04	21.92	52.76	19.37	59.05
246	8.2	74.99	51.54	75.19	49.48	73.77	48.81	62.35	44.25	65.78	50.68	58.88	55.98	61.74	65.73	62.89	65.88	65.6	81.47	70.21	69.59	73.3	83.56	36.69	59.54	38.97	71.14	29.55	60.44	27.5	76.02	22.34	53.21	19.83	59.48
247	8.233	75.07	51.52	75.36	49.46	73.77	48.75	62.77	44.25	65.66	50.55	59.2	56.22	61.75	65.74	63.26	66.17	65.69	81.52	70.35	69.71	73.45	83.35	36.84	59.67	38.88	71.19	29.43	60.79	27.36	76.27	22.25	53.44	19.67	59.5
248	8.267	75.09	51.51	75.4	49.45	73.77	48.74	62.81	44.36	65.65	50.64	59.2	56.31	61.82	65.9	63.25	66.16	65.83	81.61	70.43	69.94	73.49	83.39	37.03	60.08	39.12	71.6	29.61	60.98	27.58	76.49	22.34	53.93	19.88	59.96
249	8.3	75.15	51.41	75.46	49.35	73.82	48.66	62.89	44.26	65.69	50.59	59.17	56.21	61.94	65.86	63.24	65.97	65.86	81.5	70.55	69.78	73.59	83.28	37.13	60.09	39.32	71.63	29.79	61.3	27.94	76.82	22.73	54.15	20.3	60.24
250	8.333	75.28	51.4	75.57	49.34	73.91	48.67	62.98	44.25	65.71	50.63	59.28	56.28	62.06	65.96	63.1	65.89	65.77	81.44	70.43	69.77	73.3	83.26	37.59	60.33	39.81	71.87	30.23	61.4	28.33	76.96	22.88	54.18	20.4	60.37
251	8.367	75.3	51.42	75.61	49.31	73.92	48.7	63.13	44.06	65.68	50.54	59.31	56.01	62.06	65.9	63.24	65.53	65.59	81.43	70.66	69.51	73.01	83.2	37.68	60.2	39.89	71.84	30.43	61.5	28.64	77.2	23.42	54.26	20.96	60.56
252	8.4	75.37	51.4	75.69	49.29	73.96	48.68	63.25	44.07	65.67	50.54	59.41	56.08	62.06	65.82	63.35	65.72	65.67	81.35	70.71	69.59	73.25	83.24	37.7	60.21	39.82	71.79	30.36	61.56	28.49	77.17	23.49	54.26	20.9	60.56
253	8.433	75.44	51.4	75.77	49.3	74.04	48.68	63.25	44.06	65.74	50.57	59.38	56.09	62.08	65.88	63.16	65.66	65.58	81.27	70.54	69.67	73.39	83.22	37.55	60.27	39.72	71.91	30.06	61.51	28.29	77.2	23.05	54.16	20.65	60.52
254	8.467	75.49	51.57	75.82	49.45	74.07	48.84	63.28	44.11	65.72	50.66	59.39	56.1	62.13	65.93	63.16	65.71	65.7	81.37	70.57	69.67	73.43	83.2	37.64	60.42	39.84	72.08	30.17	61.66	28.38	77.39	22.97	54.26	20.55	60.64
255	8.5	75.59	51.55	75.87	49.41	74.17	48.85	63.18	43.99	65.8	50.64	59.27	55.95	62.25	65.83	63.05	65.59	65.63	81.23	70.56	69.61	73.12	83.29	37.66	60.47	40.07	72.12	30.26	61.87	28.63	77.59	23.0	54.4	20.65	60.88
256	8.533	75.57	51.54	75.86	49.37	74.12	48.85	63.23	43.91	65.7	50.65	59.33	55.78	62.24	65.84	63.29	65.36	65.8	81.33	70.67	69.58	73.25	83.26	37.73	60.44	40.09	72.19	30.27	61.79	28.54	77.65	22.97	54.47	20.47	60.91
257	8.567	75.53	51.56	75.86	49.39	74.06	48.84	63.31	43.97	65.64	50.61	59.35	55.94	62.25	65.75	63.33	65.71	65.91	81.28	70.78	69.59	73.49	82.95	37.7	60.52	40.04	72.15	30.09	61.78	28.42	77.47	22.94	54.45	20.48	60.8
258	8.6	75.63	51.52	76.0	49.34	74.1	48.78	63.55	43.98	65.58	50.58	59.54	56.11	62.29	65.84	63.57	65.97	66.18	81.45	71.11	69.65	73.77	82.84	37.87	60.73	40.09	72.37	30.22	61.93	28.43	77.63	23.05	54.52	20.5	60.84
259	8.633	75.5	51.43	75.92	49.23	73.96	48.68	63.67	43.9	65.46	50.48	59.58	56.08	62.33	65.8	63.59	65.87	66.16	81.4	70.96	69.56	73.65	82.79	37.94	60.82	40.14	72.42	30.12	62.2	28.44	77.87	23.14	54.82	20.56	61.08
260	8.667	75.47	51.47	75.83	49.21	73.88	48.75	63.45	43.86	65.28	50.6	59.33	56.14	62.29	65.96	63.61	66.1	66.14	81.67	71.15	69.55	73.57	82.8	37.94	61.32	40.31	72.94	30.29	62.73	28.84	78.39	23.45	55.33	20.97	61.73
261	8.7	75.61	52.4	75.78	49.46	73.9	49.54	63.74	43.2	65.31	51.05	59.72	56.72	62.22	66.77	63.65	69.0	65.15	82.81	71.2	71.5	72.96	81.27	37.68	60.93	39.97	72.23	29.51	63.19	28.09	78.77	21.64	53.5	19.77	61.21
262	8.733	75.3	51.43	75.76	49.13	73.6	48.71	63.76	43.89	64.96	50.6	59.72	56.18	62.19	66.06	64.25	65.82	66.35	81.7	71.38	69.45	73.87	82.54	38.29	61.25	40.3	72.9	30.34	62.74	28.74	78.46	23.3	55.29	20.74	61.55
263	8.767	75.11	51.41	75.64	49.07	73.38	48.66	63.95	43.86	64.79	50.5	59.93	56.21	62.13	65.96	64.49	65.83	66.2	81.66	71.41	69.79	73.84	83.17	38.36	61.21	40.16	72.81	30.03	62.93	28.43	78.58	23.26	55.58	20.6	61.79
264	8.8	75.16	51.43	75.73	48.98	73.37	48.63	64.14	43.69	64.71	50.47	60.21	56.34	62.2	66.38	65.03	66.01	66.68	82.28	71.95	70.28	74.46	83.44	38.39	61.37	40.02	73.2	30.04	62.83	28.22	78.85	23.14	55.23	20.36	61.58
265	8.833	75.13	51.39	75.75	48.9	73.33	48.52	64.4	43.65	64.73	50.35	60.5	56.51	62.25	66.49	65.11	66.15	66.79	82.37	71.89	70.4	74.72	83.32	38.59	61.19	40.02	73.04	30.2	62.65	28.26	78.72	23.38	54.68	20.54	61.08
266	8.867	75.1	51.59	75.7	49.08	73.3	48.75	64.32	43.72	64.76	50.54	60.46	56.68	62.29	66.43	64.94	66.56	66.7	82.2	71.44	70.49	74.54	83.42	38.13	61.0	39.64	72.75	29.31	62.27	27.48	78.21	22.66	54.22	19.94	60.74
267	8.9	74.92	51.47	75.59	48.92	73.07	48.6	64.52	43.63	64.53	50.34	60.71	56.49	62.14	66.39	65.38	66.06	66.62	82.22	71.59	70.45	74.42	83.33	38.61	60.86	39.83	72.64	29.89	62.37	27.91	78.38	23.12	54.46	20.29	60.82
268	8.933	74.88	51.46	75.55	48.89	73.03	48.58	64.56	43.57	64.53	50.31	60.87	56.52	62.09	66.44	65.5	66.12	66.59	82.32	71.84	70.79	74.58	83.83	38.63	60.75	39.7	72.57	29.99	62.33	27.88	78.45	23.1	54.36	20.25	60.9
269	8.967	74.87	51.47	75.54	48.87	73.01	48.59	64.5	43.53	64.5	50.34	60.78	56.52	62.1	66.46	65.51	66.24	66.68	82.39	71.87	70.78	74.55	83.72	38.42	60.69	39.57	72.53	29.76	62.32	27.69	78.45	23.03	54.3	20.19	60.86
270	9.0	74.81	51.28	75.54	48.7	72.96	48.39	64.76	43.53	64.55	50.21	60.98	56.59	62.22	66.46	65.39	66.25	66.57	82.36	71.83	70.58	74.06	83.44	38.86	60.99	39.96	72.74	30.38	62.93	28.3	78.98	23.87	54.91	20.99	61.49
271	9.033	74.79	51.33	75.51	48.75	72.89	48.45	64.82	43.55	64.43	50.19	61.03	56.54	62.22	66.24	65.26	66.32	66.42	82.18	71.75	70.55	73.89	83.53	39.32	61.06	40.38	72.69	30.83	63.12	28.7	79.03	24.07	55.03	21.09	61.67
272	9.067	74.76	51.45	75.53	48.77	72.79	48.57	64.97	43.4	64.24	50.21	61.19	56.42	62.18	66.18	65.55	66.31	66.56	82.25	71.61	70.48	73.86	83.7	39.22	60.94	40.16	72.62	30.37	62.85	28.18	78.84	23.59	54.66	20.61	61.34
273	9.1	74.54	51.2	75.34	48.52	72.51	48.34	65.02	43.42	64.02	50.18	61.29	56.63	62.13	66.19	65.55	66.45	66.59	82.13	71.37	70.41	73.82	83.93	39.32	60.87	40.12	72.41	30.22	62.73	28.05	78.55	23.51	54.47	20.57	61.16
274	9.133	74.21	51.19	75.16	48.45	72.13	48.28	65.32	43.51	63.69	50.15	61.63	56.81	62.0	66.66	66.14	66.25	66.86	82.67	71.83	70.56	73.96	83.78	39.72	60.87	40.16	72.56	30.77	62.79	28.39	78.85	24.12	54.57	21.16	61.14
275	9.167	74.94	52.19	75.5	48.58	72.65	49.19	65.1	42.04	63.48	50.96	60.71	57.08	61.69	68.42	65.79	69.13	66.51	85.07	72.23	72.43	73.43	82.72	37.82	59.84	39.09	72.04	28.74	62.95	26.3	79.86	21.25	52.36	18.82	60.74
276	9.2	74.05	51.09	75.08	48.2	71.89	48.16	65.57	43.11	63.48	49.97	61.97	56.49	62.01	66.83	66.63	65.58	66.75	82.87	72.29	70.33	73.71	83.69	40.05	60.73	40.32	72.68	30.97	62.83	28.72	79.34	23.91	54.32	21.3	61.18
277	9.233	73.98	51.0	75.05	48.08	71.8	48.05	65.7	43.05	63.38	49.9	62.14	56.47	61.92	66.89	66.8	65.51	66.74	83.01	72.58	70.33	73.71	83.93	40.23	60.59	40.3	72.61	31.28	62.71	28.75	79.32	24.27	54.11	21.42	61.07
278	9.267	73.85	51.0	75.04	48.0	71.6	48.0	66.21	42.93	63.3	49.72	62.73	56.38	62.07	66.73	67.25	65.37	66.67	82.9	72.54	70.37	73.43	83.87	40.82	60.64	40.59	72.59	31.5	62.73	28.91	79.32	24.45	53.94	21.58	60.87
279	9.3	73.87	50.88	75.12	47.84	71.58	47.88	66.48	42.87	63.25	49.69	63.21	56.35	61.92	66.98	68.31	65.06	67.01	83.21	73.17	70.37	73.7	83.97	40.88	60.32	40.25	72.43	31.75	62.37	28.8	79.18	24.7	54.03	21.79	60.86
280	9.333	73.86	50.95	75.16	47.86	71.54	47.91	66.68	42.77	63.18	49.55	63.43	56.22	61.86	66.99	68.73	64.84	66.99	83.44	73.76	70.24	73.74	83.95	41.29	60.03	40.49	72.22	32.49	62.37	29.41	79.29	25.26	53.88	22.31	60.72
281	9.367	73.75	50.9	75.12	47.77	71.43	47.83	66.86	42.79	63.09	49.53	63.63	56.4	61.74	67.23	68.98	64.86	66.9	83.57	74.05	70.15	73.68	83.83	41.43	60.07	40.42	72.29	32.73	62.39	29.62	79.38	25.9	54.1	23.08	61.02
282	9.4	73.83	51.01	75.23	47.92	71.52	47.94	67.03	42.97	63.25	49.64	63.72	56.6	61.86	67.11	68.69	65.3	66.99	83.39	73.54	70.29	73.77	84.06	41.2	60.13	40.16	72.22	32.26	62.44	29.11	79.24	25.61	53.95	22.69	60.87
283	9.433	73.81	51.06	75.17	47.93	71.47	48.0	66.9	42.94	63.15	49.72	63.61	56.67	61.88	67.02	68.52	65.4	67.0	83.02	73.64	70.17	73.82	83.64	41.13	60.41	40.19	72.43	31.87	62.43	28.83	79.19	25.05	54.05	22.31	61.16
284	9.467	73.7	51.09	75.1	47.95	71.33	47.99	67.02	43.01	62.99	49.61	63.79	56.69	61.75	67.01	68.79	65.22	67.0	83.09	74.21	70.16	73.93	83.94	41.81	60.61	40.66	72.59	32.84	62.57	29.6	79.29	25.69	54.34	22.9	61.35
285	9.5	73.67	51.23	75.05	48.12	71.31	48.13	66.88	43.15	62.96	49.66	63.52	56.82	61.74	66.82	68.59	65.67	66.87	83.0	74.34	70.47	74.07	84.32	41.59	60.75	40.62	72.55	32.55	63.03	29.54	79.45	25.64	54.76	22.85	61.68
286	9.533	73.74	51.18	75.15	48.16	71.42	48.13	67.04	43.33	63.16	49.76	63.69	56.76	61.81	66.67	68.68	65.48	66.68	82.76	74.23	70.62	73.84	84.67	41.7	60.48	40.66	72.22	32.51	62.82	29.44	79.13	26.03	54.92	23.08	61.74
287	9.567	73.75	51.14	75.21	48.11	71.43	48.06	67.19	43.27	63.18	49.65	63.82	56.73	61.84	66.65	68.81	65.37	66.57	82.72	74.49	70.59	73.71	84.42	41.67	60.66	40.58	72.43	32.32	62.96	29.26	79.33	25.8	55.19	22.9	61.96
288	9.6	73.83	51.14	75.34	48.13	71.51	48.03	67.42	43.31	63.29	49.59	64.09	56.65	61.89	66.59	68.92	65.23	66.44	82.72	74.56	70.83	73.71	84.7	41.92	60.81	40.68	72.6	32.45	63.12	29.31	79.56	25.7	55.45	22.81	62.19
289	9.633	73.94	51.07	75.4	48.14	71.64	47.97	67.32	43.46	63.34	49.56	63.94	56.93	61.79	66.43	68.64	65.73	66.39	82.5	74.42	70.65	73.4	84.65	42.11	61.24	40.9	72.77	32.81	63.15	29.51	79.18	26.29	55.79	23.3	62.36
290	9.667	73.9	51.01	75.32	48.12	71.6	47.91	67.14	43.5	63.25	49.51	63.75	56.99	61.67	66.38	68.53	65.68	66.33	82.35	74.33	70.38	73.2	84.41	42.18	61.39	41.03	72.81	33.06	63.3	29.8	79.13	26.44	56.01	23.54	62.39
291	9.7	74.38	51.96	75.45	48.24	71.87	48.64	66.65	41.96	63.0	49.79	62.79	56.76	61.83	67.2	67.48	67.79	65.36	83.48	73.27	71.51	72.68	82.48	40.95	60.31	40.89	71.82	31.27	63.88	29.04	79.85	22.95	52.86	21.48	60.45
292	9.733	73.78	50.73	75.32	47.73	71.41	47.53	67.49	43.12	63.08	49.06	64.28	56.83	61.65	66.25	69.35	65.6	66.6	82.54	74.97	70.29	73.58	84.34	42.63	61.29	41.13	72.76	33.41	63.28	29.94	79.19	26.8	55.92	23.88	62.24
293	9.767	74.2	51.51	75.3	47.71	71.61	48.19	66.75	41.55	62.77	49.49	63.09	56.48	61.82	67.19	68.14	67.04	65.7	83.29	73.5	71.26	72.81	82.3	41.19	59.95	40.93	71.57	31.34	63.57	28.94	79.71	23.22	52.43	21.71	60.02
294	9.8	74.13	51.38	75.24	47.56	71.53	48.06	66.7	41.38	62.65	49.34	63.0	56.23	61.7	67.05	68.12	66.96	65.7	83.37	73.42	71.48	72.91	82.45	41.19	59.71	40.89	71.38	31.37	63.34	28.91	79.53	23.26	52.23	21.69	59.76
295	9.833	74.13	51.33	75.19	47.47	71.53	48.01	66.55	41.17	62.62	49.25	62.88	56.08	61.69	67.12	68.21	66.84	65.85	83.6	73.48	71.32	73.07	82.4	41.12	59.49	40.9	71.27	31.53	63.3	29.15	79.63	23.25	51.97	21.76	59.57
296	9.867	74.17	51.26	75.19	47.42	71.57	47.97	66.51	41.15	62.67	49.22	62.85	56.11	61.73	66.87	67.98	67.0	65.95	83.2	73.63	71.27	73.36	82.48	41.2	59.67	41.03	71.33	31.6	63.27	29.18	79.45	23.33	52.0	21.84	59.78
297	9.9	74.17	51.18	75.18	47.38	71.6	47.9	66.44	41.23	62.73	49.29	62.78	56.14	61.74	67.09	67.99	66.97	65.85	83.53	73.62	71.47	73.43	82.67	41.11	59.6	40.96	71.36	31.64	62.94	29.26	79.22	23.52	51.56	21.92	59.27
298	9.933	73.66	50.14	75.13	47.11	71.3	47.04	67.3	42.63	63.14	48.87	64.24	56.53	61.75	66.31	69.45	65.39	66.96	82.84	75.26	70.15	74.35	84.78	42.45	60.77	41.0	72.47	33.41	62.36	29.88	78.61	27.23	54.36	24.05	61.13
299	9.967	73.72	50.2	75.16	47.18	71.37	47.08	67.26	42.64	63.16	48.83	64.11	56.59	61.75	66.15	69.22	65.73	66.88	82.75	75.19	70.36	74.45	84.92	42.41	60.87	41.05	72.47	33.41	62.63	29.95	78.72	27.3	54.58	24.07	61.34
300	10.0	73.88	50.44	75.35	47.38	71.53	47.29	67.4	42.65	63.26	48.94	64.14	56.5	61.85	66.38	69.31	65.45	66.92	82.99	75.34	70.32	74.59	84.86	42.25	60.8	40.93	72.63	33.21	62.63	29.79	79.03	27.0	54.24	23.7	61.06
301	10.033	73.83	50.73	75.24	47.65	71.49	47.48	66.85	42.82	62.79	49.06	63.25	56.82	60.96	66.72	68.29	65.59	66.0	83.02	74.62	70.53	73.83	85.59	41.69	59.56	40.39	71.33	33.31	62.04	29.8	78.28	27.18	54.03	24.12	60.85
302	10.067	74.39	51.76	75.37	48.02	71.86	48.49	66.37	41.67	62.89	49.74	62.35	56.55	61.7	67.19	66.9	67.59	65.03	83.32	72.57	72.09	72.67	83.44	40.51	59.54	40.62	71.14	30.96	63.29	28.84	79.35	22.92	51.51	21.33	59.36
303	10.1	73.94	50.79	75.39	47.73	71.53	47.6	67.22	42.96	62.92	49.21	63.87	56.82	61.35	66.53	68.88	65.55	66.22	82.69	74.46	70.62	73.59	85.11	42.18	60.6	40.74	72.25	33.04	62.71	29.49	78.84	26.52	54.64	23.41	61.28
304	10.133	73.97	50.81	75.48	47.7	71.53	47.59	67.48	42.92	62.96	49.18	64.18	56.79	61.44	66.66	69.46	65.55	66.44	83.06	74.97	70.89	73.96	85.36	42.3	60.65	40.73	72.43	33.11	62.67	29.47	78.96	26.72	54.47	23.52	61.07
305	10.167	73.83	50.94	75.35	47.92	71.44	47.75	67.26	43.24	62.89	49.39	63.71	56.89	61.38	66.86	68.75	65.22	66.3	82.96	74.35	70.34	73.58	84.98	42.06	60.53	40.73	72.29	33.11	62.81	29.66	79.05	26.59	54.57	23.47	61.01
306	10.2	73.93	51.12	75.45	48.04	71.51	47.9	67.41	43.23	62.94	49.47	64.0	56.88	61.55	66.9	68.96	65.32	66.62	83.05	74.39	70.89	74.15	85.36	42.23	60.52	40.78	72.38	33.12	62.78	29.52	79.19	26.16	54.17	22.88	60.73
307	10.233	73.89	51.18	75.46	48.13	71.45	47.97	67.55	43.39	62.89	49.56	64.17	56.84	61.49	66.96	69.19	64.9	66.71	82.98	74.27	70.85	74.25	85.56	42.34	60.08	40.71	71.98	33.26	62.35	29.45	78.8	26.08	53.77	22.69	60.19
308	10.267	73.82	51.38	75.37	48.33	71.39	48.18	67.36	43.52	62.85	49.74	63.89	56.89	61.58	66.91	68.62	65.05	66.61	82.86	73.99	71.0	74.28	85.76	42.17	60.46	40.77	72.34	32.8	62.37	29.19	78.8	25.36	53.64	22.03	60.17
309	10.3	74.08	52.3	75.32	48.46	71.48	48.86	66.95	42.16	62.61	49.96	62.89	56.89	61.78	67.73	66.87	67.34	65.32	83.82	72.45	72.43	72.93	84.03	41.44	59.89	41.21	71.64	31.69	63.3	28.94	79.6	22.94	51.43	20.89	59.09
310	10.333	73.88	51.59	75.5	48.54	71.44	48.33	67.58	43.72	62.96	49.81	64.02	57.1	61.73	67.0	68.41	65.48	66.71	83.11	73.75	71.58	74.89	85.91	42.18	60.94	40.75	72.82	32.48	63.11	29.11	79.57	24.84	54.2	21.79	60.7
311	10.367	73.92	51.65	75.55	48.56	71.49	48.36	67.67	43.68	63.03	49.82	64.16	57.14	61.72	67.17	68.56	65.58	66.7	83.37	73.78	71.86	75.0	86.02	42.07	60.84	40.54	72.83	32.31	62.92	28.87	79.54	24.95	54.07	21.9	60.65
312	10.4	73.9	51.71	75.55	48.62	71.5	48.4	67.79	43.7	63.13	49.78	64.31	57.19	61.8	67.08	68.61	65.51	66.59	83.11	73.84	71.85	74.96	86.09	42.09	60.81	40.51	72.74	32.25	62.94	28.78	79.49	24.99	54.13	21.86	60.74
313	10.433	73.93	51.93	75.67	48.83	71.48	48.55	67.99	43.94	62.97	49.88	64.5	57.44	61.64	67.19	68.82	65.9	66.65	83.39	74.11	71.82	74.8	86.16	42.35	61.13	40.56	73.0	32.63	63.27	28.9	79.72	25.17	54.62	22.03	61.08
314	10.467	74.02	52.05	75.8	48.93	71.55	48.62	68.16	44.04	62.95	49.88	64.71	57.49	61.46	67.32	69.37	65.86	66.78	83.59	74.47	71.77	74.85	86.05	42.39	60.76	40.35	72.66	33.0	63.23	29.05	79.71	25.55	54.79	22.46	61.07
315	10.5	73.94	52.04	75.77	48.95	71.48	48.61	68.37	44.16	62.99	49.82	64.97	57.57	61.58	67.11	69.46	65.99	66.7	83.4	74.44	71.88	74.71	86.29	42.93	60.91	40.82	72.61	33.48	63.49	29.55	79.68	26.25	55.25	23.12	61.41
316	10.533	74.04	52.2	75.85	49.06	71.61	48.76	68.36	44.04	63.11	49.86	64.88	57.34	61.56	67.18	69.66	65.72	66.59	83.54	74.98	72.06	74.78	86.64	42.54	60.69	40.51	72.6	33.23	63.03	29.33	79.48	26.38	54.6	23.18	60.92
317	10.567	74.13	52.19	75.92	49.02	71.71	48.73	68.33	43.9	63.12	49.76	64.83	57.17	61.42	67.19	69.98	65.63	66.62	83.8	75.19	71.99	74.81	86.71	42.42	60.11	40.32	72.12	33.46	62.65	29.39	79.16	26.89	54.09	23.48	60.32
318	10.6	74.16	52.34	75.92	49.24	71.75	48.91	68.14	44.14	63.11	49.95	64.57	57.28	61.41	67.16	69.56	65.77	66.67	83.66	75.0	71.86	74.87	86.53	42.29	60.41	40.35	72.34	33.19	62.82	29.19	79.25	26.33	54.55	23.03	60.73
319	10.633	74.03	52.28	75.83	49.18	71.64	48.85	68.18	44.14	63.1	49.91	64.56	57.27	61.45	67.05	69.35	65.72	66.51	83.44	74.67	71.93	74.84	86.59	42.23	60.56	40.31	72.44	32.81	62.92	28.97	79.28	26.11	54.75	22.89	60.92
320	10.667	74.05	52.31	75.81	49.25	71.67	48.9	68.03	44.2	63.08	49.98	64.46	57.32	61.35	67.08	69.47	65.72	66.64	83.42	74.81	71.94	75.01	86.74	42.02	60.36	40.09	72.24	32.68	62.59	28.67	78.91	25.97	54.46	22.59	60.54
321	10.7	74.05	52.42	75.84	49.3	71.6	48.98	68.2	44.25	63.06	50.04	64.77	57.55	61.6	67.1	69.57	66.01	66.94	83.31	74.94	72.01	75.13	86.5	42.34	60.92	40.38	72.72	32.7	63.05	28.73	79.36	25.46	54.74	22.27	60.96
322	10.733	74.15	52.46	75.94	49.28	71.69	49.0	68.28	44.19	63.07	50.08	64.88	57.57	61.59	67.46	69.78	65.9	66.94	83.72	75.35	72.21	75.27	86.51	42.52	60.99	40.48	73.0	33.04	63.1	29.02	79.74	25.61	54.62	22.43	61.02
323	10.767	74.11	52.5	75.9	49.31	71.66	49.02	68.22	44.18	63.01	50.06	64.78	57.59	61.48	67.5	69.62	65.96	66.85	83.8	75.16	72.19	75.12	86.48	42.39	60.81	40.35	72.82	33.05	62.98	28.97	79.63	25.65	54.39	22.43	60.78
324	10.8	74.07	52.52	75.81	49.39	71.66	49.07	67.97	44.21	62.99	50.08	64.36	57.53	61.46	67.26	69.06	65.86	66.66	83.28	74.51	71.77	74.81	85.89	42.08	60.7	40.3	72.57	32.63	62.95	28.8	79.36	25.39	54.47	22.28	60.73
325	10.833	74.17	52.49	75.94	49.39	71.75	49.03	68.18	44.28	63.11	50.03	64.59	57.65	61.56	67.08	69.31	66.15	66.88	83.12	74.65	71.95	75.09	86.1	42.09	60.64	40.22	72.38	32.59	63.06	28.64	79.26	25.67	54.71	22.37	60.87
326	10.867	74.19	52.57	75.98	49.43	71.79	49.08	68.33	44.17	63.18	49.92	64.8	57.42	61.56	67.04	69.54	65.78	66.63	83.17	74.72	72.04	74.86	86.33	42.37	60.38	40.38	72.21	32.97	62.84	28.91	79.16	26.07	54.39	22.68	60.53
327	10.9	75.06	53.89	76.44	49.95	72.62	50.21	67.66	43.1	63.43	50.84	63.16	57.92	61.46	68.79	68.17	68.39	66.76	84.83	73.52	72.59	74.83	83.16	39.68	58.76	38.92	70.91	30.73	62.23	26.96	79.02	23.73	51.38	21.47	58.92
328	10.933	74.3	52.76	76.03	49.68	71.97	49.32	68.19	44.31	63.35	50.14	64.58	57.35	61.62	67.05	69.34	65.47	66.6	82.89	74.51	71.89	74.92	86.32	42.04	60.13	40.25	72.01	32.71	62.58	28.75	78.92	26.11	54.3	22.66	60.43
329	10.967	74.29	52.85	76.02	49.81	72.01	49.39	68.09	44.46	63.39	50.17	64.39	57.39	61.54	67.1	69.12	65.51	66.55	83.06	74.53	71.99	74.96	86.65	41.96	60.09	40.22	71.98	32.79	62.51	28.85	78.84	26.28	54.39	22.81	60.42
330	11.0	75.15	53.96	76.45	50.17	72.78	50.39	67.41	43.42	63.56	51.12	62.8	57.95	61.42	68.55	67.59	68.46	66.6	84.26	73.1	72.82	74.9	83.19	39.32	58.64	38.75	70.63	30.39	62.31	26.76	78.88	23.42	51.58	21.06	59.11
331	11.033	74.36	52.85	75.95	49.88	72.08	49.46	67.63	44.61	63.31	50.35	63.84	57.56	61.33	67.11	68.67	65.92	66.56	82.98	74.17	72.03	75.08	86.48	41.63	60.33	40.09	72.09	32.59	62.7	28.72	78.79	26.04	54.64	22.61	60.59
332	11.067	74.62	52.9	76.27	49.91	72.35	49.46	67.92	44.5	63.49	50.25	64.08	57.34	61.37	67.03	68.99	65.71	66.54	83.05	74.73	71.93	75.19	86.33	41.72	59.91	40.09	71.81	32.88	62.23	28.85	78.52	26.26	54.05	22.75	60.06
333	11.1	75.37	54.14	76.41	50.63	73.23	50.67	66.71	43.7	64.08	50.94	62.22	57.54	61.79	67.55	66.48	68.31	65.66	83.19	72.5	72.54	74.45	83.62	40.09	59.51	40.17	71.01	31.01	62.89	28.46	78.59	23.36	51.79	21.51	58.7
334	11.133	75.81	54.48	76.73	51.21	73.86	51.05	66.43	44.37	64.74	51.35	61.96	57.92	61.94	67.75	66.11	68.5	65.59	83.13	72.57	72.69	74.59	83.53	39.73	60.16	40.05	71.63	30.69	63.02	28.12	78.64	23.08	52.45	21.02	59.09
335	11.167	75.97	53.87	77.09	51.48	74.21	50.64	66.45	45.89	65.12	51.53	61.95	57.7	61.91	67.29	66.48	66.09	66.91	82.67	73.63	71.81	75.69	85.86	39.66	60.33	39.77	72.27	31.62	61.76	28.25	77.83	25.27	54.69	21.69	60.16
336	11.2	76.24	54.3	77.21	52.05	74.67	51.18	66.3	46.23	65.92	51.86	61.97	57.38	62.37	66.94	66.36	66.05	66.86	82.6	73.59	72.34	75.78	86.68	39.57	60.4	40.01	72.34	31.62	61.66	28.3	77.7	25.36	54.91	21.54	60.36
337	11.233	76.26	54.22	77.22	51.99	74.75	51.1	66.31	46.26	66.13	51.9	61.95	57.53	62.54	67.18	66.2	66.13	66.94	82.81	73.62	72.61	76.01	87.0	39.39	60.62	39.97	72.65	31.52	61.79	28.26	77.95	25.52	55.16	21.69	60.66
338	11.267	76.27	54.23	77.24	52.0	74.74	51.12	66.28	46.33	66.08	52.02	61.95	57.65	62.48	67.38	66.28	66.16	66.98	82.91	73.67	72.64	76.08	86.95	39.32	60.63	39.85	72.71	31.44	61.76	28.12	77.99	25.43	55.15	21.59	60.7
339	11.3	76.61	55.36	77.34	52.62	75.21	52.22	66.3	46.0	66.62	52.78	61.8	58.53	62.49	68.31	66.33	68.9	66.58	83.51	72.87	73.08	75.74	83.37	37.95	59.18	38.63	70.78	29.99	61.36	26.96	77.1	23.9	52.86	20.87	59.3
340	11.333	76.55	55.31	77.21	52.56	75.18	52.2	66.03	45.88	66.65	52.8	61.51	58.34	62.53	68.31	65.87	68.9	66.5	83.63	72.34	73.15	75.41	83.34	37.66	59.23	38.61	70.89	29.79	61.55	27.02	77.39	23.64	53.06	20.84	59.63
341	11.367	76.51	55.18	77.11	52.46	75.14	52.13	65.85	45.87	66.65	52.87	61.5	58.37	62.53	68.35	66.0	68.86	66.57	83.57	72.37	73.21	75.38	83.3	37.64	59.19	38.62	70.82	29.79	61.45	26.97	77.28	23.53	52.98	20.66	59.59
342	11.4	76.38	55.06	76.9	52.34	75.06	52.04	65.52	45.81	66.62	52.89	61.23	58.31	62.39	68.52	65.83	68.68	66.55	83.72	72.17	73.35	75.31	83.72	37.44	59.0	38.49	70.72	29.94	61.23	27.08	77.18	23.76	52.65	20.83	59.35
343	11.433	76.07	53.68	76.82	51.41	74.65	50.64	65.59	45.76	66.28	51.78	61.62	57.38	62.52	67.89	66.26	65.85	66.94	83.81	73.66	72.39	75.36	86.91	39.11	60.42	39.94	72.81	32.16	61.9	28.9	78.59	26.06	54.62	22.26	60.48
344	11.467	76.04	53.75	76.74	51.51	74.61	50.73	65.36	45.87	66.14	51.87	61.42	57.44	62.35	67.87	66.09	65.83	66.79	83.61	73.34	72.53	75.46	86.79	39.06	60.46	39.89	72.79	32.09	62.02	28.87	78.61	25.68	54.72	21.92	60.51
345	11.5	75.91	53.61	76.62	51.35	74.43	50.61	65.33	45.87	65.92	51.88	61.38	57.65	62.21	67.88	66.06	66.19	66.82	83.58	73.2	72.5	75.37	86.88	39.11	60.49	39.85	72.68	32.09	62.01	28.81	78.39	26.11	54.86	22.3	60.68
346	11.533	76.05	53.56	76.79	51.23	74.49	50.57	65.61	45.71	65.89	51.89	61.92	57.44	62.22	68.09	67.09	65.8	67.26	83.98	74.17	72.85	76.1	87.15	39.46	60.12	39.86	72.59	32.51	61.58	28.81	78.41	26.16	54.41	22.06	60.36
347	11.567	76.06	53.55	76.78	51.18	74.44	50.55	65.54	45.63	65.77	51.92	61.79	57.5	62.3	68.18	66.82	65.75	67.35	83.82	73.97	72.68	76.21	86.86	39.44	60.34	39.98	72.84	32.29	61.7	28.77	78.58	25.71	54.25	21.79	60.34
348	11.6	75.96	53.36	76.69	51.01	74.32	50.38	65.56	45.59	65.68	51.81	61.91	57.51	62.25	68.01	66.89	65.61	67.2	83.49	73.93	72.3	76.1	86.57	39.7	60.16	40.13	72.53	32.44	61.48	28.87	78.21	25.8	53.98	21.85	60.07
349	11.633	76.14	54.47	76.44	51.52	74.51	51.42	64.85	45.01	65.91	52.35	61.34	57.99	62.4	68.16	65.71	68.15	65.82	83.01	72.28	72.37	74.76	83.58	39.31	59.57	40.43	71.09	31.24	61.41	28.82	77.15	23.65	50.98	21.42	58.16
350	11.667	76.07	54.33	76.31	51.37	74.44	51.32	64.61	44.82	65.83	52.28	61.04	57.88	62.4	67.92	65.32	68.37	65.72	82.85	72.08	72.19	74.52	83.54	39.14	59.66	40.51	71.08	31.04	61.55	28.87	77.14	23.44	51.07	21.42	58.4
351	11.7	76.03	54.03	76.26	51.14	74.41	51.07	64.42	44.73	65.79	52.23	60.82	57.67	62.25	67.93	65.02	67.94	65.39	82.69	71.84	71.9	73.73	82.95	38.94	59.68	40.41	71.14	30.96	61.48	28.8	77.17	23.26	51.41	21.34	58.72
352	11.733	75.88	53.82	76.1	50.99	74.31	50.88	64.2	44.68	65.71	52.11	60.49	57.58	62.1	67.77	64.65	67.88	65.37	82.5	71.47	71.97	73.66	83.29	38.46	59.48	40.02	70.91	30.52	61.38	28.31	76.98	22.99	51.37	20.91	58.58
353	11.767	75.79	53.65	76.0	50.79	74.22	50.71	64.1	44.46	65.63	51.92	60.29	57.61	62.14	67.57	64.45	68.35	65.42	82.46	71.36	71.95	73.52	83.14	38.3	59.57	40.01	70.86	30.27	61.47	28.22	76.86	23.1	51.23	21.06	58.43
354	11.8	75.84	53.5	76.05	50.65	74.26	50.57	64.14	44.38	65.63	51.85	60.24	57.53	62.08	67.57	64.62	68.38	65.56	82.62	71.54	71.97	73.81	83.02	37.99	59.27	39.68	70.63	30.1	61.13	28.0	76.6	23.14	50.85	20.93	58.02
355	11.833	75.82	53.37	76.07	50.48	74.18	50.45	64.32	44.16	65.55	51.72	60.42	57.3	62.16	67.35	64.65	68.27	65.54	82.52	71.55	71.93	73.91	83.1	38.36	59.23	39.98	70.59	30.33	61.12	28.25	76.62	23.21	50.8	21.02	58.11
356	11.867	75.87	53.36	76.16	50.44	74.18	50.42	64.47	44.1	65.46	51.71	60.45	57.36	62.2	67.31	64.46	68.49	65.7	82.47	71.46	71.88	74.07	83.01	38.28	59.23	39.91	70.58	30.13	61.27	28.04	76.77	22.95	50.85	20.75	58.29
357	11.9	75.93	53.41	76.21	50.49	74.23	50.48	64.42	44.13	65.46	51.77	60.23	57.39	62.14	67.37	64.2	68.63	65.74	82.55	71.42	72.01	74.22	83.0	37.98	59.35	39.69	70.75	29.95	61.45	27.9	77.04	22.81	51.06	20.61	58.58
358	11.933	75.8	53.32	76.1	50.35	74.06	50.4	64.47	43.94	65.28	51.66	60.34	57.15	62.04	67.14	64.43	68.33	65.49	82.27	71.34	71.86	73.86	83.08	38.14	59.07	39.74	70.41	29.92	61.51	27.89	77.0	22.86	51.03	20.71	58.54
359	11.967	75.66	53.42	75.98	50.4	73.93	50.45	64.39	43.91	65.17	51.63	60.26	57.17	61.97	67.31	64.45	68.19	65.33	82.44	71.34	71.88	73.63	83.2	38.2	59.15	39.82	70.55	30.07	61.73	28.12	77.28	23.03	51.12	20.98	58.58
360	12.0	75.56	53.4	75.93	50.35	73.82	50.41	64.52	43.82	65.06	51.53	60.46	57.09	61.95	67.44	64.71	67.78	65.31	82.53	71.35	71.75	73.42	83.22	38.48	58.92	39.96	70.41	30.34	61.62	28.36	77.29	23.11	51.04	21.19	58.42
361	12.033	75.48	53.44	75.8	50.39	73.76	50.46	64.27	43.88	65.05	51.64	60.26	57.16	61.74	67.43	64.34	67.98	64.89	82.42	71.35	71.76	73.09	83.27	38.25	59.16	39.74	70.61	30.19	61.63	28.15	77.27	23.12	51.02	21.26	58.65
362	12.067	75.32	53.44	75.63	50.4	73.64	50.44	64.08	43.92	64.98	51.63	60.06	57.1	61.68	67.55	64.2	67.87	64.97	82.67	71.37	71.83	73.2	83.34	38.16	59.29	39.73	70.84	30.25	61.65	28.2	77.41	23.14	51.13	21.23	58.7
363	12.1	75.17	53.37	75.46	50.29	73.47	50.43	64.0	43.74	64.83	51.58	60.14	56.8	61.59	67.33	64.43	67.53	65.23	82.4	71.19	71.65	73.35	83.14	38.16	58.72	39.63	70.28	30.21	60.98	28.0	76.78	23.01	50.57	21.11	58.17
364	12.133	75.13	53.24	75.33	50.08	73.39	50.34	63.75	43.45	64.73	51.57	59.96	56.7	61.58	67.47	64.39	67.54	65.27	82.6	71.26	71.61	73.26	83.09	38.13	58.84	39.75	70.49	30.37	61.07	28.29	77.04	23.07	50.52	21.33	58.44
365	12.167	75.1	53.2	75.34	49.99	73.31	50.27	63.94	43.33	64.59	51.44	60.16	56.65	61.5	67.43	64.71	67.45	65.22	82.61	71.45	71.67	73.18	83.06	38.42	59.02	39.85	70.68	30.52	61.3	28.29	77.28	23.26	50.71	21.42	58.56
366	12.2	75.21	53.26	75.45	49.97	73.37	50.33	64.04	43.18	64.57	51.49	60.24	56.52	61.56	67.6	64.81	67.25	65.33	82.79	71.48	71.52	73.27	82.87	38.53	58.98	39.97	70.8	30.71	61.21	28.52	77.44	23.25	50.47	21.52	58.52
367	12.233	75.11	53.11	75.36	49.79	73.21	50.18	64.12	43.07	64.41	51.39	60.39	56.63	61.58	67.56	65.01	67.56	65.45	82.91	71.42	71.7	73.47	83.06	38.65	58.91	39.99	70.64	30.72	61.41	28.5	77.53	23.25	50.42	21.39	58.44
368	12.267	75.07	53.07	75.38	49.76	73.2	50.11	64.21	42.99	64.39	51.26	60.44	56.46	61.49	67.6	64.88	67.16	65.23	82.92	71.24	71.34	73.05	82.72	38.76	58.53	40.03	70.37	31.0	61.06	28.68	77.32	23.24	50.14	21.48	58.13
369	12.3	74.93	52.89	75.19	49.62	73.09	49.96	63.89	42.95	64.3	51.21	60.02	56.51	61.39	67.39	64.54	67.53	65.12	82.74	71.1	71.4	72.98	82.85	38.3	58.61	39.77	70.28	30.55	61.42	28.42	77.41	23.19	50.46	21.38	58.41
370	12.333	74.94	52.84	75.19	49.53	73.08	49.89	63.91	42.82	64.25	51.11	60.14	56.44	61.35	67.55	64.86	67.2	65.26	82.86	71.35	71.27	73.1	82.55	38.43	58.51	39.78	70.33	30.65	61.04	28.39	77.27	23.12	50.14	21.31	58.09
371	12.367	74.91	52.83	75.21	49.43	73.04	49.81	64.02	42.58	64.16	50.93	60.18	56.28	61.4	67.7	64.79	67.01	65.26	83.2	71.11	71.06	73.0	82.5	38.48	58.25	39.82	70.26	30.69	60.99	28.48	77.46	22.96	49.68	21.2	57.65
372	12.4	74.82	52.82	75.11	49.41	72.94	49.81	63.96	42.56	64.07	50.94	60.14	56.25	61.35	67.7	64.73	66.94	65.14	83.16	71.03	71.24	72.78	82.61	38.59	58.46	39.95	70.45	30.79	61.21	28.55	77.66	23.01	50.03	21.21	58.0
373	12.433	74.72	52.72	75.01	49.37	72.81	49.75	63.89	42.68	63.92	51.01	60.04	56.48	61.15	67.63	64.44	67.39	65.02	83.04	70.89	71.45	72.62	82.81	38.45	58.7	39.73	70.51	30.61	61.46	28.22	77.72	22.89	50.43	21.01	58.47
374	12.467	74.7	52.85	74.94	49.43	72.75	49.91	63.81	42.65	63.85	51.22	59.95	56.45	61.1	67.86	64.38	67.29	64.65	83.18	70.78	71.58	72.12	83.13	38.48	58.67	39.87	70.56	30.85	61.57	28.67	77.93	23.24	50.24	21.59	58.54
375	12.5	74.61	52.99	74.86	49.52	72.6	50.09	63.89	42.69	63.66	51.34	60.05	56.5	61.07	67.73	64.49	67.66	64.98	83.2	70.92	71.69	72.37	83.24	38.74	58.8	40.03	70.6	31.01	61.51	28.62	77.78	23.43	50.12	21.61	58.55
376	12.533	74.4	52.65	75.09	49.81	72.42	49.73	64.54	43.95	63.65	51.0	60.75	56.87	61.36	67.08	65.04	65.68	66.0	82.23	71.2	70.45	73.62	85.59	39.27	59.61	39.85	71.52	31.1	61.58	28.46	77.85	24.32	52.62	21.48	59.84
377	12.567	74.21	52.6	75.03	49.68	72.14	49.63	64.82	43.9	63.3	50.95	61.04	56.98	61.16	67.23	65.53	65.72	66.17	82.41	71.5	70.64	73.9	85.73	39.36	59.42	39.58	71.37	30.99	61.4	28.14	77.76	24.21	52.44	21.35	59.65
378	12.6	74.13	52.41	75.06	49.39	71.96	49.39	65.2	43.57	63.09	50.61	61.32	56.81	61.22	66.96	65.7	65.54	66.17	82.15	71.67	70.31	73.79	85.44	39.72	59.52	39.82	71.42	31.05	61.66	28.32	77.99	24.1	52.52	21.48	59.81
379	12.633	73.85	52.73	74.46	48.83	71.47	49.61	64.75	41.71	62.33	50.54	60.62	56.01	60.82	67.6	64.98	66.88	64.9	83.26	71.12	71.46	72.14	83.52	39.9	58.76	40.66	70.71	31.68	62.23	29.27	78.75	23.58	50.27	22.1	58.86
380	12.667	73.86	52.06	74.84	49.0	71.64	49.04	65.17	43.33	62.84	50.44	61.35	56.71	61.23	67.18	66.1	64.95	66.38	82.2	72.08	69.87	73.92	84.72	39.76	59.83	39.84	71.88	31.0	62.03	28.43	78.58	24.05	52.86	21.62	60.13
381	12.7	73.71	52.01	74.66	48.95	71.53	49.03	64.98	43.17	62.84	50.38	61.27	56.27	61.11	67.04	66.15	64.31	66.13	82.07	71.92	69.69	73.69	84.5	39.59	59.37	39.65	71.54	30.88	61.37	28.23	78.1	23.73	52.42	21.26	59.67
382	12.733	73.58	52.0	74.65	48.9	71.37	48.95	65.29	43.05	62.72	50.11	61.55	56.11	61.18	66.74	66.4	64.14	66.17	81.92	72.21	69.38	73.69	84.33	39.86	59.17	39.78	71.3	30.94	61.44	28.3	78.12	23.68	52.42	21.2	59.58
383	12.767	73.45	51.91	74.51	48.78	71.28	48.83	65.15	42.89	62.65	49.93	61.35	55.96	61.04	66.81	66.4	63.98	66.19	82.18	72.17	69.32	73.71	84.25	39.73	59.01	39.66	71.24	31.05	60.99	28.33	77.75	24.02	51.91	21.43	58.92
384	12.8	73.37	51.85	74.49	48.7	71.21	48.72	65.26	42.81	62.63	49.79	61.44	55.96	61.11	66.86	66.36	63.92	66.15	82.28	72.32	69.39	73.74	84.32	39.87	59.17	39.79	71.44	31.23	61.27	28.57	78.12	24.08	52.05	21.54	59.11
385	12.833	73.18	51.78	74.33	48.66	71.07	48.65	65.21	42.79	62.6	49.66	61.4	55.75	60.98	66.76	66.26	63.59	65.98	82.3	71.9	69.19	73.36	84.52	39.7	58.82	39.54	71.12	31.14	60.98	28.36	77.84	23.87	51.89	21.26	58.76
386	12.867	73.17	51.77	74.35	48.63	70.97	48.64	65.38	42.81	62.44	49.66	61.59	55.88	60.97	66.49	66.32	63.88	66.02	81.86	71.93	69.11	73.44	84.18	39.9	58.88	39.62	70.97	30.95	61.01	28.15	77.64	23.47	51.79	20.98	58.71
387	12.9	73.19	51.88	74.41	48.73	70.99	48.72	65.48	42.87	62.49	49.66	61.65	55.9	61.01	66.38	66.28	64.02	65.97	81.82	72.05	69.26	73.6	84.28	39.93	59.12	39.63	71.18	30.82	61.24	28.07	77.83	23.36	52.09	20.92	59.01
388	12.933	73.14	51.84	74.38	48.75	70.97	48.7	65.48	42.97	62.5	49.65	61.62	55.86	60.97	66.15	66.2	63.99	65.94	81.51	72.02	69.23	73.64	84.3	39.9	58.79	39.58	70.74	30.81	60.93	28.0	77.34	23.48	51.91	20.92	58.73
389	12.967	73.09	51.83	74.36	48.73	70.89	48.68	65.55	42.98	62.4	49.64	61.62	55.9	60.87	66.12	66.17	64.06	65.74	81.43	71.87	69.32	73.53	84.18	39.78	58.86	39.4	70.76	30.56	61.04	27.8	77.39	23.36	52.08	20.89	58.86
390	13.0	73.04	51.95	74.3	48.91	70.85	48.8	65.42	43.11	62.34	49.64	61.44	55.9	60.74	65.82	66.03	64.22	65.63	81.14	71.74	69.11	73.39	83.75	39.7	58.81	39.38	70.51	30.5	61.19	27.81	77.23	23.2	52.33	20.84	58.89
391	13.033	72.96	51.9	74.27	48.83	70.75	48.73	65.5	43.1	62.29	49.62	61.48	55.96	60.84	65.93	66.01	64.19	65.74	81.24	71.73	69.01	73.5	83.84	39.78	58.9	39.48	70.63	30.57	61.33	27.92	77.42	23.39	52.35	20.97	58.95
392	13.067	72.91	51.83	74.25	48.76	70.69	48.65	65.62	43.01	62.27	49.44	61.55	55.83	60.97	65.56	65.86	64.16	65.66	80.91	71.49	68.63	73.16	83.65	40.05	58.77	39.81	70.35	30.72	61.6	28.2	77.46	23.45	52.51	21.05	59.03
393	13.1	72.82	51.67	74.19	48.57	70.59	48.45	65.75	42.82	62.22	49.19	61.69	55.68	60.91	65.47	66.0	63.87	65.49	80.84	71.41	68.67	72.98	83.79	40.13	58.63	39.75	70.23	30.78	61.52	28.21	77.42	23.59	52.4	21.19	58.89
394	13.133	72.84	51.59	74.17	48.5	70.63	48.39	65.62	42.74	62.23	49.18	61.59	55.67	60.83	65.47	65.88	63.86	65.41	80.71	71.33	68.6	73.0	83.56	40.03	58.53	39.66	70.14	30.73	61.23	28.15	77.14	23.62	52.07	21.25	58.63
395	13.167	72.72	51.48	74.1	48.4	70.51	48.28	65.64	42.71	62.11	49.08	61.57	55.55	60.72	65.44	65.99	63.5	65.39	80.62	71.37	68.33	72.83	83.51	40.05	58.44	39.63	70.06	30.86	61.3	28.27	77.19	23.93	52.32	21.59	58.76
396	13.2	72.82	52.19	74.03	48.14	70.3	48.68	65.46	40.97	61.25	49.04	60.71	55.13	60.43	66.29	64.76	65.75	64.7	82.18	70.76	70.37	71.98	81.99	39.77	57.81	40.16	69.58	30.93	62.17	28.4	78.39	22.87	50.45	21.24	58.2
397	13.233	72.83	52.08	74.08	47.99	70.26	48.55	65.64	40.91	61.21	49.01	61.02	55.12	60.51	66.51	65.17	65.55	64.82	82.51	70.91	70.49	71.9	82.12	40.03	57.76	40.26	69.66	31.09	62.07	28.34	78.51	22.77	50.29	20.94	58.03
398	13.267	72.72	51.54	74.25	48.37	70.43	48.28	66.21	42.72	62.13	49.05	62.22	55.58	60.97	65.53	66.83	63.35	65.6	80.79	72.04	68.55	73.23	83.27	40.41	58.46	39.72	70.17	30.84	61.48	28.26	77.57	23.76	52.33	21.42	58.77
399	13.3	72.76	51.56	74.26	48.39	70.46	48.33	66.15	42.77	62.14	49.19	62.17	55.56	60.96	65.65	66.76	63.26	65.6	80.85	71.93	68.66	73.2	83.28	40.45	58.4	39.8	70.16	30.98	61.28	28.39	77.45	23.84	52.25	21.54	58.76
400	13.333	72.68	51.58	74.18	48.47	70.44	48.35	65.99	42.84	62.16	49.19	61.97	55.51	60.85	65.66	66.6	63.05	65.39	80.8	72.0	68.63	73.18	83.37	40.19	58.36	39.59	70.16	30.81	61.29	28.22	77.48	23.61	52.26	21.23	58.67
401	13.367	72.53	51.71	74.01	48.56	70.32	48.49	65.89	42.8	62.14	49.25	61.83	55.43	60.83	65.57	66.2	63.1	65.09	80.69	71.71	68.67	73.07	83.78	39.96	58.33	39.43	70.14	30.4	61.21	27.95	77.43	23.5	52.08	21.19	58.74
402	13.4	72.52	51.9	74.08	48.73	70.31	48.63	66.03	42.96	62.13	49.37	61.96	55.52	60.78	65.91	66.08	63.1	65.03	81.15	71.58	69.0	72.89	84.05	40.13	58.48	39.47	70.45	30.61	61.0	27.97	77.47	23.35	51.85	21.1	58.53
403	13.433	72.56	51.97	74.17	48.76	70.33	48.68	66.27	42.92	62.18	49.33	62.24	55.32	60.92	65.91	66.46	62.81	65.14	81.34	71.81	69.03	72.77	84.18	40.4	58.45	39.66	70.52	30.92	61.09	28.22	77.72	23.62	51.99	21.29	58.64
404	13.467	72.57	52.02	74.14	48.81	70.34	48.76	66.2	42.93	62.17	49.4	62.09	55.28	60.89	65.76	66.33	62.89	64.98	81.16	71.64	69.03	72.58	84.38	40.23	58.36	39.58	70.35	30.68	61.08	28.1	77.57	23.71	51.98	21.37	58.66
405	13.5	72.54	51.98	74.16	48.8	70.29	48.7	66.3	43.11	62.11	49.42	62.2	55.59	60.84	65.79	66.3	63.36	65.03	81.22	71.69	69.21	72.74	84.36	40.39	58.63	39.62	70.48	30.74	61.23	28.06	77.54	23.67	52.21	21.31	58.8
406	13.533	72.49	51.75	74.02	48.7	70.3	48.54	65.98	43.2	62.16	49.44	61.86	55.7	60.77	65.75	65.98	63.17	64.8	80.75	71.32	68.87	72.6	84.01	40.16	58.6	39.56	70.3	30.57	61.34	28.07	77.39	23.76	52.49	21.38	58.89
407	13.567	72.48	51.73	74.0	48.62	70.25	48.48	65.95	43.02	62.03	49.3	61.87	55.78	60.73	65.81	66.13	63.41	64.85	80.95	71.4	68.82	72.51	83.82	40.2	58.7	39.58	70.39	30.61	61.61	28.11	77.67	23.66	52.5	21.33	58.93
408	13.6	72.45	51.58	74.06	48.45	70.15	48.31	66.22	43.0	61.94	49.22	62.13	55.84	60.76	65.6	66.35	63.66	65.04	80.8	71.51	68.81	72.82	83.59	40.28	58.58	39.5	70.16	30.49	61.52	27.88	77.44	23.56	52.43	21.18	58.84
409	13.633	72.22	51.45	73.92	48.25	69.89	48.14	66.45	42.8	61.81	48.91	62.47	55.58	60.75	65.35	66.75	63.23	65.08	80.62	71.59	68.69	72.83	83.64	40.6	58.38	39.58	69.94	30.75	61.43	28.0	77.35	23.81	52.37	21.37	58.7
410	13.667	72.12	51.11	73.88	47.88	69.77	47.73	66.55	42.54	61.7	48.54	62.5	55.52	60.74	65.3	66.65	63.21	65.2	80.71	71.53	68.58	72.79	83.56	40.72	58.18	39.65	69.75	30.97	61.29	28.17	77.24	24.15	52.26	21.71	58.55
411	13.7	71.86	50.86	73.65	47.66	69.58	47.45	66.33	42.35	61.63	48.23	62.24	55.32	60.68	65.0	66.36	63.07	65.17	80.51	71.34	68.2	72.64	83.22	40.35	58.06	39.38	69.59	30.5	60.99	27.7	76.85	23.78	52.14	21.26	58.26
412	13.733	71.84	50.76	73.67	47.55	69.55	47.35	66.45	42.31	61.65	48.18	62.36	55.35	60.7	64.96	66.49	63.24	65.26	80.56	71.4	68.23	72.84	83.44	40.15	57.91	39.1	69.44	30.17	60.65	27.26	76.51	23.69	51.73	21.01	57.89
413	13.767	71.7	50.57	73.55	47.33	69.38	47.18	66.54	42.15	61.59	48.06	62.53	55.24	60.73	64.87	66.57	63.17	64.96	80.54	71.28	68.46	72.42	83.53	40.4	58.38	39.3	69.86	30.2	61.27	27.43	77.12	23.71	52.55	21.19	58.77
414	13.8	71.7	50.54	73.53	47.33	69.38	47.15	66.47	42.21	61.56	48.08	62.48	55.3	60.65	64.98	66.47	63.19	65.0	80.65	71.17	68.54	72.32	83.53	40.44	58.31	39.32	69.8	30.47	61.2	27.63	77.06	23.65	52.46	21.2	58.64
415	13.833	71.68	50.51	73.5	47.3	69.33	47.09	66.39	42.22	61.45	48.04	62.35	55.57	60.59	64.9	66.26	63.62	65.05	80.4	71.15	68.58	72.51	83.38	40.34	58.51	39.26	69.82	30.23	61.4	27.46	77.02	23.43	52.61	21.12	58.78
416	13.867	71.56	50.53	73.39	47.26	69.21	47.08	66.3	42.06	61.32	47.91	62.24	55.28	60.6	64.89	66.15	63.12	65.12	80.48	71.16	68.13	72.29	83.21	40.66	58.45	39.68	69.88	30.77	61.25	28.0	77.03	23.69	52.35	21.43	58.52
417	13.9	71.37	50.57	73.24	47.26	69.05	47.13	66.41	41.99	61.34	47.88	62.33	55.13	60.67	64.73	66.19	63.14	64.9	80.5	71.02	68.34	72.02	83.72	40.45	58.14	39.46	69.57	30.35	61.22	27.67	76.99	23.83	52.3	21.45	58.57
418	13.933	71.35	50.59	73.25	47.28	69.01	47.11	66.41	42.07	61.29	47.9	62.31	55.35	60.63	64.74	66.09	63.5	64.87	80.42	71.33	68.76	72.45	83.7	40.38	58.22	39.35	69.59	30.16	61.13	27.41	76.86	23.53	52.0	21.07	58.34
419	13.967	71.34	50.65	73.31	47.32	68.95	47.1	66.5	42.13	61.1	47.86	62.37	55.38	60.39	64.83	66.09	63.55	64.82	80.66	71.22	68.63	72.36	83.57	40.47	58.22	39.23	69.63	30.29	61.01	27.32	76.79	23.35	51.91	20.98	58.15
420	14.0	71.26	50.69	73.27	47.31	68.87	47.08	66.49	42.06	61.0	47.74	62.35	55.4	60.32	64.88	66.3	63.63	64.86	80.86	71.4	68.57	72.33	83.27	40.36	58.45	39.09	69.88	30.16	61.37	27.2	77.17	23.26	52.22	20.9	58.32
421	14.033	71.09	50.73	73.17	47.35	68.69	47.13	66.64	42.17	60.97	47.78	62.51	55.37	60.39	64.87	66.28	63.49	64.77	80.83	71.2	68.52	71.9	83.16	40.48	58.53	39.18	69.93	30.18	61.46	27.3	77.27	23.27	52.41	21.04	58.49
422	14.067	71.08	50.85	73.28	47.42	68.67	47.15	66.87	42.16	60.92	47.7	62.58	55.36	60.32	64.73	66.1	63.52	64.63	80.6	71.4	68.19	72.04	82.61	40.32	58.4	38.91	69.82	29.81	61.21	26.88	77.06	22.95	51.88	20.83	58.07
423	14.1	70.96	50.88	73.11	47.41	68.58	47.22	66.64	42.03	60.91	47.84	62.39	55.26	60.32	65.08	65.84	63.31	64.52	80.94	71.19	68.22	71.98	82.59	39.99	58.25	38.72	69.93	29.57	60.89	26.76	77.13	22.71	51.44	20.69	57.93
424	14.133	70.89	50.98	73.04	47.47	68.53	47.29	66.6	42.01	60.89	47.85	62.34	55.31	60.35	65.27	65.72	63.53	64.53	81.37	71.31	68.47	72.03	82.89	40.0	58.51	38.77	70.29	29.63	61.05	26.87	77.44	22.8	51.48	20.79	58.09
425	14.167	70.74	50.82	72.93	47.23	68.32	47.15	66.65	41.82	60.69	47.83	62.44	55.07	60.21	65.41	65.9	62.96	64.48	81.33	71.32	68.31	71.82	82.62	40.13	58.3	38.75	70.24	29.89	60.77	26.98	77.44	22.97	51.27	21.02	58.06
426	14.2	70.64	50.94	72.86	47.38	68.21	47.26	66.6	42.0	60.58	47.96	62.29	55.14	60.16	65.43	65.63	62.76	64.27	81.09	71.11	68.18	71.6	82.43	40.12	58.18	38.83	70.07	29.76	60.75	26.97	77.33	22.82	51.29	20.97	58.0
427	14.233	70.45	51.15	72.7	47.54	68.0	47.4	66.5	42.08	60.37	47.95	62.22	55.52	60.09	65.51	65.45	63.3	64.28	81.07	71.23	68.15	71.61	81.87	40.09	58.59	38.81	70.34	29.55	60.93	26.75	77.39	22.33	51.28	20.64	57.99
428	14.267	70.27	51.18	72.67	47.52	67.81	47.34	66.8	42.14	60.26	47.83	62.52	55.47	60.02	65.64	65.84	62.92	64.39	81.3	71.49	67.79	71.56	81.54	40.31	58.53	38.78	70.38	29.87	60.84	26.9	77.45	22.64	51.33	20.98	57.88
429	14.3	70.23	51.19	72.68	47.44	67.73	47.34	67.04	41.97	60.26	47.76	62.89	55.21	60.14	65.63	66.46	62.61	64.54	81.51	71.82	67.77	71.7	81.67	40.44	58.65	38.73	70.64	29.83	61.02	26.81	77.86	22.6	51.43	20.89	58.06
430	14.333	70.22	51.28	72.71	47.49	67.7	47.41	67.24	41.93	60.28	47.71	63.07	55.14	60.2	65.47	66.51	62.63	64.48	81.37	71.67	67.68	71.56	81.71	40.47	58.56	38.69	70.51	29.77	61.04	26.73	77.82	22.77	51.34	21.05	58.03
431	14.367	70.19	51.34	72.69	47.55	67.68	47.45	67.21	41.93	60.26	47.68	62.97	55.05	60.19	65.29	66.27	62.62	64.34	81.2	71.48	67.48	71.36	81.45	40.45	58.36	38.75	70.25	29.8	60.96	26.82	77.65	22.84	51.22	21.13	57.89
432	14.4	70.18	51.54	72.75	47.75	67.68	47.59	67.4	42.05	60.34	47.65	63.06	55.03	60.28	65.15	66.15	62.63	64.23	81.18	71.31	67.45	71.25	81.81	40.53	58.2	38.82	70.04	29.75	60.76	26.77	77.37	22.91	50.94	21.15	57.5
433	14.433	70.51	51.68	72.98	47.92	68.03	47.82	67.36	42.12	60.54	47.91	63.05	54.9	60.24	65.14	66.57	62.37	64.29	80.96	71.43	67.37	71.26	81.77	40.25	57.64	38.52	69.53	29.66	60.4	26.59	77.03	23.17	50.81	21.22	57.38
434	14.467	70.94	52.14	73.32	48.42	68.47	48.28	67.3	42.3	60.74	48.15	62.98	54.88	60.24	65.08	66.73	62.35	64.19	80.81	71.7	67.66	71.59	81.97	40.22	57.62	38.56	69.54	29.63	60.61	26.6	77.21	22.94	51.01	20.96	57.53
435	14.5	71.43	52.24	73.46	48.69	69.1	48.41	66.25	42.32	60.81	48.1	61.74	54.97	59.77	65.0	66.12	62.51	64.4	80.46	71.52	67.42	72.08	81.67	39.64	57.24	38.46	69.02	30.01	60.68	27.06	76.86	23.13	51.37	21.19	57.39
436	14.533	71.91	53.0	73.79	49.6	69.78	49.1	65.74	42.86	61.2	48.35	60.84	55.3	59.72	64.83	65.06	63.36	64.51	80.27	71.25	67.43	72.52	81.32	39.03	57.29	38.38	68.86	29.84	60.52	27.04	76.24	22.96	51.31	20.99	56.87
437	14.567	72.6	53.38	74.25	50.14	70.63	49.63	65.52	43.06	61.94	48.75	60.61	55.15	60.16	64.84	64.88	63.42	64.71	80.36	71.21	67.4	72.61	81.21	38.76	57.42	38.56	69.12	29.82	60.7	27.29	76.54	22.88	51.61	20.79	57.21
438	14.6	72.84	53.58	74.34	50.46	70.94	49.92	65.26	43.33	62.17	48.97	60.49	55.21	60.22	64.66	64.86	63.42	65.15	79.89	71.35	67.19	72.73	80.96	38.84	57.44	38.75	69.0	30.16	60.42	27.43	76.08	22.95	51.67	20.76	57.18
439	14.633	73.14	53.86	74.67	50.75	71.28	50.17	65.46	43.41	62.44	49.03	60.7	54.96	60.27	64.58	64.96	63.32	65.53	80.06	71.36	66.92	73.05	80.29	38.84	57.03	38.63	68.75	30.47	59.7	27.3	75.6	22.95	51.18	20.56	56.64
440	14.667	73.18	53.54	74.8	50.48	71.31	49.83	65.7	43.33	62.54	48.82	60.92	54.89	60.37	64.45	65.15	63.23	65.63	80.0	71.7	66.85	73.22	79.98	38.9	57.06	38.6	68.78	30.48	59.63	27.26	75.54	22.89	51.23	20.44	56.6
441	14.7	73.33	53.18	74.94	50.15	71.41	49.51	65.77	43.23	62.56	48.74	60.99	55.04	60.44	64.31	65.24	63.6	65.72	79.84	71.98	66.69	73.18	79.71	38.9	57.17	38.61	68.75	30.37	59.74	27.11	75.48	22.71	51.28	20.17	56.7
442	14.733	73.27	52.71	74.88	49.81	71.38	49.15	65.7	43.29	62.64	48.73	60.87	55.13	60.49	64.22	65.1	63.64	65.77	79.59	71.84	66.83	73.5	79.94	38.62	57.3	38.42	68.74	30.0	60.17	27.01	75.69	22.66	52.07	20.21	57.41
443	14.767	73.34	52.74	75.02	49.79	71.42	49.11	66.04	43.25	62.69	48.64	61.17	55.09	60.55	64.31	65.34	63.58	65.87	79.91	72.02	67.1	73.59	80.73	38.84	57.13	38.45	68.69	30.31	59.97	27.05	75.66	23.14	51.82	20.4	57.21
444	14.8	73.33	52.64	74.94	49.71	71.42	49.06	65.83	43.23	62.7	48.7	60.97	55.23	60.58	64.25	65.12	63.91	65.95	79.73	71.85	67.14	73.83	80.72	38.62	57.35	38.37	68.81	29.9	59.96	26.78	75.49	22.91	51.82	20.23	57.29
445	14.833	73.36	52.71	74.91	49.74	71.45	49.13	65.59	43.16	62.62	48.78	60.7	55.27	60.49	64.44	65.04	64.1	66.0	79.97	72.14	67.1	73.85	80.49	38.47	57.41	38.37	68.94	30.02	59.94	26.98	75.56	23.05	51.58	20.47	57.19
446	14.867	73.28	52.66	74.84	49.62	71.37	49.04	65.63	42.87	62.6	48.5	60.76	55.06	60.56	64.32	65.15	64.07	66.08	80.13	72.01	67.14	73.98	80.24	38.5	57.33	38.41	68.91	30.07	60.01	27.13	75.71	23.07	51.44	20.58	57.01
447	14.9	73.21	52.46	74.7	49.42	71.32	48.91	65.41	42.65	62.62	48.55	60.67	54.86	60.57	64.55	65.01	63.37	65.84	79.99	71.76	66.89	73.61	80.12	38.34	56.91	38.35	68.69	29.94	59.39	27.08	75.41	22.74	50.66	20.34	56.5
448	14.933	73.17	52.45	74.63	49.34	71.25	48.91	65.35	42.44	62.5	48.48	60.63	54.59	60.65	64.63	65.03	63.03	65.8	80.21	71.88	67.01	73.34	80.14	38.82	57.24	38.96	69.14	30.53	59.88	27.85	76.1	23.06	51.21	20.84	57.15
449	14.967	73.13	52.63	74.62	49.6	71.19	49.09	65.35	42.86	62.47	48.7	60.58	55.01	60.49	64.3	64.62	63.88	65.56	79.73	72.07	67.14	73.83	79.96	38.71	57.8	38.74	69.38	29.94	60.25	27.21	76.04	22.49	51.83	20.31	57.82
450	15.0	73.09	52.51	74.57	49.51	71.17	49.0	65.27	42.84	62.43	48.67	60.48	54.96	60.36	64.24	64.51	63.79	65.46	79.57	71.97	66.87	73.72	79.77	38.67	57.69	38.67	69.23	30.01	60.14	27.24	75.87	22.81	51.85	20.63	57.85
451	15.033	73.06	52.63	74.57	49.61	71.14	49.06	65.24	42.91	62.38	48.73	60.36	55.28	60.36	64.59	64.19	64.22	65.26	79.9	71.99	67.11	73.58	79.37	38.57	58.17	38.68	69.75	29.88	60.79	27.4	76.61	22.55	52.38	20.76	58.46
452	15.067	72.98	52.58	74.56	49.55	71.02	48.98	65.49	42.96	62.32	48.67	60.64	55.33	60.38	64.53	64.28	64.11	65.1	79.77	71.88	67.28	73.65	79.57	38.86	57.94	38.78	69.48	29.96	60.71	27.45	76.5	22.55	52.17	20.71	58.23
453	15.1	72.87	52.32	74.4	49.23	70.83	48.81	65.44	42.68	62.13	48.65	60.83	55.13	60.2	64.52	64.77	63.58	65.09	79.47	71.99	67.06	73.58	79.57	39.04	57.57	38.73	69.16	30.2	60.44	27.49	76.34	22.68	51.86	20.84	58.18
454	15.133	72.93	52.17	74.47	49.12	70.82	48.68	65.49	42.85	62.06	48.76	60.8	55.54	60.33	64.48	64.45	64.51	65.26	79.52	72.17	67.31	73.64	79.4	39.16	58.46	38.97	69.83	29.96	60.95	27.38	76.61	22.4	52.55	20.68	58.94
455	15.167	72.92	51.97	74.42	48.96	70.78	48.52	65.37	42.9	62.0	48.82	60.76	55.88	60.29	64.57	64.6	64.9	65.37	79.44	72.5	67.4	74.02	79.29	39.0	58.67	38.8	69.93	29.6	61.17	27.04	76.68	22.06	52.66	20.28	59.08
456	15.2	72.98	52.01	74.38	48.92	70.84	48.58	65.04	42.65	61.95	48.93	60.49	55.76	60.13	64.97	64.5	64.77	65.25	79.91	72.16	67.33	74.02	79.54	38.56	58.14	38.45	69.69	29.44	60.39	26.86	76.28	21.52	51.32	19.81	58.02
457	15.233	72.93	51.68	74.26	48.62	70.79	48.32	64.84	42.49	61.89	48.84	60.3	55.74	60.1	64.89	64.48	64.84	65.31	79.81	72.11	67.32	74.06	79.6	38.42	58.11	38.42	69.57	29.42	60.63	26.98	76.37	21.78	51.52	20.06	58.22
458	15.267	72.83	51.4	74.13	48.33	70.67	48.08	64.76	42.32	61.8	48.73	60.27	55.67	60.1	64.83	64.47	64.77	65.36	79.73	71.98	67.23	73.91	79.7	38.54	58.16	38.56	69.56	29.6	60.79	27.19	76.46	22.15	51.7	20.4	58.46
459	15.3	72.95	51.4	74.28	48.34	70.77	48.07	64.91	42.32	61.91	48.69	60.33	55.76	60.27	64.59	64.37	65.25	65.39	79.57	72.08	67.35	74.08	79.44	38.49	58.57	38.59	69.84	29.27	61.37	27.08	76.87	21.94	52.34	20.35	59.15
460	15.333	72.98	51.2	74.32	48.15	70.77	47.91	65.01	42.28	61.94	48.68	60.48	55.79	60.34	64.54	64.57	65.13	65.44	79.32	72.12	67.24	73.96	79.35	38.47	58.68	38.53	69.9	29.04	61.52	26.86	76.97	21.88	52.6	20.27	59.43
461	15.367	73.02	51.2	74.37	48.13	70.8	47.88	65.12	42.21	61.99	48.61	60.68	55.81	60.41	64.55	64.81	65.1	65.46	79.29	72.26	67.38	74.06	79.16	38.56	58.7	38.54	69.95	28.97	61.51	26.73	77.03	21.69	52.48	20.02	59.3
462	15.4	73.04	51.06	74.31	47.93	70.81	47.77	65.0	41.9	61.99	48.47	60.71	55.5	60.46	64.65	65.07	64.58	65.6	79.49	72.43	67.15	74.03	79.15	38.78	58.44	38.79	69.89	29.48	61.16	27.16	76.97	22.02	52.01	20.28	58.96
463	15.433	73.03	50.96	74.23	47.89	70.84	47.7	64.77	41.97	62.04	48.51	60.53	55.65	60.42	64.78	64.87	64.8	65.54	79.63	72.23	67.35	73.98	79.41	38.65	58.41	38.74	69.81	29.58	61.23	27.28	76.96	22.03	52.0	20.23	58.93
464	15.467	73.01	50.77	74.23	47.73	70.82	47.51	64.79	41.89	62.02	48.39	60.56	55.58	60.36	64.69	64.91	64.73	65.36	79.6	72.27	67.53	73.85	79.57	38.68	58.51	38.73	69.89	29.49	61.37	27.25	77.07	21.9	52.29	20.21	59.17
465	15.5	73.01	50.66	74.17	47.61	70.81	47.43	64.66	41.72	62.03	48.33	60.48	55.47	60.39	64.49	64.83	64.84	65.44	79.48	72.16	67.46	73.87	79.65	38.51	58.33	38.65	69.68	29.24	61.13	27.02	76.79	21.63	52.08	19.92	59.07
466	15.533	72.93	50.38	74.05	47.31	70.73	47.16	64.45	41.44	61.93	48.09	60.22	55.37	60.41	64.27	64.79	65.11	65.63	79.48	72.27	67.33	73.95	79.32	38.33	58.46	38.67	69.72	29.02	61.17	26.98	76.69	21.61	52.09	19.93	59.02
467	15.567	72.82	50.24	73.9	47.15	70.61	47.06	64.24	41.2	61.82	47.98	60.01	55.11	60.39	63.93	64.36	65.17	65.43	79.24	71.8	67.47	73.67	79.46	38.25	58.22	38.74	69.41	28.76	60.9	26.77	76.34	21.27	51.73	19.55	58.78
468	15.6	72.69	49.99	73.72	46.92	70.47	46.9	64.15	41.05	61.76	47.96	60.03	54.82	60.31	63.91	64.48	64.47	65.29	79.07	71.34	67.17	73.23	79.89	38.35	57.59	38.77	68.84	29.0	60.22	26.87	75.72	21.63	51.1	19.76	58.15
469	15.633	72.7	49.97	73.7	46.86	70.48	46.9	64.07	40.91	61.76	47.97	59.96	54.65	60.28	63.9	64.47	64.31	65.24	79.09	71.24	67.02	73.11	80.01	38.23	57.37	38.69	68.68	28.95	59.97	26.82	75.55	21.62	50.82	19.74	57.98
470	15.667	72.78	50.03	73.78	46.85	70.53	46.93	64.12	40.78	61.73	47.96	60.13	54.56	60.28	64.15	65.22	64.0	65.5	79.4	71.84	66.87	73.43	79.47	38.19	57.05	38.54	68.58	28.98	59.51	26.71	75.38	21.48	50.19	19.48	57.29
471	15.7	72.78	50.19	73.83	47.05	70.53	47.08	64.23	41.04	61.77	48.13	60.2	54.85	60.35	64.27	64.88	64.31	65.34	79.41	71.71	67.05	73.31	79.5	38.26	57.38	38.61	68.85	28.82	59.61	26.59	75.46	21.2	50.24	19.3	57.42
472	15.733	72.78	50.27	73.81	47.17	70.55	47.15	64.14	41.19	61.8	48.21	60.05	55.07	60.28	64.13	64.4	64.81	65.18	79.19	71.34	67.31	73.26	79.88	37.99	57.52	38.4	68.81	28.46	59.92	26.29	75.5	20.94	50.52	19.11	57.74
473	15.767	72.83	50.34	73.88	47.15	70.57	47.21	64.3	40.98	61.78	48.1	60.28	54.77	60.37	64.08	65.09	64.56	65.52	79.48	71.8	67.28	73.59	79.82	38.17	57.34	38.49	68.78	28.64	59.76	26.44	75.56	20.98	50.3	19.12	57.48
474	15.8	72.85	50.45	73.91	47.23	70.62	47.3	64.24	40.98	61.8	48.18	60.2	54.69	60.25	64.3	65.03	64.32	65.32	79.63	71.61	67.52	73.63	79.79	37.85	57.05	38.13	68.68	28.4	59.59	26.19	75.65	20.62	49.99	18.8	57.22
475	15.833	72.85	50.45	73.87	47.25	70.61	47.34	64.16	41.01	61.76	48.21	60.19	54.63	60.19	64.19	65.23	64.17	65.4	79.43	71.85	67.48	73.85	79.71	37.99	56.89	38.25	68.47	28.6	59.5	26.37	75.49	20.75	50.04	18.93	57.22
476	15.867	72.89	50.48	73.91	47.29	70.62	47.38	64.25	41.05	61.77	48.25	60.26	54.69	60.29	64.03	65.04	64.36	65.31	79.17	71.76	67.4	73.45	79.51	38.33	57.3	38.65	68.71	28.91	59.94	26.74	75.73	20.97	50.49	19.23	57.74
477	15.9	72.91	50.47	73.95	47.29	70.63	47.39	64.42	41.11	61.86	48.24	60.43	54.69	60.38	63.79	65.34	64.49	65.47	78.99	71.9	67.51	73.72	79.69	38.26	57.09	38.5	68.4	28.69	59.73	26.44	75.35	21.03	50.27	19.07	57.42
478	15.933	72.91	50.53	74.0	47.31	70.61	47.39	64.59	41.07	61.85	48.19	60.72	54.67	60.35	63.92	65.65	64.27	65.39	79.14	72.0	67.61	73.85	79.8	38.33	56.94	38.32	68.39	28.56	59.52	26.11	75.37	20.62	50.02	18.53	57.19
479	15.967	72.99	50.64	74.07	47.43	70.68	47.5	64.54	41.21	61.84	48.35	60.66	54.86	60.27	64.1	65.54	64.5	65.36	79.25	71.97	67.9	74.05	79.88	38.26	57.15	38.25	68.61	28.42	59.49	25.97	75.36	20.37	50.01	18.42	57.19
480	16.0	73.02	50.73	74.11	47.59	70.71	47.6	64.6	41.43	61.9	48.41	60.73	54.94	60.35	63.72	65.42	64.82	65.38	78.86	72.09	68.2	74.34	80.08	38.45	57.49	38.44	68.73	28.27	59.52	25.77	75.1	20.21	50.19	18.12	57.3
481	16.033	73.11	50.79	74.19	47.64	70.81	47.66	64.53	41.44	61.96	48.53	60.67	54.96	60.31	63.97	65.57	64.81	65.51	79.17	72.01	68.15	74.43	80.06	37.95	57.4	37.95	68.79	27.83	59.49	25.32	75.25	19.83	50.31	17.76	57.41
482	16.067	73.14	50.82	74.21	47.69	70.85	47.7	64.49	41.48	61.99	48.55	60.57	55.01	60.4	63.96	65.47	64.9	65.58	79.15	71.94	68.14	74.46	79.97	37.84	57.5	37.97	68.87	27.67	59.67	25.26	75.38	19.69	50.37	17.55	57.4
483	16.1	73.14	50.86	74.21	47.72	70.85	47.73	64.4	41.44	61.93	48.58	60.46	54.96	60.36	64.01	65.4	64.76	65.51	79.1	72.08	68.03	74.29	79.6	37.75	57.61	37.94	69.03	27.62	59.55	25.2	75.36	19.44	50.28	17.37	57.36
484	16.133	73.04	50.85	74.08	47.65	70.75	47.71	64.27	41.28	61.81	48.49	60.33	54.79	60.24	64.08	65.4	64.54	65.44	79.25	72.16	67.61	74.05	79.12	37.92	57.66	38.14	69.16	28.06	59.61	25.68	75.52	19.73	50.23	17.8	57.35
485	16.167	72.93	50.88	73.96	47.67	70.64	47.73	64.13	41.23	61.7	48.45	60.18	54.73	60.12	63.98	65.18	64.65	65.33	79.23	71.84	67.61	74.0	79.07	37.78	57.42	38.01	68.9	27.89	59.42	25.48	75.28	19.59	49.98	17.6	57.07
486	16.2	72.94	50.89	73.97	47.66	70.66	47.74	64.12	41.17	61.72	48.47	60.19	54.66	60.16	64.01	65.16	64.47	65.36	79.18	71.73	67.56	73.99	79.05	37.66	57.23	37.91	68.78	27.6	58.9	25.09	74.88	19.32	49.47	17.22	56.61
487	16.233	72.89	50.85	73.91	47.62	70.6	47.71	64.07	41.12	61.64	48.45	60.22	54.62	60.09	64.05	65.18	64.27	65.22	79.08	71.63	67.54	73.86	78.77	37.73	57.41	37.92	68.99	27.6	59.08	25.07	75.14	19.11	49.77	17.07	56.94
488	16.267	72.86	50.77	73.84	47.5	70.57	47.64	63.92	40.96	61.59	48.43	60.11	54.53	59.99	64.13	65.24	64.26	65.33	79.19	71.59	67.39	73.89	78.49	37.52	57.09	37.74	68.74	27.54	58.69	24.99	74.85	19.08	49.35	17.15	56.6
489	16.3	72.85	50.71	73.89	47.44	70.54	47.55	64.06	40.95	61.57	48.36	60.22	54.58	59.99	64.09	65.1	64.36	65.15	79.08	71.67	67.23	73.49	78.0	37.71	57.28	37.9	68.87	27.67	58.73	25.14	74.85	19.24	49.53	17.53	56.85
490	16.333	72.88	50.75	73.94	47.47	70.54	47.58	64.19	40.94	61.54	48.32	60.27	54.58	60.04	63.82	64.94	64.72	65.12	78.93	71.72	67.22	73.66	77.64	37.9	57.26	38.11	68.73	27.8	58.76	25.41	74.72	19.33	49.5	17.78	56.91
491	16.367	72.89	50.62	73.95	47.31	70.54	47.45	64.19	40.79	61.55	48.2	60.28	54.53	60.08	63.82	65.05	64.75	65.35	79.05	71.82	67.17	73.93	77.65	37.81	57.22	38.0	68.73	27.68	58.8	25.29	74.84	19.29	49.46	17.71	56.88
492	16.4	72.83	50.42	73.89	47.12	70.47	47.26	64.23	40.7	61.48	48.05	60.31	54.42	60.04	63.76	65.15	64.5	65.26	79.0	71.81	67.19	73.77	77.83	38.14	57.51	38.28	68.99	28.09	59.36	25.82	75.33	19.75	50.21	18.33	57.53
493	16.433	72.89	50.24	73.89	46.97	70.54	47.15	64.14	40.67	61.57	48.1	60.24	54.38	60.16	63.96	65.13	64.23	65.46	79.1	71.74	66.9	73.59	77.84	38.29	57.65	38.59	69.17	28.66	59.64	26.55	75.65	20.25	50.51	19.01	57.89
494	16.467	72.89	50.2	73.8	47.06	70.66	47.17	63.87	40.89	61.79	48.16	60.03	54.47	60.12	63.93	64.9	64.18	65.16	78.95	71.46	67.09	73.28	78.14	38.3	58.04	38.71	69.44	28.77	59.96	26.73	75.75	20.63	51.17	19.32	58.3
495	16.5	73.1	50.45	73.97	47.47	71.02	47.41	63.71	41.33	62.21	48.33	59.74	54.55	60.24	63.94	64.47	64.27	65.19	79.04	71.17	67.07	73.34	78.19	38.04	58.25	38.69	69.6	28.83	60.33	26.94	75.97	20.95	51.92	19.57	58.75
496	16.533	73.22	50.28	74.0	47.41	71.23	47.3	63.42	41.42	62.46	48.37	59.63	54.49	60.31	64.18	64.5	63.8	65.34	79.16	71.29	66.79	73.3	77.69	38.1	58.2	38.9	69.67	29.34	60.08	27.46	75.9	21.06	51.97	19.8	58.69
497	16.567	73.3	50.43	74.02	47.68	71.47	47.45	63.13	41.67	62.83	48.43	59.35	54.59	60.33	64.03	64.26	64.15	65.41	79.13	71.21	66.71	73.6	77.64	37.49	57.99	38.45	69.38	28.95	59.85	27.0	75.48	20.95	51.99	19.42	58.5
498	16.6	73.6	50.59	74.27	47.93	71.85	47.55	63.02	42.01	63.22	48.57	59.12	55.2	60.61	64.14	63.54	65.2	65.57	79.15	71.11	67.07	74.03	77.54	37.25	58.75	38.51	69.96	28.74	60.5	26.83	75.87	21.05	52.35	19.32	58.87
499	16.633	73.8	50.59	74.44	47.91	72.08	47.54	63.09	41.82	63.47	48.45	59.15	54.98	60.88	64.12	63.63	65.06	65.82	79.38	71.09	66.85	73.99	77.54	37.27	58.67	38.7	69.98	29.0	60.53	27.19	76.01	21.25	52.32	19.51	58.82
500	16.667	73.97	50.48	74.58	47.93	72.25	47.51	63.01	42.12	63.67	48.74	59.19	55.33	60.83	64.0	63.59	65.16	65.55	78.57	71.2	66.89	74.01	77.91	36.73	58.64	38.11	69.75	28.0	60.29	26.03	75.51	20.62	52.3	18.68	58.93
501	16.7	74.17	50.43	74.69	47.96	72.41	47.49	62.86	42.38	63.76	48.97	59.1	55.83	60.92	64.1	63.15	65.87	65.63	78.47	71.24	67.07	74.18	78.16	36.87	59.16	38.39	70.08	28.02	60.61	26.05	75.6	20.25	52.45	18.42	59.26
502	16.733	74.28	50.47	74.77	47.96	72.5	47.52	62.85	42.27	63.77	48.96	59.16	55.84	61.04	64.25	63.43	65.72	65.97	78.56	71.48	66.84	74.36	78.05	36.95	59.22	38.52	70.25	27.98	60.29	25.89	75.42	20.11	52.17	18.16	58.96
503	16.767	74.46	50.6	75.01	48.17	72.78	47.6	62.95	42.43	64.1	48.96	59.1	55.75	61.15	64.18	63.07	65.63	65.58	78.55	71.38	66.99	74.26	78.09	36.57	59.24	38.24	70.38	27.37	60.17	25.4	75.41	19.58	52.24	17.57	58.91
504	16.8	74.61	50.88	75.15	48.45	72.92	47.9	62.91	42.61	64.19	49.22	59.12	55.78	61.24	64.12	63.21	65.82	65.91	78.49	71.9	67.13	74.81	78.07	36.43	59.24	38.16	70.38	27.27	60.23	25.29	75.51	19.14	52.59	17.2	59.42
505	16.833	74.71	50.86	75.24	48.47	73.02	47.9	62.86	42.66	64.25	49.28	59.09	55.79	61.29	64.14	63.3	65.83	65.92	78.5	72.0	67.21	74.85	77.83	36.22	59.28	38.04	70.43	26.95	60.41	25.0	75.72	18.56	52.97	16.56	59.7
506	16.867	74.69	50.7	75.21	48.29	72.98	47.75	62.86	42.5	64.23	49.23	59.15	55.66	61.4	64.35	63.44	65.32	66.13	78.53	72.1	67.3	75.1	77.87	36.36	59.12	38.22	70.43	27.26	60.52	25.35	76.08	18.66	53.11	16.69	59.94
507	16.9	73.93	49.52	74.81	47.9	72.46	46.85	63.71	43.15	64.3	48.77	59.51	54.06	60.94	62.98	63.17	63.1	64.71	78.79	72.23	68.04	73.18	80.56	37.74	59.17	39.2	71.04	30.03	60.57	27.44	76.57	23.75	56.32	19.98	61.85
508	16.933	74.19	49.71	74.97	48.03	72.63	47.06	63.2	43.04	64.17	48.95	59.03	53.94	61.05	62.99	62.9	63.08	65.14	78.79	72.6	68.27	73.82	81.38	37.07	60.29	38.97	72.33	28.45	61.47	26.02	77.76	21.03	57.4	17.48	63.17
509	16.967	74.2	49.42	75.03	47.76	72.7	46.81	63.62	43.08	64.52	48.89	59.31	54.11	61.44	62.71	63.12	63.5	65.36	78.45	72.97	68.67	74.48	81.76	37.41	60.37	39.37	72.18	28.54	62.04	26.47	77.96	22.83	59.15	19.29	64.87
510	17.0	74.2	49.67	75.04	47.96	72.68	47.04	63.52	43.12	64.44	49.13	59.37	54.17	61.4	63.22	63.23	62.99	65.32	78.55	73.17	69.0	75.0	81.76	36.86	60.4	38.73	72.57	27.6	62.08	25.41	78.59	21.1	59.13	17.46	65.12
511	17.033	74.0	49.68	74.82	47.86	72.41	47.06	63.32	42.83	64.04	49.06	59.01	53.91	61.19	63.01	63.05	63.18	65.23	78.57	73.02	68.63	74.79	81.47	36.59	60.13	38.57	72.26	27.4	61.53	25.46	77.98	21.36	57.78	17.85	64.03
512	17.067	73.98	49.66	74.78	47.81	72.39	47.03	63.06	42.85	63.93	49.17	58.83	54.16	61.11	63.54	63.34	63.45	65.99	79.3	73.36	68.83	75.51	81.85	36.08	60.1	38.06	72.45	27.09	61.31	24.72	78.02	20.98	57.73	17.04	63.88
513	17.1	73.94	49.93	74.69	48.19	72.37	47.3	62.44	43.18	63.72	49.39	58.06	54.18	60.85	63.43	62.49	63.47	65.95	79.12	72.71	68.59	75.59	81.72	35.32	60.64	37.63	72.9	26.2	61.76	23.86	78.3	19.3	58.33	15.37	64.23
514	17.133	74.16	50.3	74.9	48.59	72.53	47.64	62.28	43.31	63.57	49.51	57.92	53.88	60.49	63.04	62.44	63.29	65.56	78.77	72.61	68.23	75.26	81.2	35.13	60.31	37.33	72.53	26.04	60.66	23.53	77.14	18.08	56.81	14.29	62.66
515	17.167	73.9	50.78	74.74	49.02	72.21	48.08	62.1	43.69	63.18	49.88	57.81	54.24	60.45	63.25	62.68	63.65	66.12	78.8	72.76	68.38	75.83	80.46	34.47	60.88	36.74	73.08	24.7	61.06	22.17	77.54	16.19	57.95	12.37	63.52
516	17.2	74.13	50.95	74.91	49.24	72.42	48.29	62.24	43.89	63.23	50.02	57.86	54.26	60.18	62.95	62.54	63.77	65.61	78.29	72.59	67.99	75.15	80.19	34.94	60.42	36.99	72.37	25.51	60.24	22.84	76.38	17.5	56.83	13.73	62.55
517	17.233	74.02	51.07	74.84	49.27	72.29	48.35	62.33	43.71	63.14	49.88	58.01	54.16	60.27	63.1	62.89	63.42	65.69	78.43	72.98	68.11	75.39	79.88	35.03	60.29	37.02	72.4	25.69	60.59	23.08	77.0	17.35	56.74	13.57	62.52
518	17.267	73.78	50.99	74.59	49.14	72.05	48.26	62.05	43.61	62.9	49.79	57.71	54.12	60.14	63.3	62.78	63.36	65.72	78.79	72.87	67.93	75.08	79.58	35.0	60.74	37.12	72.88	26.11	61.23	23.72	77.68	17.33	57.34	13.83	63.05
519	17.3	73.62	50.68	74.44	48.82	71.87	47.97	62.27	43.44	62.87	49.52	57.9	54.14	60.22	63.03	62.51	63.85	65.43	78.87	72.65	68.04	74.53	79.86	35.82	61.14	37.88	73.04	27.16	61.74	24.86	77.89	18.67	57.37	15.24	63.21
520	17.333	73.38	50.43	74.25	48.55	71.6	47.68	62.47	43.18	62.56	49.06	58.12	53.82	59.86	62.61	62.62	63.55	64.87	78.74	72.23	67.58	73.57	79.8	36.49	60.01	38.13	71.76	28.4	60.86	25.87	76.8	19.87	56.34	16.3	62.08
521	17.367	73.03	50.36	73.92	48.42	71.23	47.6	62.8	43.1	62.42	48.84	58.5	53.95	59.82	62.44	62.78	63.95	64.55	78.86	71.86	67.7	73.2	80.41	37.44	59.38	38.75	70.87	29.46	60.89	26.85	76.45	22.16	55.97	18.25	61.73
522	17.4	73.96	50.91	74.44	48.31	72.08	48.06	62.52	42.43	63.31	49.51	58.79	55.57	60.7	64.0	63.45	66.2	65.41	78.81	71.17	67.39	74.53	78.03	36.11	58.99	37.7	70.02	26.67	60.57	24.89	75.71	18.81	51.85	16.63	58.88
523	17.433	72.89	50.02	73.96	47.96	71.12	47.24	63.66	42.94	62.65	48.64	59.59	54.35	60.02	62.98	64.25	63.95	65.2	79.19	73.06	67.92	73.44	80.51	37.83	59.15	38.49	70.77	29.79	60.41	26.96	76.24	23.87	55.36	20.22	61.24
524	17.467	73.83	50.37	74.44	47.5	71.86	47.57	63.33	41.46	63.07	48.97	59.3	54.8	60.85	64.07	64.5	64.74	66.1	78.66	71.18	66.57	73.83	78.06	36.54	57.08	37.88	68.41	27.85	59.49	26.1	75.02	21.45	50.85	19.48	58.11
525	17.5	73.84	50.19	74.51	47.29	71.83	47.43	63.81	41.32	63.08	48.85	59.78	54.37	61.13	64.27	65.39	63.66	66.49	79.0	71.27	66.44	73.58	78.36	37.35	56.8	38.55	68.36	28.9	59.3	27.14	75.11	22.62	50.97	20.51	57.95
526	17.533	73.86	50.46	74.57	47.6	71.81	47.67	63.96	41.66	63.07	49.02	60.06	54.67	61.18	64.28	65.24	63.86	66.36	78.89	71.66	66.37	73.78	78.22	37.97	57.29	39.02	68.78	29.2	59.39	27.3	75.18	21.89	50.85	19.88	57.91
527	17.567	73.82	50.84	74.57	47.87	71.75	48.01	64.1	41.66	62.88	49.13	60.14	54.54	60.9	64.47	65.43	63.75	66.39	79.19	71.49	66.76	74.17	78.64	37.87	56.82	38.64	68.49	29.43	59.05	27.4	75.1	22.13	50.4	20.27	57.59
528	17.6	73.65	50.97	74.46	48.05	71.57	48.15	64.18	41.92	62.73	49.21	60.11	54.54	60.68	64.09	65.13	63.91	66.09	78.86	71.44	66.81	74.07	79.43	38.09	56.93	38.72	68.38	29.57	59.15	27.41	74.86	22.47	50.7	20.54	57.84
529	17.633	73.59	50.95	74.43	48.03	71.49	48.09	64.21	41.96	62.63	49.11	60.07	54.62	60.62	64.13	64.94	64.04	65.89	79.05	71.58	66.91	73.95	79.44	38.52	57.29	39.15	68.68	30.23	60.16	28.21	75.77	22.92	51.61	21.13	58.69
530	17.667	73.57	50.93	74.39	47.97	71.44	48.05	64.11	41.81	62.62	49.07	60.06	54.7	60.75	64.11	64.87	64.22	65.84	78.95	71.69	66.99	74.03	79.14	38.39	57.66	39.15	69.04	29.67	60.35	27.78	76.01	22.1	51.63	20.37	58.87
531	17.7	73.54	50.76	74.43	47.79	71.37	47.88	64.26	41.65	62.52	48.88	60.38	54.5	60.64	63.84	65.64	64.01	66.15	78.81	72.0	66.57	74.0	78.62	38.01	57.18	38.48	68.55	29.09	60.0	26.81	75.68	21.15	51.58	19.18	58.59
532	17.733	73.57	50.77	74.44	47.88	71.42	47.92	64.17	41.84	62.67	49.04	60.56	54.55	60.68	63.76	65.8	63.85	66.09	78.47	72.53	66.71	74.22	78.33	38.0	57.04	38.4	68.41	28.81	59.31	26.24	75.09	20.4	51.12	18.19	58.22
533	17.767	73.56	50.72	74.41	47.86	71.38	47.9	64.05	41.88	62.61	49.04	60.31	54.61	60.94	63.43	65.41	64.16	66.05	78.1	72.42	66.8	74.26	78.28	38.01	57.88	38.77	69.03	28.2	60.56	26.09	76.02	19.6	52.58	17.42	59.57
534	17.8	73.07	50.2	74.29	48.28	71.12	47.52	64.22	43.31	62.47	48.95	60.33	53.58	60.22	62.46	65.22	62.33	65.08	78.62	73.19	67.58	73.32	80.92	38.91	58.09	39.33	69.76	30.36	60.21	27.42	76.06	23.07	55.96	19.14	61.39
535	17.833	73.23	50.52	74.42	48.63	71.35	47.85	64.19	43.75	62.82	49.33	59.84	54.25	60.41	62.27	64.01	63.74	64.57	78.08	72.82	68.18	73.45	81.05	38.11	60.0	38.95	71.25	28.75	62.87	26.59	78.19	22.97	59.91	19.44	65.66
536	17.867	73.41	51.22	74.63	49.28	71.49	48.39	63.39	43.85	62.44	49.65	59.03	53.96	60.17	62.6	63.38	62.93	64.64	78.09	72.91	68.77	74.2	80.65	36.16	60.71	37.42	72.55	25.45	63.58	23.21	79.83	16.64	61.43	13.19	67.07
537	17.9	73.38	51.36	74.63	49.43	71.42	48.52	63.79	44.13	62.39	49.71	59.42	54.21	59.99	62.37	63.58	63.3	64.18	77.69	72.92	68.78	73.34	80.28	37.06	60.61	37.98	72.06	26.84	63.29	24.48	79.05	18.57	61.06	15.27	66.69
538	17.933	73.56	51.26	74.79	49.34	71.69	48.5	63.9	44.04	62.85	49.86	59.5	54.12	60.24	62.66	63.59	63.22	64.39	78.16	72.93	68.79	73.69	81.45	36.58	60.39	37.55	72.15	26.16	62.66	23.68	78.79	18.93	60.04	15.32	65.97
539	17.967	73.64	51.26	74.81	49.39	71.75	48.5	63.57	44.26	62.78	50.03	59.14	54.63	60.34	63.03	63.36	63.78	64.78	78.35	72.95	68.63	73.47	80.27	36.48	61.69	37.81	73.32	26.28	64.02	24.0	79.99	18.35	61.93	14.98	67.62
540	18.0	73.71	51.22	74.97	49.37	71.81	48.48	64.25	44.41	63.06	50.07	59.87	54.67	60.71	62.92	63.69	63.62	64.7	78.1	73.18	68.84	73.39	80.64	37.38	61.38	38.5	72.95	26.94	63.56	24.63	79.49	19.5	62.13	16.12	67.89
541	18.033	73.79	51.22	75.03	49.39	71.97	48.49	64.17	44.42	63.33	50.12	59.79	54.76	60.89	63.1	63.52	63.79	64.87	78.36	73.24	68.94	73.58	80.82	37.16	61.86	38.46	73.53	26.65	64.06	24.4	80.12	19.45	62.73	16.07	68.55
542	18.067	73.96	51.23	75.18	49.43	72.15	48.5	64.19	44.39	63.44	50.12	59.79	54.56	60.83	63.12	63.55	63.38	64.75	78.39	73.13	68.79	73.52	81.07	37.08	61.58	38.32	73.37	26.65	63.8	24.31	80.0	19.35	62.26	15.93	68.05
543	18.1	73.87	51.58	75.08	49.74	72.01	48.75	63.24	44.3	62.82	50.25	59.02	54.43	60.21	63.58	63.38	63.09	65.19	79.01	72.78	68.31	73.94	80.63	35.28	61.39	36.59	73.67	24.54	62.36	21.55	79.17	14.84	59.61	11.13	65.12
544	18.133	73.89	51.35	75.08	49.55	72.13	48.52	63.44	44.17	63.17	50.02	59.19	54.3	60.32	63.45	63.34	62.89	64.94	78.92	72.95	68.01	73.98	80.77	35.48	60.56	36.71	72.89	25.08	61.04	22.03	77.88	16.04	57.2	12.21	62.83
545	18.167	73.92	51.37	75.14	49.54	72.12	48.53	63.58	44.23	63.08	50.16	59.38	54.49	60.26	64.25	63.42	62.34	64.83	79.47	72.92	67.57	73.36	80.37	36.0	60.68	37.06	73.29	26.17	60.87	22.99	78.16	16.27	56.4	12.62	62.19
546	18.2	73.75	51.39	75.07	49.51	71.92	48.54	63.81	44.22	62.99	50.18	59.68	54.3	60.26	64.12	63.56	61.98	64.43	79.17	72.78	68.26	72.93	80.83	36.17	60.8	37.05	73.41	25.71	61.15	22.51	78.52	16.05	57.53	12.36	63.38
547	18.233	73.89	51.57	75.11	49.7	72.04	48.77	63.75	44.39	63.1	50.35	59.6	54.65	60.21	63.68	63.58	63.31	64.25	78.88	72.96	68.64	73.1	80.66	35.88	61.04	36.76	73.22	25.47	61.63	22.32	78.42	16.5	57.84	12.6	63.83
548	18.267	73.93	51.5	75.12	49.67	72.07	48.65	63.51	44.38	62.9	50.14	59.33	54.76	59.9	63.44	63.64	63.77	64.28	78.87	73.05	68.11	72.76	79.87	35.75	61.24	36.6	73.23	25.36	61.66	22.11	78.09	16.09	57.57	12.3	63.13
549	18.3	73.48	50.94	74.67	49.08	71.66	48.11	63.38	44.02	62.71	49.82	59.27	54.77	59.7	63.69	63.37	63.69	63.77	79.22	72.21	68.11	72.06	80.42	35.79	60.64	36.53	72.68	25.67	60.6	22.29	77.07	17.04	55.81	12.95	61.46
550	18.333	73.76	50.16	74.93	48.46	71.95	47.38	64.03	44.05	63.21	49.4	59.92	55.25	60.24	63.43	63.82	64.87	64.34	79.68	72.73	68.36	72.25	81.49	37.53	61.25	38.22	72.8	28.35	62.49	25.0	78.13	20.48	57.53	16.24	62.75
551	18.367	73.26	49.9	74.49	48.19	71.62	47.06	64.47	43.83	63.4	48.81	60.26	55.03	60.18	63.25	63.75	64.06	63.03	79.32	72.25	67.93	70.74	80.81	38.88	60.33	39.28	71.69	30.45	62.46	27.56	77.81	24.12	57.37	20.16	62.42
552	18.4	73.43	49.86	74.74	48.14	71.89	46.99	64.89	43.62	63.82	48.57	60.29	54.46	60.35	62.51	63.34	64.05	62.46	78.86	72.33	68.19	70.6	81.15	38.53	59.98	39.07	71.31	29.59	63.05	27.14	78.37	24.74	59.95	21.01	65.19
553	18.433	73.43	49.87	74.75	48.13	71.89	46.99	64.96	43.59	63.84	48.54	60.39	54.43	60.38	62.5	63.43	64.03	62.47	78.89	72.35	68.2	70.56	81.28	38.65	59.96	39.14	71.3	29.67	62.95	27.16	78.29	24.9	59.78	21.09	65.04
554	18.467	74.06	51.43	75.24	47.76	71.96	48.0	65.96	40.57	62.99	48.48	60.47	54.16	60.12	65.06	63.77	65.87	60.41	81.73	71.61	68.85	69.5	81.31	38.34	56.11	38.81	67.96	29.54	60.95	27.82	77.15	23.5	49.73	21.74	58.12
555	18.5	73.91	50.85	75.31	48.39	72.22	47.78	65.72	42.89	63.78	48.84	60.92	54.26	60.21	64.02	65.61	62.22	62.19	78.93	72.03	66.97	71.43	81.03	37.66	55.34	37.46	66.96	28.9	59.27	26.79	74.84	23.75	51.42	20.96	57.19
556	18.533	74.28	51.72	75.45	49.12	72.68	48.63	65.16	42.89	64.12	49.4	60.69	54.29	60.05	64.66	65.16	62.66	62.02	79.69	71.59	67.86	71.82	81.91	36.61	54.71	36.46	66.84	28.59	58.1	26.26	74.46	21.98	48.97	19.53	55.63
557	18.567	74.57	51.96	75.65	49.33	73.04	48.9	65.12	42.72	64.5	49.46	60.58	53.84	60.28	64.7	65.54	62.03	61.88	79.74	71.9	68.06	71.86	82.1	36.6	54.55	36.73	66.9	28.7	58.21	26.53	74.78	22.76	48.78	20.02	55.36
558	18.6	74.63	51.79	75.84	49.34	73.25	48.77	65.47	43.0	65.02	49.54	60.83	53.62	60.62	64.46	65.15	61.63	61.72	79.49	71.22	68.16	70.42	83.2	36.04	53.61	36.21	65.98	27.59	56.88	25.13	73.5	22.51	48.63	19.37	55.05
559	18.633	74.91	51.63	76.02	49.33	73.6	48.63	65.3	43.16	65.51	49.61	60.86	54.07	61.0	64.55	64.75	61.71	61.23	79.01	71.16	68.04	69.58	82.98	36.01	54.13	36.5	66.35	27.19	56.85	24.9	73.31	21.44	48.57	18.4	55.0
560	18.667	75.1	51.35	76.21	49.11	73.76	48.34	65.27	43.01	65.53	49.43	60.94	54.01	61.05	64.5	64.4	61.82	61.51	79.1	71.23	67.93	69.72	82.64	36.2	54.1	36.66	66.43	27.28	56.24	24.63	72.94	20.5	47.92	17.36	54.47
561	18.7	75.12	51.26	76.21	49.0	73.81	48.25	65.23	43.01	65.68	49.48	61.12	54.13	61.1	64.73	65.01	61.86	62.0	79.34	71.46	68.16	70.72	82.59	35.66	53.82	35.97	66.3	26.54	55.57	23.69	72.49	20.12	47.2	16.73	53.75
562	18.733	75.17	51.88	76.13	49.53	73.86	48.87	64.68	43.14	65.66	49.97	60.72	54.3	61.08	64.95	64.59	62.22	61.96	79.26	71.48	68.49	71.18	82.39	35.14	54.02	35.75	66.6	25.78	55.29	23.05	72.43	18.99	46.65	15.84	53.72
563	18.767	76.02	51.69	77.1	50.05	74.84	48.82	65.39	44.04	66.41	50.04	60.83	53.23	61.15	64.12	64.05	61.33	62.17	80.44	73.03	69.04	70.6	84.01	36.13	55.68	36.82	69.13	28.35	56.47	24.72	74.7	22.14	51.05	17.25	57.45
564	18.8	75.13	51.94	76.14	50.42	73.98	49.13	64.35	44.58	65.49	50.22	59.58	53.58	60.5	63.92	62.61	61.44	61.98	79.7	71.34	67.24	69.7	82.25	36.11	56.23	37.15	69.05	28.82	57.35	25.53	74.62	22.32	52.32	17.8	58.12
565	18.833	74.43	51.7	75.45	50.15	73.06	48.88	63.77	44.79	64.42	50.2	59.37	54.4	60.02	64.23	62.77	62.18	62.06	79.83	71.87	67.47	69.69	81.5	36.8	58.92	37.76	71.31	29.39	60.24	26.17	77.0	20.8	55.34	16.84	60.81
566	18.867	73.86	51.57	74.82	49.74	72.38	48.73	63.27	44.12	63.72	49.96	58.91	54.33	59.8	64.43	62.75	62.86	62.49	80.68	71.82	67.73	70.17	82.02	36.42	59.36	37.58	71.81	29.31	60.99	26.33	77.87	20.9	55.67	17.12	61.58
567	18.9	73.38	50.69	74.34	48.88	71.89	47.94	63.04	43.67	63.56	49.55	58.74	54.12	60.02	63.99	62.42	62.56	62.23	80.07	71.78	67.56	70.03	82.44	36.45	59.45	37.93	71.7	29.07	61.66	26.58	78.29	20.92	56.41	17.2	62.49
568	18.933	73.05	49.84	74.0	48.03	71.55	47.14	63.04	43.26	63.31	49.06	58.87	54.08	59.75	64.02	62.73	62.2	62.2	79.94	71.5	66.89	69.42	81.7	37.1	58.79	38.25	70.92	29.87	60.69	27.17	77.15	22.57	55.23	18.81	61.16
569	18.967	72.76	49.25	73.7	47.39	71.21	46.56	62.97	42.62	62.94	48.42	58.81	53.64	59.36	63.42	62.75	62.22	61.77	79.7	70.77	67.14	68.95	82.37	37.22	58.08	38.1	70.02	30.02	60.55	27.11	76.67	23.51	54.61	19.33	60.46
570	19.0	72.85	49.17	73.78	47.25	71.33	46.43	63.02	42.3	63.02	48.14	58.69	53.34	59.4	63.25	62.62	62.2	61.9	79.8	71.0	66.94	69.28	81.96	37.07	57.82	38.04	69.88	29.98	60.25	27.32	76.55	23.86	54.54	19.94	60.53
571	19.033	72.98	49.19	73.97	47.19	71.43	46.36	63.42	42.18	63.12	47.96	59.26	53.37	59.4	63.28	63.57	62.49	62.25	80.26	71.97	67.52	69.88	82.47	37.31	57.54	37.89	69.71	30.25	59.79	27.22	76.25	24.15	54.14	20.11	60.13
572	19.067	73.12	49.03	74.01	47.15	71.61	46.26	63.12	42.42	63.31	48.18	58.99	53.9	59.45	63.37	62.9	63.36	62.13	80.19	71.3	68.41	69.81	83.61	36.95	57.72	37.75	69.65	29.84	60.12	26.83	76.23	23.75	54.39	19.65	60.39
573	19.1	73.46	49.93	74.21	47.63	71.92	46.9	62.81	42.07	63.59	48.33	58.82	54.68	59.6	63.42	61.95	64.32	60.38	78.45	70.01	67.55	69.73	81.76	35.82	56.45	36.77	67.54	26.75	60.12	24.96	75.22	18.99	51.17	16.68	58.08
574	19.133	73.46	49.87	74.21	47.52	71.92	46.85	62.9	41.93	63.64	48.3	58.98	54.43	59.66	63.47	62.21	63.96	60.36	78.7	69.76	67.68	69.48	82.5	35.83	56.13	36.7	67.36	26.67	59.77	24.79	75.05	19.05	50.8	16.59	57.71
575	19.167	73.48	50.11	74.22	47.76	71.93	47.08	62.91	42.06	63.67	48.39	59.09	54.48	59.7	63.32	62.05	64.2	60.14	78.67	69.66	67.93	69.18	82.81	36.08	56.24	36.93	67.38	26.7	59.69	24.71	74.89	18.61	50.67	16.08	57.65
576	19.2	73.97	50.46	74.74	48.22	72.53	47.48	63.06	42.3	63.85	48.76	58.1	54.39	59.38	63.5	61.95	65.18	60.81	80.05	70.5	69.3	70.59	83.91	34.39	55.9	35.72	67.28	26.34	59.89	24.56	75.22	19.77	51.41	16.94	58.32
577	19.233	73.92	50.39	74.68	48.08	72.42	47.36	63.01	42.14	63.56	48.66	58.11	54.48	59.18	63.94	62.23	64.83	60.79	80.43	70.65	68.86	70.73	83.7	34.66	56.05	35.83	67.61	26.69	59.97	24.81	75.52	19.77	51.14	16.95	58.0
578	19.267	72.76	48.59	73.47	46.61	71.18	45.85	62.06	41.51	62.67	47.61	58.09	53.07	58.94	62.8	62.37	62.86	61.61	79.89	71.03	68.7	69.59	83.97	36.27	58.04	37.37	70.03	29.17	60.58	26.2	76.79	21.97	54.25	17.76	60.46
579	19.3	72.64	47.99	73.32	46.02	71.06	45.26	61.77	41.04	62.5	47.2	57.63	52.75	58.93	62.39	61.42	62.94	61.92	79.52	70.0	68.9	70.3	84.23	35.93	57.62	37.26	69.58	28.67	60.03	25.8	76.16	21.54	53.65	17.33	59.95
580	19.333	72.6	47.71	73.28	45.6	70.94	45.04	61.88	40.89	62.53	47.49	58.16	53.47	59.31	63.22	62.15	63.72	62.7	80.16	70.43	70.44	71.13	85.6	35.35	58.13	36.54	70.31	26.99	59.58	23.95	76.21	20.33	53.85	15.87	60.72
581	19.367	72.67	48.17	73.31	45.99	70.93	45.46	61.54	41.0	62.29	47.71	57.1	53.38	59.32	62.65	61.24	64.71	62.93	79.92	70.64	70.91	73.39	85.78	34.44	59.06	36.32	71.01	26.12	62.05	24.22	78.21	20.49	56.3	16.4	63.44
582	19.4	72.18	48.27	72.77	46.26	70.52	45.57	60.81	41.29	61.84	47.55	56.45	53.19	58.77	62.29	60.66	64.12	62.42	79.45	69.31	69.69	71.82	84.01	34.66	59.15	36.61	70.77	26.49	62.25	24.66	77.87	19.94	56.79	16.25	62.96
583	19.433	72.25	48.32	72.78	46.35	70.59	45.58	60.25	41.35	61.7	47.61	55.82	53.21	58.55	62.23	60.0	64.31	62.19	79.4	68.78	69.35	71.65	83.59	33.94	58.96	36.23	70.5	25.87	62.08	24.34	77.54	18.32	56.78	15.05	62.84
584	19.467	71.99	47.96	72.6	45.99	70.33	45.26	60.57	41.12	61.7	47.34	56.17	52.99	58.68	61.94	60.19	63.84	62.04	78.98	68.57	69.08	70.86	83.66	34.34	59.24	36.49	70.67	25.97	62.6	24.53	77.95	19.27	57.68	16.1	63.73
585	19.5	72.09	47.85	72.61	45.74	70.4	45.06	60.32	40.53	61.71	46.98	56.04	52.85	58.9	62.1	60.43	63.9	62.21	79.41	69.44	69.19	71.56	83.42	34.21	59.57	36.65	71.26	25.87	63.14	24.79	78.83	18.43	57.23	15.45	63.53
586	19.533	72.04	47.65	72.65	45.57	70.34	44.88	60.99	40.53	61.76	46.76	56.72	52.58	58.88	61.96	60.6	63.39	61.76	79.51	69.25	68.9	70.29	83.45	35.76	59.09	37.72	70.74	28.23	62.68	26.68	78.39	20.98	57.02	17.69	63.35
587	19.567	72.03	47.97	72.58	45.81	70.33	45.17	60.66	40.49	61.58	46.94	56.64	52.74	58.64	62.57	61.02	63.24	62.26	80.01	69.8	68.86	70.72	83.71	35.22	58.54	37.04	70.56	27.9	60.92	25.64	77.14	19.78	53.96	16.14	60.38
588	19.6	72.26	47.91	72.87	45.67	70.5	45.11	61.39	40.36	61.81	46.86	57.22	52.75	58.84	62.33	61.48	63.6	62.11	79.84	70.03	68.96	70.74	83.65	35.82	58.51	37.36	70.39	28.47	60.88	26.18	76.93	21.8	53.42	17.82	60.12
589	19.633	72.93	48.9	73.2	46.1	71.19	45.9	61.28	40.14	62.58	47.68	57.93	54.23	59.36	64.83	62.24	64.14	62.06	80.57	69.26	68.37	71.21	81.92	35.47	56.78	36.89	68.76	27.27	59.67	25.56	76.08	18.62	49.51	16.59	57.23
590	19.667	73.1	49.17	73.44	46.41	71.29	46.21	61.56	40.64	62.56	48.04	57.79	54.57	59.49	64.63	62.49	64.97	62.46	80.41	69.82	68.88	72.19	81.84	35.37	57.98	36.92	69.66	26.95	61.41	25.75	77.31	19.29	51.6	17.39	59.06
591	19.7	72.95	49.31	73.3	46.5	71.16	46.46	61.86	40.64	62.5	48.13	58.13	54.1	59.43	64.63	63.02	64.3	63.02	80.81	69.59	67.68	71.56	81.9	36.16	56.67	37.42	68.46	28.55	59.7	27.02	75.73	21.23	50.54	19.47	57.98
592	19.733	73.12	49.37	73.59	46.64	71.32	46.47	62.27	40.88	62.66	48.07	58.41	54.08	59.62	64.28	63.13	64.46	63.08	80.71	69.64	67.88	71.76	82.15	36.43	56.96	37.6	68.61	28.36	60.42	26.77	76.19	21.2	51.26	19.1	58.31
593	19.767	73.29	49.47	73.75	46.79	71.52	46.55	62.14	40.97	62.81	48.12	58.11	54.22	59.62	63.75	62.5	65.23	62.84	80.04	69.46	68.09	71.63	82.05	35.76	56.87	37.14	68.25	27.22	59.81	25.63	75.21	20.62	50.67	18.46	57.82
594	19.8	73.48	49.45	74.0	46.87	71.65	46.53	62.48	41.2	62.95	48.13	58.54	54.46	59.82	63.37	62.44	65.65	62.45	79.57	69.64	68.43	71.5	82.19	36.15	57.36	37.39	68.47	26.82	60.19	25.22	75.3	19.51	50.8	17.27	57.91
595	19.833	73.67	49.54	74.2	47.01	71.89	46.61	62.45	41.28	63.2	48.08	58.45	54.36	59.88	62.99	62.6	65.82	62.63	79.34	70.15	68.57	72.36	81.94	35.71	57.72	37.04	68.75	26.25	61.04	24.78	76.03	18.84	52.27	16.59	59.19
596	19.867	73.78	50.23	74.39	47.7	72.11	47.19	62.63	41.65	63.47	48.32	58.6	54.45	60.0	63.46	62.74	65.4	62.48	79.79	69.97	68.57	71.96	81.93	35.52	58.03	36.85	69.32	26.08	61.21	24.48	76.51	18.24	52.5	15.78	59.09
597	19.9	73.53	49.35	74.27	47.61	71.91	46.63	62.15	42.63	63.11	48.46	57.92	53.66	59.69	62.64	62.21	64.13	63.56	79.97	70.71	68.99	71.85	83.5	35.74	59.56	37.38	71.36	27.48	60.71	24.67	76.5	20.0	55.64	15.7	61.04
598	19.933	73.73	49.44	74.44	47.69	72.04	46.74	61.89	42.6	63.06	48.62	57.78	53.46	59.93	62.4	61.92	64.12	63.53	79.74	70.67	69.5	72.0	83.65	35.41	60.68	37.4	72.53	25.95	62.23	23.44	78.18	17.02	58.37	12.86	63.83
599	19.967	74.13	49.63	74.84	47.96	72.48	46.9	61.88	42.78	63.33	48.68	57.63	53.43	59.96	62.17	62.11	64.17	64.0	79.39	71.08	69.74	73.18	83.39	34.67	60.6	36.7	72.47	24.7	62.47	22.14	78.39	15.97	59.11	11.66	64.24
600	20.0	74.04	49.76	74.72	48.05	72.36	47.05	61.58	42.69	63.1	48.82	57.32	53.29	59.89	62.37	62.13	63.86	64.33	79.54	71.33	69.57	74.0	83.39	34.31	60.24	36.53	72.33	24.58	61.78	22.06	77.93	15.36	57.39	11.01	62.62
601	20.033	74.02	49.93	74.76	48.22	72.34	47.15	61.76	42.86	63.05	48.75	57.31	53.32	59.98	62.11	61.92	64.07	64.69	79.38	72.0	70.21	74.28	84.0	34.88	60.64	37.15	72.59	25.35	62.43	22.95	78.43	16.09	59.32	12.09	64.51
602	20.067	74.68	51.33	75.23	49.19	73.17	48.53	62.68	43.22	64.32	49.72	58.25	54.91	60.14	63.05	63.13	66.47	63.55	79.44	72.27	70.07	74.68	82.12	34.62	58.76	36.28	69.79	25.26	61.85	23.06	76.82	17.36	55.24	13.73	61.6
603	20.1	74.82	51.54	75.51	49.53	73.39	48.71	63.08	43.74	64.67	49.8	58.46	55.05	60.24	62.65	63.11	66.96	63.75	79.31	72.4	69.95	75.01	82.04	34.5	58.51	36.04	69.27	25.47	62.36	23.33	76.95	17.98	56.52	14.44	62.66
604	20.133	74.16	49.91	75.02	48.53	72.82	47.2	63.13	43.75	64.43	48.74	58.64	53.6	60.46	61.82	62.32	63.98	64.15	79.08	71.5	69.33	72.94	83.32	36.87	59.15	38.49	70.62	29.03	61.77	26.24	77.04	22.3	59.58	18.01	64.26
605	20.167	74.5	49.94	75.45	48.36	73.24	47.11	63.86	42.88	64.71	48.18	58.83	52.41	60.29	61.68	62.32	62.27	63.49	78.84	70.68	68.48	71.94	82.7	36.75	56.68	38.08	68.71	29.54	58.2	26.74	74.19	24.63	54.93	20.36	59.96
606	20.2	74.7	50.65	75.22	48.49	73.36	47.73	62.7	42.59	64.91	48.94	58.38	54.0	60.77	63.23	62.23	64.3	63.43	79.11	70.56	67.02	72.58	81.04	35.9	56.59	37.9	68.0	27.61	58.25	26.02	73.55	20.88	51.26	18.69	57.62
607	20.233	74.79	50.56	75.3	48.47	73.36	47.71	62.66	42.81	64.86	49.07	58.41	54.41	61.01	62.88	62.13	65.29	63.78	78.76	70.74	67.79	73.19	81.1	35.96	57.96	38.08	68.99	26.81	59.93	25.37	74.8	19.54	53.47	17.27	59.73
608	20.267	74.81	50.71	75.39	48.63	73.35	47.84	62.96	42.95	64.85	49.14	58.65	54.41	60.98	62.69	62.31	65.18	63.84	78.31	70.64	68.28	73.7	81.42	35.86	57.49	37.73	68.49	26.5	59.44	24.8	74.25	19.59	52.89	16.9	59.1
609	20.3	74.45	49.95	75.38	48.43	73.16	47.16	63.56	43.24	64.64	48.56	58.45	52.87	60.65	62.0	61.91	62.76	63.74	79.07	71.34	69.02	72.15	83.26	36.85	57.88	38.82	69.83	29.42	59.36	26.98	75.21	23.67	56.62	19.55	61.54
610	20.333	74.94	51.11	75.45	49.03	73.63	48.19	62.56	43.17	65.18	49.36	57.99	54.5	61.22	63.02	61.58	65.74	64.26	79.02	70.48	68.59	74.36	81.27	35.4	58.25	37.87	69.38	26.57	60.02	25.31	74.95	19.84	53.93	17.52	60.07
611	20.367	75.12	51.02	75.61	49.01	73.81	48.15	62.61	43.27	65.28	49.42	58.09	54.68	61.3	63.07	61.78	65.91	64.34	79.01	70.87	68.26	74.33	80.87	35.53	58.62	38.0	69.68	26.66	60.61	25.37	75.44	19.67	54.61	17.28	60.65
612	20.4	75.21	50.71	75.72	48.85	73.91	47.87	62.56	43.45	65.41	49.37	58.07	54.72	61.21	62.85	61.61	66.15	64.14	78.95	71.13	68.37	74.21	80.88	35.64	59.67	38.13	70.55	26.85	61.91	25.59	76.5	19.55	56.95	17.42	62.84
613	20.433	75.43	50.72	75.86	48.88	74.21	47.88	62.39	43.4	65.75	49.4	57.87	54.73	61.34	62.84	61.37	66.26	64.28	78.83	71.0	67.99	74.18	80.77	35.3	59.07	38.04	69.96	26.82	60.97	25.59	75.51	19.93	55.54	17.87	61.54
614	20.467	75.6	50.6	75.85	48.69	74.39	47.8	62.1	43.18	65.93	49.44	57.7	54.86	61.61	63.21	61.33	66.73	64.95	79.44	70.74	67.48	74.02	80.55	35.38	58.88	38.5	69.83	27.59	60.46	26.44	75.05	20.89	54.73	18.99	60.92
615	20.5	75.68	51.22	75.87	49.37	74.61	48.38	61.74	43.62	66.31	49.89	57.57	55.06	61.73	63.74	61.04	66.39	64.44	79.57	70.72	67.75	73.79	80.16	35.06	59.33	38.41	70.52	27.16	60.73	26.08	75.68	19.59	54.75	17.79	60.96
616	20.533	75.59	51.14	75.73	49.35	74.55	48.35	61.59	43.81	66.39	49.91	57.5	55.21	61.94	63.7	60.93	66.71	64.78	79.77	70.59	67.7	73.64	80.06	35.47	59.99	39.02	70.96	27.9	61.93	27.01	76.6	20.14	56.52	18.53	62.52
617	20.567	75.5	50.96	75.61	49.29	74.52	48.24	61.54	44.02	66.51	49.94	57.65	55.02	62.05	63.78	61.14	65.79	64.95	79.64	70.42	67.42	73.3	79.99	35.97	59.51	39.5	70.54	28.66	61.48	27.61	76.23	20.39	56.24	18.69	61.93
618	20.6	75.5	50.98	75.63	49.28	74.56	48.25	61.72	43.9	66.58	49.9	57.84	54.79	61.94	63.77	61.33	65.12	64.79	79.33	69.87	66.91	72.95	80.01	35.71	57.82	38.98	68.99	28.58	59.3	27.13	74.2	20.75	52.84	18.6	58.57
619	20.633	75.54	51.06	75.61	49.45	74.7	48.36	61.41	44.14	66.84	50.02	57.5	54.86	61.95	63.68	61.12	65.29	64.7	79.29	69.82	66.78	72.81	80.03	35.33	58.16	38.85	69.19	28.39	59.62	27.1	74.28	20.89	53.58	18.84	59.11
620	20.667	75.45	50.97	75.51	49.34	74.71	48.25	61.38	43.9	67.09	49.76	57.68	54.38	62.11	63.62	61.47	64.26	64.81	79.18	70.09	66.71	72.9	80.18	35.5	57.8	39.03	69.04	28.88	59.41	27.49	74.36	21.08	53.73	19.0	59.19
621	20.7	75.49	50.57	75.61	49.05	74.76	47.81	61.67	43.9	67.3	49.45	58.01	54.57	62.35	63.35	61.51	64.61	64.9	78.99	70.49	67.43	73.37	80.49	35.75	58.27	39.17	69.39	28.58	59.69	27.09	74.49	20.62	54.22	18.35	59.44
622	20.733	75.57	50.7	75.65	49.1	74.93	47.91	61.52	43.69	67.56	49.38	57.75	54.25	62.59	63.37	61.5	64.45	65.35	79.24	70.62	67.75	73.75	81.15	35.37	58.75	39.14	70.05	28.32	60.07	27.04	75.05	20.76	54.87	18.66	60.09
623	20.767	75.75	50.57	75.86	49.14	75.23	47.69	61.5	43.95	68.0	49.24	57.82	54.82	62.61	63.15	61.4	65.63	65.39	79.28	70.37	67.89	73.78	81.01	34.33	58.41	38.05	69.43	27.13	59.81	25.47	74.36	19.5	54.81	16.98	59.57
624	20.8	76.07	51.0	76.24	49.72	75.72	47.98	61.35	44.47	68.59	49.51	57.7	55.22	62.85	63.61	61.23	65.74	65.28	79.58	70.56	68.81	74.49	80.98	33.24	59.48	37.22	70.76	25.23	60.97	23.46	75.8	16.75	56.7	13.96	60.87
625	20.833	76.93	51.1	77.58	50.54	76.68	48.25	64.01	45.49	69.58	49.55	59.07	53.54	63.18	62.08	60.48	63.2	64.64	79.5	70.27	69.04	73.25	83.31	35.6	59.6	38.65	71.81	28.16	61.26	25.17	77.31	20.42	61.34	15.81	64.72
626	20.867	77.17	50.93	77.82	50.36	76.94	48.06	64.09	45.16	69.85	49.31	59.15	53.16	63.44	62.07	60.61	62.71	64.96	79.59	70.71	69.13	73.82	83.12	35.6	59.78	38.77	72.24	28.59	61.42	25.66	77.84	20.11	61.05	15.52	64.55
627	20.9	76.76	50.81	77.4	50.19	76.58	47.97	64.08	44.98	69.81	49.2	59.39	52.8	63.43	62.11	60.76	61.87	64.73	79.58	70.4	68.93	73.47	83.14	36.03	58.95	39.02	71.54	29.31	60.51	26.25	77.18	20.92	59.9	16.21	63.54
628	20.933	76.06	51.14	76.76	50.4	75.91	48.28	64.43	45.01	69.57	49.05	59.86	52.52	63.26	61.85	60.95	61.56	64.3	79.74	69.96	68.86	72.76	83.68	37.21	58.21	39.71	70.63	30.99	60.45	27.8	76.95	23.32	59.24	18.56	62.98
629	20.967	75.54	50.46	76.25	49.72	75.39	47.66	64.42	44.63	69.36	48.59	60.06	52.21	63.26	61.47	60.95	61.19	64.35	79.52	69.41	68.31	72.51	83.27	37.91	57.96	40.29	70.21	31.91	60.45	28.75	76.71	24.38	59.27	19.66	62.89
630	21.0	75.92	50.52	76.6	49.8	75.83	47.69	64.64	44.79	69.87	48.62	60.09	52.72	63.55	61.52	61.06	62.36	65.06	79.85	69.91	68.52	72.97	83.54	37.75	58.38	40.25	70.46	31.98	60.38	28.71	76.35	25.38	59.21	20.63	62.73
631	21.033	75.34	51.48	75.4	50.23	75.33	48.43	61.19	45.1	69.14	49.6	57.88	54.97	62.82	63.5	61.32	65.1	65.75	79.82	70.38	68.18	74.39	80.9	34.39	58.37	38.08	69.53	28.3	59.39	26.0	74.04	20.41	54.87	17.72	58.71
632	21.067	75.33	50.8	75.34	49.52	75.21	47.83	61.18	44.69	68.89	49.32	57.82	55.09	62.93	63.46	61.41	65.94	66.43	80.26	70.64	68.05	74.55	80.74	34.7	58.95	38.5	70.0	28.71	59.69	26.47	74.17	21.17	54.96	18.47	58.9
633	21.1	75.44	51.17	75.45	49.88	75.37	48.14	61.22	44.9	69.15	49.4	57.78	55.33	63.2	63.49	61.29	66.43	66.61	80.42	70.97	68.0	74.62	80.23	34.65	59.64	38.67	70.63	28.53	60.5	26.5	74.93	20.78	55.89	18.32	59.74
634	21.133	75.67	51.39	75.6	50.09	75.61	48.38	61.14	45.01	69.36	49.69	57.86	55.53	63.29	63.86	61.17	66.29	66.4	80.46	70.88	68.17	74.13	80.95	34.69	60.03	38.75	71.12	28.48	60.61	26.31	75.25	20.36	55.97	17.9	60.11
635	21.167	75.66	51.21	75.63	49.93	75.68	48.17	61.39	44.94	69.65	49.59	58.19	55.52	63.45	64.12	61.59	65.89	66.3	80.6	70.7	68.22	74.4	80.78	34.46	59.23	38.41	70.53	28.11	60.0	25.9	74.84	20.29	55.16	17.62	59.04
636	21.2	76.57	50.49	77.2	49.93	76.66	47.64	64.79	45.25	70.82	49.07	60.27	53.41	64.17	62.19	61.41	62.93	65.75	80.14	70.79	69.91	74.14	84.39	36.92	58.24	39.78	70.59	30.49	59.41	27.09	75.67	23.77	58.85	18.84	62.04
637	21.233	77.14	50.92	77.83	50.35	77.19	47.99	64.58	45.45	70.91	49.51	60.0	53.39	64.3	62.89	62.21	62.51	66.35	80.7	72.18	70.51	76.06	84.28	34.96	58.2	38.06	71.22	27.66	59.58	24.33	76.75	19.93	59.26	14.62	62.37
638	21.267	76.81	51.34	77.34	50.76	76.83	48.4	63.84	45.63	70.48	49.6	59.23	53.77	63.77	62.09	61.19	63.72	65.75	79.68	71.84	70.58	75.92	84.78	34.72	59.17	38.04	71.51	27.23	60.57	23.93	76.76	19.93	60.51	14.85	63.75
639	21.3	76.64	51.89	77.14	51.19	76.57	48.91	63.37	45.9	69.92	50.14	59.07	54.14	63.32	63.14	61.24	63.14	65.59	80.06	71.38	70.16	75.65	84.02	34.33	59.02	37.39	71.73	26.68	59.6	23.08	76.4	18.38	58.45	13.13	61.99
640	21.333	76.57	51.73	77.04	51.1	76.56	48.82	63.76	46.03	70.32	49.99	59.45	53.96	63.67	62.6	61.36	63.33	65.46	80.02	71.76	70.06	75.16	83.99	35.8	59.13	38.86	71.46	29.13	60.71	25.87	77.04	21.19	60.38	16.27	63.92
641	21.367	76.09	53.47	76.15	52.35	76.29	50.25	61.25	46.7	70.32	51.03	58.16	56.27	63.52	64.53	60.77	66.12	65.48	80.44	70.51	69.47	75.14	81.53	33.0	60.33	37.07	71.75	25.16	60.7	22.56	75.79	15.47	57.12	12.46	60.7
642	21.4	76.28	51.76	76.82	51.19	76.27	48.89	63.59	46.21	70.07	50.02	59.14	54.02	63.6	62.25	60.94	63.55	65.49	79.58	71.26	69.78	74.63	83.96	35.38	59.92	38.65	71.98	28.36	60.71	25.11	76.61	20.48	60.64	15.57	63.83
643	21.433	76.38	52.42	77.03	51.84	76.34	49.5	64.24	46.57	70.11	50.2	59.63	54.02	63.68	62.02	61.03	63.72	65.34	79.59	71.21	70.21	74.34	84.54	36.23	59.69	39.23	71.63	29.32	60.4	26.0	76.16	21.53	60.47	16.75	63.61
644	21.467	76.22	52.66	76.82	52.04	76.16	49.78	64.35	46.63	69.88	50.3	59.7	53.89	63.35	61.99	60.89	63.22	64.99	79.12	70.17	69.02	73.33	83.09	37.06	58.77	39.72	70.59	30.84	59.46	27.53	75.02	24.0	58.46	19.35	61.74
645	21.5	75.14	54.38	75.16	53.16	75.13	51.35	60.96	47.48	68.79	51.88	57.73	56.42	62.44	64.43	60.69	66.1	65.44	79.87	69.48	68.72	74.0	81.81	34.38	59.76	37.83	70.72	27.29	59.72	24.61	74.1	18.95	55.33	16.12	59.06
646	21.533	74.82	54.98	74.82	53.79	74.99	51.91	60.58	47.98	68.89	52.3	57.4	56.66	62.25	64.87	60.27	65.72	64.78	79.75	69.36	68.54	73.79	81.3	34.09	59.24	37.64	70.32	27.22	58.78	24.62	73.26	18.93	53.74	16.3	57.42
647	21.567	74.34	55.06	74.31	53.73	74.55	52.05	60.62	47.81	68.74	52.27	57.47	56.18	62.07	65.22	60.49	65.05	64.61	80.7	69.1	67.84	72.79	81.59	34.74	58.9	38.08	70.24	28.99	59.19	26.4	74.06	21.42	54.07	18.9	58.01
648	21.6	74.27	54.71	74.21	53.32	74.53	51.73	61.06	47.49	68.95	51.99	58.11	55.67	62.01	65.5	61.18	64.0	64.62	81.3	69.43	68.07	72.7	82.49	35.67	58.22	38.47	69.94	30.9	59.12	27.79	74.6	23.66	54.09	20.84	58.33
649	21.633	74.32	55.84	74.02	54.07	74.77	52.7	60.51	47.81	69.45	52.49	58.48	56.32	61.87	65.73	62.1	66.87	64.31	81.87	70.69	70.11	72.37	80.89	36.01	58.69	38.8	69.55	31.55	60.3	28.93	74.72	24.13	54.47	23.17	59.09
650	21.667	74.34	55.51	74.05	53.7	74.74	52.4	60.62	47.5	69.61	52.29	58.68	55.94	62.26	65.49	62.31	66.59	64.24	81.78	71.09	70.23	72.46	80.6	36.51	59.57	39.47	70.43	31.94	61.6	29.87	76.08	24.37	55.97	23.94	60.76
651	21.7	75.11	54.2	74.75	52.49	75.52	51.18	60.96	46.83	70.33	51.8	58.95	55.64	62.59	65.57	62.3	65.91	64.45	81.7	71.36	69.57	72.25	80.16	36.33	58.97	39.35	70.16	31.74	59.67	29.04	74.67	24.52	54.07	23.28	59.21
652	21.733	75.42	54.87	75.12	53.23	75.8	51.85	61.29	47.3	70.4	52.18	59.24	55.65	62.71	65.42	62.58	65.41	64.3	81.11	71.24	69.84	72.75	80.52	36.57	58.43	39.47	69.53	31.73	59.54	28.87	74.38	23.96	54.1	22.14	58.9
653	21.767	75.87	55.75	75.57	54.24	76.24	52.6	62.01	47.51	70.56	51.83	59.31	55.58	62.59	64.3	60.66	65.89	63.3	79.75	70.82	69.39	72.21	79.87	38.19	60.21	41.2	70.71	34.57	61.15	31.76	75.13	25.73	55.43	25.23	60.12
654	21.8	75.88	54.91	75.94	53.88	76.21	51.89	61.4	48.24	70.48	52.7	58.08	56.63	63.28	65.36	60.58	65.14	64.55	79.82	70.03	69.07	73.82	81.35	33.44	59.72	37.3	71.25	25.99	60.02	23.85	75.2	18.08	55.94	15.85	59.81
655	21.833	76.74	54.41	77.29	53.92	76.9	51.65	64.44	48.45	70.82	52.26	59.77	55.0	63.6	63.31	61.34	63.71	64.96	79.62	71.43	69.56	74.39	82.92	35.76	59.58	38.45	71.77	29.02	60.32	25.8	76.44	23.2	59.38	18.42	62.98
656	21.867	76.85	54.82	77.38	54.4	76.93	51.94	63.92	48.72	70.42	52.33	59.44	55.0	63.24	63.05	61.3	63.55	65.33	79.14	71.11	69.29	74.61	82.51	34.93	59.66	37.61	71.78	27.79	60.16	24.15	76.09	19.83	58.86	14.95	61.87
657	21.9	75.93	56.71	76.24	55.72	76.07	53.72	61.17	49.76	69.55	54.12	57.86	57.82	62.19	65.78	61.7	66.27	64.59	80.07	70.99	69.89	74.9	80.05	30.22	61.14	33.35	72.56	21.25	61.29	17.49	76.7	12.38	58.21	7.21	62.11
658	21.933	77.07	54.38	77.67	53.79	77.05	51.29	63.57	47.8	70.36	51.63	58.96	55.04	63.88	63.04	60.73	64.6	65.93	79.86	71.63	70.39	76.2	82.79	33.24	61.52	36.75	73.88	24.24	63.17	21.39	79.6	14.65	63.61	10.04	66.75
659	21.967	77.75	54.53	78.4	53.97	77.67	51.41	64.06	47.86	70.56	51.74	59.3	55.09	63.83	63.13	61.28	64.43	65.99	79.66	71.86	70.25	76.3	82.61	33.13	61.01	36.4	73.49	24.19	62.5	21.05	79.0	14.67	62.26	9.89	65.29
660	22.0	77.98	54.35	78.63	53.8	77.84	51.35	64.76	48.05	70.86	51.99	60.06	55.5	64.2	63.73	61.81	64.36	66.1	80.04	72.64	70.37	76.09	82.96	34.9	61.32	37.97	73.84	26.84	62.4	23.66	79.05	17.58	62.51	13.11	65.95
661	22.033	78.21	54.81	78.87	54.28	78.05	51.83	64.99	48.42	70.93	52.36	60.15	55.48	64.14	63.83	61.72	64.07	65.76	80.01	72.49	70.35	75.82	83.3	35.41	61.24	38.34	73.79	27.62	62.1	24.46	78.78	18.4	61.72	13.94	65.26
662	22.067	78.46	55.48	79.14	54.99	78.31	52.48	65.16	48.94	71.05	52.89	60.25	55.57	64.06	64.14	61.98	63.76	65.8	79.98	72.59	70.46	76.04	83.12	35.18	60.7	37.99	73.41	27.58	61.45	24.27	78.31	18.39	61.02	13.89	64.49
663	22.1	76.95	56.86	77.24	55.86	76.87	53.95	61.8	49.88	69.71	54.6	58.46	58.52	62.57	66.53	62.15	66.83	64.94	80.16	71.15	70.16	74.81	79.68	31.45	61.79	34.6	73.12	22.54	61.49	19.1	76.85	13.13	58.68	8.98	62.83
664	22.133	76.79	57.19	77.07	56.13	76.71	54.28	61.52	49.82	69.44	54.73	58.19	58.35	62.4	66.47	61.74	66.69	64.55	80.01	70.85	70.01	74.36	79.33	31.19	61.65	34.47	73.05	21.99	61.29	18.55	76.79	12.23	58.41	7.99	62.75
665	22.167	76.78	57.21	77.07	56.13	76.67	54.31	61.56	49.82	69.34	54.79	58.16	58.38	62.32	66.55	61.73	66.7	64.44	80.01	70.8	69.97	74.22	79.44	31.24	61.63	34.48	73.04	22.14	61.33	18.76	76.81	12.54	58.31	8.44	62.73
666	22.2	78.18	56.43	78.76	55.9	78.03	53.5	64.77	49.31	70.83	53.41	59.93	55.19	63.99	63.75	61.08	63.28	64.9	79.38	71.5	69.92	74.31	82.57	35.49	60.76	38.55	73.3	27.72	61.75	24.68	78.51	18.33	62.06	14.04	65.87
667	22.233	78.29	56.3	78.9	55.76	78.14	53.37	64.85	49.22	70.88	53.4	59.92	55.22	63.99	63.9	60.99	63.28	65.0	79.39	71.62	70.04	74.46	82.58	35.27	60.8	38.29	73.45	27.54	61.54	24.48	78.48	18.32	61.57	14.02	65.6
668	22.267	78.6	56.03	79.23	55.52	78.43	53.11	65.36	49.14	71.25	53.26	60.47	55.4	64.38	63.81	61.3	63.74	65.34	79.49	72.04	70.12	74.84	82.74	35.84	60.8	38.78	73.37	28.24	61.6	25.09	78.45	18.94	61.71	14.61	65.81
669	22.3	78.49	55.93	79.13	55.44	78.32	53.06	65.49	49.2	71.3	53.31	60.68	55.35	64.59	63.73	61.37	63.49	65.31	79.35	71.87	69.8	74.45	82.71	36.29	60.62	39.29	73.12	28.72	61.1	25.65	77.86	19.41	61.47	15.11	65.54
670	22.333	77.04	56.78	77.36	55.69	76.83	53.89	61.98	49.45	69.33	54.58	58.43	58.21	62.63	66.69	62.02	66.42	64.89	80.08	71.58	70.16	74.27	79.92	32.35	61.5	35.69	73.02	23.79	60.68	20.64	76.25	14.15	57.71	10.6	62.31
671	22.367	77.11	56.99	77.43	55.88	76.94	54.09	61.98	49.55	69.47	54.72	58.39	58.24	62.67	66.78	62.12	66.51	64.99	80.19	71.52	70.04	74.51	79.72	32.03	61.42	35.4	73.01	23.56	60.66	20.48	76.27	14.32	57.41	10.77	62.01
672	22.4	77.12	57.12	77.43	56.05	76.92	54.27	62.0	49.84	69.36	54.99	58.36	58.38	62.54	66.87	62.2	66.68	65.0	80.26	71.35	70.15	74.5	80.02	32.27	61.44	35.54	72.92	23.96	60.76	20.93	76.18	14.98	57.73	11.52	62.23
673	22.433	77.14	57.33	77.45	56.24	76.92	54.51	62.02	49.96	69.26	55.21	58.24	58.35	62.43	66.9	62.18	66.58	64.93	80.18	71.38	69.95	74.4	80.12	32.27	61.17	35.53	72.67	24.04	60.32	21.13	75.73	15.48	57.19	12.18	61.8
674	22.467	78.24	56.77	78.84	56.28	78.02	53.96	65.1	49.9	70.57	54.07	60.07	55.41	63.41	64.31	61.55	62.93	64.66	79.62	71.32	69.95	73.98	83.54	36.21	59.92	38.69	72.51	29.55	60.18	26.23	76.84	21.68	59.23	17.27	63.17
675	22.5	78.15	56.48	78.76	55.94	77.91	53.71	65.17	49.68	70.51	54.02	60.32	55.33	63.25	64.47	61.88	62.83	64.63	79.77	71.45	70.32	74.21	83.98	36.33	59.38	38.51	72.11	29.66	59.76	26.01	76.64	22.3	58.38	17.65	62.55
676	22.533	77.05	56.16	77.27	54.98	76.51	53.51	62.13	49.26	68.37	54.94	58.13	58.52	62.03	67.19	62.44	66.75	65.14	80.27	70.98	70.2	74.55	81.26	32.8	60.35	35.84	71.75	24.94	59.47	22.1	74.69	17.39	55.37	13.89	60.39
677	22.567	77.99	55.38	78.66	54.52	77.33	52.53	65.14	48.33	69.06	53.13	60.05	55.13	62.72	64.72	62.31	62.69	65.05	80.08	71.91	70.34	74.44	84.12	36.92	58.86	39.0	71.72	30.47	59.21	27.02	76.24	23.09	56.74	18.61	61.28
678	22.6	77.45	54.69	78.1	53.56	76.57	51.9	64.95	47.35	68.09	52.68	60.07	54.78	62.27	65.03	62.74	62.4	64.82	80.61	71.69	70.44	73.9	84.35	37.3	58.19	39.09	71.25	30.96	58.39	27.54	75.79	23.91	54.79	19.35	59.95
679	22.633	76.75	54.02	77.42	52.66	75.63	51.24	64.65	46.6	66.96	52.16	59.98	54.8	61.71	65.1	63.35	62.73	64.79	80.96	72.02	70.76	73.76	84.54	37.59	58.55	39.13	71.48	31.35	59.2	27.99	76.45	24.33	54.73	19.88	60.08
680	22.667	76.04	53.38	76.75	51.88	74.81	50.6	64.44	46.0	66.3	51.66	59.92	54.78	61.59	65.02	63.17	62.94	64.82	81.09	71.65	70.2	73.04	84.02	38.04	58.95	39.61	71.71	31.72	59.34	28.46	76.44	24.65	54.97	20.48	60.44
681	22.7	75.53	53.23	75.84	50.93	74.01	50.45	62.89	44.87	65.45	51.97	59.41	56.69	62.12	66.71	63.57	65.24	65.89	80.71	70.37	68.84	73.24	81.2	36.47	59.5	38.78	71.39	27.82	59.7	25.88	75.89	19.11	51.86	16.92	58.52
682	22.733	75.32	52.62	76.12	51.01	74.03	49.85	64.72	45.36	65.83	51.0	60.61	54.68	61.44	64.9	63.95	63.01	64.86	81.23	71.46	70.36	72.64	83.68	38.67	58.36	39.68	71.0	32.33	59.36	28.82	76.36	25.52	54.28	21.22	59.7
683	22.767	75.21	52.96	75.59	50.69	73.64	50.15	63.09	44.93	65.1	51.67	59.4	57.28	62.0	66.29	63.08	66.51	65.9	80.4	70.01	68.86	73.32	81.4	36.83	59.47	38.98	70.81	28.18	60.14	26.25	75.56	20.05	51.81	17.72	58.37
684	22.8	75.32	52.91	75.69	50.59	73.66	50.1	63.22	44.82	64.98	51.61	59.57	57.25	61.99	66.15	63.58	66.73	66.12	80.47	70.39	68.98	73.48	81.59	36.93	59.55	38.96	70.84	28.06	60.18	26.05	75.54	20.03	51.76	17.58	58.31
685	22.833	75.21	52.82	75.61	50.47	73.51	50.02	63.26	44.71	64.77	51.5	59.46	57.21	62.02	66.03	63.57	66.85	66.28	80.47	70.38	69.09	73.31	81.7	37.1	59.98	39.22	71.16	28.2	61.0	26.4	76.2	20.37	52.82	18.05	59.27
686	22.867	75.16	52.79	75.56	50.44	73.43	49.98	63.27	44.71	64.72	51.42	59.53	57.17	62.05	65.93	63.64	66.86	66.38	80.54	70.4	69.08	73.29	81.74	37.28	60.12	39.37	71.27	28.31	61.17	26.47	76.33	20.15	52.99	17.78	59.35
687	22.9	75.19	52.69	75.57	50.33	73.47	49.87	63.23	44.61	64.79	51.4	59.62	57.21	62.09	66.09	63.78	66.82	66.29	80.69	70.6	69.04	73.31	81.6	37.23	59.94	39.32	71.18	28.29	60.84	26.4	76.15	19.9	52.38	17.47	58.86
688	22.933	74.72	51.86	75.58	50.2	73.24	49.04	64.71	45.08	64.97	50.35	60.8	55.17	61.05	64.24	63.95	64.5	64.71	80.98	71.16	71.02	72.04	84.13	39.77	59.33	40.39	71.18	33.03	60.32	29.35	76.27	25.98	55.12	21.67	60.25
689	22.967	75.38	52.46	75.77	50.06	73.57	49.64	63.45	44.39	64.87	51.33	59.92	57.28	62.1	65.96	63.85	66.94	65.86	80.32	70.93	69.4	73.55	82.05	37.22	60.27	39.13	71.49	27.68	60.9	25.7	76.26	19.27	52.19	16.81	59.08
690	23.0	75.29	52.26	75.66	49.87	73.47	49.46	63.38	44.39	64.81	51.32	59.9	57.47	62.02	66.01	63.96	67.1	66.0	80.22	70.98	69.31	73.86	81.99	37.08	60.21	38.92	71.35	27.61	60.84	25.57	76.08	19.6	52.06	17.04	58.98
691	23.033	75.22	51.98	75.62	49.54	73.35	49.21	63.61	44.1	64.71	51.08	60.14	57.17	62.1	65.98	64.24	66.74	66.09	80.46	70.84	69.16	73.47	82.22	37.55	60.1	39.28	71.32	28.2	61.07	26.14	76.44	20.13	52.3	17.55	59.18
692	23.067	75.24	51.7	75.64	49.26	73.4	48.91	63.58	43.81	64.78	50.86	60.19	57.0	62.09	66.03	64.38	66.39	66.1	80.48	71.01	68.94	73.8	82.09	37.32	59.58	38.99	70.97	28.02	60.41	25.86	76.02	19.94	51.46	17.22	58.45
693	23.1	75.28	51.43	75.74	49.0	73.42	48.63	63.79	43.7	64.79	50.64	60.31	56.91	62.16	65.95	64.53	66.28	66.17	80.53	71.11	68.86	73.49	82.08	37.45	60.04	39.08	71.42	28.11	61.03	25.98	76.6	20.15	52.36	17.43	59.18
694	23.133	75.29	51.37	75.75	48.95	73.44	48.57	63.78	43.57	64.81	50.51	60.23	56.74	62.23	65.89	64.19	66.07	65.97	80.51	71.01	68.8	73.28	82.04	37.72	60.26	39.47	71.68	28.46	61.3	26.44	76.94	20.13	52.58	17.52	59.45
695	23.167	75.32	51.38	75.79	48.94	73.47	48.58	63.86	43.57	64.91	50.61	60.32	56.86	62.29	65.83	64.17	66.23	65.99	80.14	71.13	68.63	73.35	81.73	37.42	60.03	39.13	71.42	27.96	60.7	25.89	76.33	20.23	52.02	17.62	59.17
696	23.2	75.26	51.27	75.77	48.87	73.4	48.48	63.96	43.68	64.84	50.57	60.25	56.91	62.15	65.71	64.18	66.39	65.91	80.09	71.06	68.91	73.53	82.12	37.46	59.96	39.09	71.22	28.22	61.13	26.27	76.48	21.13	52.53	18.52	59.5
697	23.233	75.21	51.16	75.76	48.75	73.32	48.38	64.08	43.71	64.69	50.55	60.2	56.96	62.06	65.86	64.08	66.58	66.0	80.5	71.19	69.07	73.58	82.44	37.88	60.56	39.46	71.81	28.94	61.96	27.1	77.31	22.04	53.63	19.66	60.64
698	23.267	75.07	51.01	75.66	48.6	73.1	48.21	64.13	43.76	64.42	50.42	60.22	57.15	62.22	65.7	63.9	67.16	66.37	80.67	71.37	69.28	73.58	82.4	38.37	61.26	40.03	72.29	29.29	63.34	27.57	78.48	22.0	55.32	19.6	62.27
699	23.3	74.91	51.01	75.46	48.54	72.87	48.21	64.02	43.73	64.18	50.42	60.26	57.47	62.16	65.88	64.01	67.75	66.53	81.0	71.47	69.02	73.47	81.89	38.61	61.76	40.19	72.68	29.56	64.05	27.86	79.1	21.93	55.86	19.66	62.91
700	23.333	74.69	50.93	75.25	48.42	72.67	48.13	63.98	43.51	63.97	50.17	60.03	57.06	61.95	65.56	64.09	67.38	66.38	80.94	71.3	68.93	73.52	82.52	38.59	61.34	40.15	72.26	29.71	64.01	28.08	78.92	22.82	55.77	20.33	62.59
701	23.367	74.58	50.89	75.14	48.33	72.53	48.07	63.95	43.38	63.91	50.12	60.14	57.11	61.94	65.53	64.11	67.58	66.28	80.86	71.34	69.24	73.71	82.34	38.55	61.33	40.04	72.23	29.42	63.75	27.83	78.71	22.27	55.37	19.96	62.39
702	23.4	74.53	51.01	75.12	48.39	72.5	48.15	64.07	43.43	63.93	50.14	60.21	57.3	61.99	65.72	64.12	68.05	66.41	81.36	71.37	69.57	73.89	82.8	38.62	61.46	40.05	72.4	29.55	63.76	27.92	78.76	22.84	55.21	20.4	62.3
703	23.433	74.56	50.91	75.12	48.27	72.47	48.11	64.12	43.32	63.86	50.15	60.25	57.19	62.06	65.59	64.14	67.89	66.42	81.14	71.46	69.55	73.82	83.23	38.93	61.53	40.4	72.42	29.89	63.94	28.31	78.89	23.19	55.39	20.76	62.66
704	23.467	74.44	50.83	75.06	48.18	72.36	47.99	64.23	43.21	63.76	49.96	60.41	56.94	61.98	65.72	64.65	67.18	66.53	81.38	71.52	69.43	73.64	83.37	38.93	61.0	40.2	72.09	29.96	63.53	28.13	78.71	23.13	55.03	20.42	61.98
705	23.5	74.55	50.97	75.17	48.32	72.53	48.08	64.1	43.26	63.93	50.05	60.25	57.11	62.01	66.02	64.43	67.26	66.47	81.51	71.52	69.42	73.72	82.86	38.42	61.29	39.82	72.52	29.39	63.57	27.65	78.96	22.66	54.94	20.1	61.98
706	23.533	74.66	51.0	75.21	48.41	72.68	48.14	63.83	43.38	64.18	50.27	60.09	57.17	62.18	66.07	63.94	67.25	66.35	81.22	71.51	69.42	73.58	82.44	38.13	61.61	39.83	72.85	29.01	63.51	27.45	78.98	21.8	55.26	19.57	62.55
707	23.567	74.72	51.15	75.25	48.56	72.72	48.26	63.73	43.47	64.11	50.31	60.0	57.28	61.98	65.91	63.9	67.58	66.29	81.1	71.6	69.54	73.86	82.58	38.07	61.65	39.68	72.78	28.88	63.52	27.14	78.82	21.54	55.15	19.23	62.4
708	23.6	74.69	51.14	75.27	48.55	72.71	48.25	63.85	43.38	64.14	50.21	60.02	57.11	61.98	65.6	63.86	67.43	66.05	80.71	71.4	69.37	73.71	82.57	37.77	61.22	39.36	72.29	28.28	63.09	26.62	78.3	21.23	54.59	18.86	61.81
709	23.633	74.7	51.21	75.22	48.66	72.73	48.36	63.75	43.53	64.22	50.4	60.09	57.21	61.96	65.75	63.99	67.32	65.86	80.69	71.32	69.56	73.72	82.84	37.83	60.83	39.4	71.9	28.49	62.68	26.81	77.88	21.21	53.84	18.79	61.08
710	23.667	74.77	51.19	75.25	48.66	72.81	48.39	63.66	43.46	64.26	50.41	60.07	56.97	61.85	65.49	63.99	67.31	65.99	80.57	71.23	69.25	73.75	82.72	37.73	60.6	39.25	71.67	28.39	61.91	26.43	77.1	20.98	53.2	18.48	60.45
711	23.7	74.88	51.37	75.34	48.8	72.89	48.55	63.61	43.51	64.28	50.51	60.04	57.16	61.98	65.47	64.05	67.66	66.08	80.46	71.76	69.4	74.09	82.5	37.63	61.35	39.29	72.37	27.88	62.55	26.05	77.71	20.29	53.86	17.87	61.21
712	23.733	75.0	51.39	75.45	48.83	73.02	48.58	63.59	43.48	64.39	50.56	59.96	57.06	61.97	65.44	63.81	67.66	65.94	80.45	71.57	69.49	73.99	82.81	37.47	61.37	39.21	72.44	27.71	62.44	25.93	77.66	20.16	53.88	17.86	61.35
713	23.767	75.07	51.38	75.52	48.78	73.06	48.57	63.64	43.43	64.42	50.6	59.97	57.21	62.21	65.57	63.69	68.0	66.17	80.62	71.65	69.52	73.98	82.58	37.56	61.86	39.47	72.92	27.71	62.99	26.14	78.25	20.12	54.51	18.03	62.16
714	23.8	75.05	51.16	75.49	48.58	73.03	48.36	63.65	43.32	64.36	50.43	59.97	57.13	62.18	65.53	63.91	67.91	66.23	80.73	71.56	69.29	73.75	82.45	37.61	61.73	39.5	72.77	27.87	63.12	26.32	78.29	20.31	54.63	18.13	62.03
715	23.833	75.07	51.15	75.55	48.59	73.05	48.33	63.77	43.4	64.38	50.41	60.05	57.24	62.2	65.46	63.98	68.03	66.22	80.61	71.57	69.34	73.89	82.24	37.6	61.75	39.44	72.7	27.72	63.27	26.2	78.31	20.26	54.75	18.03	62.02
716	23.867	75.05	51.04	75.53	48.5	73.02	48.25	63.84	43.34	64.4	50.37	60.23	57.06	62.22	65.53	64.23	67.33	66.07	80.39	71.8	69.46	73.85	82.22	37.94	61.7	39.72	72.76	28.09	63.19	26.52	78.4	20.33	54.83	18.14	62.06
717	23.9	75.24	51.11	75.71	48.59	73.25	48.3	63.93	43.38	64.6	50.4	60.29	57.03	62.27	65.59	64.18	67.18	65.98	80.37	71.54	69.55	73.73	82.41	37.93	61.47	39.72	72.57	28.21	62.86	26.59	78.11	20.4	54.39	18.2	61.59
718	23.933	75.27	51.19	75.74	48.66	73.3	48.39	63.9	43.32	64.65	50.42	60.32	56.83	62.23	65.69	64.26	66.82	65.93	80.48	71.57	69.44	73.69	82.17	37.84	61.29	39.59	72.57	28.15	62.42	26.43	77.93	20.17	54.05	17.96	61.29
719	23.967	75.31	51.33	75.74	48.83	73.42	48.53	63.7	43.35	64.83	50.51	60.19	56.72	62.35	65.79	64.01	66.64	66.08	80.6	71.39	69.54	73.93	82.37	37.54	60.68	39.45	72.13	27.99	61.59	26.2	77.34	19.71	53.09	17.41	60.42
720	24.0	75.34	51.37	75.76	48.93	73.48	48.57	63.61	43.51	64.86	50.59	60.06	56.81	62.31	65.79	63.8	66.65	66.0	80.44	71.4	69.46	73.74	81.92	37.54	60.98	39.54	72.36	28.12	61.77	26.33	77.42	19.81	53.68	17.56	60.9
721	24.033	74.63	50.8	75.57	49.1	73.14	47.88	64.68	44.1	64.99	49.42	60.47	54.63	61.45	63.7	63.13	63.85	64.85	80.41	71.8	70.62	72.98	84.16	39.55	60.28	40.76	72.29	32.18	61.53	28.94	77.73	24.77	57.52	20.64	62.82
722	24.067	74.7	51.13	75.68	49.37	73.19	48.17	64.6	44.17	64.9	49.66	60.35	54.77	61.6	64.22	63.12	63.65	64.84	80.75	72.29	71.13	73.33	84.45	38.84	61.03	40.26	73.37	30.64	62.11	27.71	78.87	22.47	58.75	18.57	64.24
723	24.1	74.89	50.96	75.82	49.07	73.32	47.96	64.62	43.83	65.09	49.5	60.51	54.79	61.89	64.09	62.92	64.19	64.81	80.94	72.66	71.64	73.55	85.06	39.1	61.8	40.63	74.12	30.66	63.36	27.87	80.27	22.06	61.06	18.28	67.14
724	24.133	75.31	51.74	75.77	49.4	73.48	48.98	63.25	44.03	64.62	51.19	59.54	57.38	61.73	66.25	63.85	67.44	66.04	81.01	72.55	70.7	74.83	81.91	36.24	61.86	38.13	73.3	26.25	63.69	23.85	79.59	17.16	57.58	14.3	64.8
725	24.167	74.28	50.49	75.24	48.6	72.65	47.56	64.6	43.67	64.68	49.14	60.83	54.66	61.7	63.45	62.86	64.29	64.22	80.45	72.23	71.4	72.91	84.82	40.13	62.04	41.28	73.93	31.48	64.35	28.86	80.79	22.76	63.09	19.17	69.24
726	24.2	73.93	50.69	74.95	48.63	72.09	47.75	64.33	43.82	63.7	49.53	60.66	55.39	61.11	64.31	64.03	65.13	65.09	81.35	73.62	71.8	74.15	85.37	39.47	62.15	40.32	74.15	30.77	63.64	27.67	80.18	22.27	61.1	18.37	67.3
727	24.233	73.92	50.84	75.01	48.72	71.94	47.9	64.59	43.88	63.36	49.66	60.95	55.58	60.89	64.33	64.49	65.46	64.87	81.3	73.86	71.9	74.04	85.28	39.5	62.24	40.0	74.15	30.43	63.51	27.1	79.99	21.88	59.89	17.79	66.23
728	24.267	73.87	50.72	75.0	48.56	71.9	47.73	64.79	43.75	63.46	49.48	61.14	55.57	61.09	64.38	64.39	65.53	64.92	81.58	73.86	72.13	73.92	85.54	39.95	62.45	40.53	74.38	31.02	63.97	27.84	80.48	22.33	60.86	18.5	67.21
729	24.3	73.59	50.85	74.77	48.53	71.55	47.79	64.91	43.56	63.2	49.48	61.45	55.53	61.13	64.73	64.76	65.21	65.18	81.9	74.32	72.4	74.4	85.91	40.23	62.41	40.68	74.57	31.17	63.94	27.87	80.86	22.11	60.57	18.32	67.16
730	24.333	74.7	52.05	75.32	49.35	72.55	49.25	63.83	43.73	63.54	51.21	60.07	57.75	61.76	66.52	64.78	68.26	66.78	81.66	73.15	70.88	74.97	82.12	37.22	62.22	38.75	73.59	26.83	64.45	24.61	80.31	17.74	57.13	15.08	64.62
731	24.367	74.71	52.34	75.39	49.57	72.53	49.5	63.96	43.73	63.41	51.31	60.12	57.72	61.62	66.61	64.92	68.17	66.76	81.65	73.1	70.88	75.01	81.88	36.99	61.9	38.37	73.39	26.35	63.84	23.94	79.86	17.34	56.24	14.57	63.75
732	24.4	73.67	51.48	74.85	49.16	71.58	48.42	64.78	43.8	62.92	49.88	61.11	55.47	60.91	64.78	64.07	65.29	64.66	81.97	73.44	72.27	73.89	86.14	39.65	62.36	40.16	74.63	30.32	63.16	27.07	80.21	20.78	58.9	16.97	65.68
733	24.433	74.8	52.53	75.57	49.72	72.59	49.64	64.27	43.81	63.43	51.38	60.45	57.7	61.6	66.58	65.32	68.13	66.8	81.65	73.15	71.07	75.3	82.13	36.86	61.85	37.98	73.4	25.88	63.88	23.25	79.98	16.86	56.56	13.94	63.99
734	24.467	74.55	52.95	75.47	50.12	72.34	49.95	64.3	44.12	63.14	51.52	60.32	57.9	61.24	66.65	64.96	68.32	66.23	81.71	72.92	71.33	75.24	82.08	36.43	62.26	37.38	73.82	24.93	64.42	22.18	80.52	15.85	57.52	12.78	64.8
735	24.5	74.44	52.93	75.39	50.13	72.16	49.97	64.49	44.26	62.97	51.54	60.63	57.82	61.07	66.22	65.3	68.27	66.0	81.32	72.93	71.47	75.35	82.51	36.79	62.0	37.39	73.35	24.86	64.63	21.88	80.47	15.73	58.02	12.36	65.18
736	24.533	74.37	52.85	75.37	50.08	72.13	49.88	64.66	44.3	63.0	51.44	60.74	57.72	61.03	66.23	65.33	67.91	66.03	81.31	72.84	71.24	75.41	82.58	37.04	61.46	37.49	72.86	25.4	63.82	22.35	79.69	16.55	57.15	13.21	64.2
737	24.567	74.39	53.08	75.47	50.3	72.12	50.1	64.99	44.52	63.03	51.61	61.08	57.68	61.13	66.3	65.47	67.59	66.05	81.27	73.03	71.36	75.55	82.73	37.66	61.5	37.97	72.95	26.06	63.67	23.0	79.64	16.91	57.04	13.79	64.16
738	24.6	74.46	53.41	75.58	50.63	72.21	50.4	65.01	44.73	63.05	51.76	61.0	57.65	60.95	66.19	65.49	67.76	65.85	81.31	73.18	71.43	75.43	82.69	37.3	61.56	37.54	73.0	25.61	63.91	22.49	79.85	16.34	57.53	13.26	64.53
739	24.633	74.34	53.69	75.53	50.92	72.17	50.59	64.92	44.85	63.0	51.7	60.65	57.71	60.82	66.19	65.14	67.86	65.74	81.33	73.03	71.49	75.47	82.54	36.75	61.78	37.12	73.24	25.1	64.28	22.06	80.16	16.09	57.79	12.9	64.53
740	24.667	74.5	53.78	75.74	51.06	72.35	50.65	65.02	45.01	63.08	51.7	60.61	57.76	60.82	66.16	65.16	67.86	65.79	81.25	73.35	71.3	75.39	81.9	36.76	62.38	37.17	73.79	25.21	64.98	22.28	80.78	15.97	58.61	13.03	65.12
741	24.7	74.59	53.87	75.84	51.22	72.48	50.72	65.2	45.27	63.17	51.71	60.62	57.94	60.82	66.28	65.13	67.98	65.92	81.5	72.96	70.88	75.15	81.78	36.98	61.3	37.32	72.63	26.17	64.24	23.18	79.85	17.12	57.16	14.05	63.36
742	24.733	74.27	53.9	75.61	51.2	72.2	50.7	65.47	45.48	63.02	51.56	60.5	58.06	60.66	66.34	65.37	68.21	66.12	81.98	72.61	70.48	74.39	82.21	37.3	60.98	37.51	72.1	27.34	64.24	24.55	79.38	20.35	57.16	17.47	62.91
743	24.767	74.31	54.05	75.76	51.32	72.24	50.81	65.88	45.53	63.19	51.55	60.99	57.98	60.85	66.23	65.63	68.01	66.07	81.85	72.87	70.56	74.46	82.25	37.58	60.78	37.59	71.94	27.35	63.82	24.42	79.1	20.37	56.75	17.43	62.6
744	24.8	74.33	54.07	75.77	51.34	72.28	50.82	66.02	45.61	63.24	51.54	61.04	58.08	60.93	66.28	65.28	68.0	66.08	81.71	72.81	70.53	74.5	82.28	38.3	60.92	38.34	72.01	28.42	63.77	25.64	78.95	21.54	56.75	19.0	62.73
745	24.833	74.33	54.08	75.75	51.4	72.3	50.89	65.98	45.76	63.3	51.63	61.0	57.96	61.05	66.37	65.08	67.82	66.13	81.93	73.05	70.63	74.34	82.67	38.92	61.81	39.09	72.95	29.18	64.87	26.57	80.12	22.05	58.51	19.75	64.49
746	24.867	74.5	54.08	75.9	51.45	72.55	50.93	66.01	45.83	63.59	51.8	61.08	57.87	61.17	66.68	65.3	67.09	66.35	81.83	73.09	70.37	74.35	82.35	38.74	61.11	38.92	72.45	29.52	63.92	26.72	79.44	22.44	57.5	20.0	63.52
747	24.9	74.36	53.85	75.75	51.08	72.3	50.59	66.6	45.05	63.61	50.83	62.06	56.78	61.79	65.66	65.31	65.89	65.66	81.26	72.07	70.04	73.29	83.96	40.71	60.75	40.71	72.05	31.2	63.35	28.75	78.85	23.93	55.81	21.34	61.95
748	24.933	75.2	55.27	76.43	51.55	73.06	51.67	66.77	43.99	63.78	51.42	61.3	57.76	61.53	67.5	65.61	69.77	65.96	84.03	73.04	71.82	73.28	82.61	38.65	60.01	39.29	71.52	29.56	63.9	26.93	79.71	23.13	54.0	21.17	61.34
749	24.967	75.44	55.28	76.6	51.74	73.37	51.75	66.56	44.39	63.98	51.71	60.91	58.17	61.36	67.62	64.75	70.4	66.17	83.88	72.73	71.91	73.45	82.26	38.15	60.27	38.93	71.67	29.4	63.9	26.69	79.6	22.88	54.61	21.14	62.04
750	25.0	75.56	55.44	76.7	51.94	73.48	51.97	66.74	44.59	64.17	51.91	61.35	58.14	61.46	67.44	65.25	70.11	65.98	83.49	72.85	71.98	73.42	82.43	38.39	59.8	38.93	71.12	29.45	63.43	26.37	79.09	22.61	54.01	20.36	61.45
751	25.033	75.66	55.47	76.87	51.98	73.62	51.95	67.02	44.61	64.36	51.76	61.65	58.05	61.55	67.21	65.8	69.93	65.78	83.31	73.13	71.75	73.68	82.5	38.52	59.59	38.88	70.84	29.35	63.38	26.38	78.83	22.89	53.76	20.59	60.87
752	25.067	75.68	54.16	76.82	51.81	73.77	51.07	66.25	46.1	64.79	51.89	61.65	57.67	61.92	65.8	64.69	66.86	65.93	80.34	71.89	70.24	74.8	83.55	39.32	60.16	39.68	71.28	29.64	61.31	26.89	76.42	22.25	53.71	19.51	59.73
753	25.1	75.79	53.68	77.01	51.36	73.83	50.58	66.57	45.84	64.77	51.49	61.96	57.34	61.88	65.54	65.36	66.65	66.23	80.55	72.06	70.08	74.62	83.52	39.42	59.97	39.54	71.09	29.91	61.36	26.85	76.42	22.49	53.98	19.42	59.61
754	25.133	76.19	53.99	77.41	51.88	74.44	50.96	66.34	46.45	65.22	52.2	61.5	58.11	61.39	66.53	66.21	67.31	66.64	81.46	73.52	70.87	75.36	82.6	37.04	59.34	37.13	70.75	28.19	60.22	24.43	75.7	20.89	53.66	17.36	59.11
755	25.167	75.88	53.52	77.12	51.26	74.02	50.39	66.44	45.61	65.11	51.3	61.97	57.0	62.07	65.39	65.47	65.85	66.01	80.1	72.27	69.98	74.72	83.3	38.56	59.5	38.87	70.86	28.41	60.35	25.53	75.73	20.63	52.92	17.72	58.51
756	25.2	75.87	53.59	77.12	51.24	74.01	50.38	66.42	45.34	65.06	51.09	61.86	56.87	62.07	65.25	65.45	66.25	65.99	80.39	72.3	70.33	74.94	83.47	38.2	59.47	38.59	70.88	27.82	60.7	25.04	76.14	20.24	53.43	17.28	59.04
757	25.233	75.82	53.79	77.03	51.46	73.98	50.54	65.91	45.42	64.99	51.21	61.32	57.21	62.3	65.46	64.59	66.82	66.19	80.54	72.66	70.58	75.31	82.91	37.94	61.01	38.89	72.43	27.24	62.08	24.83	77.63	18.41	55.6	15.79	61.35
758	25.267	76.05	54.12	77.03	51.77	74.23	51.07	65.18	45.78	64.74	52.22	60.43	58.28	61.23	66.56	64.83	68.56	66.27	81.51	73.74	70.89	75.9	82.05	36.4	60.87	37.23	72.31	26.55	62.12	23.38	77.78	18.17	55.51	15.2	61.91
759	25.3	75.62	53.91	76.62	51.4	73.75	50.82	65.08	45.37	64.47	51.95	60.51	58.23	61.38	66.81	65.38	68.06	66.25	81.69	74.06	71.05	75.96	82.05	36.33	60.93	37.17	72.52	26.37	63.44	23.35	79.36	17.9	56.36	14.48	62.83
760	25.333	75.58	53.37	76.63	50.87	73.64	50.29	65.35	45.17	64.36	51.66	60.78	58.03	61.53	66.83	65.77	67.39	66.39	81.6	73.99	71.07	76.29	82.03	37.0	61.26	37.73	72.88	26.76	64.07	24.0	79.99	18.56	57.29	15.32	63.5
761	25.367	75.6	52.87	76.64	50.41	73.6	49.81	65.33	45.03	64.35	51.54	61.1	58.15	61.71	67.05	66.47	67.13	66.92	81.71	74.35	71.38	76.98	82.17	36.99	61.01	37.61	72.76	26.36	63.63	23.38	79.74	17.9	56.96	14.28	63.05
762	25.4	75.66	52.58	76.76	50.1	73.6	49.52	65.68	44.88	64.33	51.3	61.39	58.19	61.75	66.76	66.72	67.81	67.04	81.91	74.67	71.49	77.02	82.48	37.28	61.01	37.7	72.6	26.54	63.53	23.49	79.43	18.57	56.81	14.94	62.95
763	25.433	75.91	52.76	76.95	50.25	73.87	49.71	65.61	44.83	64.55	51.44	61.28	58.22	61.79	66.68	66.33	68.33	67.06	81.87	74.76	71.52	77.34	82.56	36.91	61.21	37.44	72.83	26.21	63.3	23.14	79.28	18.24	56.24	14.73	62.79
764	25.467	76.09	53.36	77.15	50.87	74.06	50.32	65.79	45.37	64.76	52.02	61.51	58.47	61.98	67.11	66.32	68.1	67.41	81.93	74.78	71.57	77.38	82.76	37.23	61.02	37.76	72.75	26.77	62.43	23.55	78.6	18.42	55.5	15.16	62.2
765	25.5	76.06	53.78	77.06	51.33	74.06	50.81	65.81	45.71	64.82	52.33	61.53	58.57	62.01	67.1	66.2	68.14	67.28	81.83	74.09	71.39	76.93	82.98	37.64	60.74	38.17	72.29	27.52	61.97	24.32	77.85	19.32	54.39	16.02	60.95
766	25.533	76.37	54.36	77.37	51.95	74.43	51.34	65.66	45.96	65.02	52.61	61.31	58.56	62.09	67.02	65.88	68.62	67.3	82.05	74.03	71.66	77.06	82.86	37.02	61.2	37.82	72.84	26.44	62.08	23.14	78.05	17.36	54.87	13.93	61.25
767	25.567	76.15	54.5	77.29	52.0	74.13	51.4	66.1	46.01	64.74	52.39	61.77	58.49	61.96	66.77	66.57	68.87	67.38	82.45	74.22	72.09	77.31	83.28	37.77	61.7	38.12	73.22	26.91	63.16	23.59	78.94	17.86	56.35	14.51	62.32
768	25.6	75.87	54.61	77.04	52.15	73.84	51.55	66.12	46.44	64.53	52.52	61.79	58.83	61.67	66.26	66.78	69.59	67.24	81.96	74.21	71.95	76.99	83.65	37.51	61.59	37.57	72.61	26.28	63.62	22.78	78.71	18.12	57.04	14.4	62.78
769	25.633	75.58	54.62	76.86	52.12	73.5	51.51	66.45	46.6	64.2	52.44	62.02	58.93	61.42	66.41	67.19	69.65	67.31	82.45	74.05	72.05	76.64	84.18	38.23	61.45	37.92	72.37	27.67	63.8	24.01	78.66	20.3	57.5	16.54	62.95
770	25.667	75.6	54.29	76.89	51.72	73.36	51.14	67.09	46.04	64.29	51.71	63.0	57.81	62.29	65.21	66.66	68.04	66.99	80.85	72.91	71.64	75.57	84.93	40.63	61.41	40.34	72.17	29.69	63.12	26.57	77.84	21.62	56.11	18.36	61.87
771	25.7	75.7	54.06	76.97	51.47	73.47	50.94	67.24	45.79	64.43	51.61	63.09	57.61	62.39	65.36	66.38	67.72	66.58	81.0	72.5	71.76	75.17	85.26	40.97	61.21	40.69	72.11	30.2	63.11	27.22	78.06	22.55	55.65	19.3	61.72
772	25.733	75.68	53.8	76.99	51.23	73.45	50.71	67.64	45.75	64.52	51.52	63.57	57.7	62.51	65.63	66.83	67.79	66.47	81.57	72.83	71.65	74.69	85.73	41.71	61.48	41.23	72.43	31.4	63.82	28.18	78.84	24.52	56.83	20.88	62.97
773	25.767	76.34	55.09	77.51	51.59	74.05	51.75	67.75	44.58	64.79	52.09	62.76	58.4	62.51	67.08	66.55	70.87	66.5	83.31	73.47	72.72	75.13	83.68	39.5	61.0	39.76	72.06	29.0	65.55	26.37	80.87	21.77	56.26	19.55	63.84
774	25.8	76.28	55.58	77.58	51.99	74.03	52.13	68.18	44.84	64.87	52.18	63.15	58.45	62.66	67.41	67.45	70.64	66.73	83.89	73.61	72.4	75.03	83.28	39.77	60.47	39.84	71.63	29.6	65.28	27.18	80.63	23.15	55.64	21.18	62.82
775	25.833	76.48	56.16	77.78	52.49	74.22	52.68	68.34	44.99	65.05	52.5	63.47	58.3	62.78	67.82	68.25	70.14	66.92	84.45	74.0	72.68	75.47	83.56	39.68	60.46	39.6	72.01	29.37	64.93	26.74	80.8	22.69	55.09	20.46	62.24
776	25.867	76.55	56.34	77.77	52.74	74.36	52.95	68.17	45.18	65.23	52.83	63.41	58.27	62.85	67.95	68.15	69.76	66.78	84.21	73.99	72.56	75.22	83.65	39.7	59.99	39.72	71.61	29.57	63.85	26.82	79.81	22.87	53.84	20.45	61.14
777	25.9	76.53	56.4	77.75	52.87	74.36	53.02	68.13	45.37	65.25	52.89	63.37	58.44	62.77	67.88	68.24	69.99	66.77	84.18	74.11	72.51	75.41	83.74	39.42	59.65	39.4	71.16	29.35	63.59	26.48	79.38	22.75	53.5	20.05	60.66
778	25.933	76.53	56.46	77.69	52.89	74.31	53.11	67.96	45.37	65.14	53.02	63.25	58.59	62.72	67.72	67.88	70.62	66.74	84.07	73.97	72.53	75.38	83.66	39.36	60.01	39.4	71.4	28.85	63.81	25.93	79.5	21.95	53.79	19.24	61.21
779	25.967	76.53	56.54	77.59	52.95	74.32	53.21	67.44	45.22	65.0	53.13	62.61	58.5	62.56	67.93	67.32	70.63	66.88	84.4	73.74	72.54	75.32	83.93	38.51	59.84	38.88	71.49	27.99	62.99	24.8	79.06	20.75	52.76	17.5	60.37
780	26.0	75.93	55.43	77.0	52.92	73.91	52.51	66.35	47.08	64.64	53.37	61.85	58.87	61.85	66.91	66.95	69.74	67.5	83.03	73.67	72.02	76.1	84.53	38.79	61.62	39.0	72.68	28.97	62.96	25.75	77.97	22.1	55.99	18.77	61.83
781	26.033	76.04	55.39	77.12	52.8	73.95	52.45	66.28	46.83	64.59	53.35	61.88	58.83	62.09	67.05	66.79	70.0	68.04	83.42	74.06	72.1	76.46	84.3	38.88	62.55	39.29	73.82	28.64	63.27	25.41	78.67	20.48	56.65	17.5	62.73
782	26.067	76.38	55.57	77.45	53.07	74.32	52.58	66.04	46.98	64.86	53.57	61.6	59.12	62.23	67.01	66.07	70.33	67.88	82.82	74.4	72.54	77.39	84.07	37.76	63.08	38.47	74.41	26.54	64.01	23.5	79.56	17.69	57.81	14.78	64.19
783	26.1	76.31	55.55	77.4	53.05	74.23	52.59	66.06	47.05	64.8	53.63	61.65	59.05	62.13	66.8	66.03	70.14	67.59	82.35	74.35	72.92	77.59	84.34	37.65	62.96	38.23	74.23	26.02	64.79	23.04	80.3	17.06	58.98	14.13	65.43
784	26.133	76.33	55.66	77.44	53.17	74.24	52.71	66.15	47.19	64.79	53.78	61.69	59.11	62.12	66.91	66.16	70.28	67.75	82.55	74.45	72.89	77.55	84.06	37.8	63.2	38.37	74.46	26.41	64.64	23.47	80.13	17.57	59.07	14.88	65.48
785	26.167	76.48	55.67	77.63	53.11	74.37	52.67	66.31	46.98	64.89	53.7	61.86	59.04	62.31	67.11	66.27	70.33	68.08	82.92	74.49	73.02	77.92	83.93	37.72	63.35	38.32	74.83	26.23	64.47	23.25	80.27	17.33	58.76	14.67	65.29
786	26.2	76.46	55.29	77.66	52.71	74.3	52.29	66.68	46.8	64.93	53.46	62.36	58.88	62.51	67.23	66.69	69.8	68.12	83.16	74.49	72.84	77.82	83.91	38.48	63.21	38.87	74.8	27.08	64.52	24.11	80.53	17.88	58.87	15.24	65.38
787	26.233	76.55	55.19	77.72	52.64	74.43	52.17	66.48	46.65	65.0	53.34	62.13	58.9	62.43	67.39	66.61	69.89	68.1	83.43	74.93	72.68	77.82	83.61	38.06	63.36	38.6	75.07	27.03	64.71	24.09	80.86	17.52	58.77	14.99	65.32
788	26.267	76.55	55.18	77.73	52.63	74.43	52.16	66.49	46.65	64.98	53.34	62.14	58.9	62.42	67.38	66.62	69.87	68.09	83.41	74.91	72.67	77.82	83.59	38.08	63.33	38.6	75.03	27.04	64.68	24.09	80.83	17.52	58.72	14.98	65.25
789	26.3	76.56	55.33	77.77	52.75	74.42	52.28	66.57	46.68	64.97	53.43	62.25	58.92	62.42	67.54	66.75	69.63	68.01	83.37	75.02	72.72	78.08	83.61	37.89	63.1	38.32	74.94	26.61	64.34	23.55	80.69	17.11	58.18	14.39	64.83
790	26.333	76.52	55.42	77.79	52.85	74.36	52.37	66.72	46.78	64.94	53.48	62.51	58.84	62.42	67.46	66.88	69.31	67.85	83.14	75.06	72.87	77.81	83.59	38.19	63.37	38.47	75.21	26.64	64.66	23.44	81.06	16.69	58.86	13.98	65.46
791	26.367	76.47	55.53	77.79	52.92	74.28	52.45	66.91	46.79	64.88	53.46	62.78	58.75	62.39	67.44	67.27	69.1	67.77	83.19	75.21	72.9	77.78	83.48	38.44	63.25	38.53	75.13	26.78	64.44	23.47	80.91	16.76	58.65	13.99	65.17
792	26.4	76.48	55.71	77.82	53.09	74.31	52.62	66.99	46.93	64.93	53.58	62.86	58.76	62.44	67.66	67.59	68.82	67.93	83.39	75.44	72.87	77.93	83.63	38.45	63.13	38.49	75.12	26.8	64.33	23.42	80.94	16.89	58.51	14.01	64.89
793	26.433	76.38	55.75	77.67	53.08	74.24	52.67	66.71	46.81	64.84	53.6	62.49	58.76	62.42	67.85	67.35	68.89	68.0	83.66	75.28	72.71	77.67	83.75	38.19	63.34	38.48	75.4	26.72	64.74	23.59	81.39	17.13	58.72	14.42	65.16
794	26.467	76.5	55.71	77.73	53.14	74.4	52.66	66.56	46.96	65.0	53.68	62.28	58.86	62.55	67.91	66.95	69.09	68.11	83.76	75.09	72.67	77.46	83.78	38.2	63.54	38.73	75.54	26.97	64.78	23.94	81.34	17.19	58.89	14.58	65.25
795	26.5	76.6	55.79	77.85	53.27	74.52	52.73	66.6	47.13	65.11	53.76	62.26	58.99	62.63	67.9	66.77	69.25	68.14	83.7	75.04	72.74	77.52	83.79	38.16	63.79	38.76	75.74	26.83	64.99	23.84	81.47	17.01	59.3	14.4	65.61
796	26.533	76.65	55.85	77.9	53.3	74.58	52.8	66.66	47.08	65.15	53.79	62.34	58.85	62.67	68.05	66.94	68.93	68.02	83.87	74.99	72.53	76.99	83.47	38.28	63.91	38.89	75.97	27.08	65.02	24.08	81.65	17.16	59.25	14.58	65.51
797	26.567	76.72	55.94	78.0	53.42	74.64	52.87	66.8	47.24	65.24	53.82	62.49	59.0	62.78	67.93	67.03	69.3	68.28	83.92	75.05	72.98	77.54	84.14	38.3	63.98	38.84	75.96	26.85	65.03	23.8	81.54	16.97	59.29	14.24	65.45
798	26.6	76.71	56.0	77.99	53.51	74.65	52.94	66.87	47.41	65.29	53.86	62.56	59.13	62.73	67.79	67.24	69.5	68.35	83.77	75.07	72.83	77.47	84.01	38.2	63.85	38.64	75.68	26.81	64.78	23.68	81.05	17.37	58.94	14.6	64.96
799	26.633	76.86	55.96	78.09	53.51	74.84	52.91	66.72	47.36	65.44	53.9	62.43	59.13	62.77	68.02	67.32	69.35	68.53	83.94	75.19	72.86	77.75	83.89	37.82	63.57	38.38	75.57	26.62	64.16	23.41	80.62	17.07	58.1	14.16	64.1
800	26.667	76.98	55.87	78.18	53.47	74.96	52.83	66.69	47.46	65.51	53.97	62.44	59.33	62.71	68.04	67.24	69.47	68.26	83.71	75.03	72.81	77.65	83.81	37.72	63.51	38.24	75.42	26.33	64.02	23.08	80.36	16.74	57.74	13.75	63.72
801	26.7	76.84	55.71	78.04	53.25	74.78	52.7	66.84	47.3	65.39	53.81	62.68	59.19	62.66	68.0	67.88	69.44	68.3	84.03	75.41	72.65	77.31	83.71	38.33	63.6	38.68	75.44	27.35	64.17	24.13	80.42	17.91	57.75	15.05	63.64
802	26.733	76.7	55.59	77.89	53.11	74.63	52.65	66.99	47.21	65.35	53.73	62.97	58.88	62.66	67.89	68.38	68.91	68.12	84.03	75.34	72.36	76.63	83.71	38.94	63.25	39.11	75.09	28.2	64.03	24.9	80.27	18.92	57.44	15.91	63.25
803	26.767	76.8	55.72	77.98	53.25	74.73	52.77	67.01	47.36	65.41	53.84	62.95	59.06	62.69	68.02	68.3	69.08	68.32	84.12	75.48	72.38	77.08	83.77	38.93	63.19	39.09	75.04	28.33	63.85	24.96	80.11	19.11	57.3	16.08	63.16
804	26.8	76.92	55.7	78.05	53.3	74.85	52.78	66.93	47.54	65.47	53.97	62.84	59.26	62.67	67.96	68.06	69.35	68.43	83.89	75.3	72.44	77.58	83.85	38.87	62.88	39.07	74.6	28.31	63.26	24.93	79.33	19.01	56.48	15.97	62.35
805	26.833	76.89	55.55	77.98	53.21	74.85	52.67	66.85	47.61	65.48	53.97	62.77	59.33	62.63	67.93	67.91	69.45	68.46	83.83	74.94	72.29	77.5	83.86	38.92	62.49	39.1	74.11	28.56	62.82	25.08	78.73	19.54	55.95	16.29	61.78
806	26.867	76.81	55.37	77.89	53.0	74.77	52.5	66.94	47.38	65.4	53.74	62.81	58.91	62.62	67.76	68.02	68.84	68.27	83.8	74.95	72.17	77.02	84.39	39.54	62.05	39.68	73.7	29.63	62.45	26.05	78.37	20.96	55.74	17.45	61.54
807	26.9	76.75	55.02	77.88	52.73	74.73	52.17	67.1	47.45	65.4	53.64	62.8	59.16	62.6	68.04	68.07	68.88	68.25	84.06	74.93	72.06	76.6	85.07	39.57	62.45	39.67	74.06	30.06	63.22	26.47	78.98	22.58	56.72	18.78	62.36
808	26.933	77.15	56.32	78.37	53.03	75.01	52.94	68.31	45.92	65.84	53.25	63.53	59.11	63.24	68.73	67.81	69.93	67.55	84.7	74.5	72.35	75.99	83.82	39.21	60.02	39.36	71.88	29.09	62.29	25.51	78.68	21.14	52.74	17.72	59.99
809	26.967	77.17	56.31	78.39	53.0	75.02	52.93	68.37	45.94	65.83	53.29	63.6	59.43	63.1	68.67	67.91	70.5	67.52	84.43	74.69	72.48	76.29	83.82	39.05	60.28	39.05	71.96	28.8	62.47	25.21	78.61	21.48	52.83	18.22	60.2
810	27.0	77.16	56.45	78.4	53.19	75.08	53.02	68.34	46.15	65.94	53.24	63.63	59.48	63.24	68.81	68.4	70.25	67.58	84.75	74.87	72.55	76.36	83.73	39.11	60.27	39.15	71.97	28.84	63.01	25.43	79.1	21.37	53.69	17.99	60.47
811	27.033	77.0	56.96	78.37	53.62	74.95	53.36	68.57	46.5	65.74	53.13	63.63	59.88	63.0	68.6	68.81	71.19	67.62	84.9	75.24	72.44	76.67	83.57	39.19	60.6	39.0	71.95	28.94	64.15	25.96	79.6	22.75	54.69	19.95	60.95
812	27.067	77.02	57.02	78.45	53.63	74.94	53.35	68.82	46.42	65.73	52.94	63.58	59.84	63.26	68.37	68.52	71.54	67.36	84.84	75.13	72.6	76.62	83.13	39.65	60.94	39.7	72.1	29.38	65.37	27.2	80.51	23.58	55.77	21.41	61.95
813	27.1	77.11	56.84	78.45	53.43	75.06	53.27	68.65	46.17	65.85	53.06	63.37	59.58	63.08	68.5	68.15	71.38	67.29	84.96	74.63	72.7	76.53	83.69	39.1	60.38	39.17	71.79	29.23	64.43	26.84	79.93	23.58	54.73	21.33	61.42
814	27.133	77.19	56.64	78.56	53.28	75.15	53.07	68.8	46.26	65.96	53.07	63.54	59.74	63.19	69.06	68.44	71.12	67.35	85.5	74.76	72.88	76.32	83.76	39.47	60.9	39.52	72.44	29.93	65.04	27.67	80.69	24.2	55.42	22.16	61.91
815	27.167	77.31	56.61	78.59	53.32	75.32	53.1	68.72	46.21	66.2	53.09	63.71	59.53	63.56	69.32	68.63	70.05	67.54	85.52	74.65	71.96	75.81	83.39	39.98	59.98	40.19	71.71	30.92	63.89	28.51	79.82	24.23	53.67	21.91	60.1
816	27.2	77.38	56.69	78.56	53.48	75.41	53.29	68.37	46.32	66.22	53.3	63.39	59.53	63.37	68.65	68.4	70.69	67.5	84.76	74.75	72.21	76.29	83.56	39.24	59.99	39.53	71.44	29.66	63.38	27.04	78.93	23.29	53.46	20.55	59.99
817	27.233	77.31	56.84	78.57	53.59	75.29	53.37	68.52	46.44	66.0	53.25	63.57	59.6	63.24	68.58	68.64	70.65	67.62	84.67	75.13	71.95	76.58	83.22	39.75	60.3	39.82	71.67	30.11	64.11	27.41	79.55	23.3	54.44	20.75	60.81
818	27.267	77.16	57.25	78.4	54.04	75.26	53.77	68.11	46.71	66.0	53.5	63.0	59.61	63.0	68.78	68.19	70.68	67.42	85.0	74.72	72.1	76.52	83.43	38.81	60.01	39.06	71.54	29.27	63.63	26.49	79.22	22.7	53.96	19.78	60.16
819	27.3	77.04	57.41	78.24	54.19	75.11	53.98	67.9	46.78	65.88	53.71	62.76	59.53	63.04	68.51	67.43	71.18	67.11	84.88	74.25	72.58	76.07	83.59	38.89	60.72	39.37	72.11	28.9	64.24	26.25	79.74	21.96	54.76	19.08	61.2
820	27.333	77.04	57.28	78.24	54.03	75.05	53.9	68.11	46.73	65.83	53.72	63.09	59.42	62.98	68.53	67.7	70.76	66.87	84.71	74.35	72.64	76.02	83.81	39.67	60.41	39.92	71.79	29.93	64.22	27.25	79.72	22.88	54.79	20.19	61.38
821	27.367	77.06	56.99	78.26	53.73	75.0	53.64	68.25	46.61	65.8	53.64	63.36	59.61	63.14	68.55	68.17	71.09	67.25	84.72	74.5	72.64	76.23	83.48	39.8	60.78	39.97	72.03	29.88	64.73	27.37	80.08	23.13	55.35	20.68	61.91
822	27.4	77.09	56.89	78.34	53.63	75.0	53.53	68.48	46.63	65.84	53.6	63.58	59.71	63.17	68.61	68.14	71.15	67.33	84.73	74.42	72.72	76.23	83.56	39.99	60.68	40.04	71.91	30.3	64.68	27.73	80.03	23.48	55.22	21.18	61.9
823	27.433	77.18	56.93	78.45	53.63	75.03	53.56	68.65	46.68	65.79	53.66	63.71	59.87	63.22	68.54	68.32	71.59	67.5	84.71	74.71	72.58	76.37	83.32	40.09	61.08	40.09	72.2	30.15	65.23	27.73	80.43	23.51	55.75	21.51	62.49
824	27.467	77.33	57.43	78.59	54.2	75.3	54.04	68.61	47.06	66.05	53.97	63.63	59.9	63.15	68.83	68.6	71.17	67.91	84.87	74.77	72.34	77.01	83.38	39.6	59.98	39.55	71.3	30.34	63.82	27.56	79.21	23.97	54.3	21.56	60.83
825	27.5	77.36	57.85	78.58	54.62	75.37	54.5	68.49	47.31	66.18	54.32	63.67	59.9	63.16	68.83	68.64	71.07	67.98	84.69	74.8	72.38	77.18	83.37	39.33	59.94	39.24	71.32	29.82	63.34	26.73	78.87	23.18	54.02	20.41	60.66
826	27.533	77.51	58.17	78.67	54.99	75.53	54.89	68.33	47.48	66.39	54.61	63.53	59.86	63.47	68.37	68.04	71.41	67.76	84.08	74.9	72.66	77.16	83.39	39.28	60.66	39.55	71.9	28.89	63.92	25.9	79.34	21.61	54.99	18.63	61.86
827	27.567	77.56	57.23	78.54	55.18	75.81	54.38	66.66	49.23	66.31	55.1	62.02	59.5	62.79	67.67	67.08	69.99	68.51	83.78	74.22	72.66	77.35	84.95	38.56	62.72	39.31	74.03	28.96	63.62	25.66	78.82	21.26	58.09	17.55	63.1
828	27.6	78.19	57.46	79.06	55.48	76.5	54.61	66.23	49.28	67.01	55.56	61.88	59.75	63.33	68.04	66.14	70.43	68.94	83.78	74.53	73.17	78.45	85.22	37.59	63.52	38.93	75.19	27.29	63.43	24.02	79.26	17.58	58.24	14.43	64.0
829	27.633	78.19	57.78	79.12	55.83	76.52	54.87	66.05	49.76	66.99	55.99	61.59	60.35	63.26	68.49	65.93	70.79	69.12	83.63	74.59	73.45	79.06	84.72	36.56	64.36	38.02	76.04	25.54	64.52	22.52	80.37	16.47	60.33	13.62	66.02
830	27.667	77.99	58.04	78.94	56.02	76.33	55.14	66.2	49.78	66.77	55.99	61.53	60.17	63.2	68.55	65.88	70.77	68.89	84.14	74.11	73.29	78.25	84.71	37.15	64.01	38.58	75.7	26.76	64.67	23.83	80.47	17.93	60.14	14.95	65.65
831	27.7	78.02	57.93	78.96	55.86	76.3	55.03	66.24	49.56	66.69	55.91	61.64	60.06	63.3	68.57	66.18	70.43	69.0	84.03	74.2	73.24	78.46	84.81	37.19	63.6	38.64	75.37	26.55	64.2	23.64	80.11	17.64	59.84	14.56	65.4
832	27.733	78.07	57.92	79.08	55.87	76.37	54.95	66.25	49.56	66.75	55.85	61.64	60.13	63.22	68.53	66.07	70.43	68.9	83.79	74.18	73.48	78.84	84.72	36.68	63.64	38.09	75.44	25.67	64.27	22.73	80.24	16.53	59.79	13.55	65.31
833	27.767	78.0	57.85	79.07	55.8	76.28	54.86	66.41	49.49	66.65	55.76	61.94	60.02	62.98	68.56	66.38	69.84	68.58	83.49	74.21	73.41	78.77	84.29	36.71	63.37	37.74	75.28	25.53	63.69	22.25	79.85	16.12	59.31	13.06	64.83
834	27.8	77.96	57.91	79.11	55.8	76.16	54.91	66.71	49.46	66.5	55.75	62.25	59.79	62.91	68.41	66.8	69.47	68.51	83.39	74.49	73.59	78.91	84.63	37.01	63.32	37.79	75.3	25.53	63.62	22.16	79.89	16.13	59.48	13.05	65.0
835	27.833	77.75	57.83	78.92	55.67	75.9	54.84	66.79	49.37	66.3	55.61	62.41	59.74	62.84	68.18	67.17	69.55	68.5	83.35	74.94	73.75	79.25	84.96	37.39	63.34	37.98	75.21	25.79	64.01	22.42	80.14	16.33	59.67	13.14	65.19
836	27.867	77.85	58.23	79.02	56.09	76.02	55.22	66.78	49.71	66.31	55.87	62.26	59.95	62.62	68.11	67.09	70.02	68.44	83.26	75.13	73.77	79.43	84.9	37.04	63.31	37.55	75.07	25.48	63.94	22.05	79.9	16.36	59.56	13.22	65.08
837	27.9	77.72	58.52	78.93	56.33	75.91	55.46	66.75	49.74	66.24	55.92	62.21	59.99	62.58	68.18	67.07	70.17	68.31	83.41	75.26	73.85	79.28	84.69	36.87	63.59	37.41	75.39	25.28	64.27	21.85	80.28	16.13	59.78	12.98	65.29
838	27.933	77.73	58.64	78.96	56.48	75.94	55.6	66.84	49.88	66.33	55.97	62.34	59.9	62.69	68.14	67.18	69.9	68.1	83.35	75.36	73.78	78.76	84.43	37.16	63.97	37.72	75.74	25.54	64.89	22.23	80.89	16.02	60.67	12.98	66.02
839	27.967	77.63	58.74	78.86	56.58	75.88	55.69	66.72	49.87	66.34	56.02	62.17	59.81	62.84	68.29	66.79	69.54	67.97	83.36	75.02	73.7	78.35	84.49	37.17	64.14	37.98	76.01	25.57	65.03	22.45	81.16	15.93	61.08	12.96	66.47
840	28.0	77.63	58.67	78.85	56.57	75.89	55.64	66.65	50.04	66.38	56.09	62.12	59.91	62.8	68.36	66.8	69.55	68.1	83.39	75.09	73.71	78.46	84.39	37.15	64.36	37.97	76.19	25.75	65.18	22.63	81.25	16.03	61.49	13.13	66.76
841	28.033	77.65	58.69	78.89	56.59	75.92	55.64	66.69	50.03	66.34	56.04	62.15	59.84	62.66	68.3	66.94	69.38	67.98	83.3	75.13	73.55	78.41	84.18	37.09	63.89	37.79	75.73	25.68	64.76	22.46	80.84	15.89	60.96	12.97	66.14
842	28.067	77.54	58.62	78.83	56.44	75.78	55.56	66.9	49.79	66.23	55.86	62.43	59.5	62.72	68.32	67.39	68.89	68.02	83.55	75.37	73.47	78.38	84.12	37.64	63.9	38.2	75.9	26.25	64.94	23.08	81.26	16.3	61.02	13.46	66.2
843	28.1	77.6	58.63	78.9	56.47	75.84	55.55	66.92	49.81	66.28	55.87	62.41	59.55	62.74	68.38	67.29	68.94	67.97	83.59	75.43	73.47	78.44	83.97	37.49	63.81	38.09	75.86	26.16	64.82	23.0	81.2	16.1	60.84	13.27	66.06
844	28.133	77.62	58.63	78.92	56.5	75.9	55.57	66.93	49.86	66.41	55.92	62.46	59.56	62.85	68.59	67.37	68.68	67.99	83.72	75.52	73.64	78.43	84.38	37.46	63.8	38.09	75.96	26.17	64.81	23.01	81.34	16.13	60.72	13.22	65.93
845	28.167	77.71	58.8	78.97	56.71	76.02	55.78	66.89	50.13	66.55	56.19	62.49	59.64	62.81	68.74	67.28	68.4	67.76	83.47	75.27	73.7	78.17	84.25	37.59	63.93	38.18	76.09	26.35	64.78	23.12	81.33	16.21	60.8	13.37	66.01
846	28.2	77.81	58.85	79.0	56.82	76.16	55.85	66.61	50.22	66.65	56.34	62.09	59.85	62.88	68.74	66.72	69.06	67.82	83.6	74.72	73.83	78.22	84.76	36.96	63.91	37.87	75.97	25.64	64.86	22.56	81.2	15.76	60.87	12.81	66.07
847	28.233	77.87	59.03	79.1	57.0	76.26	55.98	66.68	50.23	66.79	56.32	62.19	59.76	62.87	68.8	66.83	68.81	67.78	83.64	74.85	73.75	78.43	84.51	36.65	63.72	37.47	75.94	25.28	64.72	22.07	81.29	15.34	60.73	12.34	65.92
848	28.267	77.97	59.21	79.18	57.2	76.39	56.14	66.6	50.37	66.83	56.38	61.97	59.88	62.75	68.6	66.43	69.41	67.66	83.59	74.61	73.63	78.13	84.36	36.56	63.87	37.48	75.9	25.4	64.84	22.22	81.1	15.49	60.62	12.62	65.75
849	28.3	77.96	59.26	79.2	57.24	76.39	56.17	66.67	50.35	66.84	56.33	62.02	59.8	62.78	68.6	66.42	69.3	67.79	83.65	74.64	73.62	78.3	84.36	36.68	63.83	37.58	75.91	25.61	64.71	22.41	81.05	15.65	60.59	12.86	65.72
850	28.333	77.91	59.24	79.16	57.16	76.29	56.15	66.84	50.29	66.73	56.31	62.23	59.74	62.75	68.73	66.75	68.99	67.83	83.73	74.76	73.47	78.13	84.38	37.0	63.79	37.73	75.95	25.97	64.58	22.72	81.05	16.16	60.39	13.41	65.56
851	28.367	77.78	59.12	78.98	57.06	76.17	56.1	66.69	50.25	66.7	56.31	62.16	59.64	62.79	68.57	66.7	68.93	67.8	83.6	74.69	73.43	77.96	84.53	37.19	63.82	38.0	75.88	26.24	64.66	23.06	81.01	16.44	60.53	13.69	65.77
852	28.4	77.8	58.96	79.03	56.91	76.14	55.97	66.84	50.22	66.68	56.32	62.35	59.63	62.84	68.56	66.9	68.8	67.82	83.5	74.78	73.48	77.92	84.73	37.21	63.72	37.92	75.8	26.0	64.52	22.73	80.91	16.17	60.43	13.29	65.71
853	28.433	77.72	58.93	78.92	56.84	76.05	55.92	66.66	50.13	66.55	56.32	62.2	59.76	62.87	68.86	66.83	68.93	67.82	83.9	74.67	73.42	77.9	84.56	37.23	63.89	38.08	76.04	26.05	64.68	22.86	81.15	16.17	60.37	13.16	65.63
854	28.467	77.61	58.85	78.78	56.77	75.89	55.89	66.63	50.22	66.39	56.36	62.23	59.85	62.84	68.85	67.02	68.87	67.8	83.73	74.69	73.4	77.6	84.29	37.65	64.07	38.48	76.07	26.46	64.93	23.36	81.23	16.44	60.84	13.55	65.98
855	28.5	77.51	58.91	78.7	56.79	75.77	55.94	66.64	50.17	66.24	56.34	62.25	59.75	62.77	68.85	67.14	68.72	67.68	83.82	74.73	73.28	77.34	84.32	37.82	64.22	38.59	76.26	26.57	65.09	23.47	81.42	16.49	60.88	13.59	65.99
856	28.533	77.56	59.12	78.75	56.98	75.86	56.13	66.57	50.19	66.32	56.42	62.15	59.71	62.77	68.93	67.03	68.7	67.7	83.89	74.69	73.33	77.52	84.18	37.57	64.14	38.4	76.27	26.4	64.98	23.29	81.44	16.28	60.7	13.39	65.86
857	28.567	77.53	59.28	78.71	57.13	75.87	56.27	66.51	50.2	66.36	56.42	62.0	59.57	62.76	68.88	66.96	68.64	67.72	84.0	74.67	73.19	77.55	84.2	37.43	64.06	38.37	76.24	26.43	64.86	23.39	81.32	16.57	60.52	13.7	65.59
858	28.6	77.55	59.44	78.78	57.34	75.93	56.42	66.76	50.39	66.48	56.38	62.27	59.41	62.71	68.51	66.99	68.52	67.43	83.7	74.68	73.0	76.76	83.88	37.83	63.95	38.56	75.98	26.94	64.78	23.79	81.09	16.97	60.68	14.24	65.66
859	28.633	77.64	59.66	78.98	57.49	76.0	56.53	67.1	50.28	66.48	56.24	62.59	59.21	62.65	68.5	67.48	68.1	67.39	83.75	75.03	73.2	77.45	84.2	37.6	63.51	38.06	75.78	26.28	64.32	22.93	80.93	16.36	60.13	13.45	65.01
860	28.667	77.74	59.72	79.08	57.56	76.08	56.61	67.19	50.4	66.52	56.38	62.69	59.3	62.68	68.55	67.85	68.32	67.35	84.0	75.19	73.52	77.65	84.66	37.59	63.34	38.01	75.6	26.17	64.28	22.85	80.82	16.37	60.02	13.26	64.8
861	28.7	77.85	59.84	79.24	57.67	76.18	56.7	67.37	50.38	66.61	56.42	62.89	59.17	62.72	68.61	67.91	68.05	67.32	83.98	75.36	73.53	77.63	84.5	37.55	63.34	37.89	75.76	26.02	64.01	22.6	80.81	15.97	59.73	12.98	64.64
862	28.733	77.86	59.78	79.27	57.62	76.2	56.63	67.43	50.45	66.6	56.41	62.86	59.23	62.61	68.71	67.86	68.01	67.37	84.02	75.22	73.48	77.63	84.48	37.58	63.27	37.84	75.68	26.29	63.86	22.83	80.64	16.4	59.56	13.5	64.38
863	28.767	77.86	59.7	79.22	57.52	76.2	56.57	67.34	50.31	66.65	56.34	62.8	59.27	62.68	68.61	67.79	68.38	67.45	84.09	75.29	73.86	77.97	85.04	37.47	63.55	37.82	75.9	26.21	64.45	22.85	81.14	16.32	59.99	13.41	64.95
864	28.8	77.89	59.58	79.23	57.4	76.2	56.46	67.35	50.26	66.63	56.31	62.78	59.28	62.75	68.68	67.75	68.36	67.46	84.19	75.26	73.68	77.56	85.0	37.7	63.73	38.12	76.05	26.62	64.6	23.3	81.26	16.72	60.1	13.84	65.1
865	28.833	77.96	59.31	79.26	57.12	76.27	56.22	67.2	50.04	66.7	56.26	62.65	59.37	62.81	68.72	67.5	68.69	67.69	84.19	75.27	73.7	78.04	85.34	37.26	63.63	37.79	76.01	26.05	64.35	22.69	81.08	16.32	59.69	13.37	64.98
866	28.867	77.92	59.07	79.27	56.82	76.19	55.94	67.4	49.79	66.66	56.05	62.88	59.46	62.95	68.93	67.72	68.91	67.83	84.66	75.46	73.89	78.03	85.26	37.47	63.89	37.96	76.35	26.29	64.75	22.99	81.64	16.45	59.94	13.59	65.31
867	28.9	78.06	58.99	79.38	56.8	76.35	55.87	67.29	49.79	66.77	56.05	62.74	59.5	62.98	69.02	67.44	68.96	67.96	84.71	75.46	73.5	77.9	84.79	37.36	64.07	37.97	76.57	26.41	64.7	23.07	81.64	16.29	59.75	13.5	65.14
868	28.933	78.12	58.88	79.48	56.67	76.4	55.77	67.59	49.7	66.85	55.95	63.1	59.18	63.11	69.08	67.98	68.14	68.14	84.73	75.54	73.32	77.89	84.7	37.66	63.48	38.05	76.18	26.74	64.13	23.21	81.38	16.73	59.27	13.67	64.61
869	28.967	78.01	58.77	79.36	56.56	76.27	55.68	67.57	49.65	66.75	55.9	63.1	59.18	63.12	69.04	67.78	68.12	67.95	84.64	75.38	73.32	77.6	84.6	37.98	63.88	38.39	76.51	27.0	64.5	23.58	81.69	16.88	59.57	13.93	64.95
870	29.0	78.03	58.78	79.27	56.58	76.28	55.76	67.33	49.69	66.78	56.04	62.97	59.21	63.21	68.95	67.72	68.37	68.08	84.63	75.46	73.38	77.76	84.89	38.07	63.93	38.63	76.48	27.12	64.47	23.77	81.56	16.85	59.49	13.82	65.02
871	29.033	78.08	58.76	79.35	56.57	76.33	55.74	67.48	49.67	66.85	55.98	63.07	59.11	63.32	68.81	68.03	68.21	68.22	84.49	75.67	73.39	78.14	84.88	37.96	63.7	38.51	76.25	26.91	64.41	23.65	81.46	16.89	59.36	13.78	64.78
872	29.067	78.13	58.83	79.36	56.73	76.41	55.87	67.32	49.95	66.94	56.22	62.88	59.34	63.27	68.62	67.77	68.61	68.16	84.1	75.38	73.36	78.11	84.94	37.63	63.81	38.29	76.11	26.51	64.54	23.36	81.22	16.66	59.46	13.61	64.81
873	29.1	78.09	58.7	79.28	56.66	76.42	55.75	67.11	50.01	67.0	56.18	62.63	59.51	63.26	68.63	67.2	69.04	68.15	84.27	75.16	73.48	78.06	85.51	37.6	64.42	38.4	76.63	26.55	64.96	23.41	81.49	16.63	59.97	13.64	65.32
874	29.133	78.11	58.56	79.26	56.51	76.43	55.63	67.01	49.92	66.99	56.16	62.63	59.61	63.26	68.86	67.34	69.0	68.27	84.4	74.93	73.59	78.14	85.45	37.52	64.03	38.31	76.3	26.62	64.62	23.41	81.24	16.63	59.21	13.51	64.56
875	29.167	78.15	58.36	79.28	56.3	76.42	55.45	67.06	49.81	66.97	56.12	62.77	59.71	63.32	68.95	67.48	69.12	68.25	84.5	74.98	73.61	77.77	85.51	37.61	64.25	38.37	76.51	26.58	64.91	23.36	81.55	16.55	59.55	13.44	64.99
876	29.2	78.18	58.12	79.32	56.04	76.41	55.24	67.33	49.61	66.96	55.95	63.01	59.39	63.51	68.8	67.68	68.63	68.12	84.44	75.04	73.72	77.44	86.06	38.25	64.33	39.0	76.61	27.16	65.09	24.13	81.78	17.21	59.93	14.13	65.39
877	29.233	78.15	57.86	79.22	55.79	76.37	55.01	67.14	49.52	66.88	55.87	62.84	59.5	63.38	68.92	67.57	68.81	68.08	84.62	75.01	73.61	77.19	86.19	38.4	64.46	39.17	76.69	27.71	65.17	24.63	81.77	17.9	59.93	14.78	65.45
878	29.267	78.52	58.84	79.73	56.03	76.62	55.66	68.43	48.62	67.12	55.92	63.21	60.2	63.52	69.69	67.77	70.71	67.63	85.32	75.88	74.55	76.15	85.52	37.21	62.66	37.97	74.72	26.44	65.52	22.79	82.23	17.33	58.82	13.68	65.86
879	29.3	77.97	57.61	78.98	55.54	76.21	54.79	66.92	49.39	66.76	55.73	62.62	59.59	63.24	68.81	67.22	69.03	67.95	84.46	74.4	73.39	76.72	86.28	38.38	64.03	39.16	76.09	27.85	64.55	24.68	80.9	18.47	58.94	15.24	64.47
880	29.333	78.08	57.2	79.05	55.08	76.25	54.4	66.94	48.97	66.77	55.51	62.65	59.48	63.42	68.68	67.07	69.28	68.37	84.48	74.22	73.31	77.34	86.44	38.38	63.79	39.25	75.88	27.83	64.5	24.71	80.91	18.39	58.34	15.11	64.2
881	29.367	78.03	57.02	78.98	54.89	76.19	54.23	66.92	48.85	66.73	55.36	62.64	59.57	63.41	68.6	67.15	69.63	68.66	84.48	74.2	73.15	77.35	86.0	38.4	63.69	39.24	75.65	28.09	64.12	24.81	80.36	18.99	57.59	15.59	63.42
882	29.4	77.97	56.84	78.91	54.68	76.14	54.02	66.87	48.59	66.61	55.1	62.57	59.4	63.19	68.77	67.45	69.2	68.8	84.73	74.12	72.93	77.52	85.75	38.42	63.06	39.15	75.16	28.71	63.33	25.2	79.68	19.66	56.32	16.09	61.93
883	29.433	78.16	57.7	79.13	54.69	76.2	54.62	68.26	47.36	67.16	54.93	63.81	59.74	64.0	68.84	67.85	70.72	67.62	84.12	74.4	73.3	76.03	84.49	38.9	61.52	39.48	73.1	28.23	63.65	25.02	79.71	19.73	54.99	16.56	62.38
884	29.467	77.91	56.66	78.87	54.56	76.13	53.85	67.15	48.64	66.75	54.92	62.7	59.33	63.1	68.55	67.64	68.94	68.25	84.44	73.96	72.76	76.6	85.8	38.76	62.64	39.32	74.53	29.67	63.05	26.14	79.06	22.13	56.32	18.24	61.76
885	29.5	78.18	57.59	79.16	54.49	76.21	54.44	68.39	47.1	67.12	54.74	63.83	59.82	63.85	69.09	68.05	70.72	67.65	84.35	74.43	73.18	76.12	84.85	38.71	60.74	39.15	72.43	28.57	62.84	25.26	78.97	21.01	53.81	17.81	61.34
886	29.533	78.16	57.4	79.13	54.33	76.19	54.25	68.51	47.21	67.07	54.65	64.01	60.09	63.85	69.2	68.49	70.9	67.71	84.43	74.66	73.01	76.27	84.69	39.54	60.69	39.84	72.15	29.78	63.0	26.79	78.73	22.63	53.76	19.95	60.99
887	29.567	78.14	57.29	79.14	54.12	76.13	54.11	68.72	46.95	66.97	54.41	64.22	59.98	63.81	69.07	69.08	70.99	68.04	84.55	74.86	72.85	76.86	84.67	39.74	60.36	39.85	71.78	30.17	63.08	27.28	78.7	23.45	53.65	20.97	60.8
888	29.6	78.13	56.98	78.97	53.87	76.13	53.92	68.31	46.85	66.97	54.46	63.99	60.07	63.76	69.13	68.81	71.06	68.08	84.35	74.65	72.95	76.76	84.63	39.75	60.34	40.0	71.69	30.39	62.83	27.48	78.4	23.44	53.32	21.03	60.66
889	29.633	78.07	56.92	78.92	53.86	76.17	53.82	68.14	46.87	67.06	54.37	63.8	59.99	63.72	69.46	68.58	70.67	67.94	84.8	74.28	72.82	76.22	84.84	39.54	60.23	39.87	71.78	30.52	62.69	27.64	78.49	23.54	53.22	21.17	60.39
890	29.667	78.24	56.87	79.05	53.9	76.32	53.8	68.13	47.11	67.21	54.52	63.84	60.25	63.8	69.37	68.47	71.09	68.08	84.61	74.45	72.92	76.5	84.82	39.53	60.75	39.85	72.17	30.25	62.78	27.19	78.41	23.35	53.5	20.73	60.68
891	29.7	78.26	56.82	79.1	53.86	76.35	53.72	68.2	47.13	67.2	54.42	63.77	60.35	63.8	69.42	68.39	71.32	68.07	84.83	74.42	72.88	76.36	84.87	39.62	61.02	39.97	72.38	30.46	63.22	27.59	78.73	23.87	54.05	21.46	61.09
892	29.733	78.25	56.88	79.08	53.87	76.4	53.73	68.07	46.99	67.23	54.3	63.55	60.27	63.89	69.58	68.45	71.34	68.22	85.3	74.57	72.64	76.41	84.59	39.44	61.05	40.02	72.53	30.46	63.44	27.9	79.05	23.99	54.21	21.76	61.1
893	29.767	78.23	57.04	79.03	54.06	76.43	53.93	67.9	47.13	67.31	54.46	63.4	60.23	63.83	69.47	68.44	71.35	68.26	85.07	74.59	72.9	76.6	84.49	39.05	61.18	39.67	72.65	29.96	63.33	27.29	78.93	23.72	54.41	21.28	61.27
894	29.8	78.25	57.1	79.05	54.13	76.42	54.0	67.94	47.25	67.31	54.62	63.6	60.37	63.76	69.6	68.54	71.28	68.22	84.91	74.51	72.9	76.56	84.14	39.06	61.22	39.49	72.71	29.81	63.05	26.84	78.73	23.32	54.2	20.76	61.13
895	29.833	78.2	57.12	79.02	54.11	76.4	53.99	67.89	47.13	67.32	54.55	63.46	60.24	63.77	69.77	68.44	71.09	68.25	85.21	74.39	72.68	76.39	83.95	38.8	61.27	39.34	72.93	29.73	63.12	26.84	79.02	23.4	54.37	20.89	61.33
896	29.867	78.19	57.08	78.99	54.1	76.4	53.98	67.87	47.18	67.37	54.6	63.54	60.2	63.77	69.63	68.64	70.98	68.46	84.97	74.52	72.8	76.8	84.13	38.66	61.02	39.13	72.65	29.52	62.78	26.42	78.66	23.14	54.1	20.35	61.07
897	29.9	78.23	57.04	79.01	54.04	76.42	53.94	67.9	47.11	67.41	54.56	63.65	60.28	63.88	69.71	68.66	71.08	68.52	85.09	74.53	72.89	76.93	84.56	39.05	60.88	39.54	72.47	30.1	62.88	27.12	78.71	23.52	54.01	20.95	61.07
898	29.933	78.29	57.15	79.06	54.14	76.51	54.02	67.85	47.11	67.5	54.59	63.58	60.23	63.91	69.76	68.41	71.02	68.24	85.13	74.38	72.87	76.49	84.5	38.91	60.72	39.5	72.38	30.02	62.75	27.05	78.68	23.31	53.81	20.7	60.95
899	29.967	78.37	57.21	79.13	54.19	76.6	54.08	67.83	46.99	67.5	54.55	63.44	60.07	63.98	69.71	68.28	70.83	67.99	85.09	74.37	72.56	76.02	84.23	38.99	60.71	39.77	72.4	30.03	62.73	27.22	78.67	23.23	53.67	20.65	60.78
900	30.0	78.39	57.19	79.16	54.23	76.59	54.1	67.97	47.14	67.53	54.63	63.65	60.04	63.96	69.52	68.45	70.54	67.88	84.63	74.41	72.71	76.24	84.56	39.15	60.47	39.74	72.08	30.01	62.48	27.03	78.34	23.1	53.46	20.25	60.55
901	30.033	78.48	57.29	79.32	54.46	76.68	54.21	68.13	47.55	67.66	54.76	63.73	60.29	64.14	69.12	68.15	71.18	68.25	84.35	74.44	72.9	76.8	84.83	38.95	60.94	39.55	72.32	29.25	62.58	26.13	78.14	22.16	53.89	19.08	60.82
902	30.067	78.44	57.28	79.2	54.48	76.6	54.3	67.98	47.64	67.61	54.94	63.68	60.24	64.16	68.79	68.01	71.21	67.92	83.83	74.45	72.93	76.63	85.08	39.25	60.87	39.93	72.04	29.31	62.72	26.37	78.02	22.2	53.84	19.17	60.94
903	30.1	78.27	57.15	79.03	54.32	76.42	54.17	67.9	47.52	67.46	54.85	63.64	60.24	64.13	68.89	68.32	71.24	68.17	84.09	74.41	73.06	76.89	85.1	39.16	60.81	39.83	71.99	29.35	62.8	26.46	78.08	22.5	53.93	19.4	60.89
904	30.133	78.19	57.17	79.01	54.24	76.31	54.15	68.12	47.37	67.35	54.78	63.96	60.16	64.04	69.24	68.77	70.74	68.13	84.39	74.38	73.16	76.87	85.18	39.32	60.72	39.71	72.13	29.56	62.88	26.52	78.5	22.48	53.97	19.43	60.94
905	30.167	78.04	57.05	78.94	54.1	76.08	54.03	68.44	47.45	67.15	54.73	64.35	60.28	63.98	69.35	69.2	70.68	68.28	84.49	74.32	73.23	76.68	85.11	39.93	60.98	39.98	72.31	30.21	63.2	27.06	78.73	23.23	54.48	20.37	61.29
906	30.2	77.89	57.05	78.76	54.04	75.96	54.02	68.19	47.31	67.01	54.76	63.97	60.3	63.91	69.69	69.14	70.67	68.45	84.88	74.24	72.99	76.73	84.9	39.45	60.56	39.72	72.03	30.07	62.98	27.21	78.65	23.54	53.93	20.89	60.78
907	30.233	77.91	56.97	78.8	53.95	75.98	53.92	68.23	47.21	66.99	54.63	63.9	60.27	63.97	69.86	68.92	70.54	68.37	85.05	74.26	72.72	76.49	84.47	39.68	60.43	40.04	71.98	30.59	63.32	28.04	79.12	23.94	53.99	21.68	60.91
908	30.267	77.83	56.85	78.71	53.83	75.88	53.83	68.21	47.23	66.83	54.63	63.82	60.26	63.86	69.93	68.98	70.59	68.61	85.26	74.29	72.72	76.6	84.44	39.98	60.51	40.32	72.04	31.26	63.56	28.77	79.28	24.79	54.6	22.75	61.44
909	30.3	77.82	56.86	78.71	53.83	75.8	53.83	68.23	47.31	66.69	54.66	63.83	60.4	63.94	69.88	68.73	70.94	68.61	85.23	74.42	72.71	76.41	83.89	40.63	61.41	41.06	72.78	31.75	64.39	29.44	79.95	24.84	55.46	23.12	62.32
910	30.333	77.91	56.81	78.8	53.79	75.83	53.79	68.28	47.32	66.64	54.69	63.92	60.45	63.83	69.76	68.5	71.18	68.15	85.07	74.64	72.56	76.31	83.55	40.89	62.0	41.21	73.31	31.65	64.97	29.42	80.51	24.42	55.96	22.98	63.08
911	30.367	77.88	57.09	78.77	54.04	75.83	54.06	68.21	47.42	66.62	54.88	63.73	60.45	63.77	69.88	68.43	71.06	67.98	85.08	74.52	72.79	76.37	83.86	40.55	61.68	40.95	73.08	31.38	64.73	29.15	80.34	24.47	55.47	22.77	62.6
912	30.4	77.84	57.24	78.75	54.14	75.81	54.15	68.17	47.28	66.59	54.77	63.64	60.32	63.74	69.93	68.4	70.89	67.96	85.24	74.43	72.59	76.17	83.71	40.37	61.31	40.81	72.82	31.27	64.21	28.97	79.96	24.25	54.82	22.48	61.9
913	30.433	77.79	57.36	78.71	54.28	75.79	54.26	68.13	47.41	66.55	54.83	63.66	60.37	63.55	70.03	68.4	70.89	67.83	85.36	74.36	72.73	76.11	83.86	40.32	61.27	40.6	72.81	31.26	63.96	28.76	79.77	24.14	54.68	22.34	61.69
914	30.467	77.74	57.61	78.7	54.46	75.76	54.46	68.14	47.44	66.55	54.9	63.59	60.37	63.5	70.03	68.37	71.1	67.57	85.45	74.18	72.91	75.98	83.67	39.9	61.59	40.2	73.16	30.58	64.51	28.23	80.32	23.84	55.2	22.08	62.2
915	30.5	77.69	57.6	78.69	54.41	75.67	54.41	68.16	47.34	66.39	54.81	63.52	60.36	63.4	70.03	68.31	71.37	67.48	85.72	74.19	73.03	76.1	83.5	39.96	62.09	40.24	73.68	30.49	65.0	28.21	80.84	23.63	55.74	21.93	62.69
916	30.533	77.59	57.5	78.6	54.3	75.58	54.28	68.09	47.22	66.3	54.68	63.39	60.35	63.31	70.17	68.14	71.29	67.34	85.87	74.06	73.06	75.96	83.7	39.79	61.94	40.1	73.61	30.47	64.95	28.22	80.87	23.72	55.55	22.06	62.51
917	30.567	77.54	57.48	78.56	54.25	75.54	54.24	67.99	47.13	66.27	54.63	63.24	60.3	63.32	70.29	67.99	71.33	67.32	86.11	74.02	73.08	75.75	83.5	39.7	62.46	40.13	74.21	30.32	65.2	28.18	81.24	23.59	55.91	22.05	62.87
918	30.6	77.58	57.5	78.61	54.18	75.52	54.25	68.09	46.93	66.2	54.62	63.4	60.04	63.28	70.3	68.36	71.01	67.3	86.15	74.14	72.99	75.64	83.05	39.7	62.41	40.03	74.31	30.22	65.15	28.03	81.41	23.39	55.89	21.91	62.94
919	30.633	77.56	57.42	78.61	54.03	75.48	54.17	68.18	46.72	66.14	54.49	63.44	59.93	63.31	70.18	68.3	71.11	67.3	86.17	73.99	72.78	75.62	82.98	39.88	62.23	40.22	74.1	30.44	65.28	28.41	81.5	23.68	55.77	22.42	62.95
920	30.667	77.6	57.39	78.63	54.01	75.49	54.17	68.25	46.77	66.14	54.54	63.53	59.94	63.31	70.1	68.36	71.09	67.43	86.02	74.03	72.68	75.78	83.03	40.07	62.12	40.33	73.94	30.67	65.11	28.55	81.27	23.97	55.62	22.67	62.86
921	30.7	77.56	57.37	78.61	54.06	75.49	54.14	68.21	46.88	66.18	54.49	63.46	59.97	63.35	70.05	68.24	71.11	67.58	86.0	73.95	72.63	75.72	82.94	39.98	61.96	40.28	73.73	30.68	64.83	28.48	80.92	23.92	55.43	22.52	62.49
922	30.733	77.53	57.4	78.57	54.07	75.45	54.18	68.3	46.89	66.13	54.5	63.54	59.92	63.3	70.08	68.44	70.97	67.63	86.09	74.02	72.67	76.04	83.34	40.24	61.88	40.45	73.67	31.17	64.91	28.99	80.99	24.58	55.35	23.18	62.41
923	30.767	77.56	57.51	78.59	54.2	75.49	54.3	68.27	47.05	66.16	54.64	63.52	60.07	63.24	70.13	68.42	71.1	67.5	86.03	73.98	72.82	75.95	83.55	40.08	61.77	40.24	73.51	30.93	64.88	28.67	80.9	24.38	55.35	22.87	62.4
924	30.8	77.55	57.56	78.54	54.26	75.5	54.37	68.14	47.07	66.19	54.68	63.41	60.15	63.31	70.0	68.31	71.41	67.57	85.93	73.94	72.93	75.98	83.57	39.96	61.9	40.25	73.54	30.69	65.02	28.55	80.9	24.26	55.58	22.78	62.63
925	30.833	77.54	57.64	78.5	54.33	75.51	54.46	68.01	47.09	66.17	54.78	63.33	60.12	63.3	70.19	68.28	71.05	67.45	85.86	73.91	72.8	75.75	83.23	40.14	62.1	40.51	73.81	30.94	64.93	28.84	80.9	24.33	55.45	22.95	62.5
926	30.867	77.56	57.66	78.59	54.29	75.49	54.42	68.19	46.99	66.12	54.7	63.39	60.08	63.38	70.37	68.46	70.92	67.59	86.15	74.02	72.6	75.87	83.08	40.11	62.28	40.49	74.12	30.89	65.42	28.93	81.53	24.39	55.95	23.13	62.94
927	30.9	77.49	57.8	78.58	54.44	75.43	54.49	68.25	47.16	66.08	54.68	63.43	60.27	63.39	70.44	68.43	71.14	67.75	86.32	74.18	72.73	76.18	83.25	40.04	62.3	40.36	74.13	30.76	65.55	28.73	81.64	24.23	56.09	22.88	62.97
928	30.933	77.41	57.98	78.57	54.61	75.34	54.66	68.44	47.36	66.07	54.81	63.56	60.4	63.41	70.42	68.64	71.27	67.75	86.31	74.34	72.81	76.22	83.55	39.97	62.06	40.2	73.83	30.61	65.43	28.54	81.42	24.49	55.86	22.99	62.72
929	30.967	77.39	58.01	78.51	54.63	75.27	54.74	68.34	47.43	65.95	54.98	63.46	60.48	63.4	70.39	68.74	71.56	67.88	86.29	74.52	73.01	76.41	83.48	40.04	62.4	40.35	74.07	30.56	65.82	28.64	81.68	24.54	56.36	23.14	63.23
930	31.0	77.3	58.07	78.43	54.67	75.21	54.78	68.21	47.41	65.87	54.99	63.31	60.45	63.26	70.44	68.47	71.67	67.61	86.44	74.28	72.85	75.94	83.18	39.85	62.32	40.18	74.04	30.38	65.59	28.39	81.51	24.3	56.11	22.89	63.01
931	31.033	77.25	58.14	78.33	54.72	75.14	54.87	68.01	47.36	65.8	55.04	63.07	60.4	63.21	70.19	68.14	71.94	67.47	86.17	74.23	73.13	75.99	83.32	39.59	62.71	40.06	74.34	29.78	65.78	27.9	81.61	23.71	56.39	22.35	63.42
932	31.067	77.23	58.18	78.36	54.75	75.12	54.87	68.07	47.36	65.76	54.97	63.07	60.35	63.18	70.2	68.14	71.87	67.46	86.27	74.17	73.22	75.99	83.33	39.6	62.81	40.05	74.48	29.78	65.97	27.9	81.83	23.65	56.62	22.3	63.53
933	31.1	77.18	58.19	78.31	54.74	75.07	54.87	68.06	47.3	65.73	54.88	62.98	60.32	63.31	70.06	67.95	72.03	67.54	86.24	74.24	73.11	75.94	83.24	39.74	63.09	40.35	74.69	29.97	66.32	28.27	82.07	23.86	56.85	22.62	63.78
934	31.133	77.11	58.11	78.25	54.69	75.01	54.8	68.09	47.35	65.75	54.88	63.06	60.34	63.21	70.02	68.03	71.93	67.45	86.12	74.2	73.27	75.95	83.8	39.65	62.75	40.13	74.31	29.92	66.08	28.1	81.77	24.01	56.72	22.67	63.65
935	31.167	77.06	58.09	78.23	54.66	74.97	54.77	68.19	47.3	65.75	54.8	63.17	60.23	63.24	70.06	68.22	71.67	67.39	86.24	74.16	73.27	75.87	83.96	39.74	62.64	40.16	74.27	30.03	66.07	28.19	81.84	24.15	56.65	22.71	63.49
936	31.2	77.03	58.05	78.18	54.62	74.95	54.73	68.09	47.23	65.71	54.74	63.07	60.2	63.27	69.99	68.2	71.62	67.39	86.14	74.18	73.29	75.87	83.93	39.7	62.7	40.2	74.3	29.9	66.21	28.14	81.93	24.02	56.64	22.53	63.43
937	31.233	77.35	58.23	78.62	55.09	75.41	54.83	68.02	47.96	65.85	54.9	62.19	60.43	62.84	69.9	67.75	72.21	68.11	86.83	75.15	74.01	76.08	84.49	38.39	63.37	39.25	74.94	29.26	66.41	27.08	81.99	23.82	58.66	22.04	64.79
938	31.267	77.31	58.1	78.61	54.91	75.32	54.66	68.13	47.73	65.75	54.72	62.35	60.26	62.82	69.94	68.03	71.72	68.13	86.84	75.21	73.94	76.05	84.7	38.53	62.93	39.28	74.63	29.48	65.94	27.14	81.7	23.96	57.99	22.02	64.15
939	31.3	77.34	57.99	78.63	54.77	75.31	54.57	68.09	47.6	65.7	54.68	62.24	60.3	62.87	69.87	67.95	72.14	68.37	86.9	75.25	74.11	76.27	84.63	38.29	63.17	39.15	74.81	29.15	66.44	27.01	82.16	23.6	58.47	21.88	64.74
940	31.333	77.05	57.74	78.26	54.2	74.84	54.36	68.28	46.77	65.51	54.38	63.19	59.94	63.29	69.8	68.38	71.58	67.51	86.22	74.33	73.28	75.78	83.82	39.8	62.91	40.27	74.56	29.79	66.54	28.04	82.38	23.64	57.08	22.23	63.93
941	31.367	77.03	57.62	78.32	54.04	74.81	54.18	68.52	46.63	65.49	54.18	63.47	59.86	63.18	69.86	68.62	71.24	67.5	86.27	74.26	72.97	75.83	83.73	39.88	62.14	40.07	73.89	30.07	65.9	28.01	81.89	23.82	56.15	22.25	62.99
942	31.4	77.0	57.56	78.27	53.99	74.8	54.14	68.47	46.61	65.5	54.16	63.39	59.87	63.2	69.84	68.56	71.32	67.5	86.3	74.12	73.06	75.82	83.93	39.8	62.13	40.04	73.86	30.05	66.04	28.08	81.96	23.93	56.25	22.37	63.08
943	31.433	77.02	57.53	78.27	53.92	74.81	54.08	68.44	46.44	65.46	54.06	63.41	59.8	63.11	69.97	68.63	71.05	67.39	86.38	74.04	72.99	75.62	83.87	39.82	61.88	40.01	73.71	30.19	65.8	28.1	81.88	23.82	55.83	22.24	62.7
944	31.467	76.94	57.52	78.16	53.93	74.79	54.07	68.23	46.41	65.46	53.98	63.16	59.77	63.08	69.8	68.36	71.15	67.33	86.22	73.99	72.84	75.68	83.96	39.64	61.86	39.95	73.62	29.92	65.66	27.92	81.6	23.87	55.76	22.29	62.58
945	31.5	76.92	57.53	78.12	53.92	74.75	54.09	68.2	46.37	65.44	54.0	63.21	59.71	63.03	69.72	68.35	71.25	67.18	86.19	74.02	73.08	75.62	83.92	39.67	62.01	39.93	73.78	29.78	65.53	27.68	81.53	23.67	55.66	22.0	62.6
946	31.533	76.78	57.45	77.93	53.91	74.66	54.05	67.93	46.43	65.39	54.0	62.95	59.84	62.94	69.57	67.94	71.39	67.14	85.82	73.92	73.22	75.74	84.36	39.51	61.79	39.86	73.4	29.72	65.37	27.6	81.16	23.64	55.49	21.9	62.5
947	31.567	76.71	57.49	77.81	53.9	74.55	54.14	67.81	46.31	65.29	54.05	62.84	59.59	62.96	69.18	67.75	71.49	67.1	85.52	73.84	73.42	75.82	84.53	39.59	62.22	40.06	73.74	29.44	65.62	27.44	81.31	23.32	55.98	21.64	63.15
948	31.6	76.72	57.44	77.79	53.87	74.55	54.12	67.75	46.29	65.3	54.06	62.83	59.52	62.99	69.13	67.71	71.42	67.04	85.44	73.88	73.47	75.85	84.65	39.67	62.15	40.17	73.68	29.48	65.54	27.51	81.24	23.28	55.88	21.6	63.1
949	31.633	76.73	57.47	77.88	53.84	74.55	54.07	67.97	46.22	65.27	53.95	63.1	59.42	62.98	69.44	68.14	70.9	67.09	85.78	74.13	73.11	75.77	84.03	40.02	62.35	40.34	74.08	29.96	65.62	27.9	81.61	23.47	55.89	21.95	63.0
950	31.667	76.79	57.43	77.98	53.76	74.62	53.95	68.01	46.09	65.28	53.81	63.13	59.56	62.97	69.83	68.31	71.03	67.34	86.38	74.19	72.94	75.8	83.68	39.68	62.14	39.97	74.07	29.83	65.41	27.66	81.66	23.26	55.38	21.7	62.42
951	31.7	76.85	57.42	78.06	53.87	74.76	53.9	67.98	46.34	65.45	53.77	63.02	59.88	63.03	70.03	68.19	71.1	67.31	86.4	74.22	72.65	75.65	83.16	39.51	62.28	39.88	74.15	29.73	65.59	27.73	81.71	23.2	55.59	21.79	62.29
952	31.733	76.92	57.29	77.98	53.81	74.89	53.89	67.43	46.45	65.44	54.09	62.45	60.01	62.75	70.5	67.77	71.23	67.35	86.81	73.71	72.6	75.49	83.1	38.9	62.18	39.48	74.19	29.47	65.23	27.49	81.52	22.95	55.58	21.64	62.33
953	31.767	77.22	57.59	78.07	54.28	75.41	54.26	66.96	46.84	66.09	54.44	62.16	60.21	62.96	70.81	67.22	71.17	67.25	86.85	73.37	72.63	75.55	83.3	38.76	62.08	39.66	74.15	29.86	64.87	27.96	81.22	23.18	55.28	21.85	62.09
954	31.8	77.51	57.91	78.2	54.75	75.89	54.68	66.62	47.2	66.81	54.82	61.99	60.14	63.35	70.88	67.07	70.85	67.17	86.83	73.12	72.38	75.19	83.55	38.38	61.85	39.69	73.98	29.72	64.29	27.89	80.68	23.08	54.84	21.41	61.6
955	31.833	77.8	57.88	78.37	54.97	76.37	54.75	66.36	47.62	67.51	55.02	61.98	60.03	63.66	70.55	66.77	70.59	67.21	86.3	72.77	72.37	75.17	83.63	38.28	61.74	39.8	73.73	29.79	63.65	27.9	79.86	23.06	54.83	21.24	61.44
956	31.867	78.0	58.14	78.44	55.49	76.88	54.97	65.89	48.14	68.5	55.04	61.9	59.96	63.97	70.18	66.35	70.22	67.09	85.78	72.73	72.34	75.22	83.93	37.94	61.82	39.73	73.7	29.73	62.96	27.63	79.0	22.72	54.95	20.73	61.28
957	31.9	78.12	58.27	78.46	55.77	77.2	55.1	65.47	48.46	69.09	55.09	61.61	60.03	64.14	69.55	65.83	71.01	67.26	85.37	72.64	72.69	75.54	84.18	37.26	61.7	39.34	73.28	29.14	62.32	26.84	77.93	22.54	54.61	20.12	60.83
958	31.933	78.11	58.06	78.39	55.69	77.28	54.91	65.19	48.63	69.33	55.06	61.52	60.15	64.12	69.3	65.68	71.15	67.46	84.97	72.7	72.65	76.01	84.21	36.86	61.56	38.99	72.98	28.88	62.2	26.43	77.6	22.11	54.78	19.59	60.97
959	31.967	78.05	57.82	78.38	55.48	77.16	54.69	65.39	48.6	69.22	54.94	61.74	60.23	64.15	69.2	65.94	71.27	67.81	84.97	72.89	72.43	76.33	83.94	36.91	61.61	38.91	72.93	28.84	62.36	26.26	77.69	21.88	55.22	19.21	61.31
960	32.0	78.27	58.03	78.76	56.01	77.5	54.91	65.58	49.34	69.33	55.21	60.82	60.17	64.0	69.17	65.4	71.94	68.22	86.32	73.14	73.48	75.85	84.21	35.51	62.34	38.1	73.75	27.82	63.2	25.79	78.53	21.67	57.53	19.28	62.87
961	32.033	78.26	58.05	78.75	56.03	77.5	54.93	65.57	49.35	69.33	55.22	60.81	60.16	64.0	69.2	65.39	71.89	68.22	86.35	73.1	73.44	75.82	84.17	35.53	62.35	38.13	73.78	27.86	63.18	25.83	78.53	21.68	57.53	19.28	62.86
962	32.067	77.97	57.59	78.31	55.26	77.05	54.44	65.23	48.24	69.21	54.66	61.59	59.83	64.31	68.72	65.31	71.21	67.03	84.75	72.5	73.0	75.37	84.39	36.38	61.83	38.66	73.2	27.37	62.98	24.87	78.48	19.8	55.9	16.66	62.19
963	32.1	77.98	57.59	78.31	55.24	77.09	54.43	65.16	48.25	69.27	54.67	61.57	59.91	64.21	68.79	65.35	71.49	67.13	84.98	72.53	73.36	75.71	84.72	36.05	61.87	38.21	73.3	27.07	62.89	24.32	78.49	19.67	55.83	16.25	62.19
964	32.133	77.94	56.31	78.32	54.72	77.03	53.47	64.56	48.83	68.68	54.49	60.28	59.19	63.79	68.35	64.57	69.59	68.04	85.07	72.27	72.8	76.54	86.39	36.44	63.22	39.06	75.11	28.52	63.17	25.67	78.91	21.54	57.97	17.45	62.65
965	32.167	77.89	56.18	78.24	54.61	76.98	53.4	64.37	48.86	68.7	54.56	60.12	59.23	63.86	68.29	64.28	69.87	68.12	85.07	72.22	72.85	76.63	86.56	36.5	63.87	39.31	75.68	28.53	63.69	25.85	79.3	21.44	58.91	17.55	63.67
966	32.2	78.07	56.14	78.38	54.69	77.23	53.38	64.38	49.17	68.99	54.66	60.09	59.49	63.87	68.14	64.22	70.15	68.02	84.8	72.35	72.65	76.4	86.62	36.39	63.78	39.22	75.37	28.55	63.9	25.75	79.19	21.95	59.59	17.93	64.2
967	32.233	77.95	56.38	78.19	54.93	77.17	53.64	63.9	49.33	68.97	54.91	59.61	59.56	63.62	68.22	63.79	70.26	67.98	84.68	72.06	72.56	76.7	86.5	35.8	63.68	38.75	75.24	28.34	63.46	25.49	78.7	21.96	58.97	17.92	63.76
968	32.267	77.87	56.59	78.06	55.08	77.12	53.81	63.73	49.27	68.97	54.87	59.44	59.5	63.67	68.25	63.58	70.5	68.32	85.02	72.2	72.61	77.08	86.69	35.9	63.86	39.01	75.48	28.67	63.74	25.92	79.08	22.13	59.5	18.38	64.39
969	32.3	77.63	56.38	77.82	54.81	76.86	53.61	63.82	49.03	68.88	54.64	59.64	59.17	63.76	68.12	63.86	69.69	68.38	84.76	72.21	72.75	77.06	87.17	36.36	63.99	39.34	75.67	29.04	63.81	26.2	79.27	22.72	59.68	18.74	64.59
970	32.333	76.86	57.75	77.19	55.54	76.29	54.54	64.39	48.53	68.96	54.19	60.72	59.3	63.33	67.68	64.22	70.88	66.91	83.89	72.08	73.61	76.34	85.14	35.99	61.77	37.94	72.82	27.92	62.66	24.67	77.66	21.26	56.64	17.65	62.41
971	32.367	76.58	57.32	76.87	55.07	76.08	54.08	64.19	48.05	68.98	53.69	60.69	58.79	63.29	67.29	64.66	70.68	67.05	83.98	72.52	73.71	76.7	85.33	35.72	61.58	37.66	72.69	27.82	62.68	24.63	77.68	21.79	56.69	18.18	62.37
972	32.4	76.24	56.59	76.44	54.11	75.71	53.06	63.89	46.48	68.74	51.87	60.45	57.61	63.68	65.99	63.39	70.48	66.44	83.62	72.15	74.03	76.29	86.73	37.49	62.5	39.97	73.41	30.15	65.0	28.29	79.57	23.12	57.6	21.26	63.33
973	32.433	75.57	56.23	75.58	53.68	75.2	52.69	62.82	46.11	68.49	51.47	59.67	57.3	63.46	65.99	63.34	70.17	66.9	83.94	72.03	73.78	76.38	86.55	37.21	62.08	40.06	73.02	30.46	64.9	28.83	79.43	23.43	57.03	21.77	62.44
974	32.467	74.97	53.81	74.82	51.3	74.56	50.35	61.93	44.88	67.95	50.26	59.1	57.15	62.9	65.96	63.02	70.06	66.87	84.07	71.75	73.73	76.16	86.37	37.04	62.19	39.92	73.07	30.67	65.06	28.93	79.52	23.47	57.0	21.79	62.45
975	32.5	74.23	52.61	74.03	50.0	73.58	49.3	61.39	44.09	66.76	49.81	58.71	56.93	62.21	66.02	62.95	69.46	66.36	83.85	71.57	73.46	75.76	86.31	37.66	62.2	40.39	73.02	31.3	65.28	29.91	79.74	23.93	56.68	22.75	62.54
976	32.533	73.67	51.85	73.32	49.17	72.99	48.62	60.47	43.43	66.2	49.43	57.99	56.56	61.75	65.92	62.54	69.53	65.86	84.12	71.66	73.91	75.0	86.59	37.57	62.37	40.6	73.16	31.84	65.55	30.86	80.04	24.15	56.73	23.58	62.98
977	32.567	72.97	51.05	72.59	48.4	72.32	47.8	59.71	43.05	65.59	48.94	57.13	56.91	61.29	66.4	61.7	69.64	65.76	84.43	71.41	73.65	74.86	85.98	36.98	63.01	40.27	73.82	31.56	65.9	30.76	80.42	23.89	57.22	23.63	63.39
978	32.6	72.77	49.95	72.39	47.22	71.91	46.78	59.77	42.07	64.93	48.32	57.23	56.49	61.06	66.27	61.83	68.95	65.2	84.08	71.12	73.46	73.85	85.92	37.42	62.46	40.55	73.32	31.47	65.26	30.54	79.92	23.89	56.1	23.25	62.53
979	32.633	72.63	49.81	72.22	47.04	71.8	46.62	59.55	41.81	64.85	48.13	57.03	56.39	60.97	66.32	61.78	68.99	65.12	84.3	71.02	73.36	73.55	85.77	37.06	62.61	40.3	73.51	31.4	65.49	30.61	80.22	23.77	56.6	23.41	63.06
980	32.667	72.64	49.8	72.25	47.08	71.91	46.54	59.52	41.97	65.13	48.03	57.02	56.7	60.91	66.17	61.72	69.71	65.16	84.24	70.99	73.6	73.94	85.78	36.53	63.08	39.69	73.79	30.92	66.09	30.11	80.5	23.79	57.41	23.5	63.69
981	32.7	72.62	50.21	72.18	47.62	72.21	46.87	59.19	42.5	65.84	48.13	56.83	56.74	60.93	66.08	61.38	69.87	65.58	84.43	70.9	73.78	74.57	86.1	35.89	62.71	39.06	73.5	30.64	65.07	29.21	79.51	23.57	56.92	22.85	62.8
982	32.733	73.08	49.24	72.53	46.86	72.74	46.01	59.27	42.33	66.67	47.95	57.37	56.29	61.18	65.74	61.47	69.31	65.28	84.17	70.86	73.76	74.31	86.57	36.04	62.12	39.06	73.0	30.82	64.35	28.95	78.96	23.52	56.53	22.48	62.63
983	32.767	73.27	48.88	72.73	46.62	72.98	45.68	59.32	42.41	67.06	47.97	57.46	56.39	61.32	65.75	61.31	69.33	65.37	84.07	70.97	73.52	74.16	86.62	35.47	62.03	38.52	72.96	30.03	63.97	27.8	78.68	22.78	56.6	21.35	62.77
984	32.8	73.6	49.12	73.11	46.82	73.27	45.88	59.74	42.29	67.26	47.93	58.01	56.11	61.63	65.61	61.83	68.82	65.39	83.98	71.04	73.21	74.44	86.59	35.63	61.58	38.53	72.68	29.66	63.74	27.31	78.69	21.61	56.2	19.82	62.32
985	32.833	73.99	48.8	73.51	46.51	73.62	45.57	60.11	41.88	67.47	47.62	58.25	55.52	61.97	65.34	61.82	68.11	65.35	83.9	71.15	73.38	74.07	87.14	36.11	61.17	39.08	72.5	29.92	63.38	27.52	78.66	21.42	55.67	19.3	61.91
986	32.867	74.6	48.35	74.08	46.09	74.1	45.19	60.42	41.62	67.65	47.61	58.55	55.53	61.95	65.39	61.75	68.36	65.07	83.87	71.09	73.57	73.98	87.19	36.11	61.28	38.91	72.65	29.85	63.48	27.37	78.95	21.14	55.78	19.08	62.52
987	32.9	74.1	47.01	73.99	45.02	73.36	44.04	61.4	41.07	67.04	46.85	58.98	54.71	62.69	64.44	61.86	66.59	66.16	83.23	70.38	72.43	74.73	88.0	37.29	61.76	40.02	73.54	30.02	63.15	27.83	78.99	22.26	55.88	19.46	61.89
988	32.933	74.43	46.51	74.3	44.52	73.56	43.58	61.47	40.61	66.96	46.54	59.05	54.47	62.79	64.15	61.98	66.36	66.02	82.86	70.24	72.11	74.48	87.82	37.43	61.67	40.23	73.4	29.79	63.03	27.69	78.82	21.77	55.79	18.84	61.89
989	32.967	74.88	46.62	74.71	44.56	73.8	43.74	61.58	40.61	66.7	46.87	59.0	54.67	62.77	64.21	62.04	66.75	66.05	82.62	70.46	72.23	74.88	87.92	37.52	61.79	40.35	73.45	29.59	63.2	27.65	78.92	21.84	55.87	18.84	62.45
990	33.0	75.11	46.77	74.95	44.66	73.94	43.88	61.67	40.63	66.64	47.12	59.06	54.89	62.79	64.56	62.15	66.85	65.88	82.7	70.46	72.6	74.99	87.95	37.2	61.66	40.06	73.44	28.92	62.97	27.14	78.86	21.11	55.15	18.15	61.92
991	33.033	75.25	47.13	75.11	45.0	74.03	44.23	61.74	40.79	66.55	47.32	59.04	54.96	62.73	64.6	62.21	67.12	65.91	82.85	70.43	72.86	74.97	88.12	36.98	61.74	39.82	73.52	28.64	63.19	26.9	79.09	20.67	55.4	17.75	62.2
992	33.067	75.5	47.46	75.37	45.29	74.19	44.55	61.83	40.83	66.43	47.5	58.95	55.03	62.62	64.53	62.23	67.24	65.73	82.52	70.45	73.09	74.94	88.25	36.77	61.55	39.62	73.27	28.26	62.82	26.61	78.64	20.46	54.87	17.66	61.8
993	33.1	75.54	47.65	75.37	45.5	74.21	44.78	61.71	41.05	66.41	47.82	59.0	55.12	62.53	64.82	62.42	66.98	65.63	82.57	70.61	73.22	74.9	88.37	36.73	61.36	39.51	73.18	28.27	62.43	26.51	78.43	20.15	54.51	17.33	61.56
994	33.133	75.58	47.9	75.44	45.75	74.13	45.07	61.76	41.34	66.05	48.19	58.89	55.5	62.36	65.12	62.36	67.34	65.57	82.65	70.53	73.02	74.78	88.01	36.79	61.7	39.55	73.44	28.23	62.76	26.58	78.64	20.04	54.77	17.35	61.85
995	33.167	75.72	48.01	75.59	45.75	74.15	45.17	61.94	41.13	65.83	48.16	58.82	55.48	62.46	64.95	62.14	67.64	65.65	82.51	70.52	72.7	74.98	87.81	37.1	61.88	39.98	73.55	28.37	63.21	26.98	78.99	20.31	54.88	17.74	62.21
996	33.2	75.87	48.14	75.74	45.85	74.22	45.35	62.11	41.15	65.74	48.3	58.91	55.45	62.54	64.88	62.38	67.69	65.8	82.39	70.68	72.45	75.14	87.49	37.27	61.89	40.13	73.54	28.32	63.22	27.02	78.99	20.34	54.89	17.72	62.3
997	33.233	75.86	48.03	75.76	45.65	74.16	45.24	62.33	40.8	65.69	48.18	59.17	55.18	62.63	65.05	62.55	67.17	65.75	82.57	70.55	72.31	74.92	87.55	37.5	61.71	40.28	73.6	28.64	63.48	27.38	79.61	20.39	55.07	17.87	62.73
998	33.267	75.79	48.01	75.67	45.65	74.08	45.25	62.2	40.9	65.57	48.23	58.97	55.29	62.51	64.94	62.32	67.5	65.72	82.51	70.45	72.33	74.91	87.65	37.5	61.95	40.31	73.69	28.73	63.83	27.52	79.74	20.72	55.48	18.25	63.15
999	33.3	75.62	48.2	75.51	45.82	73.92	45.44	62.1	40.97	65.43	48.35	58.92	55.25	62.39	65.04	62.36	67.29	65.62	82.52	70.41	72.14	74.68	87.41	37.41	62.02	40.17	73.82	28.6	63.81	27.37	79.81	20.54	55.42	18.11	63.11
1000	33.333	75.49	48.46	75.39	46.02	73.75	45.67	62.07	41.16	65.21	48.59	58.96	55.67	62.3	65.71	62.4	67.43	65.53	83.0	70.47	72.26	74.51	86.9	37.61	62.21	40.3	74.12	28.94	63.67	27.75	79.9	20.49	54.98	18.28	62.77
1001	33.367	75.48	48.53	75.37	46.15	73.75	45.79	62.03	41.35	65.2	48.76	58.97	55.64	62.1	65.62	62.62	67.25	65.46	82.75	70.32	72.23	74.29	86.81	37.42	61.85	39.97	73.68	28.72	63.21	27.38	79.32	20.63	54.95	18.39	62.59
1002	33.4	75.39	48.66	75.33	46.19	73.63	45.87	62.2	41.21	65.1	48.68	59.18	55.58	62.2	65.75	62.77	67.14	65.49	83.0	70.32	72.27	74.19	86.76	37.55	61.68	40.03	73.65	28.64	63.06	27.34	79.42	20.21	54.46	18.02	62.19
1003	33.433	75.49	48.6	75.35	46.42	73.77	46.14	61.91	42.03	65.08	49.7	58.81	56.16	61.67	66.29	63.65	67.93	66.43	83.67	70.59	72.23	74.93	87.13	36.03	61.3	38.33	73.13	28.14	63.23	25.88	79.29	20.48	55.69	17.12	63.08
1004	33.467	75.32	48.69	75.36	46.08	73.43	45.83	62.41	41.05	64.7	48.7	59.09	55.98	62.15	65.99	62.67	68.0	65.81	83.26	70.32	72.55	74.86	86.46	37.08	61.69	39.54	73.66	27.95	63.2	26.8	79.56	20.03	53.85	17.82	61.82
1005	33.5	75.09	48.72	75.12	46.02	73.15	45.88	62.33	40.92	64.46	48.69	59.1	55.93	62.14	66.01	62.68	68.04	65.81	83.38	70.34	72.34	74.56	86.35	37.37	62.05	39.82	74.02	28.18	63.47	27.09	79.87	20.18	54.04	18.08	62.2
1006	33.533	74.87	48.42	74.89	45.67	72.87	45.6	62.3	40.58	64.18	48.44	59.19	55.7	62.02	66.02	62.97	67.58	65.74	83.43	70.42	72.19	74.31	86.42	37.73	62.05	40.06	74.09	28.59	63.52	27.54	80.03	20.45	54.01	18.48	62.21
1007	33.567	74.79	48.3	74.81	45.46	72.71	45.44	62.3	40.36	63.91	48.34	59.24	55.98	61.95	66.33	63.1	67.96	65.79	83.8	70.63	72.35	74.58	86.51	37.83	62.23	40.1	74.31	28.65	63.54	27.59	80.13	20.18	53.52	18.25	61.9
1008	33.6	74.74	48.65	74.66	46.03	72.68	46.08	61.97	41.3	63.75	49.53	58.95	56.8	61.49	66.88	63.78	69.33	67.04	84.55	71.02	72.48	75.69	86.63	36.6	62.05	38.65	73.97	27.93	63.73	25.76	80.05	19.64	54.44	16.55	62.59
1009	33.633	74.35	48.3	74.38	45.52	72.14	45.76	62.29	40.69	63.12	49.06	59.21	56.36	61.2	66.62	64.44	68.79	66.92	84.38	71.3	72.35	75.08	86.42	37.05	62.12	38.77	74.03	28.28	64.3	26.15	80.67	19.99	55.0	17.23	63.15
1010	33.667	73.8	48.3	74.06	45.26	71.31	45.69	62.99	40.31	62.13	48.83	59.83	56.33	60.76	66.53	64.89	68.86	66.7	84.33	71.9	72.34	75.04	86.05	38.05	62.06	39.07	73.95	28.86	64.68	26.54	81.19	19.99	54.84	17.58	63.42
1011	33.7	73.38	48.36	73.86	45.11	70.65	45.67	63.56	40.13	61.34	48.71	60.36	56.34	60.35	66.54	65.76	68.67	66.5	84.26	72.54	72.52	75.01	85.9	38.46	61.75	38.88	73.65	28.86	64.91	26.36	81.51	19.86	54.79	17.57	63.44
1012	33.733	73.21	48.79	73.87	45.35	70.41	45.95	64.01	40.13	61.08	48.72	60.74	56.41	60.18	66.77	66.08	68.53	66.34	84.47	72.81	72.56	75.15	85.77	38.72	61.64	38.76	73.7	28.98	64.83	26.26	81.71	19.86	54.44	17.65	63.22
1013	33.767	73.11	49.2	73.91	45.67	70.31	46.25	64.33	40.31	61.06	48.74	61.22	56.36	60.21	66.94	66.77	68.15	66.47	84.76	73.24	72.71	75.15	85.44	39.2	61.89	38.93	74.11	29.2	64.59	26.25	81.72	19.72	54.49	17.54	63.02
1014	33.8	73.19	49.45	74.12	45.86	70.37	46.46	64.83	40.39	61.19	48.73	61.63	56.21	60.39	66.69	67.23	67.93	66.46	84.58	73.48	72.64	75.21	85.71	39.39	61.58	38.96	73.77	29.24	64.68	26.31	81.76	19.99	54.54	17.74	63.0
1015	33.833	73.23	49.7	74.14	46.12	70.42	46.74	64.83	40.6	61.25	48.9	61.61	56.24	60.45	66.5	67.24	68.14	66.53	84.44	73.78	72.49	75.12	85.76	39.57	61.94	39.2	73.99	29.46	64.95	26.55	81.85	20.2	54.91	17.98	63.4
1016	33.867	73.31	49.84	74.26	46.22	70.52	46.82	64.99	40.58	61.37	48.9	61.68	56.35	60.65	66.74	67.27	68.08	66.6	84.6	73.68	72.62	75.36	85.91	39.38	61.57	39.07	73.75	29.26	64.89	26.45	81.94	20.21	54.48	17.84	62.99
1017	33.9	73.28	49.71	74.26	46.12	70.51	46.7	65.09	40.54	61.44	48.78	61.81	56.17	60.72	66.58	67.37	67.86	66.57	84.56	73.65	72.65	75.15	86.05	39.5	61.51	39.15	73.68	29.29	64.74	26.42	81.78	20.22	54.57	17.76	62.97
1018	33.933	73.24	49.7	74.24	46.12	70.5	46.68	65.1	40.57	61.51	48.77	61.85	56.21	60.77	66.69	67.33	67.74	66.59	84.63	73.58	72.66	75.05	86.11	39.49	61.55	39.12	73.78	29.2	64.46	26.24	81.59	20.17	54.39	17.62	62.74
1019	33.967	73.07	49.32	74.06	45.77	70.35	46.34	65.13	40.42	61.48	48.5	62.0	56.08	60.74	66.59	67.59	67.31	66.44	84.42	73.55	72.56	74.36	86.26	39.81	61.56	39.35	73.7	29.79	64.77	26.87	81.78	20.9	54.89	18.5	63.12
1020	34.0	72.97	48.92	74.04	45.43	70.23	45.94	65.37	40.36	61.47	48.23	62.24	56.08	60.84	66.31	67.68	67.31	66.28	84.19	73.45	72.51	73.93	86.41	40.08	61.67	39.54	73.6	29.89	65.06	27.02	81.8	21.16	55.27	18.7	63.31
1021	34.033	72.95	48.86	74.07	45.36	70.21	45.85	65.46	40.33	61.48	48.19	62.22	56.21	60.83	66.39	67.36	67.56	66.22	84.23	73.44	72.67	74.34	86.37	40.01	62.02	39.43	73.99	29.6	65.07	26.76	81.88	21.07	55.24	18.69	63.42
1022	34.067	72.94	48.75	74.13	45.23	70.18	45.7	65.69	40.28	61.46	48.0	62.49	56.09	60.85	66.14	67.63	67.55	66.32	84.16	73.61	72.59	74.37	86.11	40.35	62.15	39.6	74.06	29.72	64.94	26.7	81.68	21.25	55.38	18.76	63.42
1023	34.1	72.86	48.76	74.01	45.28	70.14	45.72	65.53	40.34	61.46	47.98	62.29	56.13	60.87	66.08	67.45	67.47	66.21	83.94	73.46	72.6	74.11	86.37	40.31	62.11	39.71	73.91	29.76	65.24	26.95	81.79	21.52	55.76	19.09	63.7
1024	34.133	72.96	48.88	74.17	45.4	70.26	45.83	65.78	40.48	61.61	48.07	62.5	56.23	60.97	66.18	67.78	67.58	66.12	84.15	73.6	72.86	74.14	86.48	40.31	62.45	39.65	74.28	29.57	65.51	26.82	82.06	21.68	56.17	19.18	63.96
1025	34.167	73.13	48.96	74.33	45.56	70.45	45.94	65.82	40.72	61.77	48.24	62.39	56.33	61.06	66.13	67.53	67.66	66.13	83.96	73.57	72.86	74.23	86.77	40.25	62.56	39.71	74.3	29.5	65.75	26.9	82.14	21.93	56.67	19.42	64.44
1026	34.2	73.17	48.86	74.32	45.53	70.55	45.83	65.64	40.71	61.91	48.13	62.18	56.37	61.16	66.09	67.29	67.72	66.23	83.94	73.48	72.89	74.31	86.85	40.03	62.62	39.66	74.33	29.34	65.77	26.77	82.11	21.72	56.67	19.07	64.31
1027	34.233	73.21	48.7	74.24	45.46	70.64	45.76	65.34	40.74	62.0	48.16	61.87	56.43	61.16	65.83	66.97	67.96	66.13	83.52	73.2	72.97	74.34	87.04	39.79	62.48	39.63	73.99	29.15	65.75	26.77	81.74	21.87	56.67	19.2	64.29
1028	34.267	73.19	48.41	74.21	45.21	70.61	45.49	65.33	40.68	62.0	48.02	61.87	56.42	61.26	65.77	66.96	67.86	66.17	83.43	73.17	73.03	73.99	87.21	40.08	62.94	40.01	74.34	29.49	66.36	27.29	82.22	22.27	57.56	19.74	65.06
1029	34.3	73.18	48.88	74.2	44.61	70.26	45.42	66.19	38.43	61.52	47.06	62.46	56.04	61.55	66.54	65.92	68.87	64.1	84.22	72.33	74.21	72.21	86.66	41.24	62.36	41.39	73.85	31.32	67.02	29.94	83.25	22.19	54.59	21.59	63.97
1030	34.333	73.08	48.22	74.1	45.04	70.53	45.31	65.3	40.61	62.0	47.93	61.83	56.56	61.33	65.86	66.7	68.01	66.29	83.44	73.03	72.96	74.06	87.19	40.1	62.83	40.09	74.21	29.74	66.1	27.53	81.93	22.64	57.16	20.06	64.77
1031	34.367	73.1	48.26	74.15	45.0	70.54	45.33	65.36	40.44	61.98	47.91	61.85	56.35	61.19	65.89	66.94	67.91	66.45	83.65	73.23	72.68	74.4	87.08	39.71	62.3	39.56	73.86	29.48	65.52	27.03	81.58	22.69	56.56	19.98	64.32
1032	34.4	73.01	48.71	74.15	44.45	70.11	45.2	66.36	38.34	61.47	46.78	62.43	55.72	61.54	66.13	65.83	68.7	64.35	84.07	72.24	73.91	72.43	86.66	41.08	61.86	41.21	73.31	31.3	66.39	29.82	82.52	22.56	54.11	21.78	63.31
1033	34.433	73.08	48.21	74.09	44.99	70.51	45.33	65.27	40.5	61.95	47.93	61.7	56.32	61.24	65.43	66.63	68.28	66.5	83.23	73.02	72.72	74.47	87.23	39.85	62.27	39.84	73.54	29.62	65.64	27.3	81.3	22.99	56.79	20.28	64.57
1034	34.467	73.0	48.72	74.07	44.48	70.11	45.25	66.1	38.36	61.41	46.81	62.13	55.64	61.41	65.8	65.75	68.9	64.32	83.79	72.14	73.95	72.7	86.72	40.72	61.89	40.94	73.21	30.91	66.58	29.57	82.46	22.24	54.35	21.44	63.45
1035	34.5	73.11	48.75	74.18	44.53	70.24	45.28	66.17	38.35	61.55	46.79	62.22	55.55	61.55	65.72	65.94	68.55	64.47	83.56	72.14	73.5	72.63	86.52	40.59	61.68	40.82	73.04	30.33	66.04	28.84	81.98	21.8	53.98	20.76	62.93
1036	34.533	73.26	48.93	74.31	44.69	70.39	45.46	66.23	38.43	61.65	46.92	62.22	55.63	61.61	65.78	66.0	68.59	64.44	83.5	72.19	73.49	72.74	86.45	40.56	61.56	40.84	72.92	30.46	66.22	29.16	82.12	22.06	54.03	21.17	63.05
1037	34.567	73.32	49.07	74.4	44.8	70.46	45.56	66.37	38.4	61.72	46.9	62.31	55.49	61.65	65.85	65.93	68.25	64.19	83.57	72.2	73.54	72.55	86.79	40.91	61.46	41.17	72.93	30.85	66.18	29.57	82.22	22.4	53.88	21.59	62.95
1038	34.6	73.32	49.43	74.4	45.13	70.48	45.88	66.35	38.56	61.74	47.03	62.24	55.57	61.7	65.96	65.72	68.25	64.25	83.6	72.19	73.5	72.63	86.64	41.04	61.53	41.38	73.03	31.06	66.25	29.75	82.35	22.42	53.86	21.57	62.95
1039	34.633	73.44	49.61	74.49	45.31	70.58	46.1	66.4	38.7	61.81	47.29	62.43	55.68	61.72	66.16	65.91	68.26	64.34	83.68	72.22	73.65	72.77	86.6	41.15	61.06	41.4	72.61	31.33	66.08	29.84	82.3	22.17	53.41	21.22	62.63
1040	34.667	73.46	49.75	74.46	45.47	70.64	46.26	66.29	38.79	61.85	47.4	62.39	55.58	61.57	66.36	65.91	67.89	64.21	83.83	72.2	73.58	72.63	86.71	41.39	60.69	41.58	72.36	31.89	65.54	30.22	81.91	22.67	52.79	21.63	62.0
1041	34.7	73.45	49.9	74.48	45.63	70.68	46.37	66.35	38.98	61.86	47.47	62.34	55.69	61.4	66.64	65.73	67.91	64.16	84.14	72.03	73.61	72.44	86.7	41.57	60.62	41.66	72.36	32.45	65.32	30.63	81.74	23.61	52.57	22.63	61.71
1042	34.733	73.43	50.06	74.51	45.77	70.66	46.49	66.45	39.14	61.85	47.55	62.3	55.82	61.47	66.69	65.67	68.16	64.4	84.26	72.03	73.95	72.76	87.03	41.45	60.81	41.55	72.53	32.23	65.57	30.43	81.95	23.77	52.74	22.73	61.78
1043	34.767	73.37	50.07	74.48	45.8	70.6	46.51	66.41	39.24	61.77	47.6	62.15	55.89	61.39	66.64	65.49	68.44	64.63	84.31	71.98	74.24	73.12	87.27	41.26	60.79	41.35	72.49	31.96	65.46	30.05	81.79	23.77	52.78	22.6	61.79
1044	34.8	73.33	50.06	74.45	45.76	70.56	46.47	66.37	39.22	61.71	47.58	61.99	55.91	61.32	66.71	65.33	68.42	64.61	84.35	71.96	74.17	73.23	87.38	41.18	60.73	41.32	72.45	32.12	65.46	30.35	81.8	24.13	52.7	23.13	61.77
1045	34.833	73.24	49.2	74.38	45.97	70.8	46.21	65.64	41.18	62.22	48.45	61.64	56.25	61.02	65.7	66.56	67.57	66.57	83.07	73.23	72.98	75.41	87.66	39.67	61.08	39.45	72.64	30.12	64.08	27.56	80.0	24.61	55.65	21.8	63.38
1046	34.867	73.19	49.15	74.32	45.98	70.78	46.17	65.51	41.24	62.19	48.4	61.51	56.33	60.9	65.63	66.47	67.69	66.57	82.98	73.13	72.77	75.3	87.47	39.55	61.11	39.31	72.58	30.11	63.98	27.41	79.74	24.74	55.66	21.78	63.22
1047	34.9	73.28	48.97	74.41	45.83	70.85	46.0	65.58	41.26	62.22	48.38	61.61	56.46	60.88	65.68	66.45	68.0	66.57	83.1	73.08	73.0	75.26	87.53	39.67	61.39	39.37	72.79	30.37	64.33	27.67	80.01	24.95	56.11	22.09	63.7
1048	34.933	73.31	49.01	74.36	45.81	70.84	46.08	65.5	41.09	62.24	48.43	61.61	56.33	61.08	65.73	66.44	67.8	66.56	83.16	73.13	72.8	75.06	87.54	39.93	61.5	39.79	72.98	30.53	64.29	27.95	80.13	24.72	55.65	21.9	63.45
1049	34.967	73.35	49.09	74.38	45.88	70.87	46.18	65.59	41.18	62.34	48.57	61.81	56.41	61.21	65.87	66.59	67.7	66.63	83.18	73.39	73.01	75.26	87.72	40.28	61.39	40.1	72.91	31.02	64.16	28.41	80.1	24.93	55.31	22.13	63.28
1050	35.0	73.23	49.2	74.37	45.98	70.73	46.22	65.71	41.38	62.12	48.58	61.8	56.63	60.96	65.94	66.74	68.06	66.55	83.34	73.49	73.28	75.39	87.76	40.15	61.89	39.77	73.33	30.72	64.74	28.05	80.51	25.19	56.32	22.33	64.05
1051	35.033	73.17	50.07	74.23	45.84	70.43	46.51	66.03	39.5	61.57	47.75	61.76	56.2	61.07	67.04	65.71	68.68	64.48	84.79	72.19	74.29	73.09	87.0	40.93	61.65	41.06	73.33	31.93	65.87	30.25	82.08	24.12	53.38	23.15	62.06
1052	35.067	73.11	50.07	74.15	45.85	70.37	46.54	65.94	39.55	61.54	47.82	61.76	56.27	61.03	67.05	65.81	68.74	64.54	84.72	72.37	74.26	73.19	86.94	40.88	61.72	40.99	73.37	31.81	65.87	30.12	82.05	24.05	53.28	23.14	62.0
1053	35.1	73.11	50.03	74.11	45.82	70.38	46.53	65.8	39.57	61.5	47.93	61.68	56.3	60.88	67.31	65.74	68.8	64.67	85.09	72.21	74.17	73.29	86.86	40.74	61.4	40.79	73.17	32.0	65.33	30.15	81.71	24.03	52.66	23.15	61.5
1054	35.133	72.97	50.0	74.0	45.7	70.2	46.43	65.77	39.27	61.3	47.66	61.65	56.17	60.83	67.13	65.67	68.75	64.54	84.91	72.31	74.07	73.23	86.65	40.75	61.6	40.81	73.35	31.99	65.75	30.24	82.13	23.69	53.0	22.99	61.96
1055	35.167	72.87	49.75	73.9	45.4	70.05	46.21	65.83	39.02	61.19	47.54	61.77	56.0	60.82	67.21	65.7	68.43	64.47	85.01	72.31	73.91	73.07	86.73	41.18	61.46	41.18	73.31	32.41	65.74	30.66	82.28	24.14	52.87	23.54	62.01
1056	35.2	72.79	49.6	73.81	45.24	69.97	46.05	65.73	38.9	61.07	47.41	61.61	55.97	60.75	67.11	65.62	68.37	64.41	84.8	72.2	73.94	73.08	86.82	41.13	61.29	41.2	73.06	32.47	65.97	30.9	82.36	24.35	52.97	23.86	62.05
1057	35.233	72.69	49.31	73.63	44.99	69.81	45.88	65.6	38.9	60.96	47.52	61.66	56.05	60.73	66.99	65.83	68.71	64.51	84.71	72.34	74.38	73.23	87.14	41.28	61.46	41.31	73.05	32.84	66.04	31.27	82.23	24.66	53.05	24.14	62.29
1058	35.267	72.57	49.33	73.49	45.06	69.73	45.91	65.37	39.09	60.89	47.63	61.3	56.31	60.56	67.13	65.45	69.12	64.5	84.81	72.07	74.69	73.18	87.39	40.77	61.58	40.9	73.11	32.36	65.93	30.77	81.99	24.67	52.84	24.04	61.99
1059	35.3	72.42	49.55	73.32	45.2	69.58	46.15	65.25	38.97	60.76	47.8	61.45	55.96	60.51	67.62	65.68	68.11	64.24	85.3	71.95	74.61	72.54	87.81	41.24	60.65	41.33	72.56	33.11	65.55	31.27	82.16	24.62	52.31	23.85	61.59
1060	35.333	72.41	49.52	73.3	45.16	69.57	46.11	65.22	38.92	60.75	47.76	61.34	55.95	60.51	67.51	65.6	68.22	64.36	85.2	71.9	74.39	72.63	87.61	40.96	60.95	41.11	72.84	32.66	65.55	30.85	82.12	24.53	52.5	23.69	61.78
1061	35.367	72.41	49.68	73.29	45.31	69.53	46.34	65.36	39.04	60.79	47.95	61.64	55.83	60.69	67.47	66.04	67.89	64.22	85.14	72.04	74.38	72.41	87.75	41.68	61.12	41.78	72.96	33.3	65.66	31.68	82.16	25.02	52.64	24.4	61.92
1062	35.4	72.5	49.89	73.34	45.5	69.67	46.53	65.24	39.04	60.89	48.0	61.55	55.81	60.64	67.55	66.05	67.75	64.07	85.11	72.11	74.17	72.47	87.57	41.41	61.01	41.54	72.94	33.1	65.66	31.53	82.28	24.55	52.46	24.0	61.78
