Frame	Time	Nose_X	Nose_Y	L_Eye_X	L_Eye_Y	R_Eye_X	R_Eye_Y	L_Ear_X	L_Ear_Y	R_Ear_X	R_Ear_Y	L_Shoulder_X	L_Shoulder_Y	R_Shoulder_X	R_Shoulder_Y	L_Elbow_X	L_Elbow_Y	R_Elbow_X	R_Elbow_Y	L_Wrist_X	L_Wrist_Y	R_Wrist_X	R_Wrist_Y	L_Hip_X	L_Hip_Y	R_Hip_X	R_Hip_Y	L_Knee_X	L_Knee_Y	R_Knee_X	R_Knee_Y	L_Ankle_X	L_Ankle_Y	R_Ankle_X	R_Ankle_Y
1	0.034	29.16	39.64	26.76	39.16	26.63	43.05	25.96	44.47	26.41	55.87	34.54	48.65	33.84	58.99	44.17	43.89	44.86	57.74	45.28	39.93	41.47	42.67	56.02	49.53	57.25	58.21	58.37	38.19	61.35	46.55	64.0	46.23	67.28	54.42
2	0.069	29.16	39.64	26.76	39.16	26.63	43.05	25.96	44.47	26.41	55.87	34.54	48.65	33.84	58.99	44.17	43.89	44.86	57.74	45.28	39.93	41.47	42.67	56.02	49.53	57.25	58.21	58.37	38.19	61.35	46.55	64.0	46.23	67.28	54.42
3	0.103	29.16	39.64	26.76	39.16	26.63	43.05	25.96	44.47	26.41	55.87	34.54	48.65	33.84	58.99	44.17	43.89	44.86	57.74	45.28	39.93	41.47	42.67	56.02	49.53	57.25	58.21	58.37	38.19	61.35	46.55	64.0	46.23	67.28	54.42
4	0.138	28.99	39.76	26.47	39.24	26.35	43.24	25.54	44.47	25.97	56.24	34.01	48.68	33.58	59.26	43.47	44.31	44.71	58.77	45.01	40.01	41.3	43.92	56.08	49.29	57.47	58.18	58.68	38.21	61.87	46.4	64.01	45.53	67.62	53.63
5	0.172	28.99	39.76	26.47	39.24	26.35	43.24	25.54	44.47	25.97	56.24	34.01	48.68	33.58	59.26	43.47	44.31	44.71	58.77	45.01	40.01	41.3	43.92	56.08	49.29	57.47	58.18	58.68	38.21	61.87	46.4	64.01	45.53	67.62	53.63
6	0.207	28.99	39.76	26.47	39.24	26.35	43.24	25.54	44.47	25.97	56.24	34.01	48.68	33.58	59.26	43.47	44.31	44.71	58.77	45.01	40.01	41.3	43.92	56.08	49.29	57.47	58.18	58.68	38.21	61.87	46.4	64.01	45.53	67.62	53.63
7	0.241	28.89	39.77	26.63	39.43	26.5	43.16	26.71	45.08	27.15	56.1	35.45	48.47	34.99	59.06	43.2	43.38	45.5	58.14	45.15	39.99	41.56	43.16	57.53	48.39	58.74	57.26	60.37	35.9	62.94	45.46	65.14	44.78	67.8	53.68
8	0.276	28.89	39.77	26.63	39.43	26.5	43.16	26.71	45.08	27.15	56.1	35.45	48.47	34.99	59.06	43.2	43.38	45.5	58.14	45.15	39.99	41.56	43.16	57.53	48.39	58.74	57.26	60.37	35.9	62.94	45.46	65.14	44.78	67.8	53.68
9	0.31	28.89	39.77	26.63	39.43	26.5	43.16	26.71	45.08	27.15	56.1	35.45	48.47	34.99	59.06	43.2	43.38	45.5	58.14	45.15	39.99	41.56	43.16	57.53	48.39	58.74	57.26	60.37	35.9	62.94	45.46	65.14	44.78	67.8	53.68
10	0.345	28.79	39.86	26.55	39.49	26.4	43.22	26.63	45.1	27.04	56.13	35.23	48.52	34.89	59.25	42.9	43.52	45.43	58.68	44.95	40.0	41.47	43.39	57.28	48.4	58.55	57.28	59.92	35.8	62.55	45.24	64.7	44.43	67.37	53.19
11	0.379	28.79	39.86	26.55	39.49	26.4	43.22	26.63	45.1	27.04	56.13	35.23	48.52	34.89	59.25	42.9	43.52	45.43	58.68	44.95	40.0	41.47	43.39	57.28	48.4	58.55	57.28	59.92	35.8	62.55	45.24	64.7	44.43	67.37	53.19
12	0.414	28.79	39.86	26.55	39.49	26.4	43.22	26.63	45.1	27.04	56.13	35.23	48.52	34.89	59.25	42.9	43.52	45.43	58.68	44.95	40.0	41.47	43.39	57.28	48.4	58.55	57.28	59.92	35.8	62.55	45.24	64.7	44.43	67.37	53.19
13	0.448	28.77	40.15	26.62	39.77	26.39	43.47	26.79	45.41	26.99	56.29	35.3	49.09	34.86	59.45	43.36	43.82	45.5	58.15	45.2	40.61	41.61	43.8	56.97	48.53	58.23	57.21	59.22	36.09	62.11	45.69	64.82	43.94	67.46	53.01
14	0.483	28.77	40.15	26.62	39.77	26.39	43.47	26.79	45.41	26.99	56.29	35.3	49.09	34.86	59.45	43.36	43.82	45.5	58.15	45.2	40.61	41.61	43.8	56.97	48.53	58.23	57.21	59.22	36.09	62.11	45.69	64.82	43.94	67.46	53.01
15	0.517	28.77	40.15	26.62	39.77	26.39	43.47	26.79	45.41	26.99	56.29	35.3	49.09	34.86	59.45	43.36	43.82	45.5	58.15	45.2	40.61	41.61	43.8	56.97	48.53	58.23	57.21	59.22	36.09	62.11	45.69	64.82	43.94	67.46	53.01
16	0.552	28.79	40.34	26.6	40.02	26.42	43.71	26.72	45.73	27.08	56.65	35.33	49.17	35.04	59.69	43.6	43.62	45.91	58.28	45.36	40.94	42.03	43.67	57.34	48.55	58.67	57.31	59.34	35.95	62.28	45.66	65.0	43.86	67.56	53.04
17	0.586	28.79	40.34	26.6	40.02	26.42	43.71	26.72	45.73	27.08	56.65	35.33	49.17	35.04	59.69	43.6	43.62	45.91	58.28	45.36	40.94	42.03	43.67	57.34	48.55	58.67	57.31	59.34	35.95	62.28	45.66	65.0	43.86	67.56	53.04
18	0.621	28.79	40.34	26.6	40.02	26.42	43.71	26.72	45.73	27.08	56.65	35.33	49.17	35.04	59.69	43.6	43.62	45.91	58.28	45.36	40.94	42.03	43.67	57.34	48.55	58.67	57.31	59.34	35.95	62.28	45.66	65.0	43.86	67.56	53.04
19	0.655	28.67	40.26	26.46	39.85	26.3	43.57	26.56	45.44	26.95	56.42	35.2	48.9	34.81	59.69	43.36	43.72	45.52	58.98	45.38	41.07	41.77	44.11	57.61	48.07	58.94	57.04	59.73	36.13	62.66	45.84	65.41	44.44	68.07	53.24
20	0.69	28.67	40.26	26.46	39.85	26.3	43.57	26.56	45.44	26.95	56.42	35.2	48.9	34.81	59.69	43.36	43.72	45.52	58.98	45.38	41.07	41.77	44.11	57.61	48.07	58.94	57.04	59.73	36.13	62.66	45.84	65.41	44.44	68.07	53.24
21	0.724	28.67	40.26	26.46	39.85	26.3	43.57	26.56	45.44	26.95	56.42	35.2	48.9	34.81	59.69	43.36	43.72	45.52	58.98	45.38	41.07	41.77	44.11	57.61	48.07	58.94	57.04	59.73	36.13	62.66	45.84	65.41	44.44	68.07	53.24
22	0.759	28.62	40.2	26.46	39.72	26.22	43.48	26.7	45.21	26.86	56.3	35.34	48.7	34.7	59.82	43.47	43.7	45.36	59.55	45.65	41.12	41.47	44.62	57.95	48.08	59.13	57.24	59.99	35.87	62.92	45.83	65.73	44.95	68.4	53.73
23	0.793	28.62	40.2	26.46	39.72	26.22	43.48	26.7	45.21	26.86	56.3	35.34	48.7	34.7	59.82	43.47	43.7	45.36	59.55	45.65	41.12	41.47	44.62	57.95	48.08	59.13	57.24	59.99	35.87	62.92	45.83	65.73	44.95	68.4	53.73
24	0.828	28.62	40.2	26.46	39.72	26.22	43.48	26.7	45.21	26.86	56.3	35.34	48.7	34.7	59.82	43.47	43.7	45.36	59.55	45.65	41.12	41.47	44.62	57.95	48.08	59.13	57.24	59.99	35.87	62.92	45.83	65.73	44.95	68.4	53.73
25	0.862	28.8	39.83	26.69	39.41	26.42	43.14	27.02	45.0	27.08	55.98	35.62	48.52	34.93	59.49	43.6	43.34	45.84	58.88	45.42	40.73	42.14	43.8	58.02	48.04	59.12	57.15	60.19	35.75	63.1	45.83	66.1	44.53	68.79	53.5
26	0.897	28.8	39.83	26.69	39.41	26.42	43.14	27.02	45.0	27.08	55.98	35.62	48.52	34.93	59.49	43.6	43.34	45.84	58.88	45.42	40.73	42.14	43.8	58.02	48.04	59.12	57.15	60.19	35.75	63.1	45.83	66.1	44.53	68.79	53.5
27	0.931	28.8	39.83	26.69	39.41	26.42	43.14	27.02	45.0	27.08	55.98	35.62	48.52	34.93	59.49	43.6	43.34	45.84	58.88	45.42	40.73	42.14	43.8	58.02	48.04	59.12	57.15	60.19	35.75	63.1	45.83	66.1	44.53	68.79	53.5
28	0.966	28.73	39.8	26.61	39.35	26.34	43.07	27.0	44.85	26.99	55.89	35.63	48.25	34.76	59.5	43.6	43.14	45.56	59.28	45.53	40.59	42.06	44.01	58.22	47.74	59.22	57.05	60.81	35.67	63.6	45.92	66.32	45.17	68.97	54.12
29	1.0	28.73	39.8	26.61	39.35	26.34	43.07	27.0	44.85	26.99	55.89	35.63	48.25	34.76	59.5	43.6	43.14	45.56	59.28	45.53	40.59	42.06	44.01	58.22	47.74	59.22	57.05	60.81	35.67	63.6	45.92	66.32	45.17	68.97	54.12
30	1.034	28.73	39.8	26.61	39.35	26.34	43.07	27.0	44.85	26.99	55.89	35.63	48.25	34.76	59.5	43.6	43.14	45.56	59.28	45.53	40.59	42.06	44.01	58.22	47.74	59.22	57.05	60.81	35.67	63.6	45.92	66.32	45.17	68.97	54.12
31	1.069	28.49	39.76	26.32	39.29	26.14	43.06	26.68	44.78	26.77	55.96	35.44	48.13	34.53	59.71	43.8	42.64	45.56	59.42	45.42	40.73	42.2	44.01	58.08	47.68	59.09	57.29	61.58	35.62	64.33	46.24	66.87	45.0	69.47	54.22
32	1.103	28.49	39.76	26.32	39.29	26.14	43.06	26.68	44.78	26.77	55.96	35.44	48.13	34.53	59.71	43.8	42.64	45.56	59.42	45.42	40.73	42.2	44.01	58.08	47.68	59.09	57.29	61.58	35.62	64.33	46.24	66.87	45.0	69.47	54.22
33	1.138	28.49	39.76	26.32	39.29	26.14	43.06	26.68	44.78	26.77	55.96	35.44	48.13	34.53	59.71	43.8	42.64	45.56	59.42	45.42	40.73	42.2	44.01	58.08	47.68	59.09	57.29	61.58	35.62	64.33	46.24	66.87	45.0	69.47	54.22
34	1.172	28.44	39.7	26.38	38.8	25.71	43.09	26.61	43.84	25.78	56.18	34.46	47.97	33.86	59.95	43.58	42.25	45.41	59.0	45.62	40.31	42.09	44.32	56.75	48.2	57.99	58.1	60.19	37.13	63.52	46.98	68.52	44.05	70.15	52.7
35	1.207	28.44	39.7	26.38	38.8	25.71	43.09	26.61	43.84	25.78	56.18	34.46	47.97	33.86	59.95	43.58	42.25	45.41	59.0	45.62	40.31	42.09	44.32	56.75	48.2	57.99	58.1	60.19	37.13	63.52	46.98	68.52	44.05	70.15	52.7
36	1.241	28.44	39.7	26.38	38.8	25.71	43.09	26.61	43.84	25.78	56.18	34.46	47.97	33.86	59.95	43.58	42.25	45.41	59.0	45.62	40.31	42.09	44.32	56.75	48.2	57.99	58.1	60.19	37.13	63.52	46.98	68.52	44.05	70.15	52.7
37	1.276	27.94	39.18	25.57	38.3	25.14	43.03	25.3	43.2	24.75	56.71	33.83	47.23	33.08	59.23	45.46	42.55	45.9	58.74	45.92	40.4	41.7	43.48	57.86	48.15	58.7	58.9	63.16	38.05	65.7	48.83	74.36	43.68	74.39	52.95
38	1.31	27.94	39.18	25.57	38.3	25.14	43.03	25.3	43.2	24.75	56.71	33.83	47.23	33.08	59.23	45.46	42.55	45.9	58.74	45.92	40.4	41.7	43.48	57.86	48.15	58.7	58.9	63.16	38.05	65.7	48.83	74.36	43.68	74.39	52.95
39	1.345	27.94	39.18	25.57	38.3	25.14	43.03	25.3	43.2	24.75	56.71	33.83	47.23	33.08	59.23	45.46	42.55	45.9	58.74	45.92	40.4	41.7	43.48	57.86	48.15	58.7	58.9	63.16	38.05	65.7	48.83	74.36	43.68	74.39	52.95
40	1.379	27.8	39.49	25.73	38.55	24.99	43.06	26.15	43.76	24.79	56.75	34.97	48.38	32.91	59.17	45.55	43.42	45.94	58.45	45.63	40.53	41.84	43.58	58.9	49.97	58.36	60.19	67.75	41.67	67.04	50.75	78.36	51.59	74.71	59.21
41	1.414	27.8	39.49	25.73	38.55	24.99	43.06	26.15	43.76	24.79	56.75	34.97	48.38	32.91	59.17	45.55	43.42	45.94	58.45	45.63	40.53	41.84	43.58	58.9	49.97	58.36	60.19	67.75	41.67	67.04	50.75	78.36	51.59	74.71	59.21
42	1.448	27.8	39.49	25.73	38.55	24.99	43.06	26.15	43.76	24.79	56.75	34.97	48.38	32.91	59.17	45.55	43.42	45.94	58.45	45.63	40.53	41.84	43.58	58.9	49.97	58.36	60.19	67.75	41.67	67.04	50.75	78.36	51.59	74.71	59.21
43	1.483	28.45	39.63	26.28	38.69	25.71	43.05	26.39	43.69	25.1	56.44	35.76	48.36	33.08	59.13	46.96	43.83	45.91	58.67	45.95	40.67	42.41	42.87	59.8	49.8	59.25	60.2	68.52	42.14	69.07	52.17	77.52	52.69	76.53	61.35
44	1.517	28.45	39.63	26.28	38.69	25.71	43.05	26.39	43.69	25.1	56.44	35.76	48.36	33.08	59.13	46.96	43.83	45.91	58.67	45.95	40.67	42.41	42.87	59.8	49.8	59.25	60.2	68.52	42.14	69.07	52.17	77.52	52.69	76.53	61.35
45	1.552	28.45	39.63	26.28	38.69	25.71	43.05	26.39	43.69	25.1	56.44	35.76	48.36	33.08	59.13	46.96	43.83	45.91	58.67	45.95	40.67	42.41	42.87	59.8	49.8	59.25	60.2	68.52	42.14	69.07	52.17	77.52	52.69	76.53	61.35
46	1.586	28.46	39.57	26.31	38.65	25.71	42.99	26.57	43.68	25.19	56.4	35.95	48.2	33.2	59.15	47.18	43.65	45.98	58.89	45.92	40.61	42.38	42.77	60.17	49.68	59.61	60.21	68.83	42.27	69.59	52.59	77.88	52.64	77.12	61.59
47	1.621	28.46	39.57	26.31	38.65	25.71	42.99	26.57	43.68	25.19	56.4	35.95	48.2	33.2	59.15	47.18	43.65	45.98	58.89	45.92	40.61	42.38	42.77	60.17	49.68	59.61	60.21	68.83	42.27	69.59	52.59	77.88	52.64	77.12	61.59
48	1.655	28.46	39.57	26.31	38.65	25.71	42.99	26.57	43.68	25.19	56.4	35.95	48.2	33.2	59.15	47.18	43.65	45.98	58.89	45.92	40.61	42.38	42.77	60.17	49.68	59.61	60.21	68.83	42.27	69.59	52.59	77.88	52.64	77.12	61.59
49	1.69	28.29	39.48	26.11	38.58	25.66	42.87	26.25	43.68	25.17	56.28	35.85	48.28	33.12	59.03	47.37	43.74	46.01	58.65	46.11	40.62	42.33	42.7	60.22	49.73	59.65	60.2	69.33	41.9	69.65	52.07	78.33	53.0	77.01	61.62
50	1.724	28.29	39.48	26.11	38.58	25.66	42.87	26.25	43.68	25.17	56.28	35.85	48.28	33.12	59.03	47.37	43.74	46.01	58.65	46.11	40.62	42.33	42.7	60.22	49.73	59.65	60.2	69.33	41.9	69.65	52.07	78.33	53.0	77.01	61.62
51	1.759	28.29	39.48	26.11	38.58	25.66	42.87	26.25	43.68	25.17	56.28	35.85	48.28	33.12	59.03	47.37	43.74	46.01	58.65	46.11	40.62	42.33	42.7	60.22	49.73	59.65	60.2	69.33	41.9	69.65	52.07	78.33	53.0	77.01	61.62
52	1.793	28.38	39.45	26.18	38.5	25.74	42.82	26.22	43.54	25.21	56.19	35.74	48.27	33.04	59.05	47.13	43.76	45.86	58.69	46.01	40.77	42.33	42.67	60.03	49.89	59.46	60.36	69.17	41.65	69.31	51.75	78.32	53.03	76.71	61.55
53	1.828	28.38	39.45	26.18	38.5	25.74	42.82	26.22	43.54	25.21	56.19	35.74	48.27	33.04	59.05	47.13	43.76	45.86	58.69	46.01	40.77	42.33	42.67	60.03	49.89	59.46	60.36	69.17	41.65	69.31	51.75	78.32	53.03	76.71	61.55
54	1.862	28.38	39.45	26.18	38.5	25.74	42.82	26.22	43.54	25.21	56.19	35.74	48.27	33.04	59.05	47.13	43.76	45.86	58.69	46.01	40.77	42.33	42.67	60.03	49.89	59.46	60.36	69.17	41.65	69.31	51.75	78.32	53.03	76.71	61.55
55	1.897	28.24	39.33	26.02	38.45	25.62	42.7	25.92	43.6	25.1	56.13	35.29	48.32	33.11	58.94	46.61	43.51	45.83	58.34	46.04	40.54	42.27	42.64	59.6	49.84	59.35	60.15	68.58	40.96	68.74	50.71	77.82	52.03	75.8	60.34
56	1.931	28.24	39.33	26.02	38.45	25.62	42.7	25.92	43.6	25.1	56.13	35.29	48.32	33.11	58.94	46.61	43.51	45.83	58.34	46.04	40.54	42.27	42.64	59.6	49.84	59.35	60.15	68.58	40.96	68.74	50.71	77.82	52.03	75.8	60.34
57	1.966	28.24	39.33	26.02	38.45	25.62	42.7	25.92	43.6	25.1	56.13	35.29	48.32	33.11	58.94	46.61	43.51	45.83	58.34	46.04	40.54	42.27	42.64	59.6	49.84	59.35	60.15	68.58	40.96	68.74	50.71	77.82	52.03	75.8	60.34
58	2.0	28.75	39.02	26.5	38.15	25.9	42.62	26.27	43.35	25.2	56.33	35.34	47.7	33.2	59.0	45.98	42.28	46.45	57.95	45.71	40.34	42.37	42.91	58.35	49.57	57.99	59.57	65.74	39.41	66.04	48.09	73.21	51.37	71.94	58.97
59	2.034	28.75	39.02	26.5	38.15	25.9	42.62	26.27	43.35	25.2	56.33	35.34	47.7	33.2	59.0	45.98	42.28	46.45	57.95	45.71	40.34	42.37	42.91	58.35	49.57	57.99	59.57	65.74	39.41	66.04	48.09	73.21	51.37	71.94	58.97
60	2.069	28.75	39.02	26.5	38.15	25.9	42.62	26.27	43.35	25.2	56.33	35.34	47.7	33.2	59.0	45.98	42.28	46.45	57.95	45.71	40.34	42.37	42.91	58.35	49.57	57.99	59.57	65.74	39.41	66.04	48.09	73.21	51.37	71.94	58.97
61	2.103	29.2	39.33	27.1	38.39	26.39	42.74	27.24	43.29	26.46	55.83	35.24	46.64	34.19	59.24	43.49	40.26	45.24	58.71	45.62	38.97	41.74	44.29	57.09	47.56	58.22	57.66	61.31	36.25	64.91	45.81	67.36	47.84	70.83	56.12
62	2.138	29.2	39.33	27.1	38.39	26.39	42.74	27.24	43.29	26.46	55.83	35.24	46.64	34.19	59.24	43.49	40.26	45.24	58.71	45.62	38.97	41.74	44.29	57.09	47.56	58.22	57.66	61.31	36.25	64.91	45.81	67.36	47.84	70.83	56.12
63	2.172	29.2	39.33	27.1	38.39	26.39	42.74	27.24	43.29	26.46	55.83	35.24	46.64	34.19	59.24	43.49	40.26	45.24	58.71	45.62	38.97	41.74	44.29	57.09	47.56	58.22	57.66	61.31	36.25	64.91	45.81	67.36	47.84	70.83	56.12
64	2.207	29.43	39.09	27.28	38.8	27.03	42.4	27.34	44.65	27.45	55.54	35.65	47.35	34.92	59.04	43.55	40.96	45.43	58.43	45.32	39.49	41.38	43.89	57.94	47.39	59.09	56.97	61.25	34.63	63.86	45.49	66.24	44.51	68.62	54.82
65	2.241	29.43	39.09	27.28	38.8	27.03	42.4	27.34	44.65	27.45	55.54	35.65	47.35	34.92	59.04	43.55	40.96	45.43	58.43	45.32	39.49	41.38	43.89	57.94	47.39	59.09	56.97	61.25	34.63	63.86	45.49	66.24	44.51	68.62	54.82
66	2.276	29.43	39.09	27.28	38.8	27.03	42.4	27.34	44.65	27.45	55.54	35.65	47.35	34.92	59.04	43.55	40.96	45.43	58.43	45.32	39.49	41.38	43.89	57.94	47.39	59.09	56.97	61.25	34.63	63.86	45.49	66.24	44.51	68.62	54.82
67	2.31	29.49	39.25	27.34	38.86	27.05	42.58	27.43	44.52	27.42	55.61	35.72	47.35	34.99	59.08	43.84	41.56	45.47	58.67	45.93	39.74	41.77	43.66	57.79	47.35	58.94	56.86	60.66	34.39	63.51	45.19	65.79	43.58	68.24	53.63
68	2.345	29.49	39.25	27.34	38.86	27.05	42.58	27.43	44.52	27.42	55.61	35.72	47.35	34.99	59.08	43.84	41.56	45.47	58.67	45.93	39.74	41.77	43.66	57.79	47.35	58.94	56.86	60.66	34.39	63.51	45.19	65.79	43.58	68.24	53.63
69	2.379	29.49	39.25	27.34	38.86	27.05	42.58	27.43	44.52	27.42	55.61	35.72	47.35	34.99	59.08	43.84	41.56	45.47	58.67	45.93	39.74	41.77	43.66	57.79	47.35	58.94	56.86	60.66	34.39	63.51	45.19	65.79	43.58	68.24	53.63
70	2.414	29.58	39.09	27.43	38.71	27.22	42.36	27.48	44.39	27.73	55.27	35.63	47.16	35.14	58.7	43.69	41.56	45.37	58.8	46.54	39.36	41.92	44.07	57.51	47.02	58.86	56.42	60.38	34.29	63.28	44.95	65.46	42.63	68.1	52.7
71	2.448	29.58	39.09	27.43	38.71	27.22	42.36	27.48	44.39	27.73	55.27	35.63	47.16	35.14	58.7	43.69	41.56	45.37	58.8	46.54	39.36	41.92	44.07	57.51	47.02	58.86	56.42	60.38	34.29	63.28	44.95	65.46	42.63	68.1	52.7
72	2.483	29.58	39.09	27.43	38.71	27.22	42.36	27.48	44.39	27.73	55.27	35.63	47.16	35.14	58.7	43.69	41.56	45.37	58.8	46.54	39.36	41.92	44.07	57.51	47.02	58.86	56.42	60.38	34.29	63.28	44.95	65.46	42.63	68.1	52.7
73	2.517	29.51	39.05	27.36	38.64	27.16	42.38	27.35	44.24	27.66	55.28	35.36	47.09	35.02	58.68	43.15	41.67	44.95	58.92	46.28	39.44	41.54	44.18	57.18	47.15	58.64	56.61	60.13	34.16	63.19	44.77	65.66	42.17	68.49	52.03
74	2.552	29.51	39.05	27.36	38.64	27.16	42.38	27.35	44.24	27.66	55.28	35.36	47.09	35.02	58.68	43.15	41.67	44.95	58.92	46.28	39.44	41.54	44.18	57.18	47.15	58.64	56.61	60.13	34.16	63.19	44.77	65.66	42.17	68.49	52.03
75	2.586	29.51	39.05	27.36	38.64	27.16	42.38	27.35	44.24	27.66	55.28	35.36	47.09	35.02	58.68	43.15	41.67	44.95	58.92	46.28	39.44	41.54	44.18	57.18	47.15	58.64	56.61	60.13	34.16	63.19	44.77	65.66	42.17	68.49	52.03
76	2.621	29.75	39.27	27.54	38.88	27.32	42.65	27.35	44.45	27.6	55.65	35.31	47.08	35.08	58.81	43.25	41.83	45.15	58.95	46.3	39.68	41.42	44.03	57.56	46.97	59.1	56.54	60.22	33.85	63.5	44.61	65.8	41.64	68.67	51.69
77	2.655	29.75	39.27	27.54	38.88	27.32	42.65	27.35	44.45	27.6	55.65	35.31	47.08	35.08	58.81	43.25	41.83	45.15	58.95	46.3	39.68	41.42	44.03	57.56	46.97	59.1	56.54	60.22	33.85	63.5	44.61	65.8	41.64	68.67	51.69
78	2.69	29.75	39.27	27.54	38.88	27.32	42.65	27.35	44.45	27.6	55.65	35.31	47.08	35.08	58.81	43.25	41.83	45.15	58.95	46.3	39.68	41.42	44.03	57.56	46.97	59.1	56.54	60.22	33.85	63.5	44.61	65.8	41.64	68.67	51.69
79	2.724	30.21	39.39	28.04	39.03	27.7	42.79	27.79	44.62	27.77	55.82	35.56	47.07	35.09	58.79	43.41	41.5	45.02	58.59	46.39	39.65	41.35	43.89	57.41	47.09	58.8	56.64	60.29	33.87	63.52	44.6	65.97	41.73	68.73	51.98
80	2.759	30.21	39.39	28.04	39.03	27.7	42.79	27.79	44.62	27.77	55.82	35.56	47.07	35.09	58.79	43.41	41.5	45.02	58.59	46.39	39.65	41.35	43.89	57.41	47.09	58.8	56.64	60.29	33.87	63.52	44.6	65.97	41.73	68.73	51.98
81	2.793	30.21	39.39	28.04	39.03	27.7	42.79	27.79	44.62	27.77	55.82	35.56	47.07	35.09	58.79	43.41	41.5	45.02	58.59	46.39	39.65	41.35	43.89	57.41	47.09	58.8	56.64	60.29	33.87	63.52	44.6	65.97	41.73	68.73	51.98
82	2.828	30.55	39.56	28.38	39.26	28.02	42.92	28.05	44.96	27.92	55.98	35.77	47.31	35.09	58.99	43.79	41.72	44.99	58.88	46.82	39.48	41.41	44.22	57.64	47.19	58.92	56.71	60.49	33.88	63.66	44.53	66.04	41.88	68.7	52.2
83	2.862	30.55	39.56	28.38	39.26	28.02	42.92	28.05	44.96	27.92	55.98	35.77	47.31	35.09	58.99	43.79	41.72	44.99	58.88	46.82	39.48	41.41	44.22	57.64	47.19	58.92	56.71	60.49	33.88	63.66	44.53	66.04	41.88	68.7	52.2
84	2.897	30.55	39.56	28.38	39.26	28.02	42.92	28.05	44.96	27.92	55.98	35.77	47.31	35.09	58.99	43.79	41.72	44.99	58.88	46.82	39.48	41.41	44.22	57.64	47.19	58.92	56.71	60.49	33.88	63.66	44.53	66.04	41.88	68.7	52.2
85	2.931	30.46	39.53	28.32	39.21	28.02	42.78	27.97	44.81	27.97	55.57	35.58	47.41	34.99	58.75	43.57	41.81	45.09	58.43	46.86	39.43	41.4	43.73	57.22	47.43	58.49	56.8	60.51	34.3	63.49	44.79	65.94	42.49	68.58	52.53
86	2.966	30.46	39.53	28.32	39.21	28.02	42.78	27.97	44.81	27.97	55.57	35.58	47.41	34.99	58.75	43.57	41.81	45.09	58.43	46.86	39.43	41.4	43.73	57.22	47.43	58.49	56.8	60.51	34.3	63.49	44.79	65.94	42.49	68.58	52.53
87	3.0	30.46	39.53	28.32	39.21	28.02	42.78	27.97	44.81	27.97	55.57	35.58	47.41	34.99	58.75	43.57	41.81	45.09	58.43	46.86	39.43	41.4	43.73	57.22	47.43	58.49	56.8	60.51	34.3	63.49	44.79	65.94	42.49	68.58	52.53
88	3.034	30.39	39.17	27.99	38.72	27.67	42.54	26.58	44.06	26.55	55.57	34.04	47.2	33.48	58.83	44.37	42.6	44.55	58.58	47.92	39.53	41.18	43.75	56.06	47.67	57.59	57.32	58.95	36.26	62.84	46.39	65.11	41.6	68.6	51.69
89	3.069	30.39	39.17	27.99	38.72	27.67	42.54	26.58	44.06	26.55	55.57	34.04	47.2	33.48	58.83	44.37	42.6	44.55	58.58	47.92	39.53	41.18	43.75	56.06	47.67	57.59	57.32	58.95	36.26	62.84	46.39	65.11	41.6	68.6	51.69
90	3.103	30.39	39.17	27.99	38.72	27.67	42.54	26.58	44.06	26.55	55.57	34.04	47.2	33.48	58.83	44.37	42.6	44.55	58.58	47.92	39.53	41.18	43.75	56.06	47.67	57.59	57.32	58.95	36.26	62.84	46.39	65.11	41.6	68.6	51.69
91	3.138	29.93	39.25	27.61	38.75	27.27	42.42	26.32	44.25	26.14	55.48	34.04	47.99	33.51	59.14	44.6	43.11	44.56	58.66	49.33	39.97	41.59	43.66	56.32	47.84	57.9	57.53	60.73	35.72	64.19	46.57	66.34	41.65	69.24	52.59
92	3.172	29.93	39.25	27.61	38.75	27.27	42.42	26.32	44.25	26.14	55.48	34.04	47.99	33.51	59.14	44.6	43.11	44.56	58.66	49.33	39.97	41.59	43.66	56.32	47.84	57.9	57.53	60.73	35.72	64.19	46.57	66.34	41.65	69.24	52.59
93	3.207	29.93	39.25	27.61	38.75	27.27	42.42	26.32	44.25	26.14	55.48	34.04	47.99	33.51	59.14	44.6	43.11	44.56	58.66	49.33	39.97	41.59	43.66	56.32	47.84	57.9	57.53	60.73	35.72	64.19	46.57	66.34	41.65	69.24	52.59
94	3.241	29.99	39.14	27.59	38.55	27.28	42.35	26.32	43.89	26.23	55.43	34.39	47.37	33.7	58.88	45.63	42.66	44.45	58.81	50.9	40.59	41.46	43.86	56.8	47.52	58.35	57.35	61.16	35.53	64.7	46.36	66.58	42.35	69.59	53.25
95	3.276	29.99	39.14	27.59	38.55	27.28	42.35	26.32	43.89	26.23	55.43	34.39	47.37	33.7	58.88	45.63	42.66	44.45	58.81	50.9	40.59	41.46	43.86	56.8	47.52	58.35	57.35	61.16	35.53	64.7	46.36	66.58	42.35	69.59	53.25
96	3.31	29.99	39.14	27.59	38.55	27.28	42.35	26.32	43.89	26.23	55.43	34.39	47.37	33.7	58.88	45.63	42.66	44.45	58.81	50.9	40.59	41.46	43.86	56.8	47.52	58.35	57.35	61.16	35.53	64.7	46.36	66.58	42.35	69.59	53.25
97	3.345	30.15	39.18	27.77	38.63	27.53	42.39	26.49	43.86	26.5	55.28	34.39	47.12	33.91	58.5	45.33	42.23	44.86	58.06	50.14	40.74	41.83	42.94	56.67	47.2	58.25	57.04	61.62	35.76	65.15	46.67	67.0	42.87	70.0	53.69
98	3.379	30.15	39.18	27.77	38.63	27.53	42.39	26.49	43.86	26.5	55.28	34.39	47.12	33.91	58.5	45.33	42.23	44.86	58.06	50.14	40.74	41.83	42.94	56.67	47.2	58.25	57.04	61.62	35.76	65.15	46.67	67.0	42.87	70.0	53.69
99	3.414	30.15	39.18	27.77	38.63	27.53	42.39	26.49	43.86	26.5	55.28	34.39	47.12	33.91	58.5	45.33	42.23	44.86	58.06	50.14	40.74	41.83	42.94	56.67	47.2	58.25	57.04	61.62	35.76	65.15	46.67	67.0	42.87	70.0	53.69
100	3.448	30.19	39.02	27.83	38.48	27.48	42.25	26.69	43.78	26.45	55.27	34.82	47.09	33.99	58.4	45.95	42.07	44.73	57.78	50.75	39.92	41.51	42.7	57.2	47.24	58.64	56.98	61.72	35.34	65.27	46.09	66.99	42.52	70.1	53.35
101	3.483	30.19	39.02	27.83	38.48	27.48	42.25	26.69	43.78	26.45	55.27	34.82	47.09	33.99	58.4	45.95	42.07	44.73	57.78	50.75	39.92	41.51	42.7	57.2	47.24	58.64	56.98	61.72	35.34	65.27	46.09	66.99	42.52	70.1	53.35
102	3.517	30.19	39.02	27.83	38.48	27.48	42.25	26.69	43.78	26.45	55.27	34.82	47.09	33.99	58.4	45.95	42.07	44.73	57.78	50.75	39.92	41.51	42.7	57.2	47.24	58.64	56.98	61.72	35.34	65.27	46.09	66.99	42.52	70.1	53.35
103	3.552	30.63	38.84	28.33	38.27	27.9	42.12	27.15	43.36	26.74	54.88	34.9	46.57	33.55	58.12	45.64	42.62	44.53	58.09	49.98	39.36	41.15	43.31	56.68	47.08	57.77	56.69	60.05	35.9	63.87	46.03	65.6	43.48	69.55	53.05
104	3.586	30.63	38.84	28.33	38.27	27.9	42.12	27.15	43.36	26.74	54.88	34.9	46.57	33.55	58.12	45.64	42.62	44.53	58.09	49.98	39.36	41.15	43.31	56.68	47.08	57.77	56.69	60.05	35.9	63.87	46.03	65.6	43.48	69.55	53.05
105	3.621	30.63	38.84	28.33	38.27	27.9	42.12	27.15	43.36	26.74	54.88	34.9	46.57	33.55	58.12	45.64	42.62	44.53	58.09	49.98	39.36	41.15	43.31	56.68	47.08	57.77	56.69	60.05	35.9	63.87	46.03	65.6	43.48	69.55	53.05
106	3.655	30.75	38.86	28.48	38.24	27.99	42.13	27.24	43.37	26.73	54.98	34.88	46.7	33.4	58.46	45.18	42.41	44.37	58.43	49.13	39.51	41.4	43.83	56.77	47.29	57.72	57.03	59.95	35.22	63.63	45.4	66.01	43.19	69.58	52.73
107	3.69	30.75	38.86	28.48	38.24	27.99	42.13	27.24	43.37	26.73	54.98	34.88	46.7	33.4	58.46	45.18	42.41	44.37	58.43	49.13	39.51	41.4	43.83	56.77	47.29	57.72	57.03	59.95	35.22	63.63	45.4	66.01	43.19	69.58	52.73
108	3.724	30.75	38.86	28.48	38.24	27.99	42.13	27.24	43.37	26.73	54.98	34.88	46.7	33.4	58.46	45.18	42.41	44.37	58.43	49.13	39.51	41.4	43.83	56.77	47.29	57.72	57.03	59.95	35.22	63.63	45.4	66.01	43.19	69.58	52.73
109	3.759	30.7	39.2	28.54	38.52	27.8	42.39	27.69	43.82	26.81	55.4	35.22	48.02	34.36	58.96	44.91	43.53	44.62	58.88	49.62	39.3	41.16	43.91	57.08	47.43	58.42	56.89	60.82	34.7	64.03	45.21	67.54	38.92	69.66	49.58
110	3.793	30.7	39.2	28.54	38.52	27.8	42.39	27.69	43.82	26.81	55.4	35.22	48.02	34.36	58.96	44.91	43.53	44.62	58.88	49.62	39.3	41.16	43.91	57.08	47.43	58.42	56.89	60.82	34.7	64.03	45.21	67.54	38.92	69.66	49.58
111	3.828	30.7	39.2	28.54	38.52	27.8	42.39	27.69	43.82	26.81	55.4	35.22	48.02	34.36	58.96	44.91	43.53	44.62	58.88	49.62	39.3	41.16	43.91	57.08	47.43	58.42	56.89	60.82	34.7	64.03	45.21	67.54	38.92	69.66	49.58
112	3.862	30.89	38.97	28.68	38.36	28.01	42.14	27.68	43.85	27.01	55.24	35.4	48.19	34.66	58.91	45.69	43.41	45.16	58.11	50.38	40.15	41.27	43.4	57.45	47.78	58.92	57.1	60.97	34.26	64.2	44.77	67.99	38.31	69.96	49.18
113	3.897	30.89	38.97	28.68	38.36	28.01	42.14	27.68	43.85	27.01	55.24	35.4	48.19	34.66	58.91	45.69	43.41	45.16	58.11	50.38	40.15	41.27	43.4	57.45	47.78	58.92	57.1	60.97	34.26	64.2	44.77	67.99	38.31	69.96	49.18
114	3.931	30.89	38.97	28.68	38.36	28.01	42.14	27.68	43.85	27.01	55.24	35.4	48.19	34.66	58.91	45.69	43.41	45.16	58.11	50.38	40.15	41.27	43.4	57.45	47.78	58.92	57.1	60.97	34.26	64.2	44.77	67.99	38.31	69.96	49.18
115	3.966	30.89	38.66	28.76	38.06	28.06	41.71	27.76	43.58	26.94	54.68	35.41	48.2	34.45	58.69	45.87	44.08	45.17	58.27	50.48	40.73	41.5	43.61	57.84	47.8	59.16	57.18	61.53	34.88	64.67	45.58	69.19	38.73	71.0	49.52
116	4.0	30.89	38.66	28.76	38.06	28.06	41.71	27.76	43.58	26.94	54.68	35.41	48.2	34.45	58.69	45.87	44.08	45.17	58.27	50.48	40.73	41.5	43.61	57.84	47.8	59.16	57.18	61.53	34.88	64.67	45.58	69.19	38.73	71.0	49.52
117	4.034	30.89	38.66	28.76	38.06	28.06	41.71	27.76	43.58	26.94	54.68	35.41	48.2	34.45	58.69	45.87	44.08	45.17	58.27	50.48	40.73	41.5	43.61	57.84	47.8	59.16	57.18	61.53	34.88	64.67	45.58	69.19	38.73	71.0	49.52
118	4.069	30.65	38.48	28.28	37.69	27.8	41.7	26.92	42.8	26.44	54.77	34.89	47.12	33.64	59.0	45.69	43.76	44.92	59.91	50.47	40.4	41.62	44.57	58.48	47.39	59.71	57.36	61.04	34.37	65.09	44.51	68.1	38.72	71.68	47.88
119	4.103	30.65	38.48	28.28	37.69	27.8	41.7	26.92	42.8	26.44	54.77	34.89	47.12	33.64	59.0	45.69	43.76	44.92	59.91	50.47	40.4	41.62	44.57	58.48	47.39	59.71	57.36	61.04	34.37	65.09	44.51	68.1	38.72	71.68	47.88
120	4.138	30.65	38.48	28.28	37.69	27.8	41.7	26.92	42.8	26.44	54.77	34.89	47.12	33.64	59.0	45.69	43.76	44.92	59.91	50.47	40.4	41.62	44.57	58.48	47.39	59.71	57.36	61.04	34.37	65.09	44.51	68.1	38.72	71.68	47.88
121	4.172	30.72	38.33	28.51	37.62	27.75	41.49	27.69	42.99	26.66	54.68	35.64	47.5	34.43	59.1	46.23	44.02	45.27	60.36	50.78	40.36	41.46	44.16	58.68	47.18	59.9	57.01	61.48	34.03	64.81	45.0	68.34	38.31	70.62	48.98
122	4.207	30.72	38.33	28.51	37.62	27.75	41.49	27.69	42.99	26.66	54.68	35.64	47.5	34.43	59.1	46.23	44.02	45.27	60.36	50.78	40.36	41.46	44.16	58.68	47.18	59.9	57.01	61.48	34.03	64.81	45.0	68.34	38.31	70.62	48.98
123	4.241	30.72	38.33	28.51	37.62	27.75	41.49	27.69	42.99	26.66	54.68	35.64	47.5	34.43	59.1	46.23	44.02	45.27	60.36	50.78	40.36	41.46	44.16	58.68	47.18	59.9	57.01	61.48	34.03	64.81	45.0	68.34	38.31	70.62	48.98
124	4.276	30.66	38.15	28.47	37.38	27.68	41.22	27.75	42.69	26.6	54.32	35.82	47.11	34.42	58.67	46.53	44.16	45.05	60.35	51.23	41.13	41.29	44.14	58.97	46.39	60.13	56.18	61.82	33.92	65.21	44.67	68.39	38.66	70.87	49.13
125	4.31	30.66	38.15	28.47	37.38	27.68	41.22	27.75	42.69	26.6	54.32	35.82	47.11	34.42	58.67	46.53	44.16	45.05	60.35	51.23	41.13	41.29	44.14	58.97	46.39	60.13	56.18	61.82	33.92	65.21	44.67	68.39	38.66	70.87	49.13
126	4.345	30.66	38.15	28.47	37.38	27.68	41.22	27.75	42.69	26.6	54.32	35.82	47.11	34.42	58.67	46.53	44.16	45.05	60.35	51.23	41.13	41.29	44.14	58.97	46.39	60.13	56.18	61.82	33.92	65.21	44.67	68.39	38.66	70.87	49.13
127	4.379	30.7	37.95	28.4	37.21	27.66	41.05	27.54	42.61	26.48	54.35	35.59	47.13	34.6	58.37	46.02	44.36	45.44	59.82	51.31	41.88	41.76	44.56	59.48	45.99	60.82	55.76	62.87	34.07	66.33	44.54	69.03	39.12	71.73	49.72
128	4.414	30.7	37.95	28.4	37.21	27.66	41.05	27.54	42.61	26.48	54.35	35.59	47.13	34.6	58.37	46.02	44.36	45.44	59.82	51.31	41.88	41.76	44.56	59.48	45.99	60.82	55.76	62.87	34.07	66.33	44.54	69.03	39.12	71.73	49.72
129	4.448	30.7	37.95	28.4	37.21	27.66	41.05	27.54	42.61	26.48	54.35	35.59	47.13	34.6	58.37	46.02	44.36	45.44	59.82	51.31	41.88	41.76	44.56	59.48	45.99	60.82	55.76	62.87	34.07	66.33	44.54	69.03	39.12	71.73	49.72
130	4.483	30.81	37.78	28.36	37.05	27.89	41.03	27.19	42.24	26.74	54.23	35.19	46.45	34.49	58.18	45.71	43.8	45.7	59.55	51.23	41.1	41.98	44.16	59.56	45.94	61.14	55.83	61.63	33.69	66.17	43.53	67.76	38.06	72.12	47.32
131	4.517	30.81	37.78	28.36	37.05	27.89	41.03	27.19	42.24	26.74	54.23	35.19	46.45	34.49	58.18	45.71	43.8	45.7	59.55	51.23	41.1	41.98	44.16	59.56	45.94	61.14	55.83	61.63	33.69	66.17	43.53	67.76	38.06	72.12	47.32
132	4.552	30.81	37.78	28.36	37.05	27.89	41.03	27.19	42.24	26.74	54.23	35.19	46.45	34.49	58.18	45.71	43.8	45.7	59.55	51.23	41.1	41.98	44.16	59.56	45.94	61.14	55.83	61.63	33.69	66.17	43.53	67.76	38.06	72.12	47.32
133	4.586	31.0	37.87	28.69	37.14	28.17	41.08	27.71	42.2	27.13	53.99	35.81	46.35	34.49	57.97	46.44	43.64	45.48	59.5	52.2	40.45	41.89	44.29	59.26	46.46	60.42	56.2	61.75	33.33	65.8	43.11	67.67	38.66	71.68	47.53
134	4.621	31.0	37.87	28.69	37.14	28.17	41.08	27.71	42.2	27.13	53.99	35.81	46.35	34.49	57.97	46.44	43.64	45.48	59.5	52.2	40.45	41.89	44.29	59.26	46.46	60.42	56.2	61.75	33.33	65.8	43.11	67.67	38.66	71.68	47.53
135	4.655	31.0	37.87	28.69	37.14	28.17	41.08	27.71	42.2	27.13	53.99	35.81	46.35	34.49	57.97	46.44	43.64	45.48	59.5	52.2	40.45	41.89	44.29	59.26	46.46	60.42	56.2	61.75	33.33	65.8	43.11	67.67	38.66	71.68	47.53
136	4.69	31.06	38.03	28.76	37.34	28.23	41.25	27.76	42.37	27.18	54.04	35.77	46.5	34.42	57.83	46.3	43.6	45.11	59.17	51.82	39.44	41.82	44.25	58.63	47.13	59.75	56.59	60.78	34.72	64.88	44.05	66.56	39.62	70.72	48.22
137	4.724	31.06	38.03	28.76	37.34	28.23	41.25	27.76	42.37	27.18	54.04	35.77	46.5	34.42	57.83	46.3	43.6	45.11	59.17	51.82	39.44	41.82	44.25	58.63	47.13	59.75	56.59	60.78	34.72	64.88	44.05	66.56	39.62	70.72	48.22
138	4.759	31.06	38.03	28.76	37.34	28.23	41.25	27.76	42.37	27.18	54.04	35.77	46.5	34.42	57.83	46.3	43.6	45.11	59.17	51.82	39.44	41.82	44.25	58.63	47.13	59.75	56.59	60.78	34.72	64.88	44.05	66.56	39.62	70.72	48.22
139	4.793	31.06	37.96	28.85	37.33	28.26	41.0	27.83	42.65	27.08	53.74	35.7	47.16	34.21	57.88	46.75	44.46	45.2	58.78	51.42	41.07	41.51	44.13	58.2	47.27	59.32	56.5	61.0	35.23	65.34	44.53	66.96	40.26	71.28	49.15
140	4.828	31.06	37.96	28.85	37.33	28.26	41.0	27.83	42.65	27.08	53.74	35.7	47.16	34.21	57.88	46.75	44.46	45.2	58.78	51.42	41.07	41.51	44.13	58.2	47.27	59.32	56.5	61.0	35.23	65.34	44.53	66.96	40.26	71.28	49.15
141	4.862	31.06	37.96	28.85	37.33	28.26	41.0	27.83	42.65	27.08	53.74	35.7	47.16	34.21	57.88	46.75	44.46	45.2	58.78	51.42	41.07	41.51	44.13	58.2	47.27	59.32	56.5	61.0	35.23	65.34	44.53	66.96	40.26	71.28	49.15
142	4.897	31.26	38.01	29.26	37.44	28.5	40.98	28.43	43.1	27.33	53.85	36.09	47.51	34.68	57.94	46.83	43.82	45.26	58.43	51.21	40.02	41.99	43.51	58.61	47.3	59.61	56.69	62.4	35.54	65.5	46.25	70.44	40.34	72.09	50.82
143	4.931	31.26	38.01	29.26	37.44	28.5	40.98	28.43	43.1	27.33	53.85	36.09	47.51	34.68	57.94	46.83	43.82	45.26	58.43	51.21	40.02	41.99	43.51	58.61	47.3	59.61	56.69	62.4	35.54	65.5	46.25	70.44	40.34	72.09	50.82
144	4.966	31.26	38.01	29.26	37.44	28.5	40.98	28.43	43.1	27.33	53.85	36.09	47.51	34.68	57.94	46.83	43.82	45.26	58.43	51.21	40.02	41.99	43.51	58.61	47.3	59.61	56.69	62.4	35.54	65.5	46.25	70.44	40.34	72.09	50.82
145	5.0	30.13	37.67	27.95	36.83	27.12	41.16	27.41	41.7	26.11	54.32	35.14	46.53	33.92	57.68	46.32	43.23	45.43	58.13	50.09	39.34	41.84	43.57	58.82	46.29	60.02	56.31	61.9	36.1	67.3	45.62	71.23	38.79	76.23	47.35
146	5.034	30.13	37.67	27.95	36.83	27.12	41.16	27.41	41.7	26.11	54.32	35.14	46.53	33.92	57.68	46.32	43.23	45.43	58.13	50.09	39.34	41.84	43.57	58.82	46.29	60.02	56.31	61.9	36.1	67.3	45.62	71.23	38.79	76.23	47.35
147	5.069	30.13	37.67	27.95	36.83	27.12	41.16	27.41	41.7	26.11	54.32	35.14	46.53	33.92	57.68	46.32	43.23	45.43	58.13	50.09	39.34	41.84	43.57	58.82	46.29	60.02	56.31	61.9	36.1	67.3	45.62	71.23	38.79	76.23	47.35
148	5.103	30.76	37.72	28.5	37.14	28.02	40.97	27.45	42.69	27.09	54.3	34.97	46.57	34.37	58.38	44.47	41.38	45.25	58.64	46.6	38.28	42.06	43.86	59.23	45.94	60.87	56.23	62.57	34.57	66.92	45.52	70.93	39.56	74.14	49.87
149	5.138	30.76	37.72	28.5	37.14	28.02	40.97	27.45	42.69	27.09	54.3	34.97	46.57	34.37	58.38	44.47	41.38	45.25	58.64	46.6	38.28	42.06	43.86	59.23	45.94	60.87	56.23	62.57	34.57	66.92	45.52	70.93	39.56	74.14	49.87
150	5.172	30.76	37.72	28.5	37.14	28.02	40.97	27.45	42.69	27.09	54.3	34.97	46.57	34.37	58.38	44.47	41.38	45.25	58.64	46.6	38.28	42.06	43.86	59.23	45.94	60.87	56.23	62.57	34.57	66.92	45.52	70.93	39.56	74.14	49.87
151	5.207	31.04	37.55	28.64	36.99	28.2	41.03	27.86	42.41	27.32	54.43	36.17	46.69	34.78	58.08	45.26	42.09	45.2	58.24	43.97	37.64	41.51	42.67	59.41	46.01	60.45	55.82	61.99	33.89	65.82	44.1	69.2	37.44	72.14	47.46
152	5.241	31.04	37.55	28.64	36.99	28.2	41.03	27.86	42.41	27.32	54.43	36.17	46.69	34.78	58.08	45.26	42.09	45.2	58.24	43.97	37.64	41.51	42.67	59.41	46.01	60.45	55.82	61.99	33.89	65.82	44.1	69.2	37.44	72.14	47.46
153	5.276	31.04	37.55	28.64	36.99	28.2	41.03	27.86	42.41	27.32	54.43	36.17	46.69	34.78	58.08	45.26	42.09	45.2	58.24	43.97	37.64	41.51	42.67	59.41	46.01	60.45	55.82	61.99	33.89	65.82	44.1	69.2	37.44	72.14	47.46
154	5.31	30.95	37.4	28.42	36.96	28.15	40.98	27.52	42.47	27.38	54.49	35.92	46.61	35.14	57.81	44.82	41.71	45.66	57.27	43.83	37.54	41.69	41.64	59.33	45.26	60.72	54.88	61.67	33.08	65.54	43.03	67.95	36.38	71.13	46.43
155	5.345	30.95	37.4	28.42	36.96	28.15	40.98	27.52	42.47	27.38	54.49	35.92	46.61	35.14	57.81	44.82	41.71	45.66	57.27	43.83	37.54	41.69	41.64	59.33	45.26	60.72	54.88	61.67	33.08	65.54	43.03	67.95	36.38	71.13	46.43
156	5.379	30.95	37.4	28.42	36.96	28.15	40.98	27.52	42.47	27.38	54.49	35.92	46.61	35.14	57.81	44.82	41.71	45.66	57.27	43.83	37.54	41.69	41.64	59.33	45.26	60.72	54.88	61.67	33.08	65.54	43.03	67.95	36.38	71.13	46.43
157	5.414	31.24	37.46	28.76	37.05	28.51	40.99	27.72	42.57	27.73	54.37	35.63	46.58	35.45	57.74	44.03	41.8	45.97	56.95	44.1	38.17	42.26	41.56	58.93	45.44	60.6	55.04	61.26	33.3	65.13	43.52	67.84	36.92	70.71	47.08
158	5.448	31.24	37.46	28.76	37.05	28.51	40.99	27.72	42.57	27.73	54.37	35.63	46.58	35.45	57.74	44.03	41.8	45.97	56.95	44.1	38.17	42.26	41.56	58.93	45.44	60.6	55.04	61.26	33.3	65.13	43.52	67.84	36.92	70.71	47.08
159	5.483	31.24	37.46	28.76	37.05	28.51	40.99	27.72	42.57	27.73	54.37	35.63	46.58	35.45	57.74	44.03	41.8	45.97	56.95	44.1	38.17	42.26	41.56	58.93	45.44	60.6	55.04	61.26	33.3	65.13	43.52	67.84	36.92	70.71	47.08
160	5.517	31.36	37.79	28.82	37.33	28.59	41.36	27.62	42.68	27.66	54.71	35.64	46.38	35.31	57.79	44.6	41.25	45.83	56.7	44.74	38.3	42.25	41.73	59.02	45.34	60.67	55.13	61.72	33.64	65.73	44.05	68.31	38.07	71.42	48.25
161	5.552	31.36	37.79	28.82	37.33	28.59	41.36	27.62	42.68	27.66	54.71	35.64	46.38	35.31	57.79	44.6	41.25	45.83	56.7	44.74	38.3	42.25	41.73	59.02	45.34	60.67	55.13	61.72	33.64	65.73	44.05	68.31	38.07	71.42	48.25
162	5.586	31.36	37.79	28.82	37.33	28.59	41.36	27.62	42.68	27.66	54.71	35.64	46.38	35.31	57.79	44.6	41.25	45.83	56.7	44.74	38.3	42.25	41.73	59.02	45.34	60.67	55.13	61.72	33.64	65.73	44.05	68.31	38.07	71.42	48.25
163	5.621	31.37	37.78	28.83	37.25	28.54	41.31	27.84	42.36	27.68	54.51	35.97	46.0	35.4	57.66	44.88	41.04	45.75	57.08	44.78	38.0	42.26	41.72	59.61	45.32	61.13	55.23	62.03	33.56	66.07	44.06	68.35	38.15	71.68	48.39
164	5.655	31.37	37.78	28.83	37.25	28.54	41.31	27.84	42.36	27.68	54.51	35.97	46.0	35.4	57.66	44.88	41.04	45.75	57.08	44.78	38.0	42.26	41.72	59.61	45.32	61.13	55.23	62.03	33.56	66.07	44.06	68.35	38.15	71.68	48.39
165	5.69	31.37	37.78	28.83	37.25	28.54	41.31	27.84	42.36	27.68	54.51	35.97	46.0	35.4	57.66	44.88	41.04	45.75	57.08	44.78	38.0	42.26	41.72	59.61	45.32	61.13	55.23	62.03	33.56	66.07	44.06	68.35	38.15	71.68	48.39
166	5.724	31.48	37.83	28.94	37.39	28.71	41.41	27.85	42.63	27.85	54.61	35.98	46.28	35.41	57.48	44.74	41.28	45.7	56.32	44.89	38.24	42.3	41.19	59.07	45.53	60.55	55.12	61.6	33.25	65.58	43.27	67.36	37.92	70.94	47.88
167	5.759	31.48	37.83	28.94	37.39	28.71	41.41	27.85	42.63	27.85	54.61	35.98	46.28	35.41	57.48	44.74	41.28	45.7	56.32	44.89	38.24	42.3	41.19	59.07	45.53	60.55	55.12	61.6	33.25	65.58	43.27	67.36	37.92	70.94	47.88
168	5.793	31.48	37.83	28.94	37.39	28.71	41.41	27.85	42.63	27.85	54.61	35.98	46.28	35.41	57.48	44.74	41.28	45.7	56.32	44.89	38.24	42.3	41.19	59.07	45.53	60.55	55.12	61.6	33.25	65.58	43.27	67.36	37.92	70.94	47.88
169	5.828	31.52	38.24	29.06	37.8	28.87	41.82	27.94	42.88	28.05	54.77	35.6	46.12	35.17	57.49	43.51	41.17	45.43	56.7	44.75	37.48	42.55	41.17	58.39	45.54	59.78	55.15	61.11	33.87	64.87	43.77	66.49	39.58	70.19	48.93
170	5.862	31.52	38.24	29.06	37.8	28.87	41.82	27.94	42.88	28.05	54.77	35.6	46.12	35.17	57.49	43.51	41.17	45.43	56.7	44.75	37.48	42.55	41.17	58.39	45.54	59.78	55.15	61.11	33.87	64.87	43.77	66.49	39.58	70.19	48.93
171	5.897	31.52	38.24	29.06	37.8	28.87	41.82	27.94	42.88	28.05	54.77	35.6	46.12	35.17	57.49	43.51	41.17	45.43	56.7	44.75	37.48	42.55	41.17	58.39	45.54	59.78	55.15	61.11	33.87	64.87	43.77	66.49	39.58	70.19	48.93
172	5.931	31.53	38.35	29.16	38.02	28.85	41.92	28.34	43.24	28.14	54.91	35.96	46.06	35.19	57.51	43.78	40.65	45.38	56.38	44.53	36.41	42.33	40.16	58.39	45.85	59.5	55.49	61.08	34.35	64.46	44.76	66.02	40.7	69.23	50.95
173	5.966	31.53	38.35	29.16	38.02	28.85	41.92	28.34	43.24	28.14	54.91	35.96	46.06	35.19	57.51	43.78	40.65	45.38	56.38	44.53	36.41	42.33	40.16	58.39	45.85	59.5	55.49	61.08	34.35	64.46	44.76	66.02	40.7	69.23	50.95
174	6.0	31.53	38.35	29.16	38.02	28.85	41.92	28.34	43.24	28.14	54.91	35.96	46.06	35.19	57.51	43.78	40.65	45.38	56.38	44.53	36.41	42.33	40.16	58.39	45.85	59.5	55.49	61.08	34.35	64.46	44.76	66.02	40.7	69.23	50.95
175	6.034	31.57	38.09	29.31	37.75	28.86	41.58	28.58	43.14	28.04	54.68	36.18	46.06	34.93	57.72	44.44	40.3	45.31	56.58	45.31	37.0	42.26	41.08	58.46	45.94	59.35	55.73	61.53	34.19	64.91	44.87	66.72	41.53	69.81	51.97
176	6.069	31.57	38.09	29.31	37.75	28.86	41.58	28.58	43.14	28.04	54.68	36.18	46.06	34.93	57.72	44.44	40.3	45.31	56.58	45.31	37.0	42.26	41.08	58.46	45.94	59.35	55.73	61.53	34.19	64.91	44.87	66.72	41.53	69.81	51.97
177	6.103	31.57	38.09	29.31	37.75	28.86	41.58	28.58	43.14	28.04	54.68	36.18	46.06	34.93	57.72	44.44	40.3	45.31	56.58	45.31	37.0	42.26	41.08	58.46	45.94	59.35	55.73	61.53	34.19	64.91	44.87	66.72	41.53	69.81	51.97
178	6.138	31.86	37.96	29.65	37.65	29.24	41.43	29.06	43.02	28.64	54.37	36.54	45.79	35.47	57.36	44.5	39.99	45.6	56.52	45.6	37.06	42.54	41.44	58.69	45.65	59.72	55.41	61.92	34.31	65.55	45.04	67.11	40.69	70.66	51.15
179	6.172	31.86	37.96	29.65	37.65	29.24	41.43	29.06	43.02	28.64	54.37	36.54	45.79	35.47	57.36	44.5	39.99	45.6	56.52	45.6	37.06	42.54	41.44	58.69	45.65	59.72	55.41	61.92	34.31	65.55	45.04	67.11	40.69	70.66	51.15
180	6.207	31.86	37.96	29.65	37.65	29.24	41.43	29.06	43.02	28.64	54.37	36.54	45.79	35.47	57.36	44.5	39.99	45.6	56.52	45.6	37.06	42.54	41.44	58.69	45.65	59.72	55.41	61.92	34.31	65.55	45.04	67.11	40.69	70.66	51.15
181	6.241	31.79	37.93	29.57	37.62	29.14	41.34	28.93	42.98	28.39	54.25	36.74	46.04	35.26	57.28	45.41	40.57	45.69	56.18	46.79	36.82	42.68	41.24	58.73	45.78	59.54	55.32	61.87	33.88	65.3	44.43	66.75	40.58	70.28	50.94
182	6.276	31.79	37.93	29.57	37.62	29.14	41.34	28.93	42.98	28.39	54.25	36.74	46.04	35.26	57.28	45.41	40.57	45.69	56.18	46.79	36.82	42.68	41.24	58.73	45.78	59.54	55.32	61.87	33.88	65.3	44.43	66.75	40.58	70.28	50.94
183	6.31	31.79	37.93	29.57	37.62	29.14	41.34	28.93	42.98	28.39	54.25	36.74	46.04	35.26	57.28	45.41	40.57	45.69	56.18	46.79	36.82	42.68	41.24	58.73	45.78	59.54	55.32	61.87	33.88	65.3	44.43	66.75	40.58	70.28	50.94
184	6.345	31.7	37.91	29.56	37.66	29.1	41.27	28.96	43.14	28.36	54.13	36.57	45.95	34.98	57.21	45.24	40.13	45.45	55.88	46.63	36.27	42.53	40.2	58.44	45.92	59.17	55.55	61.93	34.02	65.3	44.89	66.95	40.58	70.38	51.34
185	6.379	31.7	37.91	29.56	37.66	29.1	41.27	28.96	43.14	28.36	54.13	36.57	45.95	34.98	57.21	45.24	40.13	45.45	55.88	46.63	36.27	42.53	40.2	58.44	45.92	59.17	55.55	61.93	34.02	65.3	44.89	66.95	40.58	70.38	51.34
186	6.414	31.7	37.91	29.56	37.66	29.1	41.27	28.96	43.14	28.36	54.13	36.57	45.95	34.98	57.21	45.24	40.13	45.45	55.88	46.63	36.27	42.53	40.2	58.44	45.92	59.17	55.55	61.93	34.02	65.3	44.89	66.95	40.58	70.38	51.34
187	6.448	31.51	38.24	29.45	37.64	28.76	41.48	29.2	42.5	28.17	53.9	36.72	45.35	34.99	56.83	44.85	40.23	45.5	56.05	46.84	36.78	42.23	40.82	58.56	45.33	59.18	54.89	61.6	35.03	65.25	44.75	66.95	41.56	70.81	50.58
188	6.483	31.51	38.24	29.45	37.64	28.76	41.48	29.2	42.5	28.17	53.9	36.72	45.35	34.99	56.83	44.85	40.23	45.5	56.05	46.84	36.78	42.23	40.82	58.56	45.33	59.18	54.89	61.6	35.03	65.25	44.75	66.95	41.56	70.81	50.58
189	6.517	31.51	38.24	29.45	37.64	28.76	41.48	29.2	42.5	28.17	53.9	36.72	45.35	34.99	56.83	44.85	40.23	45.5	56.05	46.84	36.78	42.23	40.82	58.56	45.33	59.18	54.89	61.6	35.03	65.25	44.75	66.95	41.56	70.81	50.58
190	6.552	31.44	37.82	29.12	37.46	28.62	41.32	28.23	42.81	27.49	54.43	36.09	45.83	34.53	57.21	45.4	40.14	45.32	55.34	46.8	36.55	42.06	39.85	58.18	45.17	58.98	54.82	61.62	33.62	65.22	44.3	66.39	39.94	70.0	50.67
191	6.586	31.44	37.82	29.12	37.46	28.62	41.32	28.23	42.81	27.49	54.43	36.09	45.83	34.53	57.21	45.4	40.14	45.32	55.34	46.8	36.55	42.06	39.85	58.18	45.17	58.98	54.82	61.62	33.62	65.22	44.3	66.39	39.94	70.0	50.67
192	6.621	31.44	37.82	29.12	37.46	28.62	41.32	28.23	42.81	27.49	54.43	36.09	45.83	34.53	57.21	45.4	40.14	45.32	55.34	46.8	36.55	42.06	39.85	58.18	45.17	58.98	54.82	61.62	33.62	65.22	44.3	66.39	39.94	70.0	50.67
193	6.655	31.41	37.49	29.12	37.16	28.57	40.97	28.26	42.67	27.41	54.27	36.2	45.69	34.45	57.47	45.58	39.65	45.48	56.17	47.07	35.92	42.17	40.48	58.41	45.22	59.13	54.94	61.5	32.96	64.98	43.43	65.97	40.38	69.46	50.85
194	6.69	31.41	37.49	29.12	37.16	28.57	40.97	28.26	42.67	27.41	54.27	36.2	45.69	34.45	57.47	45.58	39.65	45.48	56.17	47.07	35.92	42.17	40.48	58.41	45.22	59.13	54.94	61.5	32.96	64.98	43.43	65.97	40.38	69.46	50.85
195	6.724	31.41	37.49	29.12	37.16	28.57	40.97	28.26	42.67	27.41	54.27	36.2	45.69	34.45	57.47	45.58	39.65	45.48	56.17	47.07	35.92	42.17	40.48	58.41	45.22	59.13	54.94	61.5	32.96	64.98	43.43	65.97	40.38	69.46	50.85
196	6.759	31.14	37.08	29.06	36.55	28.32	40.24	28.46	41.85	27.28	53.04	36.08	45.01	33.96	56.78	44.9	39.76	45.48	56.66	46.97	36.14	41.89	41.44	57.95	45.11	58.37	54.72	61.23	34.83	64.62	44.17	66.22	41.89	70.0	50.72
197	6.793	31.14	37.08	29.06	36.55	28.32	40.24	28.46	41.85	27.28	53.04	36.08	45.01	33.96	56.78	44.9	39.76	45.48	56.66	46.97	36.14	41.89	41.44	57.95	45.11	58.37	54.72	61.23	34.83	64.62	44.17	66.22	41.89	70.0	50.72
198	6.828	31.14	37.08	29.06	36.55	28.32	40.24	28.46	41.85	27.28	53.04	36.08	45.01	33.96	56.78	44.9	39.76	45.48	56.66	46.97	36.14	41.89	41.44	57.95	45.11	58.37	54.72	61.23	34.83	64.62	44.17	66.22	41.89	70.0	50.72
199	6.862	31.48	36.65	29.36	36.23	28.73	39.76	28.59	41.8	27.59	52.79	36.05	45.21	34.27	57.24	45.6	39.91	45.19	57.85	47.77	35.9	42.21	42.3	58.73	45.61	59.56	55.71	62.15	33.92	66.03	45.02	67.5	40.63	71.27	51.47
200	6.897	31.48	36.65	29.36	36.23	28.73	39.76	28.59	41.8	27.59	52.79	36.05	45.21	34.27	57.24	45.6	39.91	45.19	57.85	47.77	35.9	42.21	42.3	58.73	45.61	59.56	55.71	62.15	33.92	66.03	45.02	67.5	40.63	71.27	51.47
201	6.931	31.48	36.65	29.36	36.23	28.73	39.76	28.59	41.8	27.59	52.79	36.05	45.21	34.27	57.24	45.6	39.91	45.19	57.85	47.77	35.9	42.21	42.3	58.73	45.61	59.56	55.71	62.15	33.92	66.03	45.02	67.5	40.63	71.27	51.47
202	6.966	31.56	36.36	29.57	35.84	28.82	39.31	29.21	41.26	27.85	52.1	36.78	44.68	34.31	56.87	46.58	40.06	44.97	58.98	49.17	35.6	42.1	43.71	59.58	45.49	60.02	55.73	63.44	34.15	67.07	45.29	68.77	42.35	72.44	52.83
203	7.0	31.56	36.36	29.57	35.84	28.82	39.31	29.21	41.26	27.85	52.1	36.78	44.68	34.31	56.87	46.58	40.06	44.97	58.98	49.17	35.6	42.1	43.71	59.58	45.49	60.02	55.73	63.44	34.15	67.07	45.29	68.77	42.35	72.44	52.83
204	7.034	31.56	36.36	29.57	35.84	28.82	39.31	29.21	41.26	27.85	52.1	36.78	44.68	34.31	56.87	46.58	40.06	44.97	58.98	49.17	35.6	42.1	43.71	59.58	45.49	60.02	55.73	63.44	34.15	67.07	45.29	68.77	42.35	72.44	52.83
205	7.069	31.59	35.77	29.62	35.18	28.81	38.58	29.34	40.68	27.78	51.37	37.14	44.76	34.17	56.59	46.71	40.37	44.76	59.05	48.69	34.93	42.0	43.56	60.02	45.48	60.16	55.5	63.93	34.13	67.28	44.61	68.73	43.24	72.62	53.16
206	7.103	31.59	35.77	29.62	35.18	28.81	38.58	29.34	40.68	27.78	51.37	37.14	44.76	34.17	56.59	46.71	40.37	44.76	59.05	48.69	34.93	42.0	43.56	60.02	45.48	60.16	55.5	63.93	34.13	67.28	44.61	68.73	43.24	72.62	53.16
207	7.138	31.59	35.77	29.62	35.18	28.81	38.58	29.34	40.68	27.78	51.37	37.14	44.76	34.17	56.59	46.71	40.37	44.76	59.05	48.69	34.93	42.0	43.56	60.02	45.48	60.16	55.5	63.93	34.13	67.28	44.61	68.73	43.24	72.62	53.16
208	7.172	31.9	35.44	30.15	34.65	29.02	38.12	30.24	39.7	28.13	50.43	37.69	43.64	34.31	55.73	46.04	39.14	44.85	58.8	47.84	33.4	41.65	44.57	59.56	45.21	59.41	55.18	63.31	34.8	66.54	44.52	68.53	43.55	72.53	52.19
209	7.207	31.9	35.44	30.15	34.65	29.02	38.12	30.24	39.7	28.13	50.43	37.69	43.64	34.31	55.73	46.04	39.14	44.85	58.8	47.84	33.4	41.65	44.57	59.56	45.21	59.41	55.18	63.31	34.8	66.54	44.52	68.53	43.55	72.53	52.19
210	7.241	31.9	35.44	30.15	34.65	29.02	38.12	30.24	39.7	28.13	50.43	37.69	43.64	34.31	55.73	46.04	39.14	44.85	58.8	47.84	33.4	41.65	44.57	59.56	45.21	59.41	55.18	63.31	34.8	66.54	44.52	68.53	43.55	72.53	52.19
211	7.276	31.91	35.19	30.21	34.58	29.1	37.77	30.01	39.94	27.79	50.17	37.18	43.88	33.82	55.98	46.51	39.81	44.38	59.16	48.86	35.16	41.69	43.52	60.02	45.5	59.82	55.69	63.69	33.43	66.7	44.39	69.02	42.76	72.1	52.89
212	7.31	31.91	35.19	30.21	34.58	29.1	37.77	30.01	39.94	27.79	50.17	37.18	43.88	33.82	55.98	46.51	39.81	44.38	59.16	48.86	35.16	41.69	43.52	60.02	45.5	59.82	55.69	63.69	33.43	66.7	44.39	69.02	42.76	72.1	52.89
213	7.345	31.91	35.19	30.21	34.58	29.1	37.77	30.01	39.94	27.79	50.17	37.18	43.88	33.82	55.98	46.51	39.81	44.38	59.16	48.86	35.16	41.69	43.52	60.02	45.5	59.82	55.69	63.69	33.43	66.7	44.39	69.02	42.76	72.1	52.89
214	7.379	32.34	35.3	30.67	34.66	29.69	37.71	30.21	39.78	28.34	49.55	36.98	43.82	33.93	55.51	46.49	40.79	44.01	58.95	50.17	36.53	42.09	43.29	59.24	45.48	59.35	55.5	62.6	33.22	66.23	44.27	68.3	41.21	72.14	51.2
215	7.414	32.34	35.3	30.67	34.66	29.69	37.71	30.21	39.78	28.34	49.55	36.98	43.82	33.93	55.51	46.49	40.79	44.01	58.95	50.17	36.53	42.09	43.29	59.24	45.48	59.35	55.5	62.6	33.22	66.23	44.27	68.3	41.21	72.14	51.2
216	7.448	32.34	35.3	30.67	34.66	29.69	37.71	30.21	39.78	28.34	49.55	36.98	43.82	33.93	55.51	46.49	40.79	44.01	58.95	50.17	36.53	42.09	43.29	59.24	45.48	59.35	55.5	62.6	33.22	66.23	44.27	68.3	41.21	72.14	51.2
217	7.483	32.22	35.53	30.61	34.83	29.76	37.75	30.27	39.69	28.74	49.04	36.98	43.61	34.2	55.01	46.68	41.24	43.84	59.01	50.56	36.39	41.63	43.44	59.1	45.11	59.46	55.02	62.42	33.16	66.12	44.56	68.41	40.37	72.2	50.56
218	7.517	32.22	35.53	30.61	34.83	29.76	37.75	30.27	39.69	28.74	49.04	36.98	43.61	34.2	55.01	46.68	41.24	43.84	59.01	50.56	36.39	41.63	43.44	59.1	45.11	59.46	55.02	62.42	33.16	66.12	44.56	68.41	40.37	72.2	50.56
219	7.552	32.22	35.53	30.61	34.83	29.76	37.75	30.27	39.69	28.74	49.04	36.98	43.61	34.2	55.01	46.68	41.24	43.84	59.01	50.56	36.39	41.63	43.44	59.1	45.11	59.46	55.02	62.42	33.16	66.12	44.56	68.41	40.37	72.2	50.56
220	7.586	32.19	35.54	30.72	34.93	29.81	37.68	30.39	39.86	28.75	48.85	37.06	43.53	33.96	54.97	46.98	40.49	43.9	58.41	50.64	36.29	41.52	42.56	59.13	45.16	59.26	55.14	62.64	32.79	65.9	44.5	69.14	40.69	72.26	50.93
221	7.621	32.19	35.54	30.72	34.93	29.81	37.68	30.39	39.86	28.75	48.85	37.06	43.53	33.96	54.97	46.98	40.49	43.9	58.41	50.64	36.29	41.52	42.56	59.13	45.16	59.26	55.14	62.64	32.79	65.9	44.5	69.14	40.69	72.26	50.93
222	7.655	32.19	35.54	30.72	34.93	29.81	37.68	30.39	39.86	28.75	48.85	37.06	43.53	33.96	54.97	46.98	40.49	43.9	58.41	50.64	36.29	41.52	42.56	59.13	45.16	59.26	55.14	62.64	32.79	65.9	44.5	69.14	40.69	72.26	50.93
223	7.69	31.81	35.4	29.98	34.52	29.16	38.14	29.59	39.18	27.97	50.18	36.73	43.13	34.24	54.83	47.89	40.39	44.42	57.81	50.64	36.14	42.21	41.93	59.09	44.31	59.15	54.63	63.54	33.74	65.49	44.88	72.22	40.32	71.57	50.35
224	7.724	31.81	35.4	29.98	34.52	29.16	38.14	29.59	39.18	27.97	50.18	36.73	43.13	34.24	54.83	47.89	40.39	44.42	57.81	50.64	36.14	42.21	41.93	59.09	44.31	59.15	54.63	63.54	33.74	65.49	44.88	72.22	40.32	71.57	50.35
225	7.759	31.81	35.4	29.98	34.52	29.16	38.14	29.59	39.18	27.97	50.18	36.73	43.13	34.24	54.83	47.89	40.39	44.42	57.81	50.64	36.14	42.21	41.93	59.09	44.31	59.15	54.63	63.54	33.74	65.49	44.88	72.22	40.32	71.57	50.35
226	7.793	32.06	35.63	30.33	34.77	29.5	38.19	29.55	39.53	27.89	50.01	36.66	44.21	33.9	54.55	47.65	41.24	44.6	56.39	50.61	35.82	41.88	41.54	59.59	44.24	59.69	54.13	65.58	34.77	68.27	44.63	74.72	40.62	75.96	48.89
227	7.828	32.06	35.63	30.33	34.77	29.5	38.19	29.55	39.53	27.89	50.01	36.66	44.21	33.9	54.55	47.65	41.24	44.6	56.39	50.61	35.82	41.88	41.54	59.59	44.24	59.69	54.13	65.58	34.77	68.27	44.63	74.72	40.62	75.96	48.89
228	7.862	32.06	35.63	30.33	34.77	29.5	38.19	29.55	39.53	27.89	50.01	36.66	44.21	33.9	54.55	47.65	41.24	44.6	56.39	50.61	35.82	41.88	41.54	59.59	44.24	59.69	54.13	65.58	34.77	68.27	44.63	74.72	40.62	75.96	48.89
229	7.897	31.94	35.74	30.21	35.02	29.39	38.36	30.04	39.76	28.29	49.96	37.23	44.55	34.43	54.4	47.97	41.64	45.06	56.43	50.24	35.26	42.2	41.28	58.99	45.18	58.98	54.51	63.81	38.3	67.05	47.63	71.06	41.03	74.32	49.7
230	7.931	31.94	35.74	30.21	35.02	29.39	38.36	30.04	39.76	28.29	49.96	37.23	44.55	34.43	54.4	47.97	41.64	45.06	56.43	50.24	35.26	42.2	41.28	58.99	45.18	58.98	54.51	63.81	38.3	67.05	47.63	71.06	41.03	74.32	49.7
231	7.966	31.94	35.74	30.21	35.02	29.39	38.36	30.04	39.76	28.29	49.96	37.23	44.55	34.43	54.4	47.97	41.64	45.06	56.43	50.24	35.26	42.2	41.28	58.99	45.18	58.98	54.51	63.81	38.3	67.05	47.63	71.06	41.03	74.32	49.7
232	8.0	31.91	35.53	30.15	34.68	29.4	38.21	29.98	39.33	28.43	49.89	37.19	44.42	34.59	54.13	47.42	40.96	45.09	56.0	48.79	33.27	42.13	41.16	59.21	44.8	59.37	54.29	64.93	38.36	68.41	47.72	73.16	41.65	76.63	50.06
233	8.034	31.91	35.53	30.15	34.68	29.4	38.21	29.98	39.33	28.43	49.89	37.19	44.42	34.59	54.13	47.42	40.96	45.09	56.0	48.79	33.27	42.13	41.16	59.21	44.8	59.37	54.29	64.93	38.36	68.41	47.72	73.16	41.65	76.63	50.06
234	8.069	31.91	35.53	30.15	34.68	29.4	38.21	29.98	39.33	28.43	49.89	37.19	44.42	34.59	54.13	47.42	40.96	45.09	56.0	48.79	33.27	42.13	41.16	59.21	44.8	59.37	54.29	64.93	38.36	68.41	47.72	73.16	41.65	76.63	50.06
235	8.103	31.92	35.36	30.0	34.52	29.44	38.18	29.83	39.13	28.6	50.04	37.47	44.24	34.66	54.04	47.63	39.67	45.07	55.57	47.04	31.61	42.08	41.06	59.94	44.33	59.91	54.08	66.51	37.69	69.4	47.33	75.1	41.55	77.85	50.21
236	8.138	31.92	35.36	30.0	34.52	29.44	38.18	29.83	39.13	28.6	50.04	37.47	44.24	34.66	54.04	47.63	39.67	45.07	55.57	47.04	31.61	42.08	41.06	59.94	44.33	59.91	54.08	66.51	37.69	69.4	47.33	75.1	41.55	77.85	50.21
237	8.172	31.92	35.36	30.0	34.52	29.44	38.18	29.83	39.13	28.6	50.04	37.47	44.24	34.66	54.04	47.63	39.67	45.07	55.57	47.04	31.61	42.08	41.06	59.94	44.33	59.91	54.08	66.51	37.69	69.4	47.33	75.1	41.55	77.85	50.21
238	8.207	31.92	35.46	29.86	34.71	29.6	38.27	29.28	39.45	28.63	50.09	37.54	44.57	34.55	53.92	48.39	40.17	45.2	54.36	45.92	33.63	42.19	38.49	59.87	44.53	59.88	54.09	66.22	37.98	69.63	47.34	74.55	41.69	78.46	50.13
239	8.241	31.92	35.46	29.86	34.71	29.6	38.27	29.28	39.45	28.63	50.09	37.54	44.57	34.55	53.92	48.39	40.17	45.2	54.36	45.92	33.63	42.19	38.49	59.87	44.53	59.88	54.09	66.22	37.98	69.63	47.34	74.55	41.69	78.46	50.13
240	8.276	31.92	35.46	29.86	34.71	29.6	38.27	29.28	39.45	28.63	50.09	37.54	44.57	34.55	53.92	48.39	40.17	45.2	54.36	45.92	33.63	42.19	38.49	59.87	44.53	59.88	54.09	66.22	37.98	69.63	47.34	74.55	41.69	78.46	50.13
241	8.31	31.89	35.45	29.97	34.7	29.67	38.3	29.38	39.34	28.9	50.05	36.56	43.94	34.86	53.78	45.86	39.41	45.47	54.98	46.06	32.58	42.09	40.25	59.3	44.17	59.89	54.06	66.33	37.95	69.44	47.85	75.44	42.1	78.43	50.5
242	8.345	31.89	35.45	29.97	34.7	29.67	38.3	29.38	39.34	28.9	50.05	36.56	43.94	34.86	53.78	45.86	39.41	45.47	54.98	46.06	32.58	42.09	40.25	59.3	44.17	59.89	54.06	66.33	37.95	69.44	47.85	75.44	42.1	78.43	50.5
243	8.379	31.89	35.45	29.97	34.7	29.67	38.3	29.38	39.34	28.9	50.05	36.56	43.94	34.86	53.78	45.86	39.41	45.47	54.98	46.06	32.58	42.09	40.25	59.3	44.17	59.89	54.06	66.33	37.95	69.44	47.85	75.44	42.1	78.43	50.5
244	8.414	31.82	35.48	29.99	34.76	29.61	38.19	29.5	39.52	28.94	49.85	36.44	44.39	34.8	53.83	45.21	39.63	45.3	54.48	45.89	33.12	42.32	39.83	59.06	44.32	59.82	54.08	66.0	38.36	69.82	48.14	75.25	42.77	79.63	51.31
245	8.448	31.82	35.48	29.99	34.76	29.61	38.19	29.5	39.52	28.94	49.85	36.44	44.39	34.8	53.83	45.21	39.63	45.3	54.48	45.89	33.12	42.32	39.83	59.06	44.32	59.82	54.08	66.0	38.36	69.82	48.14	75.25	42.77	79.63	51.31
246	8.483	31.82	35.48	29.99	34.76	29.61	38.19	29.5	39.52	28.94	49.85	36.44	44.39	34.8	53.83	45.21	39.63	45.3	54.48	45.89	33.12	42.32	39.83	59.06	44.32	59.82	54.08	66.0	38.36	69.82	48.14	75.25	42.77	79.63	51.31
247	8.517	31.69	35.36	29.97	34.49	29.5	38.14	29.9	38.96	29.13	49.72	37.17	43.46	34.95	53.69	46.34	38.21	45.05	55.26	46.87	31.79	42.31	40.91	59.64	43.68	60.15	53.89	66.87	37.8	70.71	48.18	76.88	43.23	81.08	51.63
248	8.552	31.69	35.36	29.97	34.49	29.5	38.14	29.9	38.96	29.13	49.72	37.17	43.46	34.95	53.69	46.34	38.21	45.05	55.26	46.87	31.79	42.31	40.91	59.64	43.68	60.15	53.89	66.87	37.8	70.71	48.18	76.88	43.23	81.08	51.63
249	8.586	31.69	35.36	29.97	34.49	29.5	38.14	29.9	38.96	29.13	49.72	37.17	43.46	34.95	53.69	46.34	38.21	45.05	55.26	46.87	31.79	42.31	40.91	59.64	43.68	60.15	53.89	66.87	37.8	70.71	48.18	76.88	43.23	81.08	51.63
250	8.621	31.96	35.31	30.23	34.41	29.76	38.07	30.12	38.85	29.36	49.61	37.59	43.43	35.01	53.52	47.02	38.22	44.96	55.17	47.26	30.89	42.45	41.0	60.11	43.69	60.52	53.88	67.34	37.52	71.41	47.9	77.71	43.53	82.38	51.81
251	8.655	31.96	35.31	30.23	34.41	29.76	38.07	30.12	38.85	29.36	49.61	37.59	43.43	35.01	53.52	47.02	38.22	44.96	55.17	47.26	30.89	42.45	41.0	60.11	43.69	60.52	53.88	67.34	37.52	71.41	47.9	77.71	43.53	82.38	51.81
252	8.69	31.96	35.31	30.23	34.41	29.76	38.07	30.12	38.85	29.36	49.61	37.59	43.43	35.01	53.52	47.02	38.22	44.96	55.17	47.26	30.89	42.45	41.0	60.11	43.69	60.52	53.88	67.34	37.52	71.41	47.9	77.71	43.53	82.38	51.81
253	8.724	32.03	34.95	30.35	34.07	29.84	37.61	30.15	38.65	29.29	49.23	37.7	43.12	34.91	53.24	47.43	38.33	45.09	54.81	47.8	31.86	42.59	40.66	60.58	43.82	60.85	54.17	68.42	37.02	72.08	47.77	79.21	45.62	83.02	54.13
254	8.759	32.03	34.95	30.35	34.07	29.84	37.61	30.15	38.65	29.29	49.23	37.7	43.12	34.91	53.24	47.43	38.33	45.09	54.81	47.8	31.86	42.59	40.66	60.58	43.82	60.85	54.17	68.42	37.02	72.08	47.77	79.21	45.62	83.02	54.13
255	8.793	32.03	34.95	30.35	34.07	29.84	37.61	30.15	38.65	29.29	49.23	37.7	43.12	34.91	53.24	47.43	38.33	45.09	54.81	47.8	31.86	42.59	40.66	60.58	43.82	60.85	54.17	68.42	37.02	72.08	47.77	79.21	45.62	83.02	54.13
256	8.828	32.61	35.0	30.95	34.16	30.54	37.53	30.32	38.8	29.66	48.95	37.57	43.08	34.79	53.02	47.33	38.88	45.04	54.31	47.74	33.22	42.9	39.96	60.59	43.83	60.83	54.28	69.01	37.25	72.36	48.58	80.74	46.55	83.9	55.42
257	8.862	32.61	35.0	30.95	34.16	30.54	37.53	30.32	38.8	29.66	48.95	37.57	43.08	34.79	53.02	47.33	38.88	45.04	54.31	47.74	33.22	42.9	39.96	60.59	43.83	60.83	54.28	69.01	37.25	72.36	48.58	80.74	46.55	83.9	55.42
258	8.897	32.61	35.0	30.95	34.16	30.54	37.53	30.32	38.8	29.66	48.95	37.57	43.08	34.79	53.02	47.33	38.88	45.04	54.31	47.74	33.22	42.9	39.96	60.59	43.83	60.83	54.28	69.01	37.25	72.36	48.58	80.74	46.55	83.9	55.42
259	8.931	32.62	35.05	31.04	34.2	30.53	37.6	30.6	38.84	29.73	49.08	37.93	42.82	34.78	53.2	48.28	38.11	45.13	54.59	48.37	32.67	42.63	40.16	60.78	43.71	60.9	54.47	69.48	37.37	73.06	49.28	81.87	47.21	85.25	56.46
260	8.966	32.62	35.05	31.04	34.2	30.53	37.6	30.6	38.84	29.73	49.08	37.93	42.82	34.78	53.2	48.28	38.11	45.13	54.59	48.37	32.67	42.63	40.16	60.78	43.71	60.9	54.47	69.48	37.37	73.06	49.28	81.87	47.21	85.25	56.46
261	9.0	32.62	35.05	31.04	34.2	30.53	37.6	30.6	38.84	29.73	49.08	37.93	42.82	34.78	53.2	48.28	38.11	45.13	54.59	48.37	32.67	42.63	40.16	60.78	43.71	60.9	54.47	69.48	37.37	73.06	49.28	81.87	47.21	85.25	56.46
262	9.034	32.5	35.01	30.79	34.15	30.41	37.6	30.23	38.71	29.65	49.06	37.68	42.83	35.0	52.96	47.9	38.32	45.3	54.46	48.3	33.04	43.08	40.44	60.82	43.32	61.2	53.84	69.16	37.61	72.88	48.81	80.81	46.48	84.49	55.21
263	9.069	32.5	35.01	30.79	34.15	30.41	37.6	30.23	38.71	29.65	49.06	37.68	42.83	35.0	52.96	47.9	38.32	45.3	54.46	48.3	33.04	43.08	40.44	60.82	43.32	61.2	53.84	69.16	37.61	72.88	48.81	80.81	46.48	84.49	55.21
264	9.103	32.5	35.01	30.79	34.15	30.41	37.6	30.23	38.71	29.65	49.06	37.68	42.83	35.0	52.96	47.9	38.32	45.3	54.46	48.3	33.04	43.08	40.44	60.82	43.32	61.2	53.84	69.16	37.61	72.88	48.81	80.81	46.48	84.49	55.21
265	9.138	32.41	34.88	30.66	34.07	30.36	37.45	29.98	38.7	29.61	48.92	37.24	42.94	35.05	52.76	47.57	38.93	45.48	54.32	48.29	33.21	42.8	40.1	61.01	42.87	61.72	53.38	69.45	37.89	73.38	49.15	81.82	45.0	85.5	53.8
266	9.172	32.41	34.88	30.66	34.07	30.36	37.45	29.98	38.7	29.61	48.92	37.24	42.94	35.05	52.76	47.57	38.93	45.48	54.32	48.29	33.21	42.8	40.1	61.01	42.87	61.72	53.38	69.45	37.89	73.38	49.15	81.82	45.0	85.5	53.8
267	9.207	32.41	34.88	30.66	34.07	30.36	37.45	29.98	38.7	29.61	48.92	37.24	42.94	35.05	52.76	47.57	38.93	45.48	54.32	48.29	33.21	42.8	40.1	61.01	42.87	61.72	53.38	69.45	37.89	73.38	49.15	81.82	45.0	85.5	53.8
268	9.241	32.42	35.01	30.6	34.23	30.37	37.7	29.82	38.84	29.6	49.29	37.01	42.77	35.2	52.86	47.31	38.74	45.88	54.39	48.04	33.64	43.18	40.24	61.27	42.77	62.16	53.47	69.51	37.06	73.59	48.68	81.81	43.46	85.42	52.64
269	9.276	32.42	35.01	30.6	34.23	30.37	37.7	29.82	38.84	29.6	49.29	37.01	42.77	35.2	52.86	47.31	38.74	45.88	54.39	48.04	33.64	43.18	40.24	61.27	42.77	62.16	53.47	69.51	37.06	73.59	48.68	81.81	43.46	85.42	52.64
270	9.31	32.42	35.01	30.6	34.23	30.37	37.7	29.82	38.84	29.6	49.29	37.01	42.77	35.2	52.86	47.31	38.74	45.88	54.39	48.04	33.64	43.18	40.24	61.27	42.77	62.16	53.47	69.51	37.06	73.59	48.68	81.81	43.46	85.42	52.64
271	9.345	32.63	34.92	30.92	34.1	30.51	37.49	30.39	38.65	29.77	48.94	37.47	42.86	35.29	52.89	47.36	38.72	45.58	54.46	48.57	33.04	43.08	40.1	61.5	42.81	62.18	53.42	69.59	37.21	73.59	48.65	81.38	44.16	85.15	53.15
272	9.379	32.63	34.92	30.92	34.1	30.51	37.49	30.39	38.65	29.77	48.94	37.47	42.86	35.29	52.89	47.36	38.72	45.58	54.46	48.57	33.04	43.08	40.1	61.5	42.81	62.18	53.42	69.59	37.21	73.59	48.65	81.38	44.16	85.15	53.15
273	9.414	32.63	34.92	30.92	34.1	30.51	37.49	30.39	38.65	29.77	48.94	37.47	42.86	35.29	52.89	47.36	38.72	45.58	54.46	48.57	33.04	43.08	40.1	61.5	42.81	62.18	53.42	69.59	37.21	73.59	48.65	81.38	44.16	85.15	53.15
274	9.448	32.41	34.93	30.69	34.09	30.37	37.45	30.02	38.64	29.66	48.81	37.12	42.95	35.28	52.74	47.21	39.15	45.86	53.98	49.0	34.15	43.18	39.72	61.39	42.9	62.29	53.41	69.58	37.65	73.7	49.04	81.56	44.98	85.54	53.76
275	9.483	32.41	34.93	30.69	34.09	30.37	37.45	30.02	38.64	29.66	48.81	37.12	42.95	35.28	52.74	47.21	39.15	45.86	53.98	49.0	34.15	43.18	39.72	61.39	42.9	62.29	53.41	69.58	37.65	73.7	49.04	81.56	44.98	85.54	53.76
276	9.517	32.41	34.93	30.69	34.09	30.37	37.45	30.02	38.64	29.66	48.81	37.12	42.95	35.28	52.74	47.21	39.15	45.86	53.98	49.0	34.15	43.18	39.72	61.39	42.9	62.29	53.41	69.58	37.65	73.7	49.04	81.56	44.98	85.54	53.76
277	9.552	32.18	34.59	30.55	33.52	29.88	37.1	31.03	37.79	30.15	48.39	37.56	42.69	36.93	52.32	46.61	38.82	46.93	53.54	49.65	34.09	43.52	39.68	61.68	42.65	63.11	52.86	69.89	38.72	73.76	48.48	81.51	47.17	83.69	54.57
278	9.586	32.18	34.59	30.55	33.52	29.88	37.1	31.03	37.79	30.15	48.39	37.56	42.69	36.93	52.32	46.61	38.82	46.93	53.54	49.65	34.09	43.52	39.68	61.68	42.65	63.11	52.86	69.89	38.72	73.76	48.48	81.51	47.17	83.69	54.57
279	9.621	32.18	34.59	30.55	33.52	29.88	37.1	31.03	37.79	30.15	48.39	37.56	42.69	36.93	52.32	46.61	38.82	46.93	53.54	49.65	34.09	43.52	39.68	61.68	42.65	63.11	52.86	69.89	38.72	73.76	48.48	81.51	47.17	83.69	54.57
280	9.655	32.16	35.27	30.58	34.41	29.98	37.82	30.37	38.77	29.57	48.98	37.53	42.38	35.14	52.2	48.9	39.14	46.24	53.14	52.25	34.87	42.08	39.26	61.01	42.72	61.48	52.97	69.28	37.77	73.23	48.3	81.86	46.86	85.74	54.46
281	9.69	32.16	35.27	30.58	34.41	29.98	37.82	30.37	38.77	29.57	48.98	37.53	42.38	35.14	52.2	48.9	39.14	46.24	53.14	52.25	34.87	42.08	39.26	61.01	42.72	61.48	52.97	69.28	37.77	73.23	48.3	81.86	46.86	85.74	54.46
282	9.724	32.16	35.27	30.58	34.41	29.98	37.82	30.37	38.77	29.57	48.98	37.53	42.38	35.14	52.2	48.9	39.14	46.24	53.14	52.25	34.87	42.08	39.26	61.01	42.72	61.48	52.97	69.28	37.77	73.23	48.3	81.86	46.86	85.74	54.46
283	9.759	33.08	35.02	31.37	34.19	31.09	37.52	30.18	38.48	29.91	48.48	37.08	42.36	35.22	51.8	46.9	39.15	46.17	52.12	46.95	36.12	42.41	38.09	60.55	42.68	61.26	52.96	69.38	37.1	73.48	48.14	81.39	46.94	85.26	54.72
284	9.793	33.08	35.02	31.37	34.19	31.09	37.52	30.18	38.48	29.91	48.48	37.08	42.36	35.22	51.8	46.9	39.15	46.17	52.12	46.95	36.12	42.41	38.09	60.55	42.68	61.26	52.96	69.38	37.1	73.48	48.14	81.39	46.94	85.26	54.72
285	9.828	33.08	35.02	31.37	34.19	31.09	37.52	30.18	38.48	29.91	48.48	37.08	42.36	35.22	51.8	46.9	39.15	46.17	52.12	46.95	36.12	42.41	38.09	60.55	42.68	61.26	52.96	69.38	37.1	73.48	48.14	81.39	46.94	85.26	54.72
286	9.862	33.14	34.97	31.36	34.27	31.09	37.51	30.23	38.69	29.94	48.54	37.12	42.97	35.29	51.57	45.65	40.56	45.97	52.26	43.52	36.42	42.0	38.04	60.79	43.12	61.37	53.02	69.48	36.97	73.21	47.17	81.31	46.13	84.85	53.78
287	9.897	33.14	34.97	31.36	34.27	31.09	37.51	30.23	38.69	29.94	48.54	37.12	42.97	35.29	51.57	45.65	40.56	45.97	52.26	43.52	36.42	42.0	38.04	60.79	43.12	61.37	53.02	69.48	36.97	73.21	47.17	81.31	46.13	84.85	53.78
288	9.931	33.14	34.97	31.36	34.27	31.09	37.51	30.23	38.69	29.94	48.54	37.12	42.97	35.29	51.57	45.65	40.56	45.97	52.26	43.52	36.42	42.0	38.04	60.79	43.12	61.37	53.02	69.48	36.97	73.21	47.17	81.31	46.13	84.85	53.78
289	9.966	32.65	34.71	30.93	33.88	30.61	37.23	29.83	38.23	29.34	48.34	37.54	41.73	34.68	51.76	50.33	38.77	45.69	52.78	53.84	35.25	42.22	38.54	61.01	42.17	61.36	52.57	69.65	36.09	73.41	47.32	81.29	45.54	84.68	53.4
290	10.0	32.65	34.71	30.93	33.88	30.61	37.23	29.83	38.23	29.34	48.34	37.54	41.73	34.68	51.76	50.33	38.77	45.69	52.78	53.84	35.25	42.22	38.54	61.01	42.17	61.36	52.57	69.65	36.09	73.41	47.32	81.29	45.54	84.68	53.4
291	10.034	32.65	34.71	30.93	33.88	30.61	37.23	29.83	38.23	29.34	48.34	37.54	41.73	34.68	51.76	50.33	38.77	45.69	52.78	53.84	35.25	42.22	38.54	61.01	42.17	61.36	52.57	69.65	36.09	73.41	47.32	81.29	45.54	84.68	53.4
292	10.069	32.5	34.36	30.97	33.37	30.22	36.84	31.52	37.72	30.36	48.04	38.29	42.39	36.71	52.01	48.17	38.35	46.86	53.12	50.71	33.5	43.17	39.45	61.78	42.45	62.57	52.58	69.99	37.88	73.12	47.74	82.08	48.13	83.26	55.42
293	10.103	32.5	34.36	30.97	33.37	30.22	36.84	31.52	37.72	30.36	48.04	38.29	42.39	36.71	52.01	48.17	38.35	46.86	53.12	50.71	33.5	43.17	39.45	61.78	42.45	62.57	52.58	69.99	37.88	73.12	47.74	82.08	48.13	83.26	55.42
294	10.138	32.5	34.36	30.97	33.37	30.22	36.84	31.52	37.72	30.36	48.04	38.29	42.39	36.71	52.01	48.17	38.35	46.86	53.12	50.71	33.5	43.17	39.45	61.78	42.45	62.57	52.58	69.99	37.88	73.12	47.74	82.08	48.13	83.26	55.42
295	10.172	32.1	34.59	30.43	33.84	30.03	37.11	29.81	38.5	29.21	48.53	37.16	42.36	34.72	52.3	48.13	38.74	45.8	53.4	49.77	34.09	43.06	38.29	61.37	42.82	61.9	53.4	69.71	36.58	73.64	48.22	81.8	46.64	85.5	55.55
296	10.207	32.1	34.59	30.43	33.84	30.03	37.11	29.81	38.5	29.21	48.53	37.16	42.36	34.72	52.3	48.13	38.74	45.8	53.4	49.77	34.09	43.06	38.29	61.37	42.82	61.9	53.4	69.71	36.58	73.64	48.22	81.8	46.64	85.5	55.55
297	10.241	32.1	34.59	30.43	33.84	30.03	37.11	29.81	38.5	29.21	48.53	37.16	42.36	34.72	52.3	48.13	38.74	45.8	53.4	49.77	34.09	43.06	38.29	61.37	42.82	61.9	53.4	69.71	36.58	73.64	48.22	81.8	46.64	85.5	55.55
298	10.276	32.05	34.74	30.38	34.0	29.98	37.23	29.82	38.75	29.19	48.65	37.45	42.9	34.72	52.39	48.47	39.34	45.77	53.06	49.4	34.26	42.92	38.25	61.39	43.26	61.76	53.56	69.68	36.84	73.53	48.1	81.39	47.44	85.21	56.14
299	10.31	32.05	34.74	30.38	34.0	29.98	37.23	29.82	38.75	29.19	48.65	37.45	42.9	34.72	52.39	48.47	39.34	45.77	53.06	49.4	34.26	42.92	38.25	61.39	43.26	61.76	53.56	69.68	36.84	73.53	48.1	81.39	47.44	85.21	56.14
300	10.345	32.05	34.74	30.38	34.0	29.98	37.23	29.82	38.75	29.19	48.65	37.45	42.9	34.72	52.39	48.47	39.34	45.77	53.06	49.4	34.26	42.92	38.25	61.39	43.26	61.76	53.56	69.68	36.84	73.53	48.1	81.39	47.44	85.21	56.14
301	10.379	31.84	34.59	30.15	33.86	29.63	37.26	29.73	38.65	29.14	48.93	36.84	42.48	34.83	52.18	47.39	38.8	46.2	52.98	49.34	34.15	42.31	38.99	60.79	42.88	61.36	53.11	69.23	37.37	72.81	47.57	81.44	47.84	84.65	55.59
302	10.414	31.84	34.59	30.15	33.86	29.63	37.26	29.73	38.65	29.14	48.93	36.84	42.48	34.83	52.18	47.39	38.8	46.2	52.98	49.34	34.15	42.31	38.99	60.79	42.88	61.36	53.11	69.23	37.37	72.81	47.57	81.44	47.84	84.65	55.59
303	10.448	31.84	34.59	30.15	33.86	29.63	37.26	29.73	38.65	29.14	48.93	36.84	42.48	34.83	52.18	47.39	38.8	46.2	52.98	49.34	34.15	42.31	38.99	60.79	42.88	61.36	53.11	69.23	37.37	72.81	47.57	81.44	47.84	84.65	55.59
304	10.483	32.1	34.32	30.35	33.62	30.07	36.76	29.38	38.48	29.04	48.25	37.08	42.44	34.52	51.92	48.33	38.89	45.6	52.32	49.9	33.89	42.76	36.94	61.06	42.98	61.59	53.26	69.59	36.3	73.47	47.34	80.73	47.49	84.72	56.13
305	10.517	32.1	34.32	30.35	33.62	30.07	36.76	29.38	38.48	29.04	48.25	37.08	42.44	34.52	51.92	48.33	38.89	45.6	52.32	49.9	33.89	42.76	36.94	61.06	42.98	61.59	53.26	69.59	36.3	73.47	47.34	80.73	47.49	84.72	56.13
306	10.552	32.1	34.32	30.35	33.62	30.07	36.76	29.38	38.48	29.04	48.25	37.08	42.44	34.52	51.92	48.33	38.89	45.6	52.32	49.9	33.89	42.76	36.94	61.06	42.98	61.59	53.26	69.59	36.3	73.47	47.34	80.73	47.49	84.72	56.13
307	10.586	32.08	34.56	30.35	33.81	30.02	37.0	29.46	38.6	29.02	48.51	37.06	42.5	34.54	52.38	48.19	38.7	45.7	52.85	50.14	34.27	42.47	37.59	61.12	43.09	61.67	53.57	69.68	36.26	73.44	47.62	80.78	47.69	84.64	56.49
308	10.621	32.08	34.56	30.35	33.81	30.02	37.0	29.46	38.6	29.02	48.51	37.06	42.5	34.54	52.38	48.19	38.7	45.7	52.85	50.14	34.27	42.47	37.59	61.12	43.09	61.67	53.57	69.68	36.26	73.44	47.62	80.78	47.69	84.64	56.49
309	10.655	32.08	34.56	30.35	33.81	30.02	37.0	29.46	38.6	29.02	48.51	37.06	42.5	34.54	52.38	48.19	38.7	45.7	52.85	50.14	34.27	42.47	37.59	61.12	43.09	61.67	53.57	69.68	36.26	73.44	47.62	80.78	47.69	84.64	56.49
310	10.69	32.17	34.98	30.43	34.06	29.97	37.44	30.03	38.74	29.34	49.1	37.62	42.91	35.43	53.62	48.66	39.62	46.64	56.57	50.9	34.6	42.98	42.78	61.79	43.23	62.56	53.83	69.71	36.38	73.57	47.56	80.24	47.95	83.87	56.58
311	10.724	32.17	34.98	30.43	34.06	29.97	37.44	30.03	38.74	29.34	49.1	37.62	42.91	35.43	53.62	48.66	39.62	46.64	56.57	50.9	34.6	42.98	42.78	61.79	43.23	62.56	53.83	69.71	36.38	73.57	47.56	80.24	47.95	83.87	56.58
312	10.759	32.17	34.98	30.43	34.06	29.97	37.44	30.03	38.74	29.34	49.1	37.62	42.91	35.43	53.62	48.66	39.62	46.64	56.57	50.9	34.6	42.98	42.78	61.79	43.23	62.56	53.83	69.71	36.38	73.57	47.56	80.24	47.95	83.87	56.58
313	10.793	32.18	34.89	30.57	33.95	29.66	37.37	30.17	38.64	28.53	49.25	37.46	42.43	34.92	53.52	48.88	39.78	46.15	56.31	52.17	34.04	40.76	41.14	61.31	43.29	61.98	53.99	69.4	36.14	73.67	47.42	79.7	47.65	83.64	56.77
314	10.828	32.18	34.89	30.57	33.95	29.66	37.37	30.17	38.64	28.53	49.25	37.46	42.43	34.92	53.52	48.88	39.78	46.15	56.31	52.17	34.04	40.76	41.14	61.31	43.29	61.98	53.99	69.4	36.14	73.67	47.42	79.7	47.65	83.64	56.77
315	10.862	32.18	34.89	30.57	33.95	29.66	37.37	30.17	38.64	28.53	49.25	37.46	42.43	34.92	53.52	48.88	39.78	46.15	56.31	52.17	34.04	40.76	41.14	61.31	43.29	61.98	53.99	69.4	36.14	73.67	47.42	79.7	47.65	83.64	56.77
316	10.897	32.44	34.86	30.89	34.02	30.04	37.35	30.77	38.69	29.17	48.97	38.47	42.38	35.09	53.14	49.72	39.51	46.1	55.87	51.18	34.57	41.72	40.1	61.79	43.61	61.79	54.08	69.49	36.44	73.3	47.3	79.88	48.41	83.58	56.89
317	10.931	32.44	34.86	30.89	34.02	30.04	37.35	30.77	38.69	29.17	48.97	38.47	42.38	35.09	53.14	49.72	39.51	46.1	55.87	51.18	34.57	41.72	40.1	61.79	43.61	61.79	54.08	69.49	36.44	73.3	47.3	79.88	48.41	83.58	56.89
318	10.966	32.44	34.86	30.89	34.02	30.04	37.35	30.77	38.69	29.17	48.97	38.47	42.38	35.09	53.14	49.72	39.51	46.1	55.87	51.18	34.57	41.72	40.1	61.79	43.61	61.79	54.08	69.49	36.44	73.3	47.3	79.88	48.41	83.58	56.89
319	11.0	32.12	34.56	30.29	33.74	29.89	36.97	29.8	38.47	29.2	48.57	37.49	42.61	35.24	52.9	48.2	39.2	46.17	55.32	48.6	33.09	42.51	39.18	61.19	43.23	62.03	53.6	68.6	35.98	73.38	46.65	77.79	47.23	83.2	56.24
320	11.034	32.12	34.56	30.29	33.74	29.89	36.97	29.8	38.47	29.2	48.57	37.49	42.61	35.24	52.9	48.2	39.2	46.17	55.32	48.6	33.09	42.51	39.18	61.19	43.23	62.03	53.6	68.6	35.98	73.38	46.65	77.79	47.23	83.2	56.24
321	11.069	32.12	34.56	30.29	33.74	29.89	36.97	29.8	38.47	29.2	48.57	37.49	42.61	35.24	52.9	48.2	39.2	46.17	55.32	48.6	33.09	42.51	39.18	61.19	43.23	62.03	53.6	68.6	35.98	73.38	46.65	77.79	47.23	83.2	56.24
322	11.103	31.94	34.75	30.17	33.89	29.69	37.26	30.06	38.5	29.34	48.96	37.61	42.07	35.49	53.19	47.74	37.7	45.9	55.88	47.89	30.79	42.58	40.93	60.8	42.51	61.94	53.3	67.33	33.16	73.01	45.23	76.21	44.67	82.67	55.42
323	11.138	31.94	34.75	30.17	33.89	29.69	37.26	30.06	38.5	29.34	48.96	37.61	42.07	35.49	53.19	47.74	37.7	45.9	55.88	47.89	30.79	42.58	40.93	60.8	42.51	61.94	53.3	67.33	33.16	73.01	45.23	76.21	44.67	82.67	55.42
324	11.172	31.94	34.75	30.17	33.89	29.69	37.26	30.06	38.5	29.34	48.96	37.61	42.07	35.49	53.19	47.74	37.7	45.9	55.88	47.89	30.79	42.58	40.93	60.8	42.51	61.94	53.3	67.33	33.16	73.01	45.23	76.21	44.67	82.67	55.42
325	11.207	31.65	34.89	29.76	34.04	29.29	37.62	29.46	38.69	28.81	49.69	36.98	41.87	35.07	53.69	47.64	37.08	45.03	55.51	47.72	31.04	41.23	39.94	59.95	42.19	61.25	53.36	66.15	32.54	71.6	45.76	75.8	41.91	81.13	54.01
326	11.241	31.65	34.89	29.76	34.04	29.29	37.62	29.46	38.69	28.81	49.69	36.98	41.87	35.07	53.69	47.64	37.08	45.03	55.51	47.72	31.04	41.23	39.94	59.95	42.19	61.25	53.36	66.15	32.54	71.6	45.76	75.8	41.91	81.13	54.01
327	11.276	31.65	34.89	29.76	34.04	29.29	37.62	29.46	38.69	28.81	49.69	36.98	41.87	35.07	53.69	47.64	37.08	45.03	55.51	47.72	31.04	41.23	39.94	59.95	42.19	61.25	53.36	66.15	32.54	71.6	45.76	75.8	41.91	81.13	54.01
328	11.31	31.78	34.86	30.03	34.02	29.41	37.48	29.83	38.82	28.92	49.51	36.92	41.98	35.07	53.89	47.41	37.67	45.14	55.92	48.37	31.22	41.9	39.54	59.82	42.72	61.2	53.95	65.37	32.54	71.45	46.3	74.93	41.84	81.01	54.7
329	11.345	31.78	34.86	30.03	34.02	29.41	37.48	29.83	38.82	28.92	49.51	36.92	41.98	35.07	53.89	47.41	37.67	45.14	55.92	48.37	31.22	41.9	39.54	59.82	42.72	61.2	53.95	65.37	32.54	71.45	46.3	74.93	41.84	81.01	54.7
330	11.379	31.78	34.86	30.03	34.02	29.41	37.48	29.83	38.82	28.92	49.51	36.92	41.98	35.07	53.89	47.41	37.67	45.14	55.92	48.37	31.22	41.9	39.54	59.82	42.72	61.2	53.95	65.37	32.54	71.45	46.3	74.93	41.84	81.01	54.7
331	11.414	31.91	35.14	30.28	34.3	29.59	37.62	30.13	39.06	29.07	49.38	37.09	42.12	35.2	53.76	47.58	38.46	45.5	56.07	49.02	32.52	42.2	40.25	59.81	43.02	61.14	54.02	65.33	33.34	71.38	46.9	75.02	42.58	81.14	55.13
332	11.448	31.91	35.14	30.28	34.3	29.59	37.62	30.13	39.06	29.07	49.38	37.09	42.12	35.2	53.76	47.58	38.46	45.5	56.07	49.02	32.52	42.2	40.25	59.81	43.02	61.14	54.02	65.33	33.34	71.38	46.9	75.02	42.58	81.14	55.13
333	11.483	31.91	35.14	30.28	34.3	29.59	37.62	30.13	39.06	29.07	49.38	37.09	42.12	35.2	53.76	47.58	38.46	45.5	56.07	49.02	32.52	42.2	40.25	59.81	43.02	61.14	54.02	65.33	33.34	71.38	46.9	75.02	42.58	81.14	55.13
334	11.517	31.46	35.21	29.81	34.43	28.99	37.97	30.09	39.09	28.93	49.78	36.58	41.86	35.2	53.77	47.01	38.63	45.56	55.65	48.9	33.72	42.03	40.74	58.91	43.17	60.48	54.18	62.87	33.76	69.74	47.49	73.24	41.03	80.18	53.61
335	11.552	31.46	35.21	29.81	34.43	28.99	37.97	30.09	39.09	28.93	49.78	36.58	41.86	35.2	53.77	47.01	38.63	45.56	55.65	48.9	33.72	42.03	40.74	58.91	43.17	60.48	54.18	62.87	33.76	69.74	47.49	73.24	41.03	80.18	53.61
336	11.586	31.46	35.21	29.81	34.43	28.99	37.97	30.09	39.09	28.93	49.78	36.58	41.86	35.2	53.77	47.01	38.63	45.56	55.65	48.9	33.72	42.03	40.74	58.91	43.17	60.48	54.18	62.87	33.76	69.74	47.49	73.24	41.03	80.18	53.61
337	11.621	31.64	35.23	29.77	34.38	29.33	37.78	29.32	39.25	28.99	49.86	35.62	41.77	35.24	54.04	46.49	38.55	44.96	56.6	49.27	34.03	42.4	40.88	58.68	42.59	61.12	54.21	63.84	31.86	71.32	47.16	73.43	36.43	80.47	52.06
338	11.655	31.64	35.23	29.77	34.38	29.33	37.78	29.32	39.25	28.99	49.86	35.62	41.77	35.24	54.04	46.49	38.55	44.96	56.6	49.27	34.03	42.4	40.88	58.68	42.59	61.12	54.21	63.84	31.86	71.32	47.16	73.43	36.43	80.47	52.06
339	11.69	31.64	35.23	29.77	34.38	29.33	37.78	29.32	39.25	28.99	49.86	35.62	41.77	35.24	54.04	46.49	38.55	44.96	56.6	49.27	34.03	42.4	40.88	58.68	42.59	61.12	54.21	63.84	31.86	71.32	47.16	73.43	36.43	80.47	52.06
340	11.724	31.65	35.12	29.81	34.31	29.33	37.52	29.32	39.48	29.05	49.69	35.6	41.96	35.18	53.64	46.75	38.84	44.95	55.45	49.68	34.35	42.17	39.45	58.72	42.78	61.27	54.18	63.55	31.92	71.93	47.2	72.6	35.56	81.39	52.27
341	11.759	31.65	35.12	29.81	34.31	29.33	37.52	29.32	39.48	29.05	49.69	35.6	41.96	35.18	53.64	46.75	38.84	44.95	55.45	49.68	34.35	42.17	39.45	58.72	42.78	61.27	54.18	63.55	31.92	71.93	47.2	72.6	35.56	81.39	52.27
342	11.793	31.65	35.12	29.81	34.31	29.33	37.52	29.32	39.48	29.05	49.69	35.6	41.96	35.18	53.64	46.75	38.84	44.95	55.45	49.68	34.35	42.17	39.45	58.72	42.78	61.27	54.18	63.55	31.92	71.93	47.2	72.6	35.56	81.39	52.27
343	11.828	31.59	35.0	29.75	34.19	29.28	37.36	29.22	39.33	28.91	49.42	35.67	41.78	34.94	53.27	47.26	38.85	44.77	54.86	51.22	34.67	42.24	38.4	58.64	42.56	61.0	53.82	63.71	32.64	72.05	47.49	72.07	36.26	81.31	52.49
344	11.862	31.59	35.0	29.75	34.19	29.28	37.36	29.22	39.33	28.91	49.42	35.67	41.78	34.94	53.27	47.26	38.85	44.77	54.86	51.22	34.67	42.24	38.4	58.64	42.56	61.0	53.82	63.71	32.64	72.05	47.49	72.07	36.26	81.31	52.49
345	11.897	31.59	35.0	29.75	34.19	29.28	37.36	29.22	39.33	28.91	49.42	35.67	41.78	34.94	53.27	47.26	38.85	44.77	54.86	51.22	34.67	42.24	38.4	58.64	42.56	61.0	53.82	63.71	32.64	72.05	47.49	72.07	36.26	81.31	52.49
346	11.931	31.86	34.85	29.94	34.19	29.6	37.32	29.2	39.35	29.06	49.3	36.29	41.86	35.41	52.33	48.59	38.57	45.5	52.39	51.64	33.43	41.97	36.8	59.14	42.58	61.27	53.2	64.93	33.01	72.04	46.93	73.59	37.32	80.88	52.26
347	11.966	31.86	34.85	29.94	34.19	29.6	37.32	29.2	39.35	29.06	49.3	36.29	41.86	35.41	52.33	48.59	38.57	45.5	52.39	51.64	33.43	41.97	36.8	59.14	42.58	61.27	53.2	64.93	33.01	72.04	46.93	73.59	37.32	80.88	52.26
348	12.0	31.86	34.85	29.94	34.19	29.6	37.32	29.2	39.35	29.06	49.3	36.29	41.86	35.41	52.33	48.59	38.57	45.5	52.39	51.64	33.43	41.97	36.8	59.14	42.58	61.27	53.2	64.93	33.01	72.04	46.93	73.59	37.32	80.88	52.26
349	12.034	31.38	35.11	29.76	34.56	29.18	37.93	29.83	39.36	29.27	49.56	36.82	41.76	35.36	52.41	48.38	36.91	46.0	51.31	50.1	32.03	42.78	36.96	59.25	43.08	60.61	53.65	64.3	34.73	69.95	48.49	76.41	41.55	81.37	54.0
350	12.069	31.38	35.11	29.76	34.56	29.18	37.93	29.83	39.36	29.27	49.56	36.82	41.76	35.36	52.41	48.38	36.91	46.0	51.31	50.1	32.03	42.78	36.96	59.25	43.08	60.61	53.65	64.3	34.73	69.95	48.49	76.41	41.55	81.37	54.0
351	12.103	31.38	35.11	29.76	34.56	29.18	37.93	29.83	39.36	29.27	49.56	36.82	41.76	35.36	52.41	48.38	36.91	46.0	51.31	50.1	32.03	42.78	36.96	59.25	43.08	60.61	53.65	64.3	34.73	69.95	48.49	76.41	41.55	81.37	54.0
352	12.138	31.87	35.06	30.16	34.45	29.87	37.71	29.78	39.46	29.47	49.3	37.23	43.13	35.38	52.18	48.24	38.43	45.9	50.72	48.9	32.3	43.48	35.92	59.95	43.47	60.91	53.58	67.94	38.47	72.26	50.86	80.01	44.95	83.96	55.99
353	12.172	31.87	35.06	30.16	34.45	29.87	37.71	29.78	39.46	29.47	49.3	37.23	43.13	35.38	52.18	48.24	38.43	45.9	50.72	48.9	32.3	43.48	35.92	59.95	43.47	60.91	53.58	67.94	38.47	72.26	50.86	80.01	44.95	83.96	55.99
354	12.207	31.87	35.06	30.16	34.45	29.87	37.71	29.78	39.46	29.47	49.3	37.23	43.13	35.38	52.18	48.24	38.43	45.9	50.72	48.9	32.3	43.48	35.92	59.95	43.47	60.91	53.58	67.94	38.47	72.26	50.86	80.01	44.95	83.96	55.99
355	12.241	32.3	35.16	30.56	34.58	30.35	37.75	29.96	39.54	29.73	49.21	37.91	42.85	35.27	52.12	50.18	38.4	46.3	50.98	50.73	33.3	43.79	36.18	60.57	43.38	61.07	53.55	69.16	37.96	72.99	50.3	80.96	46.18	84.6	56.73
356	12.276	32.3	35.16	30.56	34.58	30.35	37.75	29.96	39.54	29.73	49.21	37.91	42.85	35.27	52.12	50.18	38.4	46.3	50.98	50.73	33.3	43.79	36.18	60.57	43.38	61.07	53.55	69.16	37.96	72.99	50.3	80.96	46.18	84.6	56.73
357	12.31	32.3	35.16	30.56	34.58	30.35	37.75	29.96	39.54	29.73	49.21	37.91	42.85	35.27	52.12	50.18	38.4	46.3	50.98	50.73	33.3	43.79	36.18	60.57	43.38	61.07	53.55	69.16	37.96	72.99	50.3	80.96	46.18	84.6	56.73
358	12.345	32.23	35.22	30.56	34.7	30.17	37.85	30.11	39.78	29.62	49.41	37.76	43.2	35.21	52.41	49.78	38.97	46.38	51.45	50.82	34.23	43.29	36.76	60.49	43.71	61.0	53.81	68.88	38.9	72.84	50.99	80.99	47.02	84.87	57.41
359	12.379	32.23	35.22	30.56	34.7	30.17	37.85	30.11	39.78	29.62	49.41	37.76	43.2	35.21	52.41	49.78	38.97	46.38	51.45	50.82	34.23	43.29	36.76	60.49	43.71	61.0	53.81	68.88	38.9	72.84	50.99	80.99	47.02	84.87	57.41
360	12.414	32.23	35.22	30.56	34.7	30.17	37.85	30.11	39.78	29.62	49.41	37.76	43.2	35.21	52.41	49.78	38.97	46.38	51.45	50.82	34.23	43.29	36.76	60.49	43.71	61.0	53.81	68.88	38.9	72.84	50.99	80.99	47.02	84.87	57.41
361	12.448	32.21	35.33	30.5	34.78	30.29	37.95	29.92	39.85	29.86	49.47	37.28	43.47	35.48	52.48	48.42	39.21	46.71	51.53	48.63	34.22	43.62	36.78	60.25	43.68	61.15	53.8	69.04	38.68	73.03	50.77	81.42	47.13	85.13	57.41
362	12.483	32.21	35.33	30.5	34.78	30.29	37.95	29.92	39.85	29.86	49.47	37.28	43.47	35.48	52.48	48.42	39.21	46.71	51.53	48.63	34.22	43.62	36.78	60.25	43.68	61.15	53.8	69.04	38.68	73.03	50.77	81.42	47.13	85.13	57.41
363	12.517	32.21	35.33	30.5	34.78	30.29	37.95	29.92	39.85	29.86	49.47	37.28	43.47	35.48	52.48	48.42	39.21	46.71	51.53	48.63	34.22	43.62	36.78	60.25	43.68	61.15	53.8	69.04	38.68	73.03	50.77	81.42	47.13	85.13	57.41
364	12.552	31.9	35.33	30.16	34.89	30.05	37.97	29.37	40.08	29.58	49.51	36.53	43.63	35.01	52.41	47.59	39.14	46.24	51.08	47.89	34.7	43.48	36.72	59.45	43.84	60.5	53.96	68.49	39.13	72.65	51.17	81.09	47.12	84.96	57.44
365	12.586	31.9	35.33	30.16	34.89	30.05	37.97	29.37	40.08	29.58	49.51	36.53	43.63	35.01	52.41	47.59	39.14	46.24	51.08	47.89	34.7	43.48	36.72	59.45	43.84	60.5	53.96	68.49	39.13	72.65	51.17	81.09	47.12	84.96	57.44
366	12.621	31.9	35.33	30.16	34.89	30.05	37.97	29.37	40.08	29.58	49.51	36.53	43.63	35.01	52.41	47.59	39.14	46.24	51.08	47.89	34.7	43.48	36.72	59.45	43.84	60.5	53.96	68.49	39.13	72.65	51.17	81.09	47.12	84.96	57.44
367	12.655	31.8	35.58	30.13	35.04	29.82	38.31	29.73	40.02	29.44	49.88	36.93	43.62	35.02	52.67	47.73	39.15	46.18	51.55	48.11	34.38	43.36	37.18	59.9	44.1	60.64	54.34	68.86	39.41	72.91	51.59	81.43	47.41	85.25	57.68
368	12.69	31.8	35.58	30.13	35.04	29.82	38.31	29.73	40.02	29.44	49.88	36.93	43.62	35.02	52.67	47.73	39.15	46.18	51.55	48.11	34.38	43.36	37.18	59.9	44.1	60.64	54.34	68.86	39.41	72.91	51.59	81.43	47.41	85.25	57.68
369	12.724	31.8	35.58	30.13	35.04	29.82	38.31	29.73	40.02	29.44	49.88	36.93	43.62	35.02	52.67	47.73	39.15	46.18	51.55	48.11	34.38	43.36	37.18	59.9	44.1	60.64	54.34	68.86	39.41	72.91	51.59	81.43	47.41	85.25	57.68
370	12.759	31.85	35.76	30.15	35.2	29.85	38.48	29.66	40.14	29.42	50.04	36.86	43.7	34.99	52.85	47.83	39.4	46.07	51.77	48.55	34.99	43.47	37.2	59.85	44.18	60.65	54.45	68.67	39.64	72.85	51.84	81.17	47.51	85.09	57.81
371	12.793	31.85	35.76	30.15	35.2	29.85	38.48	29.66	40.14	29.42	50.04	36.86	43.7	34.99	52.85	47.83	39.4	46.07	51.77	48.55	34.99	43.47	37.2	59.85	44.18	60.65	54.45	68.67	39.64	72.85	51.84	81.17	47.51	85.09	57.81
372	12.828	31.85	35.76	30.15	35.2	29.85	38.48	29.66	40.14	29.42	50.04	36.86	43.7	34.99	52.85	47.83	39.4	46.07	51.77	48.55	34.99	43.47	37.2	59.85	44.18	60.65	54.45	68.67	39.64	72.85	51.84	81.17	47.51	85.09	57.81
373	12.862	31.96	35.71	30.25	35.07	29.96	38.36	29.49	39.99	29.25	49.92	36.9	43.44	34.67	52.97	48.56	39.31	45.91	52.23	49.89	35.1	43.31	37.25	59.81	44.04	60.53	54.44	68.6	38.89	72.99	51.01	80.98	48.03	85.34	57.95
374	12.897	31.96	35.71	30.25	35.07	29.96	38.36	29.49	39.99	29.25	49.92	36.9	43.44	34.67	52.97	48.56	39.31	45.91	52.23	49.89	35.1	43.31	37.25	59.81	44.04	60.53	54.44	68.6	38.89	72.99	51.01	80.98	48.03	85.34	57.95
375	12.931	31.96	35.71	30.25	35.07	29.96	38.36	29.49	39.99	29.25	49.92	36.9	43.44	34.67	52.97	48.56	39.31	45.91	52.23	49.89	35.1	43.31	37.25	59.81	44.04	60.53	54.44	68.6	38.89	72.99	51.01	80.98	48.03	85.34	57.95
376	12.966	32.09	35.82	30.41	35.18	30.02	38.43	29.83	40.09	29.4	49.96	37.47	43.68	35.0	53.12	49.33	39.52	46.18	52.5	50.88	35.4	43.01	37.77	60.41	44.31	61.0	54.46	68.78	38.58	72.96	50.08	80.62	48.19	84.83	57.58
377	13.0	32.09	35.82	30.41	35.18	30.02	38.43	29.83	40.09	29.4	49.96	37.47	43.68	35.0	53.12	49.33	39.52	46.18	52.5	50.88	35.4	43.01	37.77	60.41	44.31	61.0	54.46	68.78	38.58	72.96	50.08	80.62	48.19	84.83	57.58
378	13.034	32.09	35.82	30.41	35.18	30.02	38.43	29.83	40.09	29.4	49.96	37.47	43.68	35.0	53.12	49.33	39.52	46.18	52.5	50.88	35.4	43.01	37.77	60.41	44.31	61.0	54.46	68.78	38.58	72.96	50.08	80.62	48.19	84.83	57.58
379	13.069	31.99	35.58	30.36	34.95	29.94	38.17	29.81	39.83	29.31	49.65	37.33	43.4	34.91	52.94	49.04	39.04	46.1	52.55	51.21	34.97	43.16	38.27	60.31	44.03	60.92	54.2	68.55	38.22	72.76	49.7	80.31	47.87	84.59	57.12
380	13.103	31.99	35.58	30.36	34.95	29.94	38.17	29.81	39.83	29.31	49.65	37.33	43.4	34.91	52.94	49.04	39.04	46.1	52.55	51.21	34.97	43.16	38.27	60.31	44.03	60.92	54.2	68.55	38.22	72.76	49.7	80.31	47.87	84.59	57.12
381	13.138	31.99	35.58	30.36	34.95	29.94	38.17	29.81	39.83	29.31	49.65	37.33	43.4	34.91	52.94	49.04	39.04	46.1	52.55	51.21	34.97	43.16	38.27	60.31	44.03	60.92	54.2	68.55	38.22	72.76	49.7	80.31	47.87	84.59	57.12
382	13.172	32.03	35.54	30.39	34.89	29.98	38.09	29.8	39.7	29.29	49.49	37.41	43.23	34.87	52.77	49.43	39.01	46.12	52.59	51.78	35.1	42.88	38.4	60.48	43.78	61.04	53.94	68.85	38.35	73.04	49.67	80.45	47.78	84.82	56.82
383	13.207	32.03	35.54	30.39	34.89	29.98	38.09	29.8	39.7	29.29	49.49	37.41	43.23	34.87	52.77	49.43	39.01	46.12	52.59	51.78	35.1	42.88	38.4	60.48	43.78	61.04	53.94	68.85	38.35	73.04	49.67	80.45	47.78	84.82	56.82
384	13.241	32.03	35.54	30.39	34.89	29.98	38.09	29.8	39.7	29.29	49.49	37.41	43.23	34.87	52.77	49.43	39.01	46.12	52.59	51.78	35.1	42.88	38.4	60.48	43.78	61.04	53.94	68.85	38.35	73.04	49.67	80.45	47.78	84.82	56.82
385	13.276	31.77	35.43	30.1	34.82	29.7	38.05	29.49	39.75	28.99	49.6	37.22	43.37	34.68	52.66	49.33	39.06	46.13	51.87	51.1	35.1	42.78	37.81	60.11	43.82	60.67	53.86	68.52	38.4	72.8	49.62	80.27	48.06	84.79	57.13
386	13.31	31.77	35.43	30.1	34.82	29.7	38.05	29.49	39.75	28.99	49.6	37.22	43.37	34.68	52.66	49.33	39.06	46.13	51.87	51.1	35.1	42.78	37.81	60.11	43.82	60.67	53.86	68.52	38.4	72.8	49.62	80.27	48.06	84.79	57.13
387	13.345	31.77	35.43	30.1	34.82	29.7	38.05	29.49	39.75	28.99	49.6	37.22	43.37	34.68	52.66	49.33	39.06	46.13	51.87	51.1	35.1	42.78	37.81	60.11	43.82	60.67	53.86	68.52	38.4	72.8	49.62	80.27	48.06	84.79	57.13
388	13.379	31.24	35.72	29.65	35.06	29.11	38.35	29.65	39.97	29.12	49.86	36.92	43.61	35.02	52.79	48.45	39.35	46.47	52.17	50.98	35.56	42.95	38.73	59.69	44.07	60.49	53.95	67.78	39.32	72.38	49.76	79.81	49.17	84.54	57.7
389	13.414	31.24	35.72	29.65	35.06	29.11	38.35	29.65	39.97	29.12	49.86	36.92	43.61	35.02	52.79	48.45	39.35	46.47	52.17	50.98	35.56	42.95	38.73	59.69	44.07	60.49	53.95	67.78	39.32	72.38	49.76	79.81	49.17	84.54	57.7
390	13.448	31.24	35.72	29.65	35.06	29.11	38.35	29.65	39.97	29.12	49.86	36.92	43.61	35.02	52.79	48.45	39.35	46.47	52.17	50.98	35.56	42.95	38.73	59.69	44.07	60.49	53.95	67.78	39.32	72.38	49.76	79.81	49.17	84.54	57.7
391	13.483	31.39	35.88	29.81	35.16	29.29	38.43	29.6	39.98	29.12	49.82	36.72	43.48	34.95	52.81	48.52	39.26	46.51	52.28	51.8	35.64	42.54	38.91	59.37	44.16	60.25	54.07	67.6	39.36	72.1	49.83	79.85	49.43	84.27	57.78
392	13.517	31.39	35.88	29.81	35.16	29.29	38.43	29.6	39.98	29.12	49.82	36.72	43.48	34.95	52.81	48.52	39.26	46.51	52.28	51.8	35.64	42.54	38.91	59.37	44.16	60.25	54.07	67.6	39.36	72.1	49.83	79.85	49.43	84.27	57.78
393	13.552	31.39	35.88	29.81	35.16	29.29	38.43	29.6	39.98	29.12	49.82	36.72	43.48	34.95	52.81	48.52	39.26	46.51	52.28	51.8	35.64	42.54	38.91	59.37	44.16	60.25	54.07	67.6	39.36	72.1	49.83	79.85	49.43	84.27	57.78
394	13.586	32.59	36.26	31.02	36.02	30.97	38.56	30.81	41.1	31.15	49.13	37.35	45.65	35.95	52.86	45.53	41.51	46.8	51.86	43.72	37.57	42.74	39.36	60.03	44.49	60.55	53.59	70.07	38.99	72.27	49.78	81.35	49.49	83.37	57.86
395	13.621	32.59	36.26	31.02	36.02	30.97	38.56	30.81	41.1	31.15	49.13	37.35	45.65	35.95	52.86	45.53	41.51	46.8	51.86	43.72	37.57	42.74	39.36	60.03	44.49	60.55	53.59	70.07	38.99	72.27	49.78	81.35	49.49	83.37	57.86
396	13.655	32.59	36.26	31.02	36.02	30.97	38.56	30.81	41.1	31.15	49.13	37.35	45.65	35.95	52.86	45.53	41.51	46.8	51.86	43.72	37.57	42.74	39.36	60.03	44.49	60.55	53.59	70.07	38.99	72.27	49.78	81.35	49.49	83.37	57.86
397	13.69	32.35	36.61	30.57	35.98	30.24	39.23	29.77	40.68	29.48	50.49	36.77	45.05	35.17	53.45	46.25	42.41	46.4	53.84	43.81	38.63	42.13	40.34	59.46	45.34	60.23	54.98	67.86	41.41	71.97	51.47	79.93	49.91	84.22	58.17
398	13.724	32.35	36.61	30.57	35.98	30.24	39.23	29.77	40.68	29.48	50.49	36.77	45.05	35.17	53.45	46.25	42.41	46.4	53.84	43.81	38.63	42.13	40.34	59.46	45.34	60.23	54.98	67.86	41.41	71.97	51.47	79.93	49.91	84.22	58.17
399	13.759	32.35	36.61	30.57	35.98	30.24	39.23	29.77	40.68	29.48	50.49	36.77	45.05	35.17	53.45	46.25	42.41	46.4	53.84	43.81	38.63	42.13	40.34	59.46	45.34	60.23	54.98	67.86	41.41	71.97	51.47	79.93	49.91	84.22	58.17
400	13.793	32.43	37.06	30.69	36.32	30.25	39.71	30.08	40.86	29.58	51.02	36.71	45.12	35.29	54.3	45.49	42.53	46.39	55.77	43.25	39.36	42.2	41.9	59.65	45.56	60.44	55.6	68.02	41.79	72.09	52.16	80.29	50.38	84.22	58.68
401	13.828	32.43	37.06	30.69	36.32	30.25	39.71	30.08	40.86	29.58	51.02	36.71	45.12	35.29	54.3	45.49	42.53	46.39	55.77	43.25	39.36	42.2	41.9	59.65	45.56	60.44	55.6	68.02	41.79	72.09	52.16	80.29	50.38	84.22	58.68
402	13.862	32.43	37.06	30.69	36.32	30.25	39.71	30.08	40.86	29.58	51.02	36.71	45.12	35.29	54.3	45.49	42.53	46.39	55.77	43.25	39.36	42.2	41.9	59.65	45.56	60.44	55.6	68.02	41.79	72.09	52.16	80.29	50.38	84.22	58.68
403	13.897	32.47	37.27	30.81	36.58	30.23	39.84	30.34	41.15	29.55	51.04	36.89	45.59	35.33	54.23	45.1	43.78	46.2	55.96	42.58	39.5	41.48	41.98	59.89	45.84	60.58	55.6	68.2	42.42	72.09	52.3	80.55	50.34	84.38	58.42
404	13.931	32.47	37.27	30.81	36.58	30.23	39.84	30.34	41.15	29.55	51.04	36.89	45.59	35.33	54.23	45.1	43.78	46.2	55.96	42.58	39.5	41.48	41.98	59.89	45.84	60.58	55.6	68.2	42.42	72.09	52.3	80.55	50.34	84.38	58.42
405	13.966	32.47	37.27	30.81	36.58	30.23	39.84	30.34	41.15	29.55	51.04	36.89	45.59	35.33	54.23	45.1	43.78	46.2	55.96	42.58	39.5	41.48	41.98	59.89	45.84	60.58	55.6	68.2	42.42	72.09	52.3	80.55	50.34	84.38	58.42
406	14.0	31.85	37.57	30.25	36.91	29.59	40.42	30.53	41.54	29.62	52.06	37.31	45.06	35.6	55.07	46.99	40.2	46.27	56.23	46.7	33.92	42.36	41.54	60.05	45.68	60.9	56.1	68.12	41.11	72.54	52.5	80.57	48.98	84.85	58.67
407	14.034	31.85	37.57	30.25	36.91	29.59	40.42	30.53	41.54	29.62	52.06	37.31	45.06	35.6	55.07	46.99	40.2	46.27	56.23	46.7	33.92	42.36	41.54	60.05	45.68	60.9	56.1	68.12	41.11	72.54	52.5	80.57	48.98	84.85	58.67
408	14.069	31.85	37.57	30.25	36.91	29.59	40.42	30.53	41.54	29.62	52.06	37.31	45.06	35.6	55.07	46.99	40.2	46.27	56.23	46.7	33.92	42.36	41.54	60.05	45.68	60.9	56.1	68.12	41.11	72.54	52.5	80.57	48.98	84.85	58.67
409	14.103	32.63	38.28	30.99	38.09	30.9	40.66	31.15	43.16	31.33	51.44	37.6	47.45	36.54	55.25	44.62	43.51	46.7	55.26	42.02	36.38	41.65	39.25	61.16	46.19	61.87	55.57	70.54	40.43	72.42	51.25	81.23	50.15	82.74	58.95
410	14.138	32.63	38.28	30.99	38.09	30.9	40.66	31.15	43.16	31.33	51.44	37.6	47.45	36.54	55.25	44.62	43.51	46.7	55.26	42.02	36.38	41.65	39.25	61.16	46.19	61.87	55.57	70.54	40.43	72.42	51.25	81.23	50.15	82.74	58.95
411	14.172	32.63	38.28	30.99	38.09	30.9	40.66	31.15	43.16	31.33	51.44	37.6	47.45	36.54	55.25	44.62	43.51	46.7	55.26	42.02	36.38	41.65	39.25	61.16	46.19	61.87	55.57	70.54	40.43	72.42	51.25	81.23	50.15	82.74	58.95
412	14.207	33.0	38.11	31.3	37.84	31.04	40.6	31.44	42.89	31.13	51.7	38.33	47.35	36.62	55.44	45.54	43.89	46.99	55.79	41.24	38.43	40.97	41.28	61.83	46.05	62.14	55.45	70.93	40.33	72.85	50.83	81.39	50.45	82.86	59.01
413	14.241	33.0	38.11	31.3	37.84	31.04	40.6	31.44	42.89	31.13	51.7	38.33	47.35	36.62	55.44	45.54	43.89	46.99	55.79	41.24	38.43	40.97	41.28	61.83	46.05	62.14	55.45	70.93	40.33	72.85	50.83	81.39	50.45	82.86	59.01
414	14.276	33.0	38.11	31.3	37.84	31.04	40.6	31.44	42.89	31.13	51.7	38.33	47.35	36.62	55.44	45.54	43.89	46.99	55.79	41.24	38.43	40.97	41.28	61.83	46.05	62.14	55.45	70.93	40.33	72.85	50.83	81.39	50.45	82.86	59.01
415	14.31	32.41	38.18	30.66	37.54	30.13	41.04	30.14	42.2	29.41	52.68	36.67	46.06	35.38	55.2	43.88	42.46	46.2	55.82	39.76	36.33	40.92	40.96	59.59	46.44	60.41	56.5	67.97	42.02	72.01	52.32	80.13	50.37	84.06	59.02
416	14.345	32.41	38.18	30.66	37.54	30.13	41.04	30.14	42.2	29.41	52.68	36.67	46.06	35.38	55.2	43.88	42.46	46.2	55.82	39.76	36.33	40.92	40.96	59.59	46.44	60.41	56.5	67.97	42.02	72.01	52.32	80.13	50.37	84.06	59.02
417	14.379	32.41	38.18	30.66	37.54	30.13	41.04	30.14	42.2	29.41	52.68	36.67	46.06	35.38	55.2	43.88	42.46	46.2	55.82	39.76	36.33	40.92	40.96	59.59	46.44	60.41	56.5	67.97	42.02	72.01	52.32	80.13	50.37	84.06	59.02
418	14.414	32.91	38.39	31.25	38.07	31.11	40.8	31.29	42.89	31.47	51.57	37.32	47.06	36.6	55.51	43.56	42.94	46.48	56.57	41.23	36.98	41.76	42.32	60.64	46.16	61.55	55.81	70.09	40.64	72.28	51.43	80.73	50.77	82.47	59.44
419	14.448	32.91	38.39	31.25	38.07	31.11	40.8	31.29	42.89	31.47	51.57	37.32	47.06	36.6	55.51	43.56	42.94	46.48	56.57	41.23	36.98	41.76	42.32	60.64	46.16	61.55	55.81	70.09	40.64	72.28	51.43	80.73	50.77	82.47	59.44
420	14.483	32.91	38.39	31.25	38.07	31.11	40.8	31.29	42.89	31.47	51.57	37.32	47.06	36.6	55.51	43.56	42.94	46.48	56.57	41.23	36.98	41.76	42.32	60.64	46.16	61.55	55.81	70.09	40.64	72.28	51.43	80.73	50.77	82.47	59.44
421	14.517	32.52	38.17	30.84	37.63	30.26	40.95	30.38	42.45	29.59	52.48	36.84	46.24	35.38	54.96	44.42	43.1	46.11	55.51	40.88	37.16	40.77	40.62	59.56	46.59	60.3	56.4	67.78	42.25	71.77	52.42	80.15	50.24	84.09	59.0
422	14.552	32.52	38.17	30.84	37.63	30.26	40.95	30.38	42.45	29.59	52.48	36.84	46.24	35.38	54.96	44.42	43.1	46.11	55.51	40.88	37.16	40.77	40.62	59.56	46.59	60.3	56.4	67.78	42.25	71.77	52.42	80.15	50.24	84.09	59.0
423	14.586	32.52	38.17	30.84	37.63	30.26	40.95	30.38	42.45	29.59	52.48	36.84	46.24	35.38	54.96	44.42	43.1	46.11	55.51	40.88	37.16	40.77	40.62	59.56	46.59	60.3	56.4	67.78	42.25	71.77	52.42	80.15	50.24	84.09	59.0
424	14.621	32.37	38.3	30.63	37.68	30.1	41.15	30.19	42.36	29.53	52.74	36.57	46.08	35.38	55.35	43.87	42.56	46.14	56.49	40.68	36.48	41.41	41.67	59.42	46.71	60.31	56.82	67.59	42.54	71.73	52.96	79.7	50.4	83.91	59.33
425	14.655	32.37	38.3	30.63	37.68	30.1	41.15	30.19	42.36	29.53	52.74	36.57	46.08	35.38	55.35	43.87	42.56	46.14	56.49	40.68	36.48	41.41	41.67	59.42	46.71	60.31	56.82	67.59	42.54	71.73	52.96	79.7	50.4	83.91	59.33
426	14.69	32.37	38.3	30.63	37.68	30.1	41.15	30.19	42.36	29.53	52.74	36.57	46.08	35.38	55.35	43.87	42.56	46.14	56.49	40.68	36.48	41.41	41.67	59.42	46.71	60.31	56.82	67.59	42.54	71.73	52.96	79.7	50.4	83.91	59.33
427	14.724	32.46	38.36	30.71	37.75	30.18	41.2	30.27	42.46	29.62	52.81	36.65	46.22	35.54	55.4	43.96	42.9	46.28	56.59	40.6	37.17	41.46	41.66	59.6	46.8	60.54	56.84	67.74	42.81	71.97	53.05	79.78	50.64	84.08	59.48
428	14.759	32.46	38.36	30.71	37.75	30.18	41.2	30.27	42.46	29.62	52.81	36.65	46.22	35.54	55.4	43.96	42.9	46.28	56.59	40.6	37.17	41.46	41.66	59.6	46.8	60.54	56.84	67.74	42.81	71.97	53.05	79.78	50.64	84.08	59.48
429	14.793	32.46	38.36	30.71	37.75	30.18	41.2	30.27	42.46	29.62	52.81	36.65	46.22	35.54	55.4	43.96	42.9	46.28	56.59	40.6	37.17	41.46	41.66	59.6	46.8	60.54	56.84	67.74	42.81	71.97	53.05	79.78	50.64	84.08	59.48
430	14.828	32.3	38.26	30.57	37.6	30.04	41.14	30.16	42.2	29.53	52.73	36.48	45.89	35.48	55.31	43.82	42.07	46.36	56.51	40.91	36.37	41.92	42.2	59.29	46.64	60.26	56.81	67.6	42.79	71.77	53.27	79.82	50.61	83.98	59.46
431	14.862	32.3	38.26	30.57	37.6	30.04	41.14	30.16	42.2	29.53	52.73	36.48	45.89	35.48	55.31	43.82	42.07	46.36	56.51	40.91	36.37	41.92	42.2	59.29	46.64	60.26	56.81	67.6	42.79	71.77	53.27	79.82	50.61	83.98	59.46
432	14.897	32.3	38.26	30.57	37.6	30.04	41.14	30.16	42.2	29.53	52.73	36.48	45.89	35.48	55.31	43.82	42.07	46.36	56.51	40.91	36.37	41.92	42.2	59.29	46.64	60.26	56.81	67.6	42.79	71.77	53.27	79.82	50.61	83.98	59.46
433	14.931	32.53	38.52	30.9	37.99	30.28	41.21	30.69	42.7	29.83	52.57	37.0	46.51	35.6	55.13	44.76	43.3	46.24	56.1	42.33	36.1	41.66	40.97	59.92	46.88	60.69	56.69	68.35	42.79	72.19	52.99	80.77	50.42	84.43	59.3
434	14.966	32.53	38.52	30.9	37.99	30.28	41.21	30.69	42.7	29.83	52.57	37.0	46.51	35.6	55.13	44.76	43.3	46.24	56.1	42.33	36.1	41.66	40.97	59.92	46.88	60.69	56.69	68.35	42.79	72.19	52.99	80.77	50.42	84.43	59.3
435	15.0	32.53	38.52	30.9	37.99	30.28	41.21	30.69	42.7	29.83	52.57	37.0	46.51	35.6	55.13	44.76	43.3	46.24	56.1	42.33	36.1	41.66	40.97	59.92	46.88	60.69	56.69	68.35	42.79	72.19	52.99	80.77	50.42	84.43	59.3
436	15.034	32.61	38.38	31.08	37.72	30.29	41.21	31.26	42.25	30.08	52.66	37.6	45.77	35.86	55.48	46.09	41.1	46.39	56.73	44.95	35.0	42.2	42.56	60.0	46.49	60.63	56.71	68.4	42.36	72.31	53.18	81.06	50.4	84.67	59.45
437	15.069	32.61	38.38	31.08	37.72	30.29	41.21	31.26	42.25	30.08	52.66	37.6	45.77	35.86	55.48	46.09	41.1	46.39	56.73	44.95	35.0	42.2	42.56	60.0	46.49	60.63	56.71	68.4	42.36	72.31	53.18	81.06	50.4	84.67	59.45
438	15.103	32.61	38.38	31.08	37.72	30.29	41.21	31.26	42.25	30.08	52.66	37.6	45.77	35.86	55.48	46.09	41.1	46.39	56.73	44.95	35.0	42.2	42.56	60.0	46.49	60.63	56.71	68.4	42.36	72.31	53.18	81.06	50.4	84.67	59.45
439	15.138	32.88	38.13	31.34	37.36	30.52	41.02	31.42	41.82	30.3	52.64	37.88	45.0	36.08	55.78	47.37	39.3	46.33	57.03	48.2	34.54	42.42	43.39	60.19	46.12	60.96	56.75	68.41	41.84	72.49	53.24	81.18	50.13	84.82	59.38
440	15.172	32.88	38.13	31.34	37.36	30.52	41.02	31.42	41.82	30.3	52.64	37.88	45.0	36.08	55.78	47.37	39.3	46.33	57.03	48.2	34.54	42.42	43.39	60.19	46.12	60.96	56.75	68.41	41.84	72.49	53.24	81.18	50.13	84.82	59.38
441	15.207	32.88	38.13	31.34	37.36	30.52	41.02	31.42	41.82	30.3	52.64	37.88	45.0	36.08	55.78	47.37	39.3	46.33	57.03	48.2	34.54	42.42	43.39	60.19	46.12	60.96	56.75	68.41	41.84	72.49	53.24	81.18	50.13	84.82	59.38
442	15.241	32.93	38.01	31.36	37.3	30.58	40.85	31.33	41.85	30.26	52.44	37.8	45.2	36.04	55.53	47.42	40.11	46.44	56.59	47.87	34.54	42.49	42.46	60.32	46.2	61.11	56.65	68.41	41.59	72.52	52.93	81.22	49.94	84.8	59.3
443	15.276	32.93	38.01	31.36	37.3	30.58	40.85	31.33	41.85	30.26	52.44	37.8	45.2	36.04	55.53	47.42	40.11	46.44	56.59	47.87	34.54	42.49	42.46	60.32	46.2	61.11	56.65	68.41	41.59	72.52	52.93	81.22	49.94	84.8	59.3
444	15.31	32.93	38.01	31.36	37.3	30.58	40.85	31.33	41.85	30.26	52.44	37.8	45.2	36.04	55.53	47.42	40.11	46.44	56.59	47.87	34.54	42.49	42.46	60.32	46.2	61.11	56.65	68.41	41.59	72.52	52.93	81.22	49.94	84.8	59.3
445	15.345	33.38	38.31	31.76	37.73	31.06	41.07	31.43	42.46	30.41	52.51	37.67	46.18	35.92	55.12	45.42	42.53	46.4	55.69	42.36	35.47	42.0	39.79	60.13	46.79	60.72	56.7	68.22	42.54	72.32	53.02	80.87	50.35	84.85	59.46
446	15.379	33.38	38.31	31.76	37.73	31.06	41.07	31.43	42.46	30.41	52.51	37.67	46.18	35.92	55.12	45.42	42.53	46.4	55.69	42.36	35.47	42.0	39.79	60.13	46.79	60.72	56.7	68.22	42.54	72.32	53.02	80.87	50.35	84.85	59.46
447	15.414	33.38	38.31	31.76	37.73	31.06	41.07	31.43	42.46	30.41	52.51	37.67	46.18	35.92	55.12	45.42	42.53	46.4	55.69	42.36	35.47	42.0	39.79	60.13	46.79	60.72	56.7	68.22	42.54	72.32	53.02	80.87	50.35	84.85	59.46
448	15.448	33.86	38.06	32.18	37.15	31.34	40.75	31.39	41.46	30.07	52.06	37.68	45.81	35.5	55.28	45.8	44.13	46.3	57.49	43.12	40.91	41.84	44.05	60.13	46.44	60.35	56.44	68.23	43.05	72.0	52.93	80.83	52.39	84.43	60.12
449	15.483	33.86	38.06	32.18	37.15	31.34	40.75	31.39	41.46	30.07	52.06	37.68	45.81	35.5	55.28	45.8	44.13	46.3	57.49	43.12	40.91	41.84	44.05	60.13	46.44	60.35	56.44	68.23	43.05	72.0	52.93	80.83	52.39	84.43	60.12
450	15.517	33.86	38.06	32.18	37.15	31.34	40.75	31.39	41.46	30.07	52.06	37.68	45.81	35.5	55.28	45.8	44.13	46.3	57.49	43.12	40.91	41.84	44.05	60.13	46.44	60.35	56.44	68.23	43.05	72.0	52.93	80.83	52.39	84.43	60.12
451	15.552	34.19	38.29	32.59	37.44	31.65	40.92	32.1	41.81	30.59	52.12	38.42	46.19	36.11	55.29	46.62	45.02	46.81	57.58	43.89	41.74	42.35	44.51	60.48	46.66	60.68	56.34	68.13	42.93	72.05	52.71	80.49	52.18	84.36	60.16
452	15.586	34.19	38.29	32.59	37.44	31.65	40.92	32.1	41.81	30.59	52.12	38.42	46.19	36.11	55.29	46.62	45.02	46.81	57.58	43.89	41.74	42.35	44.51	60.48	46.66	60.68	56.34	68.13	42.93	72.05	52.71	80.49	52.18	84.36	60.16
453	15.621	34.19	38.29	32.59	37.44	31.65	40.92	32.1	41.81	30.59	52.12	38.42	46.19	36.11	55.29	46.62	45.02	46.81	57.58	43.89	41.74	42.35	44.51	60.48	46.66	60.68	56.34	68.13	42.93	72.05	52.71	80.49	52.18	84.36	60.16
454	15.655	34.69	38.9	32.96	38.04	31.91	41.92	32.7	42.48	30.99	53.69	39.34	46.64	36.92	56.02	47.18	45.43	47.0	58.2	44.22	42.17	42.48	45.56	60.98	46.49	61.07	56.14	68.67	42.94	72.2	52.38	80.86	52.21	84.31	60.17
455	15.69	34.69	38.9	32.96	38.04	31.91	41.92	32.7	42.48	30.99	53.69	39.34	46.64	36.92	56.02	47.18	45.43	47.0	58.2	44.22	42.17	42.48	45.56	60.98	46.49	61.07	56.14	68.67	42.94	72.2	52.38	80.86	52.21	84.31	60.17
456	15.724	34.69	38.9	32.96	38.04	31.91	41.92	32.7	42.48	30.99	53.69	39.34	46.64	36.92	56.02	47.18	45.43	47.0	58.2	44.22	42.17	42.48	45.56	60.98	46.49	61.07	56.14	68.67	42.94	72.2	52.38	80.86	52.21	84.31	60.17
457	15.759	34.38	39.5	32.42	38.65	31.64	42.61	31.97	43.15	30.73	54.64	39.01	47.3	37.12	56.82	46.9	46.1	47.43	58.97	43.36	40.87	42.51	44.83	61.6	46.9	62.06	56.71	69.26	43.08	72.82	52.48	81.04	52.09	84.45	60.03
458	15.793	34.38	39.5	32.42	38.65	31.64	42.61	31.97	43.15	30.73	54.64	39.01	47.3	37.12	56.82	46.9	46.1	47.43	58.97	43.36	40.87	42.51	44.83	61.6	46.9	62.06	56.71	69.26	43.08	72.82	52.48	81.04	52.09	84.45	60.03
459	15.828	34.38	39.5	32.42	38.65	31.64	42.61	31.97	43.15	30.73	54.64	39.01	47.3	37.12	56.82	46.9	46.1	47.43	58.97	43.36	40.87	42.51	44.83	61.6	46.9	62.06	56.71	69.26	43.08	72.82	52.48	81.04	52.09	84.45	60.03
460	15.862	34.07	39.47	32.13	38.48	31.22	42.67	31.75	42.74	30.26	54.78	38.76	46.66	36.86	56.93	46.9	45.32	47.39	59.34	43.85	41.52	42.46	45.71	61.41	46.7	61.87	56.88	69.06	42.93	72.82	52.81	81.03	51.92	84.57	60.03
461	15.897	34.07	39.47	32.13	38.48	31.22	42.67	31.75	42.74	30.26	54.78	38.76	46.66	36.86	56.93	46.9	45.32	47.39	59.34	43.85	41.52	42.46	45.71	61.41	46.7	61.87	56.88	69.06	42.93	72.82	52.81	81.03	51.92	84.57	60.03
462	15.931	34.07	39.47	32.13	38.48	31.22	42.67	31.75	42.74	30.26	54.78	38.76	46.66	36.86	56.93	46.9	45.32	47.39	59.34	43.85	41.52	42.46	45.71	61.41	46.7	61.87	56.88	69.06	42.93	72.82	52.81	81.03	51.92	84.57	60.03
463	15.966	33.52	39.69	31.29	38.51	30.79	42.85	30.07	42.32	29.18	54.86	37.46	46.19	36.13	56.74	45.1	44.23	46.45	58.43	41.38	40.23	41.89	43.96	61.09	46.45	61.95	57.23	70.09	42.71	73.86	53.65	81.39	51.86	84.57	60.81
464	16.0	33.52	39.69	31.29	38.51	30.79	42.85	30.07	42.32	29.18	54.86	37.46	46.19	36.13	56.74	45.1	44.23	46.45	58.43	41.38	40.23	41.89	43.96	61.09	46.45	61.95	57.23	70.09	42.71	73.86	53.65	81.39	51.86	84.57	60.81
465	16.034	33.52	39.69	31.29	38.51	30.79	42.85	30.07	42.32	29.18	54.86	37.46	46.19	36.13	56.74	45.1	44.23	46.45	58.43	41.38	40.23	41.89	43.96	61.09	46.45	61.95	57.23	70.09	42.71	73.86	53.65	81.39	51.86	84.57	60.81
466	16.069	32.64	39.63	30.65	38.7	29.86	43.09	30.41	43.14	29.15	55.63	37.52	46.79	36.16	57.13	44.27	43.11	46.77	57.91	39.53	37.05	41.75	43.36	60.44	47.1	61.19	57.55	68.35	43.17	72.58	53.37	80.4	51.45	84.66	60.02
467	16.103	32.64	39.63	30.65	38.7	29.86	43.09	30.41	43.14	29.15	55.63	37.52	46.79	36.16	57.13	44.27	43.11	46.77	57.91	39.53	37.05	41.75	43.36	60.44	47.1	61.19	57.55	68.35	43.17	72.58	53.37	80.4	51.45	84.66	60.02
468	16.138	32.64	39.63	30.65	38.7	29.86	43.09	30.41	43.14	29.15	55.63	37.52	46.79	36.16	57.13	44.27	43.11	46.77	57.91	39.53	37.05	41.75	43.36	60.44	47.1	61.19	57.55	68.35	43.17	72.58	53.37	80.4	51.45	84.66	60.02
469	16.172	32.76	40.01	30.64	38.97	30.03	43.39	29.97	43.08	28.93	55.91	37.08	46.37	36.01	57.75	43.93	40.8	46.89	58.76	40.38	35.74	43.18	45.13	60.78	46.55	61.74	57.8	69.84	42.65	73.71	54.24	81.55	51.46	84.76	61.16
470	16.207	32.76	40.01	30.64	38.97	30.03	43.39	29.97	43.08	28.93	55.91	37.08	46.37	36.01	57.75	43.93	40.8	46.89	58.76	40.38	35.74	43.18	45.13	60.78	46.55	61.74	57.8	69.84	42.65	73.71	54.24	81.55	51.46	84.76	61.16
471	16.241	32.76	40.01	30.64	38.97	30.03	43.39	29.97	43.08	28.93	55.91	37.08	46.37	36.01	57.75	43.93	40.8	46.89	58.76	40.38	35.74	43.18	45.13	60.78	46.55	61.74	57.8	69.84	42.65	73.71	54.24	81.55	51.46	84.76	61.16
472	16.276	32.34	39.95	30.38	39.0	29.3	43.55	30.82	43.49	28.77	56.55	38.23	46.97	36.09	58.07	45.46	41.87	47.18	59.58	40.47	33.28	41.76	45.76	61.36	47.16	61.68	57.94	68.89	43.95	72.94	54.52	80.98	51.4	85.08	60.69
473	16.31	32.34	39.95	30.38	39.0	29.3	43.55	30.82	43.49	28.77	56.55	38.23	46.97	36.09	58.07	45.46	41.87	47.18	59.58	40.47	33.28	41.76	45.76	61.36	47.16	61.68	57.94	68.89	43.95	72.94	54.52	80.98	51.4	85.08	60.69
474	16.345	32.34	39.95	30.38	39.0	29.3	43.55	30.82	43.49	28.77	56.55	38.23	46.97	36.09	58.07	45.46	41.87	47.18	59.58	40.47	33.28	41.76	45.76	61.36	47.16	61.68	57.94	68.89	43.95	72.94	54.52	80.98	51.4	85.08	60.69
475	16.379	32.24	39.19	30.5	38.17	29.7	42.26	30.71	42.35	29.32	54.45	37.83	45.4	35.96	57.9	46.69	38.56	46.61	60.97	45.57	33.46	42.53	47.44	60.69	46.71	61.38	58.25	69.28	43.23	73.18	55.48	80.54	51.86	83.84	61.93
476	16.414	32.24	39.19	30.5	38.17	29.7	42.26	30.71	42.35	29.32	54.45	37.83	45.4	35.96	57.9	46.69	38.56	46.61	60.97	45.57	33.46	42.53	47.44	60.69	46.71	61.38	58.25	69.28	43.23	73.18	55.48	80.54	51.86	83.84	61.93
477	16.448	32.24	39.19	30.5	38.17	29.7	42.26	30.71	42.35	29.32	54.45	37.83	45.4	35.96	57.9	46.69	38.56	46.61	60.97	45.57	33.46	42.53	47.44	60.69	46.71	61.38	58.25	69.28	43.23	73.18	55.48	80.54	51.86	83.84	61.93
478	16.483	32.04	39.58	30.32	38.76	29.51	42.51	30.42	43.39	29.19	54.6	37.34	46.86	35.51	57.71	47.33	42.82	46.4	60.24	48.04	36.18	41.46	45.89	60.67	47.48	61.44	58.11	68.48	43.63	72.43	54.4	80.65	51.94	84.33	60.92
479	16.517	32.04	39.58	30.32	38.76	29.51	42.51	30.42	43.39	29.19	54.6	37.34	46.86	35.51	57.71	47.33	42.82	46.4	60.24	48.04	36.18	41.46	45.89	60.67	47.48	61.44	58.11	68.48	43.63	72.43	54.4	80.65	51.94	84.33	60.92
480	16.552	32.04	39.58	30.32	38.76	29.51	42.51	30.42	43.39	29.19	54.6	37.34	46.86	35.51	57.71	47.33	42.82	46.4	60.24	48.04	36.18	41.46	45.89	60.67	47.48	61.44	58.11	68.48	43.63	72.43	54.4	80.65	51.94	84.33	60.92
481	16.586	32.26	40.0	30.65	39.18	29.85	42.92	30.6	43.62	29.45	54.63	37.34	46.76	35.52	57.49	47.1	43.03	46.51	59.75	47.7	37.83	41.73	45.76	60.06	47.86	60.76	58.4	67.98	44.09	72.12	54.86	80.56	52.54	84.44	60.99
482	16.621	32.26	40.0	30.65	39.18	29.85	42.92	30.6	43.62	29.45	54.63	37.34	46.76	35.52	57.49	47.1	43.03	46.51	59.75	47.7	37.83	41.73	45.76	60.06	47.86	60.76	58.4	67.98	44.09	72.12	54.86	80.56	52.54	84.44	60.99
483	16.655	32.26	40.0	30.65	39.18	29.85	42.92	30.6	43.62	29.45	54.63	37.34	46.76	35.52	57.49	47.1	43.03	46.51	59.75	47.7	37.83	41.73	45.76	60.06	47.86	60.76	58.4	67.98	44.09	72.12	54.86	80.56	52.54	84.44	60.99
484	16.69	32.62	40.45	30.88	39.54	30.15	43.43	30.55	43.9	29.52	55.27	37.47	47.14	35.46	58.22	47.47	43.18	46.36	60.54	47.59	38.41	41.72	46.88	60.07	48.14	60.67	58.81	67.93	44.21	71.8	54.91	80.53	53.13	84.07	61.48
485	16.724	32.62	40.45	30.88	39.54	30.15	43.43	30.55	43.9	29.52	55.27	37.47	47.14	35.46	58.22	47.47	43.18	46.36	60.54	47.59	38.41	41.72	46.88	60.07	48.14	60.67	58.81	67.93	44.21	71.8	54.91	80.53	53.13	84.07	61.48
486	16.759	32.62	40.45	30.88	39.54	30.15	43.43	30.55	43.9	29.52	55.27	37.47	47.14	35.46	58.22	47.47	43.18	46.36	60.54	47.59	38.41	41.72	46.88	60.07	48.14	60.67	58.81	67.93	44.21	71.8	54.91	80.53	53.13	84.07	61.48
487	16.793	32.45	40.65	30.73	39.69	30.02	43.65	30.37	43.98	29.44	55.45	37.16	47.1	35.33	58.42	46.89	42.96	46.24	60.86	47.43	38.66	41.82	47.51	59.74	48.18	60.43	59.0	67.74	44.26	71.66	55.13	80.47	53.27	84.05	61.54
488	16.828	32.45	40.65	30.73	39.69	30.02	43.65	30.37	43.98	29.44	55.45	37.16	47.1	35.33	58.42	46.89	42.96	46.24	60.86	47.43	38.66	41.82	47.51	59.74	48.18	60.43	59.0	67.74	44.26	71.66	55.13	80.47	53.27	84.05	61.54
489	16.862	32.45	40.65	30.73	39.69	30.02	43.65	30.37	43.98	29.44	55.45	37.16	47.1	35.33	58.42	46.89	42.96	46.24	60.86	47.43	38.66	41.82	47.51	59.74	48.18	60.43	59.0	67.74	44.26	71.66	55.13	80.47	53.27	84.05	61.54
490	16.897	32.54	40.69	30.85	39.73	30.11	43.64	30.45	43.97	29.49	55.37	37.1	46.93	35.25	58.46	46.66	42.67	46.07	61.06	47.55	38.64	41.68	47.28	59.72	48.29	60.38	59.21	67.76	44.23	71.6	55.16	80.37	53.26	83.92	61.59
491	16.931	32.54	40.69	30.85	39.73	30.11	43.64	30.45	43.97	29.49	55.37	37.1	46.93	35.25	58.46	46.66	42.67	46.07	61.06	47.55	38.64	41.68	47.28	59.72	48.29	60.38	59.21	67.76	44.23	71.6	55.16	80.37	53.26	83.92	61.59
492	16.966	32.54	40.69	30.85	39.73	30.11	43.64	30.45	43.97	29.49	55.37	37.1	46.93	35.25	58.46	46.66	42.67	46.07	61.06	47.55	38.64	41.68	47.28	59.72	48.29	60.38	59.21	67.76	44.23	71.6	55.16	80.37	53.26	83.92	61.59
493	17.0	32.49	40.64	30.86	39.63	30.13	43.56	30.62	43.75	29.6	55.09	37.15	46.99	35.29	58.31	46.76	42.71	46.12	60.79	47.88	38.51	41.89	47.37	59.67	48.0	60.32	58.86	67.82	44.45	71.73	55.45	80.73	53.55	84.35	61.56
494	17.034	32.49	40.64	30.86	39.63	30.13	43.56	30.62	43.75	29.6	55.09	37.15	46.99	35.29	58.31	46.76	42.71	46.12	60.79	47.88	38.51	41.89	47.37	59.67	48.0	60.32	58.86	67.82	44.45	71.73	55.45	80.73	53.55	84.35	61.56
495	17.069	32.49	40.64	30.86	39.63	30.13	43.56	30.62	43.75	29.6	55.09	37.15	46.99	35.29	58.31	46.76	42.71	46.12	60.79	47.88	38.51	41.89	47.37	59.67	48.0	60.32	58.86	67.82	44.45	71.73	55.45	80.73	53.55	84.35	61.56
496	17.103	32.64	40.61	30.96	39.68	30.3	43.42	30.51	43.93	29.65	54.9	37.33	47.07	35.32	57.98	47.66	43.01	46.26	59.93	48.81	38.48	42.25	45.9	60.08	48.09	60.68	58.74	68.04	44.06	71.83	54.96	80.72	53.41	84.05	61.64
497	17.138	32.64	40.61	30.96	39.68	30.3	43.42	30.51	43.93	29.65	54.9	37.33	47.07	35.32	57.98	47.66	43.01	46.26	59.93	48.81	38.48	42.25	45.9	60.08	48.09	60.68	58.74	68.04	44.06	71.83	54.96	80.72	53.41	84.05	61.64
498	17.172	32.64	40.61	30.96	39.68	30.3	43.42	30.51	43.93	29.65	54.9	37.33	47.07	35.32	57.98	47.66	43.01	46.26	59.93	48.81	38.48	42.25	45.9	60.08	48.09	60.68	58.74	68.04	44.06	71.83	54.96	80.72	53.41	84.05	61.64
499	17.207	32.51	40.45	30.77	39.47	30.11	43.39	30.31	43.73	29.36	55.14	37.65	46.77	35.15	58.29	49.01	42.15	46.4	60.0	49.83	38.38	42.11	45.79	60.43	47.89	60.79	58.79	68.32	43.92	72.11	55.08	80.98	53.9	84.35	62.1
500	17.241	32.51	40.45	30.77	39.47	30.11	43.39	30.31	43.73	29.36	55.14	37.65	46.77	35.15	58.29	49.01	42.15	46.4	60.0	49.83	38.38	42.11	45.79	60.43	47.89	60.79	58.79	68.32	43.92	72.11	55.08	80.98	53.9	84.35	62.1
501	17.276	32.51	40.45	30.77	39.47	30.11	43.39	30.31	43.73	29.36	55.14	37.65	46.77	35.15	58.29	49.01	42.15	46.4	60.0	49.83	38.38	42.11	45.79	60.43	47.89	60.79	58.79	68.32	43.92	72.11	55.08	80.98	53.9	84.35	62.1
502	17.31	32.26	40.52	30.57	39.54	29.82	43.46	30.19	43.75	29.06	55.19	37.42	46.65	34.92	58.29	48.67	41.98	46.23	60.07	49.85	38.27	41.72	46.1	60.07	48.04	60.41	58.97	67.91	43.97	71.78	55.17	80.58	54.02	84.08	62.24
503	17.345	32.26	40.52	30.57	39.54	29.82	43.46	30.19	43.75	29.06	55.19	37.42	46.65	34.92	58.29	48.67	41.98	46.23	60.07	49.85	38.27	41.72	46.1	60.07	48.04	60.41	58.97	67.91	43.97	71.78	55.17	80.58	54.02	84.08	62.24
504	17.379	32.26	40.52	30.57	39.54	29.82	43.46	30.19	43.75	29.06	55.19	37.42	46.65	34.92	58.29	48.67	41.98	46.23	60.07	49.85	38.27	41.72	46.1	60.07	48.04	60.41	58.97	67.91	43.97	71.78	55.17	80.58	54.02	84.08	62.24
505	17.414	31.94	40.38	30.26	39.51	29.66	43.26	29.88	43.92	29.11	54.95	36.98	46.85	34.88	58.07	48.25	42.47	46.31	59.8	49.89	38.74	41.89	45.78	59.84	48.01	60.43	58.84	68.09	44.15	72.03	55.37	80.84	53.83	84.42	62.12
506	17.448	31.94	40.38	30.26	39.51	29.66	43.26	29.88	43.92	29.11	54.95	36.98	46.85	34.88	58.07	48.25	42.47	46.31	59.8	49.89	38.74	41.89	45.78	59.84	48.01	60.43	58.84	68.09	44.15	72.03	55.37	80.84	53.83	84.42	62.12
507	17.483	31.94	40.38	30.26	39.51	29.66	43.26	29.88	43.92	29.11	54.95	36.98	46.85	34.88	58.07	48.25	42.47	46.31	59.8	49.89	38.74	41.89	45.78	59.84	48.01	60.43	58.84	68.09	44.15	72.03	55.37	80.84	53.83	84.42	62.12
508	17.517	31.97	40.64	30.32	39.72	29.65	43.5	29.89	44.04	28.97	55.14	36.92	47.02	34.68	58.35	48.11	42.8	46.09	60.11	50.07	39.24	41.79	45.99	59.84	48.36	60.31	59.27	68.07	44.2	71.97	55.47	80.8	54.26	84.28	62.47
509	17.552	31.97	40.64	30.32	39.72	29.65	43.5	29.89	44.04	28.97	55.14	36.92	47.02	34.68	58.35	48.11	42.8	46.09	60.11	50.07	39.24	41.79	45.99	59.84	48.36	60.31	59.27	68.07	44.2	71.97	55.47	80.8	54.26	84.28	62.47
510	17.586	31.97	40.64	30.32	39.72	29.65	43.5	29.89	44.04	28.97	55.14	36.92	47.02	34.68	58.35	48.11	42.8	46.09	60.11	50.07	39.24	41.79	45.99	59.84	48.36	60.31	59.27	68.07	44.2	71.97	55.47	80.8	54.26	84.28	62.47
511	17.621	31.85	40.76	30.14	39.76	29.44	43.68	29.78	43.92	28.69	55.37	37.2	46.86	34.46	58.56	49.02	42.6	45.87	60.43	50.42	39.08	41.26	46.2	60.13	48.32	60.35	59.4	68.27	44.11	72.18	55.55	81.01	54.32	84.56	62.52
512	17.655	31.85	40.76	30.14	39.76	29.44	43.68	29.78	43.92	28.69	55.37	37.2	46.86	34.46	58.56	49.02	42.6	45.87	60.43	50.42	39.08	41.26	46.2	60.13	48.32	60.35	59.4	68.27	44.11	72.18	55.55	81.01	54.32	84.56	62.52
513	17.69	31.85	40.76	30.14	39.76	29.44	43.68	29.78	43.92	28.69	55.37	37.2	46.86	34.46	58.56	49.02	42.6	45.87	60.43	50.42	39.08	41.26	46.2	60.13	48.32	60.35	59.4	68.27	44.11	72.18	55.55	81.01	54.32	84.56	62.52
514	17.724	31.9	40.82	30.24	39.81	29.49	43.64	29.84	44.05	28.62	55.27	37.38	47.14	34.37	58.54	49.57	43.3	45.81	60.34	51.32	39.21	40.72	46.38	60.01	48.46	60.13	59.3	68.13	44.17	71.93	55.31	80.79	54.41	84.3	62.36
515	17.759	31.9	40.82	30.24	39.81	29.49	43.64	29.84	44.05	28.62	55.27	37.38	47.14	34.37	58.54	49.57	43.3	45.81	60.34	51.32	39.21	40.72	46.38	60.01	48.46	60.13	59.3	68.13	44.17	71.93	55.31	80.79	54.41	84.3	62.36
516	17.793	31.9	40.82	30.24	39.81	29.49	43.64	29.84	44.05	28.62	55.27	37.38	47.14	34.37	58.54	49.57	43.3	45.81	60.34	51.32	39.21	40.72	46.38	60.01	48.46	60.13	59.3	68.13	44.17	71.93	55.31	80.79	54.41	84.3	62.36
517	17.828	31.95	40.76	30.33	39.71	29.56	43.56	30.02	43.87	28.75	55.1	37.45	47.02	34.53	58.43	49.15	43.48	45.93	60.84	50.91	39.01	41.09	47.42	59.88	48.34	59.99	59.12	68.0	43.76	71.39	54.87	80.51	54.15	83.43	62.05
518	17.862	31.95	40.76	30.33	39.71	29.56	43.56	30.02	43.87	28.75	55.1	37.45	47.02	34.53	58.43	49.15	43.48	45.93	60.84	50.91	39.01	41.09	47.42	59.88	48.34	59.99	59.12	68.0	43.76	71.39	54.87	80.51	54.15	83.43	62.05
519	17.897	31.95	40.76	30.33	39.71	29.56	43.56	30.02	43.87	28.75	55.1	37.45	47.02	34.53	58.43	49.15	43.48	45.93	60.84	50.91	39.01	41.09	47.42	59.88	48.34	59.99	59.12	68.0	43.76	71.39	54.87	80.51	54.15	83.43	62.05
520	17.931	31.73	40.51	30.17	39.5	29.34	43.26	29.91	43.71	28.53	54.81	37.07	46.69	34.35	58.34	48.54	43.38	45.86	60.85	50.7	39.38	41.06	47.25	59.85	48.21	60.12	59.19	67.67	42.26	71.4	54.03	80.22	53.06	83.29	61.62
521	17.966	31.73	40.51	30.17	39.5	29.34	43.26	29.91	43.71	28.53	54.81	37.07	46.69	34.35	58.34	48.54	43.38	45.86	60.85	50.7	39.38	41.06	47.25	59.85	48.21	60.12	59.19	67.67	42.26	71.4	54.03	80.22	53.06	83.29	61.62
522	18.0	31.73	40.51	30.17	39.5	29.34	43.26	29.91	43.71	28.53	54.81	37.07	46.69	34.35	58.34	48.54	43.38	45.86	60.85	50.7	39.38	41.06	47.25	59.85	48.21	60.12	59.19	67.67	42.26	71.4	54.03	80.22	53.06	83.29	61.62
523	18.034	31.49	40.49	29.87	39.41	29.08	43.33	29.49	43.55	28.25	55.01	36.66	46.22	34.01	58.64	48.39	43.07	45.36	61.37	50.81	39.43	40.97	47.79	58.99	47.84	59.45	59.2	66.31	39.91	70.49	52.73	78.66	51.54	82.05	61.11
524	18.069	31.49	40.49	29.87	39.41	29.08	43.33	29.49	43.55	28.25	55.01	36.66	46.22	34.01	58.64	48.39	43.07	45.36	61.37	50.81	39.43	40.97	47.79	58.99	47.84	59.45	59.2	66.31	39.91	70.49	52.73	78.66	51.54	82.05	61.11
525	18.103	31.49	40.49	29.87	39.41	29.08	43.33	29.49	43.55	28.25	55.01	36.66	46.22	34.01	58.64	48.39	43.07	45.36	61.37	50.81	39.43	40.97	47.79	58.99	47.84	59.45	59.2	66.31	39.91	70.49	52.73	78.66	51.54	82.05	61.11
526	18.138	31.47	40.32	29.77	39.22	28.83	43.27	29.57	43.42	28.08	55.25	36.82	46.0	34.06	58.92	48.96	42.56	44.82	61.65	50.91	38.68	40.29	47.91	58.61	47.65	59.26	59.08	64.43	38.54	69.37	51.94	76.11	49.48	80.54	60.58
527	18.172	31.47	40.32	29.77	39.22	28.83	43.27	29.57	43.42	28.08	55.25	36.82	46.0	34.06	58.92	48.96	42.56	44.82	61.65	50.91	38.68	40.29	47.91	58.61	47.65	59.26	59.08	64.43	38.54	69.37	51.94	76.11	49.48	80.54	60.58
528	18.207	31.47	40.32	29.77	39.22	28.83	43.27	29.57	43.42	28.08	55.25	36.82	46.0	34.06	58.92	48.96	42.56	44.82	61.65	50.91	38.68	40.29	47.91	58.61	47.65	59.26	59.08	64.43	38.54	69.37	51.94	76.11	49.48	80.54	60.58
529	18.241	31.3	40.12	29.54	39.12	28.75	43.07	29.26	43.45	28.06	55.07	36.59	45.88	34.12	58.65	49.08	42.31	45.09	60.89	51.22	38.8	40.62	46.8	58.38	47.47	59.26	58.84	64.21	38.69	69.44	52.21	75.49	48.78	80.47	60.21
530	18.276	31.3	40.12	29.54	39.12	28.75	43.07	29.26	43.45	28.06	55.07	36.59	45.88	34.12	58.65	49.08	42.31	45.09	60.89	51.22	38.8	40.62	46.8	58.38	47.47	59.26	58.84	64.21	38.69	69.44	52.21	75.49	48.78	80.47	60.21
531	18.31	31.3	40.12	29.54	39.12	28.75	43.07	29.26	43.45	28.06	55.07	36.59	45.88	34.12	58.65	49.08	42.31	45.09	60.89	51.22	38.8	40.62	46.8	58.38	47.47	59.26	58.84	64.21	38.69	69.44	52.21	75.49	48.78	80.47	60.21
532	18.345	31.25	40.09	29.51	39.1	28.83	43.03	29.12	43.4	28.14	54.95	36.15	45.66	34.08	58.54	48.84	42.41	45.24	60.95	51.1	39.3	40.66	47.43	58.46	47.32	59.6	59.06	64.86	38.36	70.39	52.93	77.22	47.53	81.99	59.64
533	18.379	31.25	40.09	29.51	39.1	28.83	43.03	29.12	43.4	28.14	54.95	36.15	45.66	34.08	58.54	48.84	42.41	45.24	60.95	51.1	39.3	40.66	47.43	58.46	47.32	59.6	59.06	64.86	38.36	70.39	52.93	77.22	47.53	81.99	59.64
534	18.414	31.25	40.09	29.51	39.1	28.83	43.03	29.12	43.4	28.14	54.95	36.15	45.66	34.08	58.54	48.84	42.41	45.24	60.95	51.1	39.3	40.66	47.43	58.46	47.32	59.6	59.06	64.86	38.36	70.39	52.93	77.22	47.53	81.99	59.64
535	18.448	31.32	40.16	29.54	39.21	28.95	43.06	29.07	43.52	28.29	54.98	36.02	45.69	34.37	58.36	48.76	43.0	45.38	60.9	50.94	39.56	40.69	47.59	59.46	47.07	60.86	58.97	66.07	37.41	71.56	52.52	79.28	44.59	83.09	57.31
536	18.483	31.32	40.16	29.54	39.21	28.95	43.06	29.07	43.52	28.29	54.98	36.02	45.69	34.37	58.36	48.76	43.0	45.38	60.9	50.94	39.56	40.69	47.59	59.46	47.07	60.86	58.97	66.07	37.41	71.56	52.52	79.28	44.59	83.09	57.31
537	18.517	31.32	40.16	29.54	39.21	28.95	43.06	29.07	43.52	28.29	54.98	36.02	45.69	34.37	58.36	48.76	43.0	45.38	60.9	50.94	39.56	40.69	47.59	59.46	47.07	60.86	58.97	66.07	37.41	71.56	52.52	79.28	44.59	83.09	57.31
538	18.552	31.58	40.2	29.86	39.27	29.2	43.18	29.56	43.62	28.55	55.16	36.51	45.69	34.46	58.26	48.82	42.78	45.53	60.89	50.4	38.71	40.87	47.44	59.84	46.82	60.8	58.71	67.42	37.68	71.94	52.53	81.11	46.02	83.58	58.21
539	18.586	31.58	40.2	29.86	39.27	29.2	43.18	29.56	43.62	28.55	55.16	36.51	45.69	34.46	58.26	48.82	42.78	45.53	60.89	50.4	38.71	40.87	47.44	59.84	46.82	60.8	58.71	67.42	37.68	71.94	52.53	81.11	46.02	83.58	58.21
540	18.621	31.58	40.2	29.86	39.27	29.2	43.18	29.56	43.62	28.55	55.16	36.51	45.69	34.46	58.26	48.82	42.78	45.53	60.89	50.4	38.71	40.87	47.44	59.84	46.82	60.8	58.71	67.42	37.68	71.94	52.53	81.11	46.02	83.58	58.21
541	18.655	31.38	40.47	29.8	39.58	29.14	43.34	29.75	43.88	28.74	54.97	36.79	46.42	34.37	58.25	48.32	43.05	45.59	60.92	49.61	38.97	41.1	47.63	59.96	47.67	60.4	59.12	68.44	40.48	71.91	53.86	81.95	50.17	83.85	60.43
542	18.69	31.38	40.47	29.8	39.58	29.14	43.34	29.75	43.88	28.74	54.97	36.79	46.42	34.37	58.25	48.32	43.05	45.59	60.92	49.61	38.97	41.1	47.63	59.96	47.67	60.4	59.12	68.44	40.48	71.91	53.86	81.95	50.17	83.85	60.43
543	18.724	31.38	40.47	29.8	39.58	29.14	43.34	29.75	43.88	28.74	54.97	36.79	46.42	34.37	58.25	48.32	43.05	45.59	60.92	49.61	38.97	41.1	47.63	59.96	47.67	60.4	59.12	68.44	40.48	71.91	53.86	81.95	50.17	83.85	60.43
544	18.759	31.23	40.23	29.57	39.31	28.92	43.11	29.57	43.62	28.63	54.79	36.81	46.65	34.59	58.06	48.16	43.25	45.76	60.78	49.14	38.89	41.04	47.26	59.89	47.98	60.44	59.02	67.96	42.33	71.69	54.41	80.75	52.25	83.55	61.54
545	18.793	31.23	40.23	29.57	39.31	28.92	43.11	29.57	43.62	28.63	54.79	36.81	46.65	34.59	58.06	48.16	43.25	45.76	60.78	49.14	38.89	41.04	47.26	59.89	47.98	60.44	59.02	67.96	42.33	71.69	54.41	80.75	52.25	83.55	61.54
546	18.828	31.23	40.23	29.57	39.31	28.92	43.11	29.57	43.62	28.63	54.79	36.81	46.65	34.59	58.06	48.16	43.25	45.76	60.78	49.14	38.89	41.04	47.26	59.89	47.98	60.44	59.02	67.96	42.33	71.69	54.41	80.75	52.25	83.55	61.54
547	18.862	31.18	40.37	29.52	39.47	28.85	43.29	29.64	43.82	28.66	55.03	36.95	47.0	34.68	58.18	48.0	43.24	45.8	60.57	48.52	38.74	41.3	47.33	59.74	48.11	60.23	59.0	67.78	42.89	71.54	54.62	80.52	52.79	83.59	61.9
548	18.897	31.18	40.37	29.52	39.47	28.85	43.29	29.64	43.82	28.66	55.03	36.95	47.0	34.68	58.18	48.0	43.24	45.8	60.57	48.52	38.74	41.3	47.33	59.74	48.11	60.23	59.0	67.78	42.89	71.54	54.62	80.52	52.79	83.59	61.9
549	18.931	31.18	40.37	29.52	39.47	28.85	43.29	29.64	43.82	28.66	55.03	36.95	47.0	34.68	58.18	48.0	43.24	45.8	60.57	48.52	38.74	41.3	47.33	59.74	48.11	60.23	59.0	67.78	42.89	71.54	54.62	80.52	52.79	83.59	61.9
550	18.966	32.07	40.41	30.34	39.55	29.85	43.03	29.88	43.88	29.0	54.43	37.54	47.15	34.87	57.78	48.94	43.82	45.61	59.87	49.11	38.82	42.34	45.21	60.35	48.1	60.82	58.82	68.65	42.7	72.51	54.91	80.11	52.38	83.46	62.48
551	19.0	32.07	40.41	30.34	39.55	29.85	43.03	29.88	43.88	29.0	54.43	37.54	47.15	34.87	57.78	48.94	43.82	45.61	59.87	49.11	38.82	42.34	45.21	60.35	48.1	60.82	58.82	68.65	42.7	72.51	54.91	80.11	52.38	83.46	62.48
552	19.034	32.07	40.41	30.34	39.55	29.85	43.03	29.88	43.88	29.0	54.43	37.54	47.15	34.87	57.78	48.94	43.82	45.61	59.87	49.11	38.82	42.34	45.21	60.35	48.1	60.82	58.82	68.65	42.7	72.51	54.91	80.11	52.38	83.46	62.48
553	19.069	32.22	41.11	30.44	40.42	30.06	43.98	29.9	44.97	29.67	55.57	36.64	47.72	35.49	58.13	46.82	43.29	46.63	58.97	47.46	38.2	42.29	44.51	59.4	48.4	60.56	58.89	67.63	43.07	71.61	54.29	79.95	52.78	83.46	61.9
554	19.103	32.22	41.11	30.44	40.42	30.06	43.98	29.9	44.97	29.67	55.57	36.64	47.72	35.49	58.13	46.82	43.29	46.63	58.97	47.46	38.2	42.29	44.51	59.4	48.4	60.56	58.89	67.63	43.07	71.61	54.29	79.95	52.78	83.46	61.9
555	19.138	32.22	41.11	30.44	40.42	30.06	43.98	29.9	44.97	29.67	55.57	36.64	47.72	35.49	58.13	46.82	43.29	46.63	58.97	47.46	38.2	42.29	44.51	59.4	48.4	60.56	58.89	67.63	43.07	71.61	54.29	79.95	52.78	83.46	61.9
556	19.172	32.82	41.4	30.95	40.63	30.54	44.4	30.23	45.06	29.92	56.17	36.98	47.62	35.74	58.63	46.71	42.7	46.67	59.2	46.69	38.28	42.53	44.4	59.74	48.26	60.86	59.02	67.67	42.62	71.83	54.1	79.81	52.65	83.51	61.9
557	19.207	32.82	41.4	30.95	40.63	30.54	44.4	30.23	45.06	29.92	56.17	36.98	47.62	35.74	58.63	46.71	42.7	46.67	59.2	46.69	38.28	42.53	44.4	59.74	48.26	60.86	59.02	67.67	42.62	71.83	54.1	79.81	52.65	83.51	61.9
558	19.241	32.82	41.4	30.95	40.63	30.54	44.4	30.23	45.06	29.92	56.17	36.98	47.62	35.74	58.63	46.71	42.7	46.67	59.2	46.69	38.28	42.53	44.4	59.74	48.26	60.86	59.02	67.67	42.62	71.83	54.1	79.81	52.65	83.51	61.9
559	19.276	33.07	42.04	31.15	41.26	30.7	45.25	30.64	45.64	30.25	57.19	37.45	47.99	36.25	59.12	46.61	42.87	46.79	59.41	45.82	38.48	42.91	44.48	59.76	48.25	60.86	59.0	67.46	42.77	71.8	54.24	79.41	52.55	83.35	62.0
560	19.31	33.07	42.04	31.15	41.26	30.7	45.25	30.64	45.64	30.25	57.19	37.45	47.99	36.25	59.12	46.61	42.87	46.79	59.41	45.82	38.48	42.91	44.48	59.76	48.25	60.86	59.0	67.46	42.77	71.8	54.24	79.41	52.55	83.35	62.0
561	19.345	33.07	42.04	31.15	41.26	30.7	45.25	30.64	45.64	30.25	57.19	37.45	47.99	36.25	59.12	46.61	42.87	46.79	59.41	45.82	38.48	42.91	44.48	59.76	48.25	60.86	59.0	67.46	42.77	71.8	54.24	79.41	52.55	83.35	62.0
562	19.379	33.17	42.38	31.39	41.41	30.58	45.97	31.66	45.49	30.42	58.35	38.36	47.25	36.76	59.84	45.03	38.67	46.72	59.83	41.87	30.96	42.28	44.98	60.13	47.92	60.88	59.36	67.72	42.27	72.12	54.6	79.7	52.25	83.74	62.18
563	19.414	33.17	42.38	31.39	41.41	30.58	45.97	31.66	45.49	30.42	58.35	38.36	47.25	36.76	59.84	45.03	38.67	46.72	59.83	41.87	30.96	42.28	44.98	60.13	47.92	60.88	59.36	67.72	42.27	72.12	54.6	79.7	52.25	83.74	62.18
564	19.448	33.17	42.38	31.39	41.41	30.58	45.97	31.66	45.49	30.42	58.35	38.36	47.25	36.76	59.84	45.03	38.67	46.72	59.83	41.87	30.96	42.28	44.98	60.13	47.92	60.88	59.36	67.72	42.27	72.12	54.6	79.7	52.25	83.74	62.18
565	19.483	33.85	42.02	31.78	40.84	31.43	45.1	30.36	44.49	29.87	56.9	36.78	47.07	35.92	59.27	42.74	40.14	46.12	59.96	39.7	33.2	42.81	45.41	59.88	47.6	61.02	59.22	68.47	41.65	72.55	54.06	79.07	53.15	82.43	62.9
566	19.517	33.85	42.02	31.78	40.84	31.43	45.1	30.36	44.49	29.87	56.9	36.78	47.07	35.92	59.27	42.74	40.14	46.12	59.96	39.7	33.2	42.81	45.41	59.88	47.6	61.02	59.22	68.47	41.65	72.55	54.06	79.07	53.15	82.43	62.9
567	19.552	33.85	42.02	31.78	40.84	31.43	45.1	30.36	44.49	29.87	56.9	36.78	47.07	35.92	59.27	42.74	40.14	46.12	59.96	39.7	33.2	42.81	45.41	59.88	47.6	61.02	59.22	68.47	41.65	72.55	54.06	79.07	53.15	82.43	62.9
568	19.586	32.62	41.76	30.5	40.54	30.04	45.26	29.62	44.33	29.04	57.67	35.99	46.79	35.54	59.46	41.49	39.87	46.66	60.6	37.91	32.33	43.53	46.79	59.33	47.83	60.62	59.65	67.07	41.9	71.91	54.19	78.56	52.71	83.25	62.27
569	19.621	32.62	41.76	30.5	40.54	30.04	45.26	29.62	44.33	29.04	57.67	35.99	46.79	35.54	59.46	41.49	39.87	46.66	60.6	37.91	32.33	43.53	46.79	59.33	47.83	60.62	59.65	67.07	41.9	71.91	54.19	78.56	52.71	83.25	62.27
570	19.655	32.62	41.76	30.5	40.54	30.04	45.26	29.62	44.33	29.04	57.67	35.99	46.79	35.54	59.46	41.49	39.87	46.66	60.6	37.91	32.33	43.53	46.79	59.33	47.83	60.62	59.65	67.07	41.9	71.91	54.19	78.56	52.71	83.25	62.27
571	19.69	32.07	41.04	30.34	40.18	29.6	44.39	30.69	44.37	29.64	56.51	37.16	46.62	36.02	58.67	44.97	39.59	46.81	59.95	44.22	33.67	42.85	46.61	59.25	47.78	60.29	58.99	66.83	42.44	71.54	54.54	78.31	51.59	83.11	61.62
572	19.724	32.07	41.04	30.34	40.18	29.6	44.39	30.69	44.37	29.64	56.51	37.16	46.62	36.02	58.67	44.97	39.59	46.81	59.95	44.22	33.67	42.85	46.61	59.25	47.78	60.29	58.99	66.83	42.44	71.54	54.54	78.31	51.59	83.11	61.62
573	19.759	32.07	41.04	30.34	40.18	29.6	44.39	30.69	44.37	29.64	56.51	37.16	46.62	36.02	58.67	44.97	39.59	46.81	59.95	44.22	33.67	42.85	46.61	59.25	47.78	60.29	58.99	66.83	42.44	71.54	54.54	78.31	51.59	83.11	61.62
574	19.793	31.96	40.93	30.29	40.17	29.68	43.94	30.24	44.5	29.49	55.64	36.58	47.08	35.67	58.14	45.4	41.71	46.86	58.99	46.46	36.36	43.08	45.55	59.4	47.89	60.64	58.72	67.15	41.61	71.6	53.66	79.1	51.31	83.17	61.09
575	19.828	31.96	40.93	30.29	40.17	29.68	43.94	30.24	44.5	29.49	55.64	36.58	47.08	35.67	58.14	45.4	41.71	46.86	58.99	46.46	36.36	43.08	45.55	59.4	47.89	60.64	58.72	67.15	41.61	71.6	53.66	79.1	51.31	83.17	61.09
576	19.862	31.96	40.93	30.29	40.17	29.68	43.94	30.24	44.5	29.49	55.64	36.58	47.08	35.67	58.14	45.4	41.71	46.86	58.99	46.46	36.36	43.08	45.55	59.4	47.89	60.64	58.72	67.15	41.61	71.6	53.66	79.1	51.31	83.17	61.09
577	19.897	32.31	40.71	30.43	39.92	30.08	43.95	29.97	44.13	29.81	55.92	35.92	45.71	35.73	58.06	44.71	39.68	45.94	58.2	43.76	32.34	43.05	42.86	59.07	46.36	61.03	58.36	65.85	36.66	71.47	52.41	79.37	42.9	82.97	56.66
578	19.931	32.31	40.71	30.43	39.92	30.08	43.95	29.97	44.13	29.81	55.92	35.92	45.71	35.73	58.06	44.71	39.68	45.94	58.2	43.76	32.34	43.05	42.86	59.07	46.36	61.03	58.36	65.85	36.66	71.47	52.41	79.37	42.9	82.97	56.66
579	19.966	32.31	40.71	30.43	39.92	30.08	43.95	29.97	44.13	29.81	55.92	35.92	45.71	35.73	58.06	44.71	39.68	45.94	58.2	43.76	32.34	43.05	42.86	59.07	46.36	61.03	58.36	65.85	36.66	71.47	52.41	79.37	42.9	82.97	56.66
580	20.0	32.36	41.15	30.27	40.33	29.93	44.64	29.82	44.36	29.67	56.84	35.66	45.56	36.02	58.6	44.51	39.99	45.73	59.21	44.07	33.61	42.53	44.55	58.82	45.82	61.28	58.06	64.27	35.97	71.13	52.27	76.69	38.64	81.87	53.64
581	20.034	32.36	41.15	30.27	40.33	29.93	44.64	29.82	44.36	29.67	56.84	35.66	45.56	36.02	58.6	44.51	39.99	45.73	59.21	44.07	33.61	42.53	44.55	58.82	45.82	61.28	58.06	64.27	35.97	71.13	52.27	76.69	38.64	81.87	53.64
582	20.069	32.36	41.15	30.27	40.33	29.93	44.64	29.82	44.36	29.67	56.84	35.66	45.56	36.02	58.6	44.51	39.99	45.73	59.21	44.07	33.61	42.53	44.55	58.82	45.82	61.28	58.06	64.27	35.97	71.13	52.27	76.69	38.64	81.87	53.64
583	20.103	32.57	41.4	30.75	40.55	30.17	44.82	30.53	44.68	29.87	56.99	36.74	46.17	35.82	59.05	45.73	40.33	46.25	60.47	45.52	36.14	42.16	47.66	59.46	46.6	60.85	58.6	66.97	38.91	71.72	53.4	80.65	46.66	83.85	58.58
584	20.138	32.57	41.4	30.75	40.55	30.17	44.82	30.53	44.68	29.87	56.99	36.74	46.17	35.82	59.05	45.73	40.33	46.25	60.47	45.52	36.14	42.16	47.66	59.46	46.6	60.85	58.6	66.97	38.91	71.72	53.4	80.65	46.66	83.85	58.58
585	20.172	32.57	41.4	30.75	40.55	30.17	44.82	30.53	44.68	29.87	56.99	36.74	46.17	35.82	59.05	45.73	40.33	46.25	60.47	45.52	36.14	42.16	47.66	59.46	46.6	60.85	58.6	66.97	38.91	71.72	53.4	80.65	46.66	83.85	58.58
586	20.207	32.89	41.75	31.12	40.69	30.25	44.86	31.33	44.53	29.75	56.78	38.2	47.1	36.28	59.44	45.87	40.08	45.72	61.88	44.35	33.51	40.97	49.15	60.61	47.29	61.27	58.64	68.99	42.81	72.62	54.9	79.49	51.69	82.36	61.83
587	20.241	32.89	41.75	31.12	40.69	30.25	44.86	31.33	44.53	29.75	56.78	38.2	47.1	36.28	59.44	45.87	40.08	45.72	61.88	44.35	33.51	40.97	49.15	60.61	47.29	61.27	58.64	68.99	42.81	72.62	54.9	79.49	51.69	82.36	61.83
588	20.276	32.89	41.75	31.12	40.69	30.25	44.86	31.33	44.53	29.75	56.78	38.2	47.1	36.28	59.44	45.87	40.08	45.72	61.88	44.35	33.51	40.97	49.15	60.61	47.29	61.27	58.64	68.99	42.81	72.62	54.9	79.49	51.69	82.36	61.83
589	20.31	32.4	41.59	30.47	40.46	29.79	44.97	30.18	44.27	29.02	57.23	37.06	46.81	35.59	59.51	44.86	39.88	45.55	61.03	43.47	33.52	40.87	47.61	59.73	47.37	60.59	59.11	68.55	42.27	72.44	55.07	79.61	51.61	82.6	61.9
590	20.345	32.4	41.59	30.47	40.46	29.79	44.97	30.18	44.27	29.02	57.23	37.06	46.81	35.59	59.51	44.86	39.88	45.55	61.03	43.47	33.52	40.87	47.61	59.73	47.37	60.59	59.11	68.55	42.27	72.44	55.07	79.61	51.61	82.6	61.9
591	20.379	32.4	41.59	30.47	40.46	29.79	44.97	30.18	44.27	29.02	57.23	37.06	46.81	35.59	59.51	44.86	39.88	45.55	61.03	43.47	33.52	40.87	47.61	59.73	47.37	60.59	59.11	68.55	42.27	72.44	55.07	79.61	51.61	82.6	61.9
592	20.414	32.35	41.41	30.49	40.42	29.75	44.72	30.42	44.4	29.16	56.95	37.26	46.88	35.86	59.35	45.38	40.15	46.19	61.15	44.43	35.24	41.63	48.2	59.88	47.68	60.77	59.21	68.51	42.85	72.41	55.34	79.54	52.11	82.59	62.44
593	20.448	32.35	41.41	30.49	40.42	29.75	44.72	30.42	44.4	29.16	56.95	37.26	46.88	35.86	59.35	45.38	40.15	46.19	61.15	44.43	35.24	41.63	48.2	59.88	47.68	60.77	59.21	68.51	42.85	72.41	55.34	79.54	52.11	82.59	62.44
594	20.483	32.35	41.41	30.49	40.42	29.75	44.72	30.42	44.4	29.16	56.95	37.26	46.88	35.86	59.35	45.38	40.15	46.19	61.15	44.43	35.24	41.63	48.2	59.88	47.68	60.77	59.21	68.51	42.85	72.41	55.34	79.54	52.11	82.59	62.44
595	20.517	32.07	41.61	30.32	40.78	29.54	45.03	30.5	45.09	29.41	57.32	37.01	47.33	35.85	59.32	45.33	41.06	46.87	60.55	44.85	37.18	42.38	47.68	59.3	47.89	60.31	59.08	67.08	43.3	71.53	55.12	79.44	52.27	83.57	61.87
596	20.552	32.07	41.61	30.32	40.78	29.54	45.03	30.5	45.09	29.41	57.32	37.01	47.33	35.85	59.32	45.33	41.06	46.87	60.55	44.85	37.18	42.38	47.68	59.3	47.89	60.31	59.08	67.08	43.3	71.53	55.12	79.44	52.27	83.57	61.87
597	20.586	32.07	41.61	30.32	40.78	29.54	45.03	30.5	45.09	29.41	57.32	37.01	47.33	35.85	59.32	45.33	41.06	46.87	60.55	44.85	37.18	42.38	47.68	59.3	47.89	60.31	59.08	67.08	43.3	71.53	55.12	79.44	52.27	83.57	61.87
598	20.621	32.22	41.25	30.35	40.38	29.72	44.5	30.08	44.73	29.1	56.83	36.98	47.64	35.79	59.62	45.59	41.55	46.73	60.68	45.41	37.98	42.97	47.27	59.95	48.49	61.01	59.81	68.29	43.02	72.44	55.5	79.44	52.22	82.85	62.53
599	20.655	32.22	41.25	30.35	40.38	29.72	44.5	30.08	44.73	29.1	56.83	36.98	47.64	35.79	59.62	45.59	41.55	46.73	60.68	45.41	37.98	42.97	47.27	59.95	48.49	61.01	59.81	68.29	43.02	72.44	55.5	79.44	52.22	82.85	62.53
600	20.69	32.22	41.25	30.35	40.38	29.72	44.5	30.08	44.73	29.1	56.83	36.98	47.64	35.79	59.62	45.59	41.55	46.73	60.68	45.41	37.98	42.97	47.27	59.95	48.49	61.01	59.81	68.29	43.02	72.44	55.5	79.44	52.22	82.85	62.53
601	20.724	32.41	40.64	30.64	39.8	29.99	43.75	30.42	44.27	29.3	55.89	37.55	47.37	35.78	59.0	47.02	42.22	46.49	60.73	46.89	38.2	42.58	47.38	60.13	48.1	60.96	59.17	68.4	43.26	72.52	55.54	79.65	52.24	83.1	62.25
602	20.759	32.41	40.64	30.64	39.8	29.99	43.75	30.42	44.27	29.3	55.89	37.55	47.37	35.78	59.0	47.02	42.22	46.49	60.73	46.89	38.2	42.58	47.38	60.13	48.1	60.96	59.17	68.4	43.26	72.52	55.54	79.65	52.24	83.1	62.25
603	20.793	32.41	40.64	30.64	39.8	29.99	43.75	30.42	44.27	29.3	55.89	37.55	47.37	35.78	59.0	47.02	42.22	46.49	60.73	46.89	38.2	42.58	47.38	60.13	48.1	60.96	59.17	68.4	43.26	72.52	55.54	79.65	52.24	83.1	62.25
604	20.828	32.58	40.85	30.74	40.03	30.19	43.81	30.18	44.58	29.25	55.85	37.43	47.74	35.69	59.01	47.53	43.3	46.73	60.76	47.43	39.13	42.76	47.02	60.35	48.41	61.25	59.29	68.47	43.49	72.68	55.48	79.44	52.51	83.09	62.42
605	20.862	32.58	40.85	30.74	40.03	30.19	43.81	30.18	44.58	29.25	55.85	37.43	47.74	35.69	59.01	47.53	43.3	46.73	60.76	47.43	39.13	42.76	47.02	60.35	48.41	61.25	59.29	68.47	43.49	72.68	55.48	79.44	52.51	83.09	62.42
606	20.897	32.58	40.85	30.74	40.03	30.19	43.81	30.18	44.58	29.25	55.85	37.43	47.74	35.69	59.01	47.53	43.3	46.73	60.76	47.43	39.13	42.76	47.02	60.35	48.41	61.25	59.29	68.47	43.49	72.68	55.48	79.44	52.51	83.09	62.42
607	20.931	32.28	40.88	30.51	40.04	29.73	44.11	30.38	44.67	29.24	56.47	37.41	47.59	35.6	59.12	47.15	42.83	46.77	60.63	46.99	38.8	41.91	47.12	59.96	48.43	60.68	59.26	67.39	43.76	71.7	54.91	79.3	52.99	83.35	61.98
608	20.966	32.28	40.88	30.51	40.04	29.73	44.11	30.38	44.67	29.24	56.47	37.41	47.59	35.6	59.12	47.15	42.83	46.77	60.63	46.99	38.8	41.91	47.12	59.96	48.43	60.68	59.26	67.39	43.76	71.7	54.91	79.3	52.99	83.35	61.98
609	21.0	32.28	40.88	30.51	40.04	29.73	44.11	30.38	44.67	29.24	56.47	37.41	47.59	35.6	59.12	47.15	42.83	46.77	60.63	46.99	38.8	41.91	47.12	59.96	48.43	60.68	59.26	67.39	43.76	71.7	54.91	79.3	52.99	83.35	61.98
610	21.034	32.67	41.13	30.82	40.33	30.29	44.18	30.17	44.87	29.47	56.31	37.12	47.73	35.93	59.37	46.64	42.47	46.73	60.66	47.05	39.15	42.17	46.88	59.98	48.61	61.21	59.64	68.12	43.44	72.49	55.56	79.11	52.27	82.96	62.34
611	21.069	32.67	41.13	30.82	40.33	30.29	44.18	30.17	44.87	29.47	56.31	37.12	47.73	35.93	59.37	46.64	42.47	46.73	60.66	47.05	39.15	42.17	46.88	59.98	48.61	61.21	59.64	68.12	43.44	72.49	55.56	79.11	52.27	82.96	62.34
612	21.103	32.67	41.13	30.82	40.33	30.29	44.18	30.17	44.87	29.47	56.31	37.12	47.73	35.93	59.37	46.64	42.47	46.73	60.66	47.05	39.15	42.17	46.88	59.98	48.61	61.21	59.64	68.12	43.44	72.49	55.56	79.11	52.27	82.96	62.34
613	21.138	33.19	41.58	31.39	40.85	30.82	44.59	30.88	45.4	30.03	56.54	38.06	48.12	36.3	59.28	47.81	43.3	46.73	60.38	47.51	39.32	41.97	46.03	60.39	48.64	61.3	59.33	68.46	43.67	72.56	55.46	79.38	52.49	83.04	62.4
614	21.172	33.19	41.58	31.39	40.85	30.82	44.59	30.88	45.4	30.03	56.54	38.06	48.12	36.3	59.28	47.81	43.3	46.73	60.38	47.51	39.32	41.97	46.03	60.39	48.64	61.3	59.33	68.46	43.67	72.56	55.46	79.38	52.49	83.04	62.4
615	21.207	33.19	41.58	31.39	40.85	30.82	44.59	30.88	45.4	30.03	56.54	38.06	48.12	36.3	59.28	47.81	43.3	46.73	60.38	47.51	39.32	41.97	46.03	60.39	48.64	61.3	59.33	68.46	43.67	72.56	55.46	79.38	52.49	83.04	62.4
616	21.241	33.13	41.51	31.35	40.79	30.61	44.67	31.1	45.44	29.88	56.93	38.49	48.03	36.37	59.52	48.68	42.87	46.87	60.53	48.06	39.04	41.47	46.23	60.65	48.66	61.37	59.42	68.55	43.61	72.69	55.55	79.58	52.56	83.28	62.79
617	21.276	33.13	41.51	31.35	40.79	30.61	44.67	31.1	45.44	29.88	56.93	38.49	48.03	36.37	59.52	48.68	42.87	46.87	60.53	48.06	39.04	41.47	46.23	60.65	48.66	61.37	59.42	68.55	43.61	72.69	55.55	79.58	52.56	83.28	62.79
618	21.31	33.13	41.51	31.35	40.79	30.61	44.67	31.1	45.44	29.88	56.93	38.49	48.03	36.37	59.52	48.68	42.87	46.87	60.53	48.06	39.04	41.47	46.23	60.65	48.66	61.37	59.42	68.55	43.61	72.69	55.55	79.58	52.56	83.28	62.79
619	21.345	33.14	41.95	31.29	41.23	30.61	45.16	30.92	45.77	29.81	57.38	38.46	48.24	36.25	59.87	49.13	42.92	46.92	60.76	47.93	39.23	41.32	46.23	60.56	48.94	61.24	59.74	68.42	43.8	72.5	55.73	79.51	52.99	83.15	63.19
620	21.379	33.14	41.95	31.29	41.23	30.61	45.16	30.92	45.77	29.81	57.38	38.46	48.24	36.25	59.87	49.13	42.92	46.92	60.76	47.93	39.23	41.32	46.23	60.56	48.94	61.24	59.74	68.42	43.8	72.5	55.73	79.51	52.99	83.15	63.19
621	21.414	33.14	41.95	31.29	41.23	30.61	45.16	30.92	45.77	29.81	57.38	38.46	48.24	36.25	59.87	49.13	42.92	46.92	60.76	47.93	39.23	41.32	46.23	60.56	48.94	61.24	59.74	68.42	43.8	72.5	55.73	79.51	52.99	83.15	63.19
622	21.448	33.38	42.58	31.57	41.86	30.85	45.73	31.25	46.43	30.01	57.85	38.75	49.02	36.3	60.3	49.27	43.93	46.99	60.9	47.89	39.66	41.72	46.15	60.93	49.59	61.45	60.28	68.59	44.13	72.72	56.07	79.81	52.94	83.59	63.17
623	21.483	33.38	42.58	31.57	41.86	30.85	45.73	31.25	46.43	30.01	57.85	38.75	49.02	36.3	60.3	49.27	43.93	46.99	60.9	47.89	39.66	41.72	46.15	60.93	49.59	61.45	60.28	68.59	44.13	72.72	56.07	79.81	52.94	83.59	63.17
624	21.517	33.38	42.58	31.57	41.86	30.85	45.73	31.25	46.43	30.01	57.85	38.75	49.02	36.3	60.3	49.27	43.93	46.99	60.9	47.89	39.66	41.72	46.15	60.93	49.59	61.45	60.28	68.59	44.13	72.72	56.07	79.81	52.94	83.59	63.17
625	21.552	33.27	42.84	31.46	42.1	30.85	46.02	31.22	46.54	30.25	58.04	38.43	49.17	36.38	60.54	48.43	44.05	46.78	61.61	48.0	39.47	42.25	47.57	60.62	49.44	61.31	60.28	68.74	44.5	72.68	56.62	80.37	53.44	83.82	63.45
626	21.586	33.27	42.84	31.46	42.1	30.85	46.02	31.22	46.54	30.25	58.04	38.43	49.17	36.38	60.54	48.43	44.05	46.78	61.61	48.0	39.47	42.25	47.57	60.62	49.44	61.31	60.28	68.74	44.5	72.68	56.62	80.37	53.44	83.82	63.45
627	21.621	33.27	42.84	31.46	42.1	30.85	46.02	31.22	46.54	30.25	58.04	38.43	49.17	36.38	60.54	48.43	44.05	46.78	61.61	48.0	39.47	42.25	47.57	60.62	49.44	61.31	60.28	68.74	44.5	72.68	56.62	80.37	53.44	83.82	63.45
628	21.655	33.42	43.0	31.64	42.3	30.93	46.24	31.44	46.86	30.28	58.42	38.62	49.27	36.4	60.91	48.74	43.74	46.98	61.85	48.13	39.86	42.42	47.64	60.72	49.83	61.31	60.77	68.76	44.58	72.81	56.82	80.39	53.61	84.0	63.88
629	21.69	33.42	43.0	31.64	42.3	30.93	46.24	31.44	46.86	30.28	58.42	38.62	49.27	36.4	60.91	48.74	43.74	46.98	61.85	48.13	39.86	42.42	47.64	60.72	49.83	61.31	60.77	68.76	44.58	72.81	56.82	80.39	53.61	84.0	63.88
630	21.724	33.42	43.0	31.64	42.3	30.93	46.24	31.44	46.86	30.28	58.42	38.62	49.27	36.4	60.91	48.74	43.74	46.98	61.85	48.13	39.86	42.42	47.64	60.72	49.83	61.31	60.77	68.76	44.58	72.81	56.82	80.39	53.61	84.0	63.88
631	21.759	33.69	43.39	31.94	42.65	31.09	46.59	31.74	47.14	30.28	58.76	38.75	49.55	36.37	61.27	48.62	44.32	46.84	62.27	48.24	40.33	42.63	47.75	60.88	50.3	61.37	61.28	68.56	44.84	72.81	57.15	79.99	53.56	83.86	64.06
632	21.793	33.69	43.39	31.94	42.65	31.09	46.59	31.74	47.14	30.28	58.76	38.75	49.55	36.37	61.27	48.62	44.32	46.84	62.27	48.24	40.33	42.63	47.75	60.88	50.3	61.37	61.28	68.56	44.84	72.81	57.15	79.99	53.56	83.86	64.06
633	21.828	33.69	43.39	31.94	42.65	31.09	46.59	31.74	47.14	30.28	58.76	38.75	49.55	36.37	61.27	48.62	44.32	46.84	62.27	48.24	40.33	42.63	47.75	60.88	50.3	61.37	61.28	68.56	44.84	72.81	57.15	79.99	53.56	83.86	64.06
634	21.862	33.33	43.62	31.54	42.84	30.72	46.88	31.27	47.25	29.91	59.07	38.38	49.56	36.1	61.37	48.53	44.26	46.66	62.05	48.28	40.37	42.04	47.54	60.53	50.32	61.1	61.36	68.27	44.88	72.58	57.29	79.77	53.41	83.7	63.96
635	21.897	33.33	43.62	31.54	42.84	30.72	46.88	31.27	47.25	29.91	59.07	38.38	49.56	36.1	61.37	48.53	44.26	46.66	62.05	48.28	40.37	42.04	47.54	60.53	50.32	61.1	61.36	68.27	44.88	72.58	57.29	79.77	53.41	83.7	63.96
636	21.931	33.33	43.62	31.54	42.84	30.72	46.88	31.27	47.25	29.91	59.07	38.38	49.56	36.1	61.37	48.53	44.26	46.66	62.05	48.28	40.37	42.04	47.54	60.53	50.32	61.1	61.36	68.27	44.88	72.58	57.29	79.77	53.41	83.7	63.96
637	21.966	33.63	43.27	31.8	42.51	31.09	46.56	31.39	47.0	30.25	58.78	38.77	49.27	36.27	61.1	49.27	43.97	46.74	61.53	48.5	40.32	42.59	46.19	60.53	50.12	61.0	61.12	68.21	44.48	72.38	56.94	79.95	53.63	83.67	64.03
638	22.0	33.63	43.27	31.8	42.51	31.09	46.56	31.39	47.0	30.25	58.78	38.77	49.27	36.27	61.1	49.27	43.97	46.74	61.53	48.5	40.32	42.59	46.19	60.53	50.12	61.0	61.12	68.21	44.48	72.38	56.94	79.95	53.63	83.67	64.03
639	22.034	33.63	43.27	31.8	42.51	31.09	46.56	31.39	47.0	30.25	58.78	38.77	49.27	36.27	61.1	49.27	43.97	46.74	61.53	48.5	40.32	42.59	46.19	60.53	50.12	61.0	61.12	68.21	44.48	72.38	56.94	79.95	53.63	83.67	64.03
640	22.069	33.98	43.12	32.13	42.44	31.35	46.28	31.46	47.14	30.15	58.56	38.68	49.63	36.28	61.22	49.57	44.5	47.34	61.56	48.97	40.56	43.14	46.37	60.83	50.22	61.42	61.11	68.43	44.35	72.81	56.64	80.05	53.52	83.81	64.03
641	22.103	33.98	43.12	32.13	42.44	31.35	46.28	31.46	47.14	30.15	58.56	38.68	49.63	36.28	61.22	49.57	44.5	47.34	61.56	48.97	40.56	43.14	46.37	60.83	50.22	61.42	61.11	68.43	44.35	72.81	56.64	80.05	53.52	83.81	64.03
642	22.138	33.98	43.12	32.13	42.44	31.35	46.28	31.46	47.14	30.15	58.56	38.68	49.63	36.28	61.22	49.57	44.5	47.34	61.56	48.97	40.56	43.14	46.37	60.83	50.22	61.42	61.11	68.43	44.35	72.81	56.64	80.05	53.52	83.81	64.03
643	22.172	33.67	42.92	31.83	42.25	31.13	46.06	31.22	46.95	30.08	58.31	38.62	49.46	36.28	60.95	49.71	44.35	47.36	61.03	49.01	40.54	42.82	45.71	60.94	49.99	61.58	60.86	68.56	43.99	72.85	56.44	80.31	53.35	83.9	63.85
644	22.207	33.67	42.92	31.83	42.25	31.13	46.06	31.22	46.95	30.08	58.31	38.62	49.46	36.28	60.95	49.71	44.35	47.36	61.03	49.01	40.54	42.82	45.71	60.94	49.99	61.58	60.86	68.56	43.99	72.85	56.44	80.31	53.35	83.9	63.85
645	22.241	33.67	42.92	31.83	42.25	31.13	46.06	31.22	46.95	30.08	58.31	38.62	49.46	36.28	60.95	49.71	44.35	47.36	61.03	49.01	40.54	42.82	45.71	60.94	49.99	61.58	60.86	68.56	43.99	72.85	56.44	80.31	53.35	83.9	63.85
646	22.276	33.88	42.82	32.04	42.16	31.24	46.02	31.42	46.93	30.03	58.43	38.84	49.38	36.25	61.01	49.84	44.16	47.32	61.01	49.0	40.35	42.76	45.53	61.12	49.91	61.58	60.81	68.57	43.8	72.81	56.17	80.13	53.29	83.68	63.83
647	22.31	33.88	42.82	32.04	42.16	31.24	46.02	31.42	46.93	30.03	58.43	38.84	49.38	36.25	61.01	49.84	44.16	47.32	61.01	49.0	40.35	42.76	45.53	61.12	49.91	61.58	60.81	68.57	43.8	72.81	56.17	80.13	53.29	83.68	63.83
648	22.345	33.88	42.82	32.04	42.16	31.24	46.02	31.42	46.93	30.03	58.43	38.84	49.38	36.25	61.01	49.84	44.16	47.32	61.01	49.0	40.35	42.76	45.53	61.12	49.91	61.58	60.81	68.57	43.8	72.81	56.17	80.13	53.29	83.68	63.83
649	22.379	33.51	42.83	31.67	42.13	31.03	46.02	31.13	46.73	30.09	58.21	38.5	49.09	36.25	60.7	49.3	43.95	47.18	61.09	49.23	40.13	42.96	46.1	60.84	49.64	61.45	60.55	68.6	43.59	72.68	56.0	80.12	53.35	83.51	63.63
650	22.414	33.51	42.83	31.67	42.13	31.03	46.02	31.13	46.73	30.09	58.21	38.5	49.09	36.25	60.7	49.3	43.95	47.18	61.09	49.23	40.13	42.96	46.1	60.84	49.64	61.45	60.55	68.6	43.59	72.68	56.0	80.12	53.35	83.51	63.63
651	22.448	33.51	42.83	31.67	42.13	31.03	46.02	31.13	46.73	30.09	58.21	38.5	49.09	36.25	60.7	49.3	43.95	47.18	61.09	49.23	40.13	42.96	46.1	60.84	49.64	61.45	60.55	68.6	43.59	72.68	56.0	80.12	53.35	83.51	63.63
652	22.483	33.53	42.83	31.63	42.08	31.04	45.98	31.01	46.7	29.97	58.23	38.76	49.09	36.22	60.9	50.21	43.9	47.32	61.41	49.96	39.67	43.04	46.24	61.23	49.41	61.71	60.33	68.72	43.32	72.61	55.73	79.76	53.37	82.95	63.64
653	22.517	33.53	42.83	31.63	42.08	31.04	45.98	31.01	46.7	29.97	58.23	38.76	49.09	36.22	60.9	50.21	43.9	47.32	61.41	49.96	39.67	43.04	46.24	61.23	49.41	61.71	60.33	68.72	43.32	72.61	55.73	79.76	53.37	82.95	63.64
654	22.552	33.53	42.83	31.63	42.08	31.04	45.98	31.01	46.7	29.97	58.23	38.76	49.09	36.22	60.9	50.21	43.9	47.32	61.41	49.96	39.67	43.04	46.24	61.23	49.41	61.71	60.33	68.72	43.32	72.61	55.73	79.76	53.37	82.95	63.64
655	22.586	33.77	42.54	31.89	41.84	31.26	45.69	31.21	46.56	30.16	58.02	38.68	48.88	36.43	60.62	49.49	43.53	47.43	60.88	49.64	39.73	43.14	45.67	61.32	49.14	61.97	60.06	68.92	43.18	72.99	55.47	79.82	53.16	83.24	63.45
656	22.621	33.77	42.54	31.89	41.84	31.26	45.69	31.21	46.56	30.16	58.02	38.68	48.88	36.43	60.62	49.49	43.53	47.43	60.88	49.64	39.73	43.14	45.67	61.32	49.14	61.97	60.06	68.92	43.18	72.99	55.47	79.82	53.16	83.24	63.45
657	22.655	33.77	42.54	31.89	41.84	31.26	45.69	31.21	46.56	30.16	58.02	38.68	48.88	36.43	60.62	49.49	43.53	47.43	60.88	49.64	39.73	43.14	45.67	61.32	49.14	61.97	60.06	68.92	43.18	72.99	55.47	79.82	53.16	83.24	63.45
658	22.69	34.0	42.6	32.16	41.97	31.45	45.78	31.45	46.85	30.27	58.23	38.78	49.09	36.51	60.84	49.23	43.38	47.51	60.94	49.22	39.55	43.11	45.85	61.2	49.42	61.82	60.29	68.74	43.3	72.79	55.48	79.46	53.16	82.91	63.53
659	22.724	34.0	42.6	32.16	41.97	31.45	45.78	31.45	46.85	30.27	58.23	38.78	49.09	36.51	60.84	49.23	43.38	47.51	60.94	49.22	39.55	43.11	45.85	61.2	49.42	61.82	60.29	68.74	43.3	72.79	55.48	79.46	53.16	82.91	63.53
660	22.759	34.0	42.6	32.16	41.97	31.45	45.78	31.45	46.85	30.27	58.23	38.78	49.09	36.51	60.84	49.23	43.38	47.51	60.94	49.22	39.55	43.11	45.85	61.2	49.42	61.82	60.29	68.74	43.3	72.79	55.48	79.46	53.16	82.91	63.53
661	22.793	33.4	42.69	31.49	41.94	31.01	45.82	30.76	46.64	30.11	58.07	38.36	49.26	36.35	60.79	49.14	44.11	47.26	60.95	49.01	39.85	42.97	45.13	60.85	49.75	61.65	60.59	68.68	43.52	72.67	55.73	79.8	53.51	83.21	63.51
662	22.828	33.4	42.69	31.49	41.94	31.01	45.82	30.76	46.64	30.11	58.07	38.36	49.26	36.35	60.79	49.14	44.11	47.26	60.95	49.01	39.85	42.97	45.13	60.85	49.75	61.65	60.59	68.68	43.52	72.67	55.73	79.8	53.51	83.21	63.51
663	22.862	33.4	42.69	31.49	41.94	31.01	45.82	30.76	46.64	30.11	58.07	38.36	49.26	36.35	60.79	49.14	44.11	47.26	60.95	49.01	39.85	42.97	45.13	60.85	49.75	61.65	60.59	68.68	43.52	72.67	55.73	79.8	53.51	83.21	63.51
664	22.897	32.99	42.64	31.09	41.89	30.61	45.78	30.54	46.65	29.89	58.13	38.09	49.5	36.35	61.06	48.81	44.32	47.5	61.54	48.66	39.98	43.07	46.29	60.83	49.79	61.81	60.69	68.61	43.59	72.8	55.85	79.91	53.61	83.52	63.63
665	22.931	32.99	42.64	31.09	41.89	30.61	45.78	30.54	46.65	29.89	58.13	38.09	49.5	36.35	61.06	48.81	44.32	47.5	61.54	48.66	39.98	43.07	46.29	60.83	49.79	61.81	60.69	68.61	43.59	72.8	55.85	79.91	53.61	83.52	63.63
666	22.966	32.99	42.64	31.09	41.89	30.61	45.78	30.54	46.65	29.89	58.13	38.09	49.5	36.35	61.06	48.81	44.32	47.5	61.54	48.66	39.98	43.07	46.29	60.83	49.79	61.81	60.69	68.61	43.59	72.8	55.85	79.91	53.61	83.52	63.63
667	23.0	32.69	42.0	30.79	41.22	30.28	45.15	30.24	46.03	29.55	57.61	37.67	49.08	36.07	60.88	48.22	44.07	47.49	61.82	48.16	40.07	43.16	46.47	60.43	49.84	61.47	60.88	68.25	43.73	72.55	56.11	79.56	53.7	83.35	63.85
668	23.034	32.69	42.0	30.79	41.22	30.28	45.15	30.24	46.03	29.55	57.61	37.67	49.08	36.07	60.88	48.22	44.07	47.49	61.82	48.16	40.07	43.16	46.47	60.43	49.84	61.47	60.88	68.25	43.73	72.55	56.11	79.56	53.7	83.35	63.85
669	23.069	32.69	42.0	30.79	41.22	30.28	45.15	30.24	46.03	29.55	57.61	37.67	49.08	36.07	60.88	48.22	44.07	47.49	61.82	48.16	40.07	43.16	46.47	60.43	49.84	61.47	60.88	68.25	43.73	72.55	56.11	79.56	53.7	83.35	63.85
670	23.103	32.66	41.7	30.75	40.95	30.3	44.84	30.37	45.72	29.81	57.24	37.8	48.74	36.55	60.33	47.82	43.18	47.51	61.13	47.51	39.12	42.58	46.92	60.56	49.27	61.83	60.18	68.52	43.56	72.8	55.79	79.33	52.94	83.15	63.18
671	23.138	32.66	41.7	30.75	40.95	30.3	44.84	30.37	45.72	29.81	57.24	37.8	48.74	36.55	60.33	47.82	43.18	47.51	61.13	47.51	39.12	42.58	46.92	60.56	49.27	61.83	60.18	68.52	43.56	72.8	55.79	79.33	52.94	83.15	63.18
672	23.172	32.66	41.7	30.75	40.95	30.3	44.84	30.37	45.72	29.81	57.24	37.8	48.74	36.55	60.33	47.82	43.18	47.51	61.13	47.51	39.12	42.58	46.92	60.56	49.27	61.83	60.18	68.52	43.56	72.8	55.79	79.33	52.94	83.15	63.18
673	23.207	33.19	41.73	31.26	41.04	30.85	44.76	30.67	45.86	30.04	56.96	38.29	49.0	36.42	59.99	48.72	43.89	47.41	60.3	47.25	38.94	42.87	44.96	60.78	49.14	61.68	59.77	68.79	43.07	72.87	55.02	79.34	52.83	82.95	62.95
674	23.241	33.19	41.73	31.26	41.04	30.85	44.76	30.67	45.86	30.04	56.96	38.29	49.0	36.42	59.99	48.72	43.89	47.41	60.3	47.25	38.94	42.87	44.96	60.78	49.14	61.68	59.77	68.79	43.07	72.87	55.02	79.34	52.83	82.95	62.95
675	23.276	33.19	41.73	31.26	41.04	30.85	44.76	30.67	45.86	30.04	56.96	38.29	49.0	36.42	59.99	48.72	43.89	47.41	60.3	47.25	38.94	42.87	44.96	60.78	49.14	61.68	59.77	68.79	43.07	72.87	55.02	79.34	52.83	82.95	62.95
676	23.31	33.36	41.82	31.37	41.15	30.98	44.82	30.7	46.07	30.11	57.12	38.49	49.31	36.53	60.22	48.82	44.25	47.39	60.35	47.18	39.18	42.74	44.27	61.1	49.22	61.94	59.69	68.69	42.84	72.63	54.32	78.39	52.74	81.98	62.71
677	23.345	33.36	41.82	31.37	41.15	30.98	44.82	30.7	46.07	30.11	57.12	38.49	49.31	36.53	60.22	48.82	44.25	47.39	60.35	47.18	39.18	42.74	44.27	61.1	49.22	61.94	59.69	68.69	42.84	72.63	54.32	78.39	52.74	81.98	62.71
678	23.379	33.36	41.82	31.37	41.15	30.98	44.82	30.7	46.07	30.11	57.12	38.49	49.31	36.53	60.22	48.82	44.25	47.39	60.35	47.18	39.18	42.74	44.27	61.1	49.22	61.94	59.69	68.69	42.84	72.63	54.32	78.39	52.74	81.98	62.71
679	23.414	33.28	42.21	31.34	41.5	30.96	45.15	30.78	46.27	30.26	57.24	38.43	49.43	36.63	60.36	48.37	44.41	47.28	60.79	47.11	39.13	42.82	45.02	61.06	49.25	62.01	59.77	68.75	42.58	72.73	54.15	78.6	52.83	82.21	62.67
680	23.448	33.28	42.21	31.34	41.5	30.96	45.15	30.78	46.27	30.26	57.24	38.43	49.43	36.63	60.36	48.37	44.41	47.28	60.79	47.11	39.13	42.82	45.02	61.06	49.25	62.01	59.77	68.75	42.58	72.73	54.15	78.6	52.83	82.21	62.67
681	23.483	33.28	42.21	31.34	41.5	30.96	45.15	30.78	46.27	30.26	57.24	38.43	49.43	36.63	60.36	48.37	44.41	47.28	60.79	47.11	39.13	42.82	45.02	61.06	49.25	62.01	59.77	68.75	42.58	72.73	54.15	78.6	52.83	82.21	62.67
682	23.517	33.33	42.2	31.43	41.44	30.98	45.18	30.92	46.15	30.23	57.32	38.5	49.25	36.56	60.58	48.32	44.28	47.23	61.66	47.28	39.12	42.53	46.13	61.02	49.31	61.84	59.94	68.63	42.66	72.45	54.22	78.45	53.01	81.91	62.73
683	23.552	33.33	42.2	31.43	41.44	30.98	45.18	30.92	46.15	30.23	57.32	38.5	49.25	36.56	60.58	48.32	44.28	47.23	61.66	47.28	39.12	42.53	46.13	61.02	49.31	61.84	59.94	68.63	42.66	72.45	54.22	78.45	53.01	81.91	62.73
684	23.586	33.33	42.2	31.43	41.44	30.98	45.18	30.92	46.15	30.23	57.32	38.5	49.25	36.56	60.58	48.32	44.28	47.23	61.66	47.28	39.12	42.53	46.13	61.02	49.31	61.84	59.94	68.63	42.66	72.45	54.22	78.45	53.01	81.91	62.73
685	23.621	33.29	42.07	31.47	41.26	30.92	45.05	31.18	45.75	30.27	56.99	38.63	48.82	36.59	60.16	48.39	43.73	47.15	61.69	47.6	38.93	42.4	47.68	60.87	48.98	61.56	59.59	68.56	43.11	72.15	54.69	78.77	53.24	81.91	62.78
686	23.655	33.29	42.07	31.47	41.26	30.92	45.05	31.18	45.75	30.27	56.99	38.63	48.82	36.59	60.16	48.39	43.73	47.15	61.69	47.6	38.93	42.4	47.68	60.87	48.98	61.56	59.59	68.56	43.11	72.15	54.69	78.77	53.24	81.91	62.78
687	23.69	33.29	42.07	31.47	41.26	30.92	45.05	31.18	45.75	30.27	56.99	38.63	48.82	36.59	60.16	48.39	43.73	47.15	61.69	47.6	38.93	42.4	47.68	60.87	48.98	61.56	59.59	68.56	43.11	72.15	54.69	78.77	53.24	81.91	62.78
688	23.724	33.09	42.19	31.2	41.4	30.64	45.33	31.14	45.9	30.26	57.49	38.74	48.7	36.83	60.36	48.46	43.3	47.1	62.19	47.83	39.09	42.65	48.43	61.09	48.77	61.86	59.49	68.59	43.31	72.26	54.78	78.63	53.07	81.92	62.79
689	23.759	33.09	42.19	31.2	41.4	30.64	45.33	31.14	45.9	30.26	57.49	38.74	48.7	36.83	60.36	48.46	43.3	47.1	62.19	47.83	39.09	42.65	48.43	61.09	48.77	61.86	59.49	68.59	43.31	72.26	54.78	78.63	53.07	81.92	62.79
690	23.793	33.09	42.19	31.2	41.4	30.64	45.33	31.14	45.9	30.26	57.49	38.74	48.7	36.83	60.36	48.46	43.3	47.1	62.19	47.83	39.09	42.65	48.43	61.09	48.77	61.86	59.49	68.59	43.31	72.26	54.78	78.63	53.07	81.92	62.79
691	23.828	33.1	42.25	31.24	41.4	30.56	45.39	31.28	45.77	30.13	57.54	38.94	48.47	36.79	60.42	48.79	43.11	47.09	62.63	48.26	39.35	42.63	49.3	61.28	48.78	61.93	59.6	68.73	43.11	72.47	54.62	78.76	53.28	82.13	62.97
692	23.862	33.1	42.25	31.24	41.4	30.56	45.39	31.28	45.77	30.13	57.54	38.94	48.47	36.79	60.42	48.79	43.11	47.09	62.63	48.26	39.35	42.63	49.3	61.28	48.78	61.93	59.6	68.73	43.11	72.47	54.62	78.76	53.28	82.13	62.97
693	23.897	33.1	42.25	31.24	41.4	30.56	45.39	31.28	45.77	30.13	57.54	38.94	48.47	36.79	60.42	48.79	43.11	47.09	62.63	48.26	39.35	42.63	49.3	61.28	48.78	61.93	59.6	68.73	43.11	72.47	54.62	78.76	53.28	82.13	62.97
694	23.931	33.18	42.06	31.31	41.26	30.65	45.26	31.22	45.76	30.15	57.54	38.83	48.42	36.71	60.38	48.76	42.99	47.1	62.21	48.38	39.48	42.77	48.41	61.11	48.9	61.78	59.73	68.5	43.06	72.37	54.65	78.66	53.31	82.22	63.06
695	23.966	33.18	42.06	31.31	41.26	30.65	45.26	31.22	45.76	30.15	57.54	38.83	48.42	36.71	60.38	48.76	42.99	47.1	62.21	48.38	39.48	42.77	48.41	61.11	48.9	61.78	59.73	68.5	43.06	72.37	54.65	78.66	53.31	82.22	63.06
696	24.0	33.18	42.06	31.31	41.26	30.65	45.26	31.22	45.76	30.15	57.54	38.83	48.42	36.71	60.38	48.76	42.99	47.1	62.21	48.38	39.48	42.77	48.41	61.11	48.9	61.78	59.73	68.5	43.06	72.37	54.65	78.66	53.31	82.22	63.06
697	24.034	33.3	42.27	31.45	41.44	30.79	45.45	31.32	45.84	30.23	57.59	38.75	48.61	36.6	60.47	48.43	43.37	47.01	62.4	48.31	39.56	43.15	48.7	61.02	48.88	61.6	59.72	68.58	43.22	72.21	54.85	79.04	53.6	82.25	63.13
698	24.069	33.3	42.27	31.45	41.44	30.79	45.45	31.32	45.84	30.23	57.59	38.75	48.61	36.6	60.47	48.43	43.37	47.01	62.4	48.31	39.56	43.15	48.7	61.02	48.88	61.6	59.72	68.58	43.22	72.21	54.85	79.04	53.6	82.25	63.13
699	24.103	33.3	42.27	31.45	41.44	30.79	45.45	31.32	45.84	30.23	57.59	38.75	48.61	36.6	60.47	48.43	43.37	47.01	62.4	48.31	39.56	43.15	48.7	61.02	48.88	61.6	59.72	68.58	43.22	72.21	54.85	79.04	53.6	82.25	63.13
700	24.138	33.1	42.29	31.25	41.47	30.63	45.47	31.22	45.85	30.23	57.6	38.73	48.57	36.67	60.56	48.57	43.01	47.05	62.64	48.3	39.27	43.04	49.29	61.08	48.99	61.75	59.9	68.5	43.15	72.29	54.92	78.94	53.3	82.33	62.99
701	24.172	33.1	42.29	31.25	41.47	30.63	45.47	31.22	45.85	30.23	57.6	38.73	48.57	36.67	60.56	48.57	43.01	47.05	62.64	48.3	39.27	43.04	49.29	61.08	48.99	61.75	59.9	68.5	43.15	72.29	54.92	78.94	53.3	82.33	62.99
702	24.207	33.1	42.29	31.25	41.47	30.63	45.47	31.22	45.85	30.23	57.6	38.73	48.57	36.67	60.56	48.57	43.01	47.05	62.64	48.3	39.27	43.04	49.29	61.08	48.99	61.75	59.9	68.5	43.15	72.29	54.92	78.94	53.3	82.33	62.99
703	24.241	33.14	41.87	31.17	41.12	30.63	45.08	30.84	45.69	30.03	57.39	38.76	48.4	36.65	60.14	49.48	43.16	47.31	61.67	48.26	39.52	42.33	47.21	61.15	49.1	61.83	59.81	68.53	43.17	72.23	54.58	78.91	53.24	82.16	62.88
704	24.276	33.14	41.87	31.17	41.12	30.63	45.08	30.84	45.69	30.03	57.39	38.76	48.4	36.65	60.14	49.48	43.16	47.31	61.67	48.26	39.52	42.33	47.21	61.15	49.1	61.83	59.81	68.53	43.17	72.23	54.58	78.91	53.24	82.16	62.88
705	24.31	33.14	41.87	31.17	41.12	30.63	45.08	30.84	45.69	30.03	57.39	38.76	48.4	36.65	60.14	49.48	43.16	47.31	61.67	48.26	39.52	42.33	47.21	61.15	49.1	61.83	59.81	68.53	43.17	72.23	54.58	78.91	53.24	82.16	62.88
706	24.345	33.31	41.9	31.37	41.11	30.73	45.14	31.16	45.65	30.08	57.5	39.0	48.42	36.77	60.22	49.15	42.75	47.36	61.58	47.3	38.9	42.42	47.48	61.26	48.81	61.85	59.56	68.72	42.96	72.36	54.43	79.01	53.09	82.15	62.86
707	24.379	33.31	41.9	31.37	41.11	30.73	45.14	31.16	45.65	30.08	57.5	39.0	48.42	36.77	60.22	49.15	42.75	47.36	61.58	47.3	38.9	42.42	47.48	61.26	48.81	61.85	59.56	68.72	42.96	72.36	54.43	79.01	53.09	82.15	62.86
708	24.414	33.31	41.9	31.37	41.11	30.73	45.14	31.16	45.65	30.08	57.5	39.0	48.42	36.77	60.22	49.15	42.75	47.36	61.58	47.3	38.9	42.42	47.48	61.26	48.81	61.85	59.56	68.72	42.96	72.36	54.43	79.01	53.09	82.15	62.86
709	24.448	33.58	42.08	31.73	41.37	31.13	45.18	31.41	45.99	30.39	57.31	38.91	48.75	36.66	60.16	48.84	43.39	47.22	61.22	47.26	39.15	42.34	46.57	60.83	48.89	61.41	59.52	68.66	43.22	72.36	54.83	78.91	53.33	82.21	63.15
710	24.483	33.58	42.08	31.73	41.37	31.13	45.18	31.41	45.99	30.39	57.31	38.91	48.75	36.66	60.16	48.84	43.39	47.22	61.22	47.26	39.15	42.34	46.57	60.83	48.89	61.41	59.52	68.66	43.22	72.36	54.83	78.91	53.33	82.21	63.15
711	24.517	33.58	42.08	31.73	41.37	31.13	45.18	31.41	45.99	30.39	57.31	38.91	48.75	36.66	60.16	48.84	43.39	47.22	61.22	47.26	39.15	42.34	46.57	60.83	48.89	61.41	59.52	68.66	43.22	72.36	54.83	78.91	53.33	82.21	63.15
712	24.552	33.4	42.24	31.69	41.54	30.9	45.26	31.73	46.22	30.26	57.36	39.21	49.14	36.58	60.55	49.46	43.4	47.4	61.54	47.42	39.05	42.3	46.62	61.12	49.07	61.47	59.68	68.68	43.17	72.4	54.8	79.3	53.54	82.4	63.39
713	24.586	33.4	42.24	31.69	41.54	30.9	45.26	31.73	46.22	30.26	57.36	39.21	49.14	36.58	60.55	49.46	43.4	47.4	61.54	47.42	39.05	42.3	46.62	61.12	49.07	61.47	59.68	68.68	43.17	72.4	54.8	79.3	53.54	82.4	63.39
714	24.621	33.4	42.24	31.69	41.54	30.9	45.26	31.73	46.22	30.26	57.36	39.21	49.14	36.58	60.55	49.46	43.4	47.4	61.54	47.42	39.05	42.3	46.62	61.12	49.07	61.47	59.68	68.68	43.17	72.4	54.8	79.3	53.54	82.4	63.39
715	24.655	33.41	42.02	31.57	41.28	31.11	45.05	31.14	45.88	30.43	57.05	38.62	48.8	36.58	60.1	48.49	43.45	47.14	61.21	47.2	39.05	42.42	46.74	60.73	49.13	61.44	59.79	68.69	43.39	72.33	55.09	79.3	53.39	82.5	63.01
716	24.69	33.41	42.02	31.57	41.28	31.11	45.05	31.14	45.88	30.43	57.05	38.62	48.8	36.58	60.1	48.49	43.45	47.14	61.21	47.2	39.05	42.42	46.74	60.73	49.13	61.44	59.79	68.69	43.39	72.33	55.09	79.3	53.39	82.5	63.01
717	24.724	33.41	42.02	31.57	41.28	31.11	45.05	31.14	45.88	30.43	57.05	38.62	48.8	36.58	60.1	48.49	43.45	47.14	61.21	47.2	39.05	42.42	46.74	60.73	49.13	61.44	59.79	68.69	43.39	72.33	55.09	79.3	53.39	82.5	63.01
718	24.759	33.51	42.12	31.63	41.4	31.14	45.21	31.14	46.07	30.35	57.33	38.64	48.93	36.53	60.17	48.52	43.73	47.14	61.11	47.13	39.07	42.57	46.25	60.73	49.27	61.36	59.86	68.53	43.52	72.16	55.1	79.06	53.33	82.26	63.02
719	24.793	33.51	42.12	31.63	41.4	31.14	45.21	31.14	46.07	30.35	57.33	38.64	48.93	36.53	60.17	48.52	43.73	47.14	61.11	47.13	39.07	42.57	46.25	60.73	49.27	61.36	59.86	68.53	43.52	72.16	55.1	79.06	53.33	82.26	63.02
720	24.828	33.51	42.12	31.63	41.4	31.14	45.21	31.14	46.07	30.35	57.33	38.64	48.93	36.53	60.17	48.52	43.73	47.14	61.11	47.13	39.07	42.57	46.25	60.73	49.27	61.36	59.86	68.53	43.52	72.16	55.1	79.06	53.33	82.26	63.02
721	24.862	33.39	42.02	31.48	41.28	31.01	45.13	30.97	45.94	30.25	57.32	38.4	48.9	36.54	60.27	48.23	43.73	47.15	61.24	47.2	39.04	42.61	46.09	60.92	49.2	61.73	59.95	68.68	43.45	72.61	55.19	79.25	53.24	82.77	63.02
722	24.897	33.39	42.02	31.48	41.28	31.01	45.13	30.97	45.94	30.25	57.32	38.4	48.9	36.54	60.27	48.23	43.73	47.15	61.24	47.2	39.04	42.61	46.09	60.92	49.2	61.73	59.95	68.68	43.45	72.61	55.19	79.25	53.24	82.77	63.02
723	24.931	33.39	42.02	31.48	41.28	31.01	45.13	30.97	45.94	30.25	57.32	38.4	48.9	36.54	60.27	48.23	43.73	47.15	61.24	47.2	39.04	42.61	46.09	60.92	49.2	61.73	59.95	68.68	43.45	72.61	55.19	79.25	53.24	82.77	63.02
724	24.966	33.31	42.0	31.42	41.28	30.91	45.16	30.9	45.94	30.12	57.39	38.31	48.71	36.39	60.19	48.19	43.38	47.0	60.92	47.12	39.21	42.32	45.84	60.55	49.18	61.35	59.98	68.3	43.71	72.4	55.61	79.08	53.11	82.84	63.05
725	25.0	33.31	42.0	31.42	41.28	30.91	45.16	30.9	45.94	30.12	57.39	38.31	48.71	36.39	60.19	48.19	43.38	47.0	60.92	47.12	39.21	42.32	45.84	60.55	49.18	61.35	59.98	68.3	43.71	72.4	55.61	79.08	53.11	82.84	63.05
726	25.034	33.31	42.0	31.42	41.28	30.91	45.16	30.9	45.94	30.12	57.39	38.31	48.71	36.39	60.19	48.19	43.38	47.0	60.92	47.12	39.21	42.32	45.84	60.55	49.18	61.35	59.98	68.3	43.71	72.4	55.61	79.08	53.11	82.84	63.05
727	25.069	33.07	42.04	31.2	41.31	30.67	45.24	30.77	45.98	30.04	57.56	38.05	48.61	36.44	60.37	47.63	42.85	47.03	61.19	46.96	38.88	42.16	46.23	60.4	49.31	61.37	60.25	68.16	43.74	72.34	55.78	78.89	52.96	82.7	63.04
728	25.103	33.07	42.04	31.2	41.31	30.67	45.24	30.77	45.98	30.04	57.56	38.05	48.61	36.44	60.37	47.63	42.85	47.03	61.19	46.96	38.88	42.16	46.23	60.4	49.31	61.37	60.25	68.16	43.74	72.34	55.78	78.89	52.96	82.7	63.04
729	25.138	33.07	42.04	31.2	41.31	30.67	45.24	30.77	45.98	30.04	57.56	38.05	48.61	36.44	60.37	47.63	42.85	47.03	61.19	46.96	38.88	42.16	46.23	60.4	49.31	61.37	60.25	68.16	43.74	72.34	55.78	78.89	52.96	82.7	63.04
730	25.172	33.21	42.18	31.32	41.47	30.81	45.4	30.81	46.14	30.1	57.72	38.09	48.72	36.42	60.45	47.84	42.95	47.02	61.19	47.02	39.02	42.22	46.54	60.29	49.35	61.24	60.29	68.14	43.91	72.32	56.06	78.91	52.94	82.77	63.21
731	25.207	33.21	42.18	31.32	41.47	30.81	45.4	30.81	46.14	30.1	57.72	38.09	48.72	36.42	60.45	47.84	42.95	47.02	61.19	47.02	39.02	42.22	46.54	60.29	49.35	61.24	60.29	68.14	43.91	72.32	56.06	78.91	52.94	82.77	63.21
732	25.241	33.21	42.18	31.32	41.47	30.81	45.4	30.81	46.14	30.1	57.72	38.09	48.72	36.42	60.45	47.84	42.95	47.02	61.19	47.02	39.02	42.22	46.54	60.29	49.35	61.24	60.29	68.14	43.91	72.32	56.06	78.91	52.94	82.77	63.21
733	25.276	33.32	42.38	31.42	41.65	30.87	45.59	30.9	46.3	30.08	57.87	38.24	49.12	36.29	60.55	48.1	43.94	46.91	61.34	46.81	39.71	42.47	46.34	60.36	49.69	61.1	60.49	68.05	44.4	72.1	56.3	79.26	53.13	82.93	63.19
734	25.31	33.32	42.38	31.42	41.65	30.87	45.59	30.9	46.3	30.08	57.87	38.24	49.12	36.29	60.55	48.1	43.94	46.91	61.34	46.81	39.71	42.47	46.34	60.36	49.69	61.1	60.49	68.05	44.4	72.1	56.3	79.26	53.13	82.93	63.19
735	25.345	33.32	42.38	31.42	41.65	30.87	45.59	30.9	46.3	30.08	57.87	38.24	49.12	36.29	60.55	48.1	43.94	46.91	61.34	46.81	39.71	42.47	46.34	60.36	49.69	61.1	60.49	68.05	44.4	72.1	56.3	79.26	53.13	82.93	63.19
736	25.379	33.43	42.23	31.58	41.48	30.99	45.4	31.12	46.12	30.18	57.64	38.44	48.93	36.37	60.52	48.21	43.66	47.01	61.33	46.65	39.84	42.47	46.02	60.62	49.66	61.29	60.55	68.26	44.16	72.31	56.29	79.49	53.22	83.12	63.41
737	25.414	33.43	42.23	31.58	41.48	30.99	45.4	31.12	46.12	30.18	57.64	38.44	48.93	36.37	60.52	48.21	43.66	47.01	61.33	46.65	39.84	42.47	46.02	60.62	49.66	61.29	60.55	68.26	44.16	72.31	56.29	79.49	53.22	83.12	63.41
738	25.448	33.43	42.23	31.58	41.48	30.99	45.4	31.12	46.12	30.18	57.64	38.44	48.93	36.37	60.52	48.21	43.66	47.01	61.33	46.65	39.84	42.47	46.02	60.62	49.66	61.29	60.55	68.26	44.16	72.31	56.29	79.49	53.22	83.12	63.41
739	25.483	33.43	42.19	31.57	41.43	31.02	45.37	31.14	46.04	30.28	57.58	38.43	48.88	36.41	60.45	48.09	43.59	47.03	61.47	46.68	39.45	42.72	46.54	60.57	49.62	61.25	60.5	68.32	44.13	72.3	56.26	79.52	53.21	83.11	63.37
740	25.517	33.43	42.19	31.57	41.43	31.02	45.37	31.14	46.04	30.28	57.58	38.43	48.88	36.41	60.45	48.09	43.59	47.03	61.47	46.68	39.45	42.72	46.54	60.57	49.62	61.25	60.5	68.32	44.13	72.3	56.26	79.52	53.21	83.11	63.37
741	25.552	33.43	42.19	31.57	41.43	31.02	45.37	31.14	46.04	30.28	57.58	38.43	48.88	36.41	60.45	48.09	43.59	47.03	61.47	46.68	39.45	42.72	46.54	60.57	49.62	61.25	60.5	68.32	44.13	72.3	56.26	79.52	53.21	83.11	63.37
742	25.586	33.42	41.96	31.6	41.21	31.01	45.12	31.21	45.83	30.23	57.32	38.55	48.59	36.34	60.3	48.37	43.06	47.07	61.51	46.69	39.06	42.42	47.01	60.61	49.47	61.18	60.39	68.35	43.97	72.26	56.13	79.54	53.37	83.03	63.51
743	25.621	33.42	41.96	31.6	41.21	31.01	45.12	31.21	45.83	30.23	57.32	38.55	48.59	36.34	60.3	48.37	43.06	47.07	61.51	46.69	39.06	42.42	47.01	60.61	49.47	61.18	60.39	68.35	43.97	72.26	56.13	79.54	53.37	83.03	63.51
744	25.655	33.42	41.96	31.6	41.21	31.01	45.12	31.21	45.83	30.23	57.32	38.55	48.59	36.34	60.3	48.37	43.06	47.07	61.51	46.69	39.06	42.42	47.01	60.61	49.47	61.18	60.39	68.35	43.97	72.26	56.13	79.54	53.37	83.03	63.51
745	25.69	33.38	41.81	31.57	41.09	30.96	44.93	31.18	45.72	30.2	57.06	38.38	48.57	36.37	59.97	47.91	43.55	47.05	61.21	46.26	39.34	42.23	46.36	60.62	49.4	61.32	60.21	68.39	44.08	72.43	56.09	79.61	53.16	83.24	63.3
746	25.724	33.38	41.81	31.57	41.09	30.96	44.93	31.18	45.72	30.2	57.06	38.38	48.57	36.37	59.97	47.91	43.55	47.05	61.21	46.26	39.34	42.23	46.36	60.62	49.4	61.32	60.21	68.39	44.08	72.43	56.09	79.61	53.16	83.24	63.3
747	25.759	33.38	41.81	31.57	41.09	30.96	44.93	31.18	45.72	30.2	57.06	38.38	48.57	36.37	59.97	47.91	43.55	47.05	61.21	46.26	39.34	42.23	46.36	60.62	49.4	61.32	60.21	68.39	44.08	72.43	56.09	79.61	53.16	83.24	63.3
748	25.793	33.3	41.63	31.48	40.9	30.9	44.73	31.05	45.58	30.15	56.92	38.24	48.52	36.36	60.0	47.75	43.5	47.14	61.4	46.34	39.21	42.35	46.49	60.69	49.45	61.46	60.32	68.48	44.04	72.5	56.09	79.63	53.13	83.24	63.27
749	25.828	33.3	41.63	31.48	40.9	30.9	44.73	31.05	45.58	30.15	56.92	38.24	48.52	36.36	60.0	47.75	43.5	47.14	61.4	46.34	39.21	42.35	46.49	60.69	49.45	61.46	60.32	68.48	44.04	72.5	56.09	79.63	53.13	83.24	63.27
750	25.862	33.3	41.63	31.48	40.9	30.9	44.73	31.05	45.58	30.15	56.92	38.24	48.52	36.36	60.0	47.75	43.5	47.14	61.4	46.34	39.21	42.35	46.49	60.69	49.45	61.46	60.32	68.48	44.04	72.5	56.09	79.63	53.13	83.24	63.27
751	25.897	33.16	41.75	31.3	40.98	30.78	44.83	30.86	45.58	30.09	56.97	38.07	48.64	36.32	60.06	47.59	43.71	47.07	61.63	46.35	39.37	42.75	47.21	60.66	49.44	61.51	60.33	68.43	44.27	72.51	56.32	79.71	53.24	83.4	63.35
752	25.931	33.16	41.75	31.3	40.98	30.78	44.83	30.86	45.58	30.09	56.97	38.07	48.64	36.32	60.06	47.59	43.71	47.07	61.63	46.35	39.37	42.75	47.21	60.66	49.44	61.51	60.33	68.43	44.27	72.51	56.32	79.71	53.24	83.4	63.35
753	25.966	33.16	41.75	31.3	40.98	30.78	44.83	30.86	45.58	30.09	56.97	38.07	48.64	36.32	60.06	47.59	43.71	47.07	61.63	46.35	39.37	42.75	47.21	60.66	49.44	61.51	60.33	68.43	44.27	72.51	56.32	79.71	53.24	83.4	63.35
754	26.0	33.07	41.78	31.22	41.02	30.66	44.89	30.74	45.66	29.93	57.1	37.83	48.6	36.2	60.12	47.23	43.53	47.07	61.54	46.28	39.38	42.61	46.89	60.53	49.49	61.43	60.45	68.37	44.29	72.51	56.36	79.6	53.09	83.35	63.23
755	26.034	33.07	41.78	31.22	41.02	30.66	44.89	30.74	45.66	29.93	57.1	37.83	48.6	36.2	60.12	47.23	43.53	47.07	61.54	46.28	39.38	42.61	46.89	60.53	49.49	61.43	60.45	68.37	44.29	72.51	56.36	79.6	53.09	83.35	63.23
756	26.069	33.07	41.78	31.22	41.02	30.66	44.89	30.74	45.66	29.93	57.1	37.83	48.6	36.2	60.12	47.23	43.53	47.07	61.54	46.28	39.38	42.61	46.89	60.53	49.49	61.43	60.45	68.37	44.29	72.51	56.36	79.6	53.09	83.35	63.23
757	26.103	33.21	41.83	31.39	41.07	30.93	44.88	30.85	45.64	30.23	56.86	37.84	48.58	36.24	60.0	47.38	43.58	46.99	61.53	46.55	39.47	42.78	46.93	60.2	49.36	61.15	60.27	68.22	44.12	72.32	56.3	79.63	53.2	83.27	63.23
758	26.138	33.21	41.83	31.39	41.07	30.93	44.88	30.85	45.64	30.23	56.86	37.84	48.58	36.24	60.0	47.38	43.58	46.99	61.53	46.55	39.47	42.78	46.93	60.2	49.36	61.15	60.27	68.22	44.12	72.32	56.3	79.63	53.2	83.27	63.23
759	26.172	33.21	41.83	31.39	41.07	30.93	44.88	30.85	45.64	30.23	56.86	37.84	48.58	36.24	60.0	47.38	43.58	46.99	61.53	46.55	39.47	42.78	46.93	60.2	49.36	61.15	60.27	68.22	44.12	72.32	56.3	79.63	53.2	83.27	63.23
760	26.207	33.22	41.76	31.4	41.02	30.86	44.83	30.95	45.67	30.17	56.95	38.06	48.61	36.32	60.17	47.64	43.24	47.06	61.59	46.55	39.24	42.49	47.23	60.43	49.41	61.31	60.32	68.28	43.95	72.4	56.07	79.45	53.07	83.15	63.16
761	26.241	33.22	41.76	31.4	41.02	30.86	44.83	30.95	45.67	30.17	56.95	38.06	48.61	36.32	60.17	47.64	43.24	47.06	61.59	46.55	39.24	42.49	47.23	60.43	49.41	61.31	60.32	68.28	43.95	72.4	56.07	79.45	53.07	83.15	63.16
762	26.276	33.22	41.76	31.4	41.02	30.86	44.83	30.95	45.67	30.17	56.95	38.06	48.61	36.32	60.17	47.64	43.24	47.06	61.59	46.55	39.24	42.49	47.23	60.43	49.41	61.31	60.32	68.28	43.95	72.4	56.07	79.45	53.07	83.15	63.16
763	26.31	33.21	41.59	31.43	40.87	30.81	44.67	31.04	45.59	30.1	56.89	38.11	48.53	36.37	60.17	47.57	43.06	47.25	61.51	46.4	39.04	42.51	46.95	60.59	49.44	61.46	60.4	68.4	43.78	72.63	55.98	79.53	53.12	83.31	63.32
764	26.345	33.21	41.59	31.43	40.87	30.81	44.67	31.04	45.59	30.1	56.89	38.11	48.53	36.37	60.17	47.57	43.06	47.25	61.51	46.4	39.04	42.51	46.95	60.59	49.44	61.46	60.4	68.4	43.78	72.63	55.98	79.53	53.12	83.31	63.32
765	26.379	33.21	41.59	31.43	40.87	30.81	44.67	31.04	45.59	30.1	56.89	38.11	48.53	36.37	60.17	47.57	43.06	47.25	61.51	46.4	39.04	42.51	46.95	60.59	49.44	61.46	60.4	68.4	43.78	72.63	55.98	79.53	53.12	83.31	63.32
766	26.414	33.3	41.81	31.49	41.08	30.88	44.89	31.08	45.8	30.09	57.11	38.31	48.84	36.32	60.32	47.89	43.59	47.17	61.64	46.38	39.2	42.37	47.14	60.72	49.69	61.45	60.53	68.43	43.99	72.54	55.95	79.47	53.23	83.2	63.26
767	26.448	33.3	41.81	31.49	41.08	30.88	44.89	31.08	45.8	30.09	57.11	38.31	48.84	36.32	60.32	47.89	43.59	47.17	61.64	46.38	39.2	42.37	47.14	60.72	49.69	61.45	60.53	68.43	43.99	72.54	55.95	79.47	53.23	83.2	63.26
768	26.483	33.3	41.81	31.49	41.08	30.88	44.89	31.08	45.8	30.09	57.11	38.31	48.84	36.32	60.32	47.89	43.59	47.17	61.64	46.38	39.2	42.37	47.14	60.72	49.69	61.45	60.53	68.43	43.99	72.54	55.95	79.47	53.23	83.2	63.26
769	26.517	33.21	41.71	31.42	40.95	30.82	44.87	31.09	45.55	30.16	57.05	38.31	48.39	36.38	60.15	47.62	42.9	47.12	61.46	46.2	39.12	42.61	46.71	60.54	49.43	61.26	60.41	68.28	44.03	72.27	56.24	79.48	53.22	83.08	63.28
770	26.552	33.21	41.71	31.42	40.95	30.82	44.87	31.09	45.55	30.16	57.05	38.31	48.39	36.38	60.15	47.62	42.9	47.12	61.46	46.2	39.12	42.61	46.71	60.54	49.43	61.26	60.41	68.28	44.03	72.27	56.24	79.48	53.22	83.08	63.28
771	26.586	33.21	41.71	31.42	40.95	30.82	44.87	31.09	45.55	30.16	57.05	38.31	48.39	36.38	60.15	47.62	42.9	47.12	61.46	46.2	39.12	42.61	46.71	60.54	49.43	61.26	60.41	68.28	44.03	72.27	56.24	79.48	53.22	83.08	63.28
772	26.621	33.15	41.7	31.36	40.94	30.76	44.88	31.03	45.54	30.12	57.09	38.22	48.36	36.42	60.13	47.5	42.73	47.17	61.4	46.23	39.08	42.71	47.36	60.49	49.33	61.28	60.33	68.25	43.94	72.3	56.25	79.54	52.98	83.11	63.15
773	26.655	33.15	41.7	31.36	40.94	30.76	44.88	31.03	45.54	30.12	57.09	38.22	48.36	36.42	60.13	47.5	42.73	47.17	61.4	46.23	39.08	42.71	47.36	60.49	49.33	61.28	60.33	68.25	43.94	72.3	56.25	79.54	52.98	83.11	63.15
774	26.69	33.15	41.7	31.36	40.94	30.76	44.88	31.03	45.54	30.12	57.09	38.22	48.36	36.42	60.13	47.5	42.73	47.17	61.4	46.23	39.08	42.71	47.36	60.49	49.33	61.28	60.33	68.25	43.94	72.3	56.25	79.54	52.98	83.11	63.15
775	26.724	33.19	41.6	31.43	40.93	30.78	44.7	31.19	45.68	30.14	56.89	38.53	48.58	36.47	59.96	48.11	43.13	47.26	61.14	46.52	39.05	42.38	46.93	60.71	49.36	61.37	60.08	68.39	43.93	72.33	55.84	79.38	52.93	82.92	62.97
776	26.759	33.19	41.6	31.43	40.93	30.78	44.7	31.19	45.68	30.14	56.89	38.53	48.58	36.47	59.96	48.11	43.13	47.26	61.14	46.52	39.05	42.38	46.93	60.71	49.36	61.37	60.08	68.39	43.93	72.33	55.84	79.38	52.93	82.92	62.97
777	26.793	33.19	41.6	31.43	40.93	30.78	44.7	31.19	45.68	30.14	56.89	38.53	48.58	36.47	59.96	48.11	43.13	47.26	61.14	46.52	39.05	42.38	46.93	60.71	49.36	61.37	60.08	68.39	43.93	72.33	55.84	79.38	52.93	82.92	62.97
778	26.828	33.24	41.61	31.45	40.9	30.87	44.67	31.09	45.55	30.17	56.75	38.45	48.42	36.42	59.83	48.29	43.18	47.2	61.25	46.79	39.25	42.5	47.18	60.6	49.26	61.31	60.01	68.28	43.87	72.25	55.84	79.29	52.94	82.84	62.98
779	26.862	33.24	41.61	31.45	40.9	30.87	44.67	31.09	45.55	30.17	56.75	38.45	48.42	36.42	59.83	48.29	43.18	47.2	61.25	46.79	39.25	42.5	47.18	60.6	49.26	61.31	60.01	68.28	43.87	72.25	55.84	79.29	52.94	82.84	62.98
780	26.897	33.24	41.61	31.45	40.9	30.87	44.67	31.09	45.55	30.17	56.75	38.45	48.42	36.42	59.83	48.29	43.18	47.2	61.25	46.79	39.25	42.5	47.18	60.6	49.26	61.31	60.01	68.28	43.87	72.25	55.84	79.29	52.94	82.84	62.98
781	26.931	33.23	41.71	31.45	41.0	30.85	44.76	31.02	45.61	30.1	56.8	38.19	48.5	36.29	59.8	47.96	43.36	47.17	61.03	46.71	39.48	42.51	46.77	60.55	49.26	61.31	60.05	68.52	43.89	72.6	55.89	79.76	53.02	83.4	63.0
782	26.966	33.23	41.71	31.45	41.0	30.85	44.76	31.02	45.61	30.1	56.8	38.19	48.5	36.29	59.8	47.96	43.36	47.17	61.03	46.71	39.48	42.51	46.77	60.55	49.26	61.31	60.05	68.52	43.89	72.6	55.89	79.76	53.02	83.4	63.0
783	27.0	33.23	41.71	31.45	41.0	30.85	44.76	31.02	45.61	30.1	56.8	38.19	48.5	36.29	59.8	47.96	43.36	47.17	61.03	46.71	39.48	42.51	46.77	60.55	49.26	61.31	60.05	68.52	43.89	72.6	55.89	79.76	53.02	83.4	63.0
784	27.034	33.34	41.74	31.61	41.0	30.96	44.81	31.33	45.54	30.36	56.83	38.28	48.14	36.5	59.85	47.41	42.46	47.06	61.39	46.59	39.17	42.73	47.16	60.63	49.12	61.43	60.1	68.52	43.81	72.59	55.95	79.74	52.84	83.32	62.93
785	27.069	33.34	41.74	31.61	41.0	30.96	44.81	31.33	45.54	30.36	56.83	38.28	48.14	36.5	59.85	47.41	42.46	47.06	61.39	46.59	39.17	42.73	47.16	60.63	49.12	61.43	60.1	68.52	43.81	72.59	55.95	79.74	52.84	83.32	62.93
786	27.103	33.34	41.74	31.61	41.0	30.96	44.81	31.33	45.54	30.36	56.83	38.28	48.14	36.5	59.85	47.41	42.46	47.06	61.39	46.59	39.17	42.73	47.16	60.63	49.12	61.43	60.1	68.52	43.81	72.59	55.95	79.74	52.84	83.32	62.93
787	27.138	33.31	41.67	31.58	40.91	30.93	44.72	31.34	45.43	30.36	56.72	38.39	48.0	36.58	59.79	47.61	42.47	47.11	61.52	46.74	39.2	42.59	47.16	60.78	49.09	61.57	60.06	68.58	43.71	72.57	55.83	79.75	52.97	83.17	63.02
788	27.172	33.31	41.67	31.58	40.91	30.93	44.72	31.34	45.43	30.36	56.72	38.39	48.0	36.58	59.79	47.61	42.47	47.11	61.52	46.74	39.2	42.59	47.16	60.78	49.09	61.57	60.06	68.58	43.71	72.57	55.83	79.75	52.97	83.17	63.02
789	27.207	33.31	41.67	31.58	40.91	30.93	44.72	31.34	45.43	30.36	56.72	38.39	48.0	36.58	59.79	47.61	42.47	47.11	61.52	46.74	39.2	42.59	47.16	60.78	49.09	61.57	60.06	68.58	43.71	72.57	55.83	79.75	52.97	83.17	63.02
790	27.241	33.27	41.53	31.54	40.79	30.88	44.62	31.29	45.33	30.27	56.68	38.33	47.97	36.53	59.72	47.64	42.38	47.2	61.27	46.71	39.16	42.42	47.19	60.68	49.1	61.45	60.06	68.54	43.72	72.51	55.88	79.8	52.96	83.2	63.02
791	27.276	33.27	41.53	31.54	40.79	30.88	44.62	31.29	45.33	30.27	56.68	38.33	47.97	36.53	59.72	47.64	42.38	47.2	61.27	46.71	39.16	42.42	47.19	60.68	49.1	61.45	60.06	68.54	43.72	72.51	55.88	79.8	52.96	83.2	63.02
792	27.31	33.27	41.53	31.54	40.79	30.88	44.62	31.29	45.33	30.27	56.68	38.33	47.97	36.53	59.72	47.64	42.38	47.2	61.27	46.71	39.16	42.42	47.19	60.68	49.1	61.45	60.06	68.54	43.72	72.51	55.88	79.8	52.96	83.2	63.02
793	27.345	33.44	41.6	31.69	40.87	31.01	44.73	31.3	45.44	30.27	56.84	38.37	48.07	36.49	59.7	47.65	42.29	47.22	60.71	46.62	39.04	42.56	46.54	60.57	49.15	61.31	60.05	68.6	43.61	72.61	55.64	79.8	53.05	83.33	63.01
794	27.379	33.44	41.6	31.69	40.87	31.01	44.73	31.3	45.44	30.27	56.84	38.37	48.07	36.49	59.7	47.65	42.29	47.22	60.71	46.62	39.04	42.56	46.54	60.57	49.15	61.31	60.05	68.6	43.61	72.61	55.64	79.8	53.05	83.33	63.01
795	27.414	33.44	41.6	31.69	40.87	31.01	44.73	31.3	45.44	30.27	56.84	38.37	48.07	36.49	59.7	47.65	42.29	47.22	60.71	46.62	39.04	42.56	46.54	60.57	49.15	61.31	60.05	68.6	43.61	72.61	55.64	79.8	53.05	83.33	63.01
796	27.448	33.47	41.64	31.76	40.94	31.03	44.74	31.42	45.57	30.27	56.83	38.45	48.29	36.47	59.71	47.79	42.86	47.25	60.85	46.64	39.31	42.56	46.75	60.52	49.3	61.19	60.07	68.37	43.8	72.4	55.71	79.74	53.08	83.25	63.0
797	27.483	33.47	41.64	31.76	40.94	31.03	44.74	31.42	45.57	30.27	56.83	38.45	48.29	36.47	59.71	47.79	42.86	47.25	60.85	46.64	39.31	42.56	46.75	60.52	49.3	61.19	60.07	68.37	43.8	72.4	55.71	79.74	53.08	83.25	63.0
798	27.517	33.47	41.64	31.76	40.94	31.03	44.74	31.42	45.57	30.27	56.83	38.45	48.29	36.47	59.71	47.79	42.86	47.25	60.85	46.64	39.31	42.56	46.75	60.52	49.3	61.19	60.07	68.37	43.8	72.4	55.71	79.74	53.08	83.25	63.0
799	27.552	33.32	41.68	31.54	40.99	30.92	44.74	31.1	45.7	30.14	56.85	38.24	48.62	36.37	59.92	47.89	43.36	47.29	61.05	46.64	39.56	42.69	46.92	60.43	49.52	61.22	60.26	68.28	43.97	72.42	55.88	79.35	53.09	83.13	63.11
800	27.586	33.32	41.68	31.54	40.99	30.92	44.74	31.1	45.7	30.14	56.85	38.24	48.62	36.37	59.92	47.89	43.36	47.29	61.05	46.64	39.56	42.69	46.92	60.43	49.52	61.22	60.26	68.28	43.97	72.42	55.88	79.35	53.09	83.13	63.11
801	27.621	33.32	41.68	31.54	40.99	30.92	44.74	31.1	45.7	30.14	56.85	38.24	48.62	36.37	59.92	47.89	43.36	47.29	61.05	46.64	39.56	42.69	46.92	60.43	49.52	61.22	60.26	68.28	43.97	72.42	55.88	79.35	53.09	83.13	63.11
802	27.655	33.15	41.66	31.34	40.94	30.75	44.73	30.88	45.62	30.02	56.89	38.06	48.53	36.35	59.96	47.66	43.34	47.32	61.35	46.63	39.42	42.76	47.31	60.57	49.52	61.45	60.35	68.33	43.91	72.47	55.88	79.52	53.16	83.19	63.17
803	27.69	33.15	41.66	31.34	40.94	30.75	44.73	30.88	45.62	30.02	56.89	38.06	48.53	36.35	59.96	47.66	43.34	47.32	61.35	46.63	39.42	42.76	47.31	60.57	49.52	61.45	60.35	68.33	43.91	72.47	55.88	79.52	53.16	83.19	63.17
804	27.724	33.15	41.66	31.34	40.94	30.75	44.73	30.88	45.62	30.02	56.89	38.06	48.53	36.35	59.96	47.66	43.34	47.32	61.35	46.63	39.42	42.76	47.31	60.57	49.52	61.45	60.35	68.33	43.91	72.47	55.88	79.52	53.16	83.19	63.17
805	27.759	33.22	41.66	31.43	40.99	30.85	44.75	31.05	45.66	30.23	56.84	38.17	48.5	36.52	59.77	47.87	43.3	47.41	61.07	47.11	39.31	42.5	47.09	60.54	49.48	61.44	60.18	68.44	43.89	72.46	55.73	79.63	53.12	83.17	63.01
806	27.793	33.22	41.66	31.43	40.99	30.85	44.75	31.05	45.66	30.23	56.84	38.17	48.5	36.52	59.77	47.87	43.3	47.41	61.07	47.11	39.31	42.5	47.09	60.54	49.48	61.44	60.18	68.44	43.89	72.46	55.73	79.63	53.12	83.17	63.01
807	27.828	33.22	41.66	31.43	40.99	30.85	44.75	31.05	45.66	30.23	56.84	38.17	48.5	36.52	59.77	47.87	43.3	47.41	61.07	47.11	39.31	42.5	47.09	60.54	49.48	61.44	60.18	68.44	43.89	72.46	55.73	79.63	53.12	83.17	63.01
808	27.862	32.96	41.7	31.15	41.04	30.62	44.79	30.81	45.78	30.13	56.95	37.94	48.68	36.55	59.96	47.5	43.34	47.55	61.25	46.9	39.43	42.73	47.22	60.57	49.7	61.62	60.42	68.38	43.99	72.49	55.82	79.44	53.19	83.15	63.15
809	27.897	32.96	41.7	31.15	41.04	30.62	44.79	30.81	45.78	30.13	56.95	37.94	48.68	36.55	59.96	47.5	43.34	47.55	61.25	46.9	39.43	42.73	47.22	60.57	49.7	61.62	60.42	68.38	43.99	72.49	55.82	79.44	53.19	83.15	63.15
810	27.931	32.96	41.7	31.15	41.04	30.62	44.79	30.81	45.78	30.13	56.95	37.94	48.68	36.55	59.96	47.5	43.34	47.55	61.25	46.9	39.43	42.73	47.22	60.57	49.7	61.62	60.42	68.38	43.99	72.49	55.82	79.44	53.19	83.15	63.15
811	27.966	32.99	41.66	31.26	41.0	30.59	44.76	31.13	45.75	30.1	56.96	38.29	48.58	36.48	59.93	47.64	43.18	47.28	61.29	46.79	39.47	42.47	47.18	60.78	49.53	61.55	60.26	68.44	44.08	72.51	55.84	79.36	53.19	83.12	63.15
812	28.0	32.99	41.66	31.26	41.0	30.59	44.76	31.13	45.75	30.1	56.96	38.29	48.58	36.48	59.93	47.64	43.18	47.28	61.29	46.79	39.47	42.47	47.18	60.78	49.53	61.55	60.26	68.44	44.08	72.51	55.84	79.36	53.19	83.12	63.15
813	28.034	32.99	41.66	31.26	41.0	30.59	44.76	31.13	45.75	30.1	56.96	38.29	48.58	36.48	59.93	47.64	43.18	47.28	61.29	46.79	39.47	42.47	47.18	60.78	49.53	61.55	60.26	68.44	44.08	72.51	55.84	79.36	53.19	83.12	63.15
814	28.069	32.83	41.6	31.06	40.9	30.34	44.76	31.03	45.59	29.85	57.05	38.42	48.46	36.37	59.95	48.19	43.06	47.14	61.51	47.3	39.26	42.37	47.89	60.93	49.38	61.6	60.18	68.57	44.19	72.69	55.96	79.67	53.12	83.5	63.11
815	28.103	32.83	41.6	31.06	40.9	30.34	44.76	31.03	45.59	29.85	57.05	38.42	48.46	36.37	59.95	48.19	43.06	47.14	61.51	47.3	39.26	42.37	47.89	60.93	49.38	61.6	60.18	68.57	44.19	72.69	55.96	79.67	53.12	83.5	63.11
816	28.138	32.83	41.6	31.06	40.9	30.34	44.76	31.03	45.59	29.85	57.05	38.42	48.46	36.37	59.95	48.19	43.06	47.14	61.51	47.3	39.26	42.37	47.89	60.93	49.38	61.6	60.18	68.57	44.19	72.69	55.96	79.67	53.12	83.5	63.11
817	28.172	32.79	41.47	31.04	40.73	30.32	44.57	31.02	45.38	29.81	56.77	38.38	48.35	36.28	59.85	48.44	43.47	47.24	61.8	47.57	39.27	42.66	47.91	61.03	49.29	61.69	60.15	68.63	44.15	72.87	56.17	79.8	53.1	83.69	63.25
818	28.207	32.79	41.47	31.04	40.73	30.32	44.57	31.02	45.38	29.81	56.77	38.38	48.35	36.28	59.85	48.44	43.47	47.24	61.8	47.57	39.27	42.66	47.91	61.03	49.29	61.69	60.15	68.63	44.15	72.87	56.17	79.8	53.1	83.69	63.25
819	28.241	32.79	41.47	31.04	40.73	30.32	44.57	31.02	45.38	29.81	56.77	38.38	48.35	36.28	59.85	48.44	43.47	47.24	61.8	47.57	39.27	42.66	47.91	61.03	49.29	61.69	60.15	68.63	44.15	72.87	56.17	79.8	53.1	83.69	63.25
820	28.276	32.61	41.47	30.87	40.74	30.15	44.52	30.78	45.48	29.53	56.74	38.12	48.58	35.98	59.97	48.39	43.88	47.12	61.76	47.7	39.62	42.46	47.48	60.89	49.5	61.54	60.35	68.44	44.33	72.71	56.35	79.72	53.07	83.63	63.23
821	28.31	32.61	41.47	30.87	40.74	30.15	44.52	30.78	45.48	29.53	56.74	38.12	48.58	35.98	59.97	48.39	43.88	47.12	61.76	47.7	39.62	42.46	47.48	60.89	49.5	61.54	60.35	68.44	44.33	72.71	56.35	79.72	53.07	83.63	63.23
822	28.345	32.61	41.47	30.87	40.74	30.15	44.52	30.78	45.48	29.53	56.74	38.12	48.58	35.98	59.97	48.39	43.88	47.12	61.76	47.7	39.62	42.46	47.48	60.89	49.5	61.54	60.35	68.44	44.33	72.71	56.35	79.72	53.07	83.63	63.23
823	28.379	32.49	41.84	30.84	41.11	30.01	44.98	31.08	45.79	29.64	57.21	38.38	48.8	36.04	60.45	48.64	43.37	47.07	62.25	47.98	39.52	42.49	49.2	60.55	49.82	61.08	60.75	68.13	44.82	72.45	57.13	79.75	53.31	83.78	63.63
824	28.414	32.49	41.84	30.84	41.11	30.01	44.98	31.08	45.79	29.64	57.21	38.38	48.8	36.04	60.45	48.64	43.37	47.07	62.25	47.98	39.52	42.49	49.2	60.55	49.82	61.08	60.75	68.13	44.82	72.45	57.13	79.75	53.31	83.78	63.63
825	28.448	32.49	41.84	30.84	41.11	30.01	44.98	31.08	45.79	29.64	57.21	38.38	48.8	36.04	60.45	48.64	43.37	47.07	62.25	47.98	39.52	42.49	49.2	60.55	49.82	61.08	60.75	68.13	44.82	72.45	57.13	79.75	53.31	83.78	63.63
826	28.483	32.56	41.97	30.86	41.26	30.04	45.13	31.06	45.99	29.63	57.45	38.54	48.93	36.08	60.55	49.17	43.58	47.05	62.28	48.36	39.79	42.57	49.19	60.72	50.01	61.22	60.89	68.18	44.76	72.49	57.01	79.65	53.33	83.65	63.79
827	28.517	32.56	41.97	30.86	41.26	30.04	45.13	31.06	45.99	29.63	57.45	38.54	48.93	36.08	60.55	49.17	43.58	47.05	62.28	48.36	39.79	42.57	49.19	60.72	50.01	61.22	60.89	68.18	44.76	72.49	57.01	79.65	53.33	83.65	63.79
828	28.552	32.56	41.97	30.86	41.26	30.04	45.13	31.06	45.99	29.63	57.45	38.54	48.93	36.08	60.55	49.17	43.58	47.05	62.28	48.36	39.79	42.57	49.19	60.72	50.01	61.22	60.89	68.18	44.76	72.49	57.01	79.65	53.33	83.65	63.79
829	28.586	32.75	41.82	31.08	41.1	30.27	44.92	31.18	45.8	29.77	57.1	38.46	48.84	36.01	60.31	48.9	43.77	46.82	62.08	48.51	39.49	42.36	48.48	60.55	49.87	61.06	60.71	68.24	44.6	72.54	56.73	79.76	53.44	83.78	63.65
830	28.621	32.75	41.82	31.08	41.1	30.27	44.92	31.18	45.8	29.77	57.1	38.46	48.84	36.01	60.31	48.9	43.77	46.82	62.08	48.51	39.49	42.36	48.48	60.55	49.87	61.06	60.71	68.24	44.6	72.54	56.73	79.76	53.44	83.78	63.65
831	28.655	32.75	41.82	31.08	41.1	30.27	44.92	31.18	45.8	29.77	57.1	38.46	48.84	36.01	60.31	48.9	43.77	46.82	62.08	48.51	39.49	42.36	48.48	60.55	49.87	61.06	60.71	68.24	44.6	72.54	56.73	79.76	53.44	83.78	63.65
832	28.69	32.61	41.58	30.98	40.77	30.13	44.65	31.27	45.28	29.75	56.74	38.72	48.14	36.06	60.17	49.26	42.55	46.97	62.58	48.33	39.0	42.46	49.2	60.81	49.42	61.18	60.49	68.29	44.54	72.44	56.91	79.86	53.33	83.68	63.61
833	28.724	32.61	41.58	30.98	40.77	30.13	44.65	31.27	45.28	29.75	56.74	38.72	48.14	36.06	60.17	49.26	42.55	46.97	62.58	48.33	39.0	42.46	49.2	60.81	49.42	61.18	60.49	68.29	44.54	72.44	56.91	79.86	53.33	83.68	63.61
834	28.759	32.61	41.58	30.98	40.77	30.13	44.65	31.27	45.28	29.75	56.74	38.72	48.14	36.06	60.17	49.26	42.55	46.97	62.58	48.33	39.0	42.46	49.2	60.81	49.42	61.18	60.49	68.29	44.54	72.44	56.91	79.86	53.33	83.68	63.61
835	28.793	32.19	41.35	30.55	40.6	29.85	44.34	30.84	45.33	29.6	56.43	38.26	48.58	35.95	60.07	48.61	43.63	46.94	62.5	47.81	39.03	42.6	48.58	60.53	49.45	61.12	60.33	68.12	44.79	72.32	57.02	79.5	53.23	83.44	63.44
836	28.828	32.19	41.35	30.55	40.6	29.85	44.34	30.84	45.33	29.6	56.43	38.26	48.58	35.95	60.07	48.61	43.63	46.94	62.5	47.81	39.03	42.6	48.58	60.53	49.45	61.12	60.33	68.12	44.79	72.32	57.02	79.5	53.23	83.44	63.44
837	28.862	32.19	41.35	30.55	40.6	29.85	44.34	30.84	45.33	29.6	56.43	38.26	48.58	35.95	60.07	48.61	43.63	46.94	62.5	47.81	39.03	42.6	48.58	60.53	49.45	61.12	60.33	68.12	44.79	72.32	57.02	79.5	53.23	83.44	63.44
838	28.897	31.89	41.14	30.26	40.47	29.64	44.03	30.5	45.4	29.49	56.13	37.64	48.89	35.94	59.98	47.55	44.16	47.0	62.31	47.36	38.61	42.61	47.98	60.42	49.75	61.36	60.53	68.2	44.53	72.53	56.65	79.47	52.98	83.42	63.2
839	28.931	31.89	41.14	30.26	40.47	29.64	44.03	30.5	45.4	29.49	56.13	37.64	48.89	35.94	59.98	47.55	44.16	47.0	62.31	47.36	38.61	42.61	47.98	60.42	49.75	61.36	60.53	68.2	44.53	72.53	56.65	79.47	52.98	83.42	63.2
840	28.966	31.89	41.14	30.26	40.47	29.64	44.03	30.5	45.4	29.49	56.13	37.64	48.89	35.94	59.98	47.55	44.16	47.0	62.31	47.36	38.61	42.61	47.98	60.42	49.75	61.36	60.53	68.2	44.53	72.53	56.65	79.47	52.98	83.42	63.2
841	29.0	31.61	40.72	29.93	39.98	29.27	43.7	30.28	44.83	29.17	55.96	37.55	48.52	35.78	59.84	47.57	43.42	46.92	62.12	47.27	37.99	42.84	48.07	60.32	49.43	61.21	60.34	68.18	44.15	72.48	56.39	79.48	52.8	83.28	63.14
842	29.034	31.61	40.72	29.93	39.98	29.27	43.7	30.28	44.83	29.17	55.96	37.55	48.52	35.78	59.84	47.57	43.42	46.92	62.12	47.27	37.99	42.84	48.07	60.32	49.43	61.21	60.34	68.18	44.15	72.48	56.39	79.48	52.8	83.28	63.14
843	29.069	31.61	40.72	29.93	39.98	29.27	43.7	30.28	44.83	29.17	55.96	37.55	48.52	35.78	59.84	47.57	43.42	46.92	62.12	47.27	37.99	42.84	48.07	60.32	49.43	61.21	60.34	68.18	44.15	72.48	56.39	79.48	52.8	83.28	63.14
844	29.103	31.39	40.56	29.74	39.76	28.91	43.64	30.45	44.58	28.97	56.1	38.01	48.22	35.93	59.9	48.11	42.61	47.11	62.28	47.28	37.16	42.78	48.43	60.73	49.29	61.42	60.29	68.3	44.2	72.58	56.49	79.47	52.63	83.25	63.15
845	29.138	31.39	40.56	29.74	39.76	28.91	43.64	30.45	44.58	28.97	56.1	38.01	48.22	35.93	59.9	48.11	42.61	47.11	62.28	47.28	37.16	42.78	48.43	60.73	49.29	61.42	60.29	68.3	44.2	72.58	56.49	79.47	52.63	83.25	63.15
846	29.172	31.39	40.56	29.74	39.76	28.91	43.64	30.45	44.58	28.97	56.1	38.01	48.22	35.93	59.9	48.11	42.61	47.11	62.28	47.28	37.16	42.78	48.43	60.73	49.29	61.42	60.29	68.3	44.2	72.58	56.49	79.47	52.63	83.25	63.15
847	29.207	31.48	40.53	29.79	39.72	28.99	43.57	30.26	44.56	28.84	56.07	37.66	48.24	35.71	59.99	47.57	42.89	47.03	62.42	47.1	37.3	42.86	47.94	60.81	49.49	61.55	60.62	68.52	44.07	72.77	56.42	79.68	52.72	83.4	63.22
848	29.241	31.48	40.53	29.79	39.72	28.99	43.57	30.26	44.56	28.84	56.07	37.66	48.24	35.71	59.99	47.57	42.89	47.03	62.42	47.1	37.3	42.86	47.94	60.81	49.49	61.55	60.62	68.52	44.07	72.77	56.42	79.68	52.72	83.4	63.22
849	29.276	31.48	40.53	29.79	39.72	28.99	43.57	30.26	44.56	28.84	56.07	37.66	48.24	35.71	59.99	47.57	42.89	47.03	62.42	47.1	37.3	42.86	47.94	60.81	49.49	61.55	60.62	68.52	44.07	72.77	56.42	79.68	52.72	83.4	63.22
850	29.31	31.42	40.8	29.76	39.94	28.9	43.89	30.32	44.59	28.77	56.34	37.59	48.14	35.56	60.27	47.33	42.46	46.82	63.11	46.84	37.34	42.54	49.5	60.5	49.47	61.17	60.78	68.26	44.42	72.54	56.94	79.59	52.87	83.38	63.32
851	29.345	31.42	40.8	29.76	39.94	28.9	43.89	30.32	44.59	28.77	56.34	37.59	48.14	35.56	60.27	47.33	42.46	46.82	63.11	46.84	37.34	42.54	49.5	60.5	49.47	61.17	60.78	68.26	44.42	72.54	56.94	79.59	52.87	83.38	63.32
852	29.379	31.42	40.8	29.76	39.94	28.9	43.89	30.32	44.59	28.77	56.34	37.59	48.14	35.56	60.27	47.33	42.46	46.82	63.11	46.84	37.34	42.54	49.5	60.5	49.47	61.17	60.78	68.26	44.42	72.54	56.94	79.59	52.87	83.38	63.32
853	29.414	31.76	40.56	30.1	39.82	29.23	43.61	30.52	44.75	28.96	56.14	37.83	48.28	35.72	59.91	47.62	42.83	46.96	62.04	46.76	37.34	42.42	47.34	60.6	49.38	61.26	60.39	68.21	44.22	72.57	56.37	79.36	52.56	83.32	63.05
854	29.448	31.76	40.56	30.1	39.82	29.23	43.61	30.52	44.75	28.96	56.14	37.83	48.28	35.72	59.91	47.62	42.83	46.96	62.04	46.76	37.34	42.42	47.34	60.6	49.38	61.26	60.39	68.21	44.22	72.57	56.37	79.36	52.56	83.32	63.05
855	29.483	31.76	40.56	30.1	39.82	29.23	43.61	30.52	44.75	28.96	56.14	37.83	48.28	35.72	59.91	47.62	42.83	46.96	62.04	46.76	37.34	42.42	47.34	60.6	49.38	61.26	60.39	68.21	44.22	72.57	56.37	79.36	52.56	83.32	63.05
856	29.517	31.76	40.82	30.09	40.04	29.2	43.94	30.53	44.81	28.95	56.46	37.74	48.15	35.7	60.13	47.38	42.31	46.91	62.39	46.71	37.27	42.43	48.24	60.5	49.34	61.19	60.53	68.12	44.35	72.53	56.72	79.26	52.49	83.27	63.14
857	29.552	31.76	40.82	30.09	40.04	29.2	43.94	30.53	44.81	28.95	56.46	37.74	48.15	35.7	60.13	47.38	42.31	46.91	62.39	46.71	37.27	42.43	48.24	60.5	49.34	61.19	60.53	68.12	44.35	72.53	56.72	79.26	52.49	83.27	63.14
858	29.586	31.76	40.82	30.09	40.04	29.2	43.94	30.53	44.81	28.95	56.46	37.74	48.15	35.7	60.13	47.38	42.31	46.91	62.39	46.71	37.27	42.43	48.24	60.5	49.34	61.19	60.53	68.12	44.35	72.53	56.72	79.26	52.49	83.27	63.14
859	29.621	31.79	41.18	30.14	40.45	29.33	44.19	30.41	45.3	29.03	56.58	37.47	48.55	35.6	60.24	46.97	43.03	46.63	62.45	46.59	37.87	41.65	48.03	60.25	49.74	61.05	60.8	68.05	44.76	72.45	56.93	79.0	52.56	83.13	63.1
860	29.655	31.79	41.18	30.14	40.45	29.33	44.19	30.41	45.3	29.03	56.58	37.47	48.55	35.6	60.24	46.97	43.03	46.63	62.45	46.59	37.87	41.65	48.03	60.25	49.74	61.05	60.8	68.05	44.76	72.45	56.93	79.0	52.56	83.13	63.1
861	29.69	31.79	41.18	30.14	40.45	29.33	44.19	30.41	45.3	29.03	56.58	37.47	48.55	35.6	60.24	46.97	43.03	46.63	62.45	46.59	37.87	41.65	48.03	60.25	49.74	61.05	60.8	68.05	44.76	72.45	56.93	79.0	52.56	83.13	63.1
862	29.724	31.8	41.28	30.12	40.53	29.35	44.31	30.39	45.28	29.1	56.64	37.46	48.54	35.65	60.25	46.92	42.97	46.64	62.49	46.42	37.99	41.84	48.21	60.31	49.7	61.13	60.81	68.15	44.92	72.44	57.18	79.19	52.48	83.19	63.08
863	29.759	31.8	41.28	30.12	40.53	29.35	44.31	30.39	45.28	29.1	56.64	37.46	48.54	35.65	60.25	46.92	42.97	46.64	62.49	46.42	37.99	41.84	48.21	60.31	49.7	61.13	60.81	68.15	44.92	72.44	57.18	79.19	52.48	83.19	63.08
864	29.793	31.8	41.28	30.12	40.53	29.35	44.31	30.39	45.28	29.1	56.64	37.46	48.54	35.65	60.25	46.92	42.97	46.64	62.49	46.42	37.99	41.84	48.21	60.31	49.7	61.13	60.81	68.15	44.92	72.44	57.18	79.19	52.48	83.19	63.08
865	29.828	31.89	41.31	30.23	40.58	29.53	44.33	30.42	45.39	29.3	56.61	37.22	48.73	35.64	60.38	46.53	42.83	46.62	62.57	46.6	37.78	42.33	48.75	59.84	49.59	60.79	60.68	67.93	44.78	72.25	57.04	79.3	52.81	83.22	63.22
866	29.862	31.89	41.31	30.23	40.58	29.53	44.33	30.42	45.39	29.3	56.61	37.22	48.73	35.64	60.38	46.53	42.83	46.62	62.57	46.6	37.78	42.33	48.75	59.84	49.59	60.79	60.68	67.93	44.78	72.25	57.04	79.3	52.81	83.22	63.22
867	29.897	31.89	41.31	30.23	40.58	29.53	44.33	30.42	45.39	29.3	56.61	37.22	48.73	35.64	60.38	46.53	42.83	46.62	62.57	46.6	37.78	42.33	48.75	59.84	49.59	60.79	60.68	67.93	44.78	72.25	57.04	79.3	52.81	83.22	63.22
868	29.931	32.0	41.39	30.36	40.66	29.62	44.4	30.62	45.35	29.47	56.57	37.45	48.46	35.96	60.11	46.72	42.65	46.9	62.31	46.59	38.13	42.31	48.95	60.12	49.44	61.14	60.5	67.93	44.66	72.35	57.02	79.3	52.6	83.28	63.19
869	29.966	32.0	41.39	30.36	40.66	29.62	44.4	30.62	45.35	29.47	56.57	37.45	48.46	35.96	60.11	46.72	42.65	46.9	62.31	46.59	38.13	42.31	48.95	60.12	49.44	61.14	60.5	67.93	44.66	72.35	57.02	79.3	52.6	83.28	63.19
870	30.0	32.0	41.39	30.36	40.66	29.62	44.4	30.62	45.35	29.47	56.57	37.45	48.46	35.96	60.11	46.72	42.65	46.9	62.31	46.59	38.13	42.31	48.95	60.12	49.44	61.14	60.5	67.93	44.66	72.35	57.02	79.3	52.6	83.28	63.19
871	30.034	31.9	41.24	30.25	40.45	29.48	44.29	30.54	45.09	29.29	56.52	37.44	48.18	35.91	60.08	46.84	42.5	46.94	62.37	46.92	38.33	42.42	49.11	60.16	49.25	61.17	60.43	67.88	44.42	72.36	57.02	79.31	52.43	83.3	63.09
872	30.069	31.9	41.24	30.25	40.45	29.48	44.29	30.54	45.09	29.29	56.52	37.44	48.18	35.91	60.08	46.84	42.5	46.94	62.37	46.92	38.33	42.42	49.11	60.16	49.25	61.17	60.43	67.88	44.42	72.36	57.02	79.31	52.43	83.3	63.09
873	30.103	31.9	41.24	30.25	40.45	29.48	44.29	30.54	45.09	29.29	56.52	37.44	48.18	35.91	60.08	46.84	42.5	46.94	62.37	46.92	38.33	42.42	49.11	60.16	49.25	61.17	60.43	67.88	44.42	72.36	57.02	79.31	52.43	83.3	63.09
874	30.138	32.05	41.23	30.43	40.48	29.62	44.24	30.61	45.27	29.32	56.52	37.45	48.4	35.85	60.14	46.78	42.99	46.9	62.18	46.93	38.94	42.34	48.09	60.09	49.51	61.07	60.57	67.76	44.46	72.22	56.88	79.21	52.46	83.19	63.07
875	30.172	32.05	41.23	30.43	40.48	29.62	44.24	30.61	45.27	29.32	56.52	37.45	48.4	35.85	60.14	46.78	42.99	46.9	62.18	46.93	38.94	42.34	48.09	60.09	49.51	61.07	60.57	67.76	44.46	72.22	56.88	79.21	52.46	83.19	63.07
876	30.207	32.05	41.23	30.43	40.48	29.62	44.24	30.61	45.27	29.32	56.52	37.45	48.4	35.85	60.14	46.78	42.99	46.9	62.18	46.93	38.94	42.34	48.09	60.09	49.51	61.07	60.57	67.76	44.46	72.22	56.88	79.21	52.46	83.19	63.07
877	30.241	31.82	40.99	30.17	40.27	29.38	44.06	30.3	45.18	28.99	56.49	37.22	48.41	35.42	60.11	46.82	42.91	46.37	62.0	47.02	38.66	41.9	47.79	59.68	49.29	60.55	60.36	67.54	44.54	71.97	56.81	79.06	52.35	83.06	62.84
878	30.276	31.82	40.99	30.17	40.27	29.38	44.06	30.3	45.18	28.99	56.49	37.22	48.41	35.42	60.11	46.82	42.91	46.37	62.0	47.02	38.66	41.9	47.79	59.68	49.29	60.55	60.36	67.54	44.54	71.97	56.81	79.06	52.35	83.06	62.84
879	30.31	31.82	40.99	30.17	40.27	29.38	44.06	30.3	45.18	28.99	56.49	37.22	48.41	35.42	60.11	46.82	42.91	46.37	62.0	47.02	38.66	41.9	47.79	59.68	49.29	60.55	60.36	67.54	44.54	71.97	56.81	79.06	52.35	83.06	62.84
880	30.345	31.49	40.88	29.86	40.13	29.06	43.94	30.01	44.94	28.67	56.29	36.93	48.25	35.25	59.86	46.59	43.2	46.47	61.75	46.72	38.72	41.62	47.51	59.65	49.38	60.55	60.45	67.42	44.49	71.93	56.94	79.13	52.31	83.13	62.82
881	30.379	31.49	40.88	29.86	40.13	29.06	43.94	30.01	44.94	28.67	56.29	36.93	48.25	35.25	59.86	46.59	43.2	46.47	61.75	46.72	38.72	41.62	47.51	59.65	49.38	60.55	60.45	67.42	44.49	71.93	56.94	79.13	52.31	83.13	62.82
882	30.414	31.49	40.88	29.86	40.13	29.06	43.94	30.01	44.94	28.67	56.29	36.93	48.25	35.25	59.86	46.59	43.2	46.47	61.75	46.72	38.72	41.62	47.51	59.65	49.38	60.55	60.45	67.42	44.49	71.93	56.94	79.13	52.31	83.13	62.82
883	30.448	31.3	40.86	29.69	40.1	28.84	43.95	29.99	44.91	28.53	56.35	37.09	48.21	35.16	59.88	46.92	42.95	46.46	61.79	46.77	38.45	41.63	47.51	59.69	49.32	60.44	60.4	67.47	44.5	71.9	56.9	79.18	52.45	83.11	62.9
884	30.483	31.3	40.86	29.69	40.1	28.84	43.95	29.99	44.91	28.53	56.35	37.09	48.21	35.16	59.88	46.92	42.95	46.46	61.79	46.77	38.45	41.63	47.51	59.69	49.32	60.44	60.4	67.47	44.5	71.9	56.9	79.18	52.45	83.11	62.9
885	30.517	31.3	40.86	29.69	40.1	28.84	43.95	29.99	44.91	28.53	56.35	37.09	48.21	35.16	59.88	46.92	42.95	46.46	61.79	46.77	38.45	41.63	47.51	59.69	49.32	60.44	60.4	67.47	44.5	71.9	56.9	79.18	52.45	83.11	62.9
886	30.552	31.16	40.9	29.51	40.1	28.69	44.0	29.87	44.89	28.43	56.47	37.08	48.24	35.09	60.19	46.87	42.9	46.41	62.59	46.83	38.34	42.07	48.49	59.93	49.38	60.65	60.63	67.63	44.7	72.04	57.17	79.13	52.6	83.17	63.06
887	30.586	31.16	40.9	29.51	40.1	28.69	44.0	29.87	44.89	28.43	56.47	37.08	48.24	35.09	60.19	46.87	42.9	46.41	62.59	46.83	38.34	42.07	48.49	59.93	49.38	60.65	60.63	67.63	44.7	72.04	57.17	79.13	52.6	83.17	63.06
888	30.621	31.16	40.9	29.51	40.1	28.69	44.0	29.87	44.89	28.43	56.47	37.08	48.24	35.09	60.19	46.87	42.9	46.41	62.59	46.83	38.34	42.07	48.49	59.93	49.38	60.65	60.63	67.63	44.7	72.04	57.17	79.13	52.6	83.17	63.06
889	30.655	31.23	40.97	29.67	40.17	28.73	44.01	30.05	45.01	28.36	56.44	37.13	48.4	34.96	60.2	46.91	43.2	46.33	62.47	46.95	38.59	41.61	48.53	59.79	49.66	60.42	60.78	67.41	44.51	71.88	56.86	79.03	52.83	83.12	63.23
890	30.69	31.23	40.97	29.67	40.17	28.73	44.01	30.05	45.01	28.36	56.44	37.13	48.4	34.96	60.2	46.91	43.2	46.33	62.47	46.95	38.59	41.61	48.53	59.79	49.66	60.42	60.78	67.41	44.51	71.88	56.86	79.03	52.83	83.12	63.23
891	30.724	31.23	40.97	29.67	40.17	28.73	44.01	30.05	45.01	28.36	56.44	37.13	48.4	34.96	60.2	46.91	43.2	46.33	62.47	46.95	38.59	41.61	48.53	59.79	49.66	60.42	60.78	67.41	44.51	71.88	56.86	79.03	52.83	83.12	63.23
892	30.759	31.07	41.13	29.51	40.31	28.51	44.25	30.04	45.14	28.26	56.81	37.28	48.41	35.06	60.51	47.15	42.76	46.39	62.84	47.03	38.38	41.55	49.2	59.96	49.66	60.58	60.9	67.36	44.69	71.97	57.13	79.04	52.62	83.29	63.09
893	30.793	31.07	41.13	29.51	40.31	28.51	44.25	30.04	45.14	28.26	56.81	37.28	48.41	35.06	60.51	47.15	42.76	46.39	62.84	47.03	38.38	41.55	49.2	59.96	49.66	60.58	60.9	67.36	44.69	71.97	57.13	79.04	52.62	83.29	63.09
894	30.828	31.07	41.13	29.51	40.31	28.51	44.25	30.04	45.14	28.26	56.81	37.28	48.41	35.06	60.51	47.15	42.76	46.39	62.84	47.03	38.38	41.55	49.2	59.96	49.66	60.58	60.9	67.36	44.69	71.97	57.13	79.04	52.62	83.29	63.09
895	30.862	30.72	41.25	29.08	40.41	28.17	44.4	29.6	45.23	27.98	57.06	36.93	48.61	34.92	60.72	46.81	42.86	46.28	63.05	47.01	38.34	41.62	49.9	59.77	49.66	60.55	60.93	67.3	44.84	72.04	57.21	78.69	52.6	83.22	63.06
896	30.897	30.72	41.25	29.08	40.41	28.17	44.4	29.6	45.23	27.98	57.06	36.93	48.61	34.92	60.72	46.81	42.86	46.28	63.05	47.01	38.34	41.62	49.9	59.77	49.66	60.55	60.93	67.3	44.84	72.04	57.21	78.69	52.6	83.22	63.06
897	30.931	30.72	41.25	29.08	40.41	28.17	44.4	29.6	45.23	27.98	57.06	36.93	48.61	34.92	60.72	46.81	42.86	46.28	63.05	47.01	38.34	41.62	49.9	59.77	49.66	60.55	60.93	67.3	44.84	72.04	57.21	78.69	52.6	83.22	63.06
898	30.966	30.31	41.24	28.61	40.36	27.73	44.49	29.16	45.11	27.58	57.27	36.64	48.42	34.68	60.9	46.79	42.62	46.26	63.49	46.84	38.3	41.48	50.21	59.64	49.49	60.42	60.95	67.15	44.89	71.84	57.4	78.55	52.67	82.99	63.16
899	31.0	30.31	41.24	28.61	40.36	27.73	44.49	29.16	45.11	27.58	57.27	36.64	48.42	34.68	60.9	46.79	42.62	46.26	63.49	46.84	38.3	41.48	50.21	59.64	49.49	60.42	60.95	67.15	44.89	71.84	57.4	78.55	52.67	82.99	63.16
900	31.034	30.31	41.24	28.61	40.36	27.73	44.49	29.16	45.11	27.58	57.27	36.64	48.42	34.68	60.9	46.79	42.62	46.26	63.49	46.84	38.3	41.48	50.21	59.64	49.49	60.42	60.95	67.15	44.89	71.84	57.4	78.55	52.67	82.99	63.16
901	31.069	30.66	41.23	29.06	40.44	28.1	44.41	29.55	45.32	27.77	57.08	36.85	48.73	34.56	60.77	47.02	43.0	46.18	62.72	46.72	38.4	41.33	49.15	59.36	49.75	59.91	61.01	67.09	44.92	71.58	57.46	78.91	52.81	83.0	63.28
902	31.103	30.66	41.23	29.06	40.44	28.1	44.41	29.55	45.32	27.77	57.08	36.85	48.73	34.56	60.77	47.02	43.0	46.18	62.72	46.72	38.4	41.33	49.15	59.36	49.75	59.91	61.01	67.09	44.92	71.58	57.46	78.91	52.81	83.0	63.28
903	31.138	30.66	41.23	29.06	40.44	28.1	44.41	29.55	45.32	27.77	57.08	36.85	48.73	34.56	60.77	47.02	43.0	46.18	62.72	46.72	38.4	41.33	49.15	59.36	49.75	59.91	61.01	67.09	44.92	71.58	57.46	78.91	52.81	83.0	63.28
904	31.172	30.51	41.36	28.88	40.56	27.97	44.51	29.34	45.44	27.66	57.19	36.69	48.86	34.51	60.96	46.9	43.12	46.11	63.0	46.77	38.45	41.16	49.5	59.54	49.85	60.18	61.17	67.25	44.91	71.78	57.5	78.84	52.61	83.02	63.19
905	31.207	30.51	41.36	28.88	40.56	27.97	44.51	29.34	45.44	27.66	57.19	36.69	48.86	34.51	60.96	46.9	43.12	46.11	63.0	46.77	38.45	41.16	49.5	59.54	49.85	60.18	61.17	67.25	44.91	71.78	57.5	78.84	52.61	83.02	63.19
906	31.241	30.51	41.36	28.88	40.56	27.97	44.51	29.34	45.44	27.66	57.19	36.69	48.86	34.51	60.96	46.9	43.12	46.11	63.0	46.77	38.45	41.16	49.5	59.54	49.85	60.18	61.17	67.25	44.91	71.78	57.5	78.84	52.61	83.02	63.19
907	31.276	30.22	41.21	28.56	40.41	27.74	44.39	29.03	45.26	27.55	57.07	36.44	48.56	34.51	60.78	46.64	42.81	46.3	62.95	46.61	38.73	41.46	49.48	59.55	49.74	60.33	61.18	67.33	44.79	71.96	57.55	78.93	52.6	83.25	63.2
908	31.31	30.22	41.21	28.56	40.41	27.74	44.39	29.03	45.26	27.55	57.07	36.44	48.56	34.51	60.78	46.64	42.81	46.3	62.95	46.61	38.73	41.46	49.48	59.55	49.74	60.33	61.18	67.33	44.79	71.96	57.55	78.93	52.6	83.25	63.2
909	31.345	30.22	41.21	28.56	40.41	27.74	44.39	29.03	45.26	27.55	57.07	36.44	48.56	34.51	60.78	46.64	42.81	46.3	62.95	46.61	38.73	41.46	49.48	59.55	49.74	60.33	61.18	67.33	44.79	71.96	57.55	78.93	52.6	83.25	63.2
910	31.379	30.24	41.25	28.62	40.51	27.8	44.41	29.17	45.44	27.74	57.06	36.6	48.78	34.68	60.77	46.82	42.87	46.43	62.78	46.59	38.69	41.42	49.44	59.53	49.9	60.32	61.18	67.28	44.93	71.85	57.52	78.89	52.68	83.18	63.22
911	31.414	30.24	41.25	28.62	40.51	27.8	44.41	29.17	45.44	27.74	57.06	36.6	48.78	34.68	60.77	46.82	42.87	46.43	62.78	46.59	38.69	41.42	49.44	59.53	49.9	60.32	61.18	67.28	44.93	71.85	57.52	78.89	52.68	83.18	63.22
912	31.448	30.24	41.25	28.62	40.51	27.8	44.41	29.17	45.44	27.74	57.06	36.6	48.78	34.68	60.77	46.82	42.87	46.43	62.78	46.59	38.69	41.42	49.44	59.53	49.9	60.32	61.18	67.28	44.93	71.85	57.52	78.89	52.68	83.18	63.22
913	31.483	30.2	41.09	28.58	40.38	27.75	44.26	29.15	45.45	27.66	56.99	36.66	48.88	34.62	60.73	47.02	43.16	46.44	62.56	46.7	38.66	41.34	48.98	59.47	49.74	60.2	60.92	67.21	44.85	71.71	57.38	78.85	52.7	83.01	63.25
914	31.517	30.2	41.09	28.58	40.38	27.75	44.26	29.15	45.45	27.66	56.99	36.66	48.88	34.62	60.73	47.02	43.16	46.44	62.56	46.7	38.66	41.34	48.98	59.47	49.74	60.2	60.92	67.21	44.85	71.71	57.38	78.85	52.7	83.01	63.25
915	31.552	30.2	41.09	28.58	40.38	27.75	44.26	29.15	45.45	27.66	56.99	36.66	48.88	34.62	60.73	47.02	43.16	46.44	62.56	46.7	38.66	41.34	48.98	59.47	49.74	60.2	60.92	67.21	44.85	71.71	57.38	78.85	52.7	83.01	63.25
916	31.586	29.92	40.9	28.3	40.16	27.39	44.13	29.02	45.25	27.34	57.06	36.56	48.76	34.52	60.91	46.98	43.09	46.63	63.1	46.63	38.73	41.6	49.32	59.59	49.74	60.29	61.08	67.11	44.84	71.73	57.47	78.88	52.75	83.12	63.39
917	31.621	29.92	40.9	28.3	40.16	27.39	44.13	29.02	45.25	27.34	57.06	36.56	48.76	34.52	60.91	46.98	43.09	46.63	63.1	46.63	38.73	41.6	49.32	59.59	49.74	60.29	61.08	67.11	44.84	71.73	57.47	78.88	52.75	83.12	63.39
918	31.655	29.92	40.9	28.3	40.16	27.39	44.13	29.02	45.25	27.34	57.06	36.56	48.76	34.52	60.91	46.98	43.09	46.63	63.1	46.63	38.73	41.6	49.32	59.59	49.74	60.29	61.08	67.11	44.84	71.73	57.47	78.88	52.75	83.12	63.39
919	31.69	30.0	40.94	28.38	40.19	27.43	44.24	29.23	45.31	27.51	57.26	36.78	48.74	34.73	61.06	47.09	42.75	46.76	63.37	46.55	38.62	41.8	49.85	59.59	49.73	60.27	61.1	67.06	44.96	71.64	57.58	78.92	52.85	83.09	63.54
920	31.724	30.0	40.94	28.38	40.19	27.43	44.24	29.23	45.31	27.51	57.26	36.78	48.74	34.73	61.06	47.09	42.75	46.76	63.37	46.55	38.62	41.8	49.85	59.59	49.73	60.27	61.1	67.06	44.96	71.64	57.58	78.92	52.85	83.09	63.54
921	31.759	30.0	40.94	28.38	40.19	27.43	44.24	29.23	45.31	27.51	57.26	36.78	48.74	34.73	61.06	47.09	42.75	46.76	63.37	46.55	38.62	41.8	49.85	59.59	49.73	60.27	61.1	67.06	44.96	71.64	57.58	78.92	52.85	83.09	63.54
922	31.793	29.92	40.99	28.29	40.25	27.36	44.28	29.2	45.42	27.48	57.34	36.87	48.96	34.79	61.09	47.11	43.16	46.77	63.5	46.56	38.59	41.77	50.33	59.87	49.82	60.56	61.1	67.27	45.03	71.88	57.51	79.0	52.65	83.33	63.3
923	31.828	29.92	40.99	28.29	40.25	27.36	44.28	29.2	45.42	27.48	57.34	36.87	48.96	34.79	61.09	47.11	43.16	46.77	63.5	46.56	38.59	41.77	50.33	59.87	49.82	60.56	61.1	67.27	45.03	71.88	57.51	79.0	52.65	83.33	63.3
924	31.862	29.92	40.99	28.29	40.25	27.36	44.28	29.2	45.42	27.48	57.34	36.87	48.96	34.79	61.09	47.11	43.16	46.77	63.5	46.56	38.59	41.77	50.33	59.87	49.82	60.56	61.1	67.27	45.03	71.88	57.51	79.0	52.65	83.33	63.3
925	31.897	30.18	40.95	28.57	40.27	27.65	44.2	29.32	45.46	27.63	57.15	36.85	48.81	34.78	60.77	47.02	43.3	46.76	63.18	46.5	38.78	41.83	49.52	59.77	49.65	60.42	60.84	67.26	44.9	71.75	57.21	78.91	52.78	82.97	63.28
926	31.931	30.18	40.95	28.57	40.27	27.65	44.2	29.32	45.46	27.63	57.15	36.85	48.81	34.78	60.77	47.02	43.3	46.76	63.18	46.5	38.78	41.83	49.52	59.77	49.65	60.42	60.84	67.26	44.9	71.75	57.21	78.91	52.78	82.97	63.28
927	31.966	30.18	40.95	28.57	40.27	27.65	44.2	29.32	45.46	27.63	57.15	36.85	48.81	34.78	60.77	47.02	43.3	46.76	63.18	46.5	38.78	41.83	49.52	59.77	49.65	60.42	60.84	67.26	44.9	71.75	57.21	78.91	52.78	82.97	63.28
928	32.0	30.14	40.95	28.5	40.21	27.56	44.21	29.2	45.35	27.46	57.23	36.65	48.65	34.67	60.92	46.8	43.12	46.74	63.63	46.47	38.81	41.88	50.27	59.87	49.6	60.58	60.98	67.25	44.79	71.91	57.32	78.9	52.55	83.16	63.3
929	32.034	30.14	40.95	28.5	40.21	27.56	44.21	29.2	45.35	27.46	57.23	36.65	48.65	34.67	60.92	46.8	43.12	46.74	63.63	46.47	38.81	41.88	50.27	59.87	49.6	60.58	60.98	67.25	44.79	71.91	57.32	78.9	52.55	83.16	63.3
930	32.069	30.14	40.95	28.5	40.21	27.56	44.21	29.2	45.35	27.46	57.23	36.65	48.65	34.67	60.92	46.8	43.12	46.74	63.63	46.47	38.81	41.88	50.27	59.87	49.6	60.58	60.98	67.25	44.79	71.91	57.32	78.9	52.55	83.16	63.3
931	32.103	29.99	40.76	28.38	40.06	27.51	43.98	29.1	45.25	27.52	56.92	36.6	48.65	34.6	60.77	46.92	43.14	46.59	63.5	46.58	38.71	41.67	49.99	59.6	49.64	60.32	60.96	67.09	44.99	71.71	57.53	78.91	52.76	83.16	63.37
932	32.138	29.99	40.76	28.38	40.06	27.51	43.98	29.1	45.25	27.52	56.92	36.6	48.65	34.6	60.77	46.92	43.14	46.59	63.5	46.58	38.71	41.67	49.99	59.6	49.64	60.32	60.96	67.09	44.99	71.71	57.53	78.91	52.76	83.16	63.37
933	32.172	29.99	40.76	28.38	40.06	27.51	43.98	29.1	45.25	27.52	56.92	36.6	48.65	34.6	60.77	46.92	43.14	46.59	63.5	46.58	38.71	41.67	49.99	59.6	49.64	60.32	60.96	67.09	44.99	71.71	57.53	78.91	52.76	83.16	63.37
934	32.207	29.69	40.57	28.1	39.81	27.15	43.84	29.04	44.96	27.3	56.88	36.62	48.46	34.59	60.86	46.99	42.71	46.7	63.75	46.72	38.51	41.86	50.59	59.61	49.6	60.32	61.03	66.95	44.84	71.66	57.52	78.76	52.73	83.12	63.41
935	32.241	29.69	40.57	28.1	39.81	27.15	43.84	29.04	44.96	27.3	56.88	36.62	48.46	34.59	60.86	46.99	42.71	46.7	63.75	46.72	38.51	41.86	50.59	59.61	49.6	60.32	61.03	66.95	44.84	71.66	57.52	78.76	52.73	83.12	63.41
936	32.276	29.69	40.57	28.1	39.81	27.15	43.84	29.04	44.96	27.3	56.88	36.62	48.46	34.59	60.86	46.99	42.71	46.7	63.75	46.72	38.51	41.86	50.59	59.61	49.6	60.32	61.03	66.95	44.84	71.66	57.52	78.76	52.73	83.12	63.41
937	32.31	29.18	40.62	27.51	39.88	26.69	43.94	28.36	45.11	26.87	57.11	36.12	48.68	34.3	60.96	46.62	43.06	46.63	63.69	46.47	38.8	41.76	50.35	59.38	49.6	60.19	61.04	67.13	45.02	71.71	57.52	78.82	52.88	83.06	63.34
938	32.345	29.18	40.62	27.51	39.88	26.69	43.94	28.36	45.11	26.87	57.11	36.12	48.68	34.3	60.96	46.62	43.06	46.63	63.69	46.47	38.8	41.76	50.35	59.38	49.6	60.19	61.04	67.13	45.02	71.71	57.52	78.82	52.88	83.06	63.34
939	32.379	29.18	40.62	27.51	39.88	26.69	43.94	28.36	45.11	26.87	57.11	36.12	48.68	34.3	60.96	46.62	43.06	46.63	63.69	46.47	38.8	41.76	50.35	59.38	49.6	60.19	61.04	67.13	45.02	71.71	57.52	78.82	52.88	83.06	63.34
940	32.414	28.99	40.73	27.31	39.95	26.5	44.04	28.22	45.09	26.77	57.2	36.08	48.71	34.34	61.17	46.76	42.96	46.78	64.03	46.54	38.77	41.66	50.87	59.48	49.72	60.38	61.24	67.13	44.95	71.82	57.58	78.78	52.94	83.18	63.43
941	32.448	28.99	40.73	27.31	39.95	26.5	44.04	28.22	45.09	26.77	57.2	36.08	48.71	34.34	61.17	46.76	42.96	46.78	64.03	46.54	38.77	41.66	50.87	59.48	49.72	60.38	61.24	67.13	44.95	71.82	57.58	78.78	52.94	83.18	63.43
942	32.483	28.99	40.73	27.31	39.95	26.5	44.04	28.22	45.09	26.77	57.2	36.08	48.71	34.34	61.17	46.76	42.96	46.78	64.03	46.54	38.77	41.66	50.87	59.48	49.72	60.38	61.24	67.13	44.95	71.82	57.58	78.78	52.94	83.18	63.43
943	32.517	28.85	40.77	27.16	39.96	26.32	44.08	28.11	45.02	26.58	57.2	35.95	48.68	34.24	61.11	46.62	43.02	46.81	63.94	46.47	38.83	41.76	50.83	59.46	49.66	60.34	61.18	67.11	45.07	71.78	57.71	78.74	52.91	83.11	63.47
944	32.552	28.85	40.77	27.16	39.96	26.32	44.08	28.11	45.02	26.58	57.2	35.95	48.68	34.24	61.11	46.62	43.02	46.81	63.94	46.47	38.83	41.76	50.83	59.46	49.66	60.34	61.18	67.11	45.07	71.78	57.71	78.74	52.91	83.11	63.47
945	32.586	28.85	40.77	27.16	39.96	26.32	44.08	28.11	45.02	26.58	57.2	35.95	48.68	34.24	61.11	46.62	43.02	46.81	63.94	46.47	38.83	41.76	50.83	59.46	49.66	60.34	61.18	67.11	45.07	71.78	57.71	78.74	52.91	83.11	63.47
946	32.621	28.7	40.71	27.0	39.9	26.15	44.05	27.96	44.99	26.43	57.23	35.83	48.6	34.14	61.08	46.51	42.86	46.73	63.77	46.49	38.9	41.73	50.62	59.35	49.65	60.25	61.2	66.96	45.09	71.71	57.78	78.57	52.95	83.05	63.59
947	32.655	28.7	40.71	27.0	39.9	26.15	44.05	27.96	44.99	26.43	57.23	35.83	48.6	34.14	61.08	46.51	42.86	46.73	63.77	46.49	38.9	41.73	50.62	59.35	49.65	60.25	61.2	66.96	45.09	71.71	57.78	78.57	52.95	83.05	63.59
948	32.69	28.7	40.71	27.0	39.9	26.15	44.05	27.96	44.99	26.43	57.23	35.83	48.6	34.14	61.08	46.51	42.86	46.73	63.77	46.49	38.9	41.73	50.62	59.35	49.65	60.25	61.2	66.96	45.09	71.71	57.78	78.57	52.95	83.05	63.59
949	32.724	28.91	40.72	27.25	39.92	26.4	44.04	28.21	45.0	26.62	57.14	36.11	48.53	34.2	60.9	46.86	42.73	46.57	63.48	46.58	38.55	41.34	50.59	59.15	49.59	59.92	61.01	66.85	45.23	71.49	57.81	78.37	53.07	82.81	63.63
950	32.759	28.91	40.72	27.25	39.92	26.4	44.04	28.21	45.0	26.62	57.14	36.11	48.53	34.2	60.9	46.86	42.73	46.57	63.48	46.58	38.55	41.34	50.59	59.15	49.59	59.92	61.01	66.85	45.23	71.49	57.81	78.37	53.07	82.81	63.63
951	32.793	28.91	40.72	27.25	39.92	26.4	44.04	28.21	45.0	26.62	57.14	36.11	48.53	34.2	60.9	46.86	42.73	46.57	63.48	46.58	38.55	41.34	50.59	59.15	49.59	59.92	61.01	66.85	45.23	71.49	57.81	78.37	53.07	82.81	63.63
952	32.828	28.97	40.72	27.34	39.97	26.43	44.05	28.34	45.16	26.64	57.23	36.2	48.67	34.22	61.02	46.92	42.77	46.65	63.45	46.47	38.77	41.2	50.24	59.26	49.76	59.99	61.18	66.9	45.38	71.61	57.95	78.53	53.04	83.01	63.64
953	32.862	28.97	40.72	27.34	39.97	26.43	44.05	28.34	45.16	26.64	57.23	36.2	48.67	34.22	61.02	46.92	42.77	46.65	63.45	46.47	38.77	41.2	50.24	59.26	49.76	59.99	61.18	66.9	45.38	71.61	57.95	78.53	53.04	83.01	63.64
954	32.897	28.97	40.72	27.34	39.97	26.43	44.05	28.34	45.16	26.64	57.23	36.2	48.67	34.22	61.02	46.92	42.77	46.65	63.45	46.47	38.77	41.2	50.24	59.26	49.76	59.99	61.18	66.9	45.38	71.61	57.95	78.53	53.04	83.01	63.64
955	32.931	28.57	40.66	26.84	39.82	25.99	44.06	27.82	44.88	26.22	57.32	35.84	48.53	34.01	61.09	46.73	42.66	46.62	63.76	46.52	38.49	41.45	50.79	59.31	49.58	60.13	61.15	66.92	45.15	71.74	57.78	78.51	52.97	83.21	63.51
956	32.966	28.57	40.66	26.84	39.82	25.99	44.06	27.82	44.88	26.22	57.32	35.84	48.53	34.01	61.09	46.73	42.66	46.62	63.76	46.52	38.49	41.45	50.79	59.31	49.58	60.13	61.15	66.92	45.15	71.74	57.78	78.51	52.97	83.21	63.51
957	33.0	28.57	40.66	26.84	39.82	25.99	44.06	27.82	44.88	26.22	57.32	35.84	48.53	34.01	61.09	46.73	42.66	46.62	63.76	46.52	38.49	41.45	50.79	59.31	49.58	60.13	61.15	66.92	45.15	71.74	57.78	78.51	52.97	83.21	63.51
958	33.034	28.63	40.63	26.88	39.83	26.1	44.0	27.75	44.95	26.35	57.24	35.72	48.67	34.11	61.0	46.55	42.86	46.73	63.52	46.48	38.69	41.71	50.7	59.29	49.64	60.25	61.12	66.95	45.2	71.79	57.75	78.46	52.95	83.17	63.53
959	33.069	28.63	40.63	26.88	39.83	26.1	44.0	27.75	44.95	26.35	57.24	35.72	48.67	34.11	61.0	46.55	42.86	46.73	63.52	46.48	38.69	41.71	50.7	59.29	49.64	60.25	61.12	66.95	45.2	71.79	57.75	78.46	52.95	83.17	63.53
960	33.103	28.63	40.63	26.88	39.83	26.1	44.0	27.75	44.95	26.35	57.24	35.72	48.67	34.11	61.0	46.55	42.86	46.73	63.52	46.48	38.69	41.71	50.7	59.29	49.64	60.25	61.12	66.95	45.2	71.79	57.75	78.46	52.95	83.17	63.53
961	33.138	28.55	40.59	26.77	39.81	26.03	43.96	27.6	44.96	26.22	57.21	35.57	48.65	33.97	60.94	46.5	43.1	46.64	63.44	46.41	38.74	41.61	50.05	59.25	49.58	60.21	61.09	67.1	45.2	71.87	57.8	78.57	52.98	83.11	63.56
962	33.172	28.55	40.59	26.77	39.81	26.03	43.96	27.6	44.96	26.22	57.21	35.57	48.65	33.97	60.94	46.5	43.1	46.64	63.44	46.41	38.74	41.61	50.05	59.25	49.58	60.21	61.09	67.1	45.2	71.87	57.8	78.57	52.98	83.11	63.56
963	33.207	28.55	40.59	26.77	39.81	26.03	43.96	27.6	44.96	26.22	57.21	35.57	48.65	33.97	60.94	46.5	43.1	46.64	63.44	46.41	38.74	41.61	50.05	59.25	49.58	60.21	61.09	67.1	45.2	71.87	57.8	78.57	52.98	83.11	63.56
964	33.241	28.7	40.65	27.0	39.77	26.02	44.05	28.05	44.74	26.17	57.33	35.9	48.3	33.97	61.07	46.46	42.77	46.44	64.3	46.42	38.71	41.25	51.35	59.45	49.44	60.17	61.12	67.01	45.18	71.8	57.8	78.5	52.88	83.07	63.51
965	33.276	28.7	40.65	27.0	39.77	26.02	44.05	28.05	44.74	26.17	57.33	35.9	48.3	33.97	61.07	46.46	42.77	46.44	64.3	46.42	38.71	41.25	51.35	59.45	49.44	60.17	61.12	67.01	45.18	71.8	57.8	78.5	52.88	83.07	63.51
966	33.31	28.7	40.65	27.0	39.77	26.02	44.05	28.05	44.74	26.17	57.33	35.9	48.3	33.97	61.07	46.46	42.77	46.44	64.3	46.42	38.71	41.25	51.35	59.45	49.44	60.17	61.12	67.01	45.18	71.8	57.8	78.5	52.88	83.07	63.51
967	33.345	28.75	40.63	27.04	39.78	26.07	43.98	28.04	44.81	26.22	57.24	35.87	48.38	33.97	60.98	46.44	43.03	46.3	63.99	46.37	38.93	40.95	50.16	59.56	49.64	60.3	61.25	67.12	45.2	71.83	57.69	78.6	52.75	83.04	63.43
968	33.379	28.75	40.63	27.04	39.78	26.07	43.98	28.04	44.81	26.22	57.24	35.87	48.38	33.97	60.98	46.44	43.03	46.3	63.99	46.37	38.93	40.95	50.16	59.56	49.64	60.3	61.25	67.12	45.2	71.83	57.69	78.6	52.75	83.04	63.43
969	33.414	28.75	40.63	27.04	39.78	26.07	43.98	28.04	44.81	26.22	57.24	35.87	48.38	33.97	60.98	46.44	43.03	46.3	63.99	46.37	38.93	40.95	50.16	59.56	49.64	60.3	61.25	67.12	45.2	71.83	57.69	78.6	52.75	83.04	63.43
970	33.448	28.75	40.64	27.01	39.78	26.1	44.01	27.96	44.78	26.28	57.27	35.85	48.33	34.06	61.01	46.53	42.95	46.44	64.22	46.48	38.82	41.06	50.58	59.64	49.62	60.43	61.25	67.27	45.23	71.91	57.7	78.67	52.79	83.01	63.4
971	33.483	28.75	40.64	27.01	39.78	26.1	44.01	27.96	44.78	26.28	57.27	35.85	48.33	34.06	61.01	46.53	42.95	46.44	64.22	46.48	38.82	41.06	50.58	59.64	49.62	60.43	61.25	67.27	45.23	71.91	57.7	78.67	52.79	83.01	63.4
972	33.517	28.75	40.64	27.01	39.78	26.1	44.01	27.96	44.78	26.28	57.27	35.85	48.33	34.06	61.01	46.53	42.95	46.44	64.22	46.48	38.82	41.06	50.58	59.64	49.62	60.43	61.25	67.27	45.23	71.91	57.7	78.67	52.79	83.01	63.4
973	33.552	29.19	40.86	27.42	39.98	26.6	44.18	28.15	44.84	26.65	57.23	35.82	48.27	34.11	60.87	46.31	43.11	46.14	64.09	46.51	39.06	41.06	50.62	59.34	49.5	60.19	61.11	67.12	45.1	71.75	57.63	78.49	52.84	82.81	63.44
974	33.586	29.19	40.86	27.42	39.98	26.6	44.18	28.15	44.84	26.65	57.23	35.82	48.27	34.11	60.87	46.31	43.11	46.14	64.09	46.51	39.06	41.06	50.62	59.34	49.5	60.19	61.11	67.12	45.1	71.75	57.63	78.49	52.84	82.81	63.44
975	33.621	29.19	40.86	27.42	39.98	26.6	44.18	28.15	44.84	26.65	57.23	35.82	48.27	34.11	60.87	46.31	43.11	46.14	64.09	46.51	39.06	41.06	50.62	59.34	49.5	60.19	61.11	67.12	45.1	71.75	57.63	78.49	52.84	82.81	63.44
976	33.655	29.2	41.21	27.42	40.29	26.6	44.49	28.13	44.98	26.65	57.36	35.68	48.46	34.12	60.88	46.07	43.55	46.01	63.98	46.64	39.52	41.07	50.71	59.36	49.59	60.29	61.15	67.08	45.15	71.72	57.69	78.52	52.63	82.8	63.21
977	33.69	29.2	41.21	27.42	40.29	26.6	44.49	28.13	44.98	26.65	57.36	35.68	48.46	34.12	60.88	46.07	43.55	46.01	63.98	46.64	39.52	41.07	50.71	59.36	49.59	60.29	61.15	67.08	45.15	71.72	57.69	78.52	52.63	82.8	63.21
978	33.724	29.2	41.21	27.42	40.29	26.6	44.49	28.13	44.98	26.65	57.36	35.68	48.46	34.12	60.88	46.07	43.55	46.01	63.98	46.64	39.52	41.07	50.71	59.36	49.59	60.29	61.15	67.08	45.15	71.72	57.69	78.52	52.63	82.8	63.21
979	33.759	29.96	41.56	28.27	40.61	27.32	44.76	28.94	45.15	27.13	57.37	36.38	48.53	34.23	60.85	46.67	43.88	45.71	64.22	46.86	39.15	40.59	51.22	59.55	49.63	60.15	61.09	67.15	45.26	71.67	57.68	78.53	52.59	82.75	63.08
980	33.793	29.96	41.56	28.27	40.61	27.32	44.76	28.94	45.15	27.13	57.37	36.38	48.53	34.23	60.85	46.67	43.88	45.71	64.22	46.86	39.15	40.59	51.22	59.55	49.63	60.15	61.09	67.15	45.26	71.67	57.68	78.53	52.59	82.75	63.08
981	33.828	29.96	41.56	28.27	40.61	27.32	44.76	28.94	45.15	27.13	57.37	36.38	48.53	34.23	60.85	46.67	43.88	45.71	64.22	46.86	39.15	40.59	51.22	59.55	49.63	60.15	61.09	67.15	45.26	71.67	57.68	78.53	52.59	82.75	63.08
982	33.862	30.23	41.71	28.5	40.7	27.62	44.89	29.1	45.05	27.44	57.33	36.45	48.46	34.41	60.76	46.53	43.76	45.54	64.16	46.97	39.0	40.75	51.51	59.55	49.67	60.19	61.12	67.19	45.42	71.63	57.88	78.46	52.57	82.64	63.06
983	33.897	30.23	41.71	28.5	40.7	27.62	44.89	29.1	45.05	27.44	57.33	36.45	48.46	34.41	60.76	46.53	43.76	45.54	64.16	46.97	39.0	40.75	51.51	59.55	49.67	60.19	61.12	67.19	45.42	71.63	57.88	78.46	52.57	82.64	63.06
984	33.931	30.23	41.71	28.5	40.7	27.62	44.89	29.1	45.05	27.44	57.33	36.45	48.46	34.41	60.76	46.53	43.76	45.54	64.16	46.97	39.0	40.75	51.51	59.55	49.67	60.19	61.12	67.19	45.42	71.63	57.88	78.46	52.57	82.64	63.06
985	33.966	30.63	41.71	28.83	40.68	27.95	44.82	28.97	45.0	27.27	57.19	36.54	48.52	34.01	60.53	47.55	44.97	45.22	63.63	48.0	40.09	40.28	49.76	59.88	49.69	60.28	61.01	67.48	45.2	71.79	57.44	79.02	52.96	83.08	63.2
986	34.0	30.63	41.71	28.83	40.68	27.95	44.82	28.97	45.0	27.27	57.19	36.54	48.52	34.01	60.53	47.55	44.97	45.22	63.63	48.0	40.09	40.28	49.76	59.88	49.69	60.28	61.01	67.48	45.2	71.79	57.44	79.02	52.96	83.08	63.2
987	34.034	30.63	41.71	28.83	40.68	27.95	44.82	28.97	45.0	27.27	57.19	36.54	48.52	34.01	60.53	47.55	44.97	45.22	63.63	48.0	40.09	40.28	49.76	59.88	49.69	60.28	61.01	67.48	45.2	71.79	57.44	79.02	52.96	83.08	63.2
988	34.069	31.18	41.75	29.48	40.91	28.65	44.83	29.5	45.45	27.97	57.04	36.91	48.64	34.39	60.34	48.1	45.12	45.77	62.82	48.94	40.87	41.15	48.1	59.88	50.01	60.28	61.13	67.35	45.14	71.78	57.42	79.16	53.21	83.33	63.25
989	34.103	31.18	41.75	29.48	40.91	28.65	44.83	29.5	45.45	27.97	57.04	36.91	48.64	34.39	60.34	48.1	45.12	45.77	62.82	48.94	40.87	41.15	48.1	59.88	50.01	60.28	61.13	67.35	45.14	71.78	57.42	79.16	53.21	83.33	63.25
990	34.138	31.18	41.75	29.48	40.91	28.65	44.83	29.5	45.45	27.97	57.04	36.91	48.64	34.39	60.34	48.1	45.12	45.77	62.82	48.94	40.87	41.15	48.1	59.88	50.01	60.28	61.13	67.35	45.14	71.78	57.42	79.16	53.21	83.33	63.25
991	34.172	30.92	41.83	29.16	41.0	28.42	44.99	29.38	45.51	28.07	57.29	36.95	48.47	34.65	60.48	48.09	44.16	45.91	63.12	48.23	40.24	41.2	48.46	59.82	49.95	60.36	61.18	67.17	45.23	71.68	57.6	78.62	52.87	82.97	63.28
992	34.207	30.92	41.83	29.16	41.0	28.42	44.99	29.38	45.51	28.07	57.29	36.95	48.47	34.65	60.48	48.09	44.16	45.91	63.12	48.23	40.24	41.2	48.46	59.82	49.95	60.36	61.18	67.17	45.23	71.68	57.6	78.62	52.87	82.97	63.28
993	34.241	30.92	41.83	29.16	41.0	28.42	44.99	29.38	45.51	28.07	57.29	36.95	48.47	34.65	60.48	48.09	44.16	45.91	63.12	48.23	40.24	41.2	48.46	59.82	49.95	60.36	61.18	67.17	45.23	71.68	57.6	78.62	52.87	82.97	63.28
994	34.276	30.93	41.93	29.13	41.12	28.41	45.15	29.3	45.67	28.05	57.54	36.95	48.49	34.66	60.54	48.07	43.83	45.84	62.85	48.08	39.99	40.95	48.09	59.67	49.95	60.24	61.16	67.03	45.26	71.62	57.52	78.3	52.87	82.9	63.34
995	34.31	30.93	41.93	29.13	41.12	28.41	45.15	29.3	45.67	28.05	57.54	36.95	48.49	34.66	60.54	48.07	43.83	45.84	62.85	48.08	39.99	40.95	48.09	59.67	49.95	60.24	61.16	67.03	45.26	71.62	57.52	78.3	52.87	82.9	63.34
996	34.345	30.93	41.93	29.13	41.12	28.41	45.15	29.3	45.67	28.05	57.54	36.95	48.49	34.66	60.54	48.07	43.83	45.84	62.85	48.08	39.99	40.95	48.09	59.67	49.95	60.24	61.16	67.03	45.26	71.62	57.52	78.3	52.87	82.9	63.34
997	34.379	31.15	42.21	29.42	41.44	28.71	45.37	29.63	45.95	28.33	57.51	37.32	48.66	34.67	60.42	48.56	44.15	45.69	62.37	48.35	40.45	41.24	47.39	59.67	50.0	60.01	61.07	67.1	45.17	71.53	57.51	78.36	52.98	82.73	63.38
998	34.414	31.15	42.21	29.42	41.44	28.71	45.37	29.63	45.95	28.33	57.51	37.32	48.66	34.67	60.42	48.56	44.15	45.69	62.37	48.35	40.45	41.24	47.39	59.67	50.0	60.01	61.07	67.1	45.17	71.53	57.51	78.36	52.98	82.73	63.38
999	34.448	31.15	42.21	29.42	41.44	28.71	45.37	29.63	45.95	28.33	57.51	37.32	48.66	34.67	60.42	48.56	44.15	45.69	62.37	48.35	40.45	41.24	47.39	59.67	50.0	60.01	61.07	67.1	45.17	71.53	57.51	78.36	52.98	82.73	63.38
1000	34.483	31.5	42.16	29.79	41.42	29.04	45.31	29.92	46.05	28.58	57.54	37.41	48.82	34.8	60.52	48.46	44.35	45.78	62.34	48.5	40.3	41.51	47.17	59.82	50.05	60.18	61.11	67.15	45.12	71.57	57.57	78.65	52.77	82.91	63.35
1001	34.517	31.5	42.16	29.79	41.42	29.04	45.31	29.92	46.05	28.58	57.54	37.41	48.82	34.8	60.52	48.46	44.35	45.78	62.34	48.5	40.3	41.51	47.17	59.82	50.05	60.18	61.11	67.15	45.12	71.57	57.57	78.65	52.77	82.91	63.35
1002	34.552	31.5	42.16	29.79	41.42	29.04	45.31	29.92	46.05	28.58	57.54	37.41	48.82	34.8	60.52	48.46	44.35	45.78	62.34	48.5	40.3	41.51	47.17	59.82	50.05	60.18	61.11	67.15	45.12	71.57	57.57	78.65	52.77	82.91	63.35
1003	34.586	31.63	42.55	29.86	41.8	29.12	45.8	29.93	46.4	28.65	58.15	37.23	48.96	34.98	60.89	47.71	44.0	45.8	62.49	48.13	39.99	41.59	47.4	59.76	49.98	60.33	61.16	67.16	45.21	71.67	57.69	78.5	52.43	82.86	63.15
1004	34.621	31.63	42.55	29.86	41.8	29.12	45.8	29.93	46.4	28.65	58.15	37.23	48.96	34.98	60.89	47.71	44.0	45.8	62.49	48.13	39.99	41.59	47.4	59.76	49.98	60.33	61.16	67.16	45.21	71.67	57.69	78.5	52.43	82.86	63.15
1005	34.655	31.63	42.55	29.86	41.8	29.12	45.8	29.93	46.4	28.65	58.15	37.23	48.96	34.98	60.89	47.71	44.0	45.8	62.49	48.13	39.99	41.59	47.4	59.76	49.98	60.33	61.16	67.16	45.21	71.67	57.69	78.5	52.43	82.86	63.15
1006	34.69	31.76	42.76	29.98	42.03	29.27	46.03	29.99	46.63	28.82	58.37	37.33	49.07	35.16	60.98	47.87	43.78	45.95	62.16	48.16	39.99	41.68	47.13	59.81	50.1	60.44	61.26	67.24	45.31	71.74	57.86	78.6	52.52	82.9	63.29
1007	34.724	31.76	42.76	29.98	42.03	29.27	46.03	29.99	46.63	28.82	58.37	37.33	49.07	35.16	60.98	47.87	43.78	45.95	62.16	48.16	39.99	41.68	47.13	59.81	50.1	60.44	61.26	67.24	45.31	71.74	57.86	78.6	52.52	82.9	63.29
1008	34.759	31.76	42.76	29.98	42.03	29.27	46.03	29.99	46.63	28.82	58.37	37.33	49.07	35.16	60.98	47.87	43.78	45.95	62.16	48.16	39.99	41.68	47.13	59.81	50.1	60.44	61.26	67.24	45.31	71.74	57.86	78.6	52.52	82.9	63.29
1009	34.793	31.2	43.24	29.37	42.56	29.0	46.48	29.38	47.19	29.25	58.48	36.44	49.53	35.19	60.14	46.32	44.01	45.48	59.59	48.08	40.1	42.38	45.66	58.86	50.05	59.92	60.69	66.81	45.33	71.32	56.84	78.62	53.34	83.32	63.07
1010	34.828	31.2	43.24	29.37	42.56	29.0	46.48	29.38	47.19	29.25	58.48	36.44	49.53	35.19	60.14	46.32	44.01	45.48	59.59	48.08	40.1	42.38	45.66	58.86	50.05	59.92	60.69	66.81	45.33	71.32	56.84	78.62	53.34	83.32	63.07
1011	34.862	31.2	43.24	29.37	42.56	29.0	46.48	29.38	47.19	29.25	58.48	36.44	49.53	35.19	60.14	46.32	44.01	45.48	59.59	48.08	40.1	42.38	45.66	58.86	50.05	59.92	60.69	66.81	45.33	71.32	56.84	78.62	53.34	83.32	63.07
1012	34.897	31.22	43.13	29.41	42.4	28.81	46.26	29.04	46.84	28.0	58.22	36.59	49.23	33.74	60.26	47.58	45.05	43.76	60.79	48.52	40.47	40.13	45.28	59.27	50.1	59.55	61.08	66.86	45.07	71.33	57.38	78.56	52.29	83.17	62.87
1013	34.931	31.22	43.13	29.41	42.4	28.81	46.26	29.04	46.84	28.0	58.22	36.59	49.23	33.74	60.26	47.58	45.05	43.76	60.79	48.52	40.47	40.13	45.28	59.27	50.1	59.55	61.08	66.86	45.07	71.33	57.38	78.56	52.29	83.17	62.87
1014	34.966	31.22	43.13	29.41	42.4	28.81	46.26	29.04	46.84	28.0	58.22	36.59	49.23	33.74	60.26	47.58	45.05	43.76	60.79	48.52	40.47	40.13	45.28	59.27	50.1	59.55	61.08	66.86	45.07	71.33	57.38	78.56	52.29	83.17	62.87
1015	35.0	31.28	43.26	29.44	42.49	28.94	46.34	28.98	46.79	28.2	58.12	36.48	49.22	33.91	60.35	47.42	45.32	43.88	61.27	48.75	40.94	40.64	45.61	59.32	49.98	59.79	61.03	66.81	44.77	71.28	57.14	78.58	52.52	83.08	62.91
1016	35.034	31.28	43.26	29.44	42.49	28.94	46.34	28.98	46.79	28.2	58.12	36.48	49.22	33.91	60.35	47.42	45.32	43.88	61.27	48.75	40.94	40.64	45.61	59.32	49.98	59.79	61.03	66.81	44.77	71.28	57.14	78.58	52.52	83.08	62.91
1017	35.069	31.28	43.26	29.44	42.49	28.94	46.34	28.98	46.79	28.2	58.12	36.48	49.22	33.91	60.35	47.42	45.32	43.88	61.27	48.75	40.94	40.64	45.61	59.32	49.98	59.79	61.03	66.81	44.77	71.28	57.14	78.58	52.52	83.08	62.91
1018	35.103	31.51	43.42	29.55	42.58	29.2	46.54	28.86	46.91	28.36	58.48	36.43	49.59	34.06	60.93	47.59	45.58	44.53	61.52	48.62	41.49	42.01	45.47	59.51	50.01	60.07	61.24	67.1	44.64	71.65	57.34	78.88	52.75	83.38	63.16
1019	35.138	31.51	43.42	29.55	42.58	29.2	46.54	28.86	46.91	28.36	58.48	36.43	49.59	34.06	60.93	47.59	45.58	44.53	61.52	48.62	41.49	42.01	45.47	59.51	50.01	60.07	61.24	67.1	44.64	71.65	57.34	78.88	52.75	83.38	63.16
1020	35.172	31.51	43.42	29.55	42.58	29.2	46.54	28.86	46.91	28.36	58.48	36.43	49.59	34.06	60.93	47.59	45.58	44.53	61.52	48.62	41.49	42.01	45.47	59.51	50.01	60.07	61.24	67.1	44.64	71.65	57.34	78.88	52.75	83.38	63.16
1021	35.207	31.44	43.61	29.55	42.89	29.29	46.71	28.93	47.19	28.68	58.4	35.91	49.86	34.18	60.6	45.41	45.64	44.42	60.92	46.02	41.6	41.91	45.22	58.77	50.22	59.53	61.28	66.99	45.07	71.38	57.49	78.77	53.02	83.23	63.22
1022	35.241	31.44	43.61	29.55	42.89	29.29	46.71	28.93	47.19	28.68	58.4	35.91	49.86	34.18	60.6	45.41	45.64	44.42	60.92	46.02	41.6	41.91	45.22	58.77	50.22	59.53	61.28	66.99	45.07	71.38	57.49	78.77	53.02	83.23	63.22
1023	35.276	31.44	43.61	29.55	42.89	29.29	46.71	28.93	47.19	28.68	58.4	35.91	49.86	34.18	60.6	45.41	45.64	44.42	60.92	46.02	41.6	41.91	45.22	58.77	50.22	59.53	61.28	66.99	45.07	71.38	57.49	78.77	53.02	83.23	63.22
1024	35.31	32.15	44.18	30.52	43.69	30.31	46.95	30.58	48.05	30.49	57.96	36.85	50.38	35.41	61.11	43.52	43.6	44.19	61.11	43.29	40.52	41.9	46.29	60.0	49.94	60.7	60.91	69.58	43.54	72.21	56.5	80.21	53.42	82.39	63.47
1025	35.345	32.15	44.18	30.52	43.69	30.31	46.95	30.58	48.05	30.49	57.96	36.85	50.38	35.41	61.11	43.52	43.6	44.19	61.11	43.29	40.52	41.9	46.29	60.0	49.94	60.7	60.91	69.58	43.54	72.21	56.5	80.21	53.42	82.39	63.47
1026	35.379	32.15	44.18	30.52	43.69	30.31	46.95	30.58	48.05	30.49	57.96	36.85	50.38	35.41	61.11	43.52	43.6	44.19	61.11	43.29	40.52	41.9	46.29	60.0	49.94	60.7	60.91	69.58	43.54	72.21	56.5	80.21	53.42	82.39	63.47
1027	35.414	32.12	44.08	30.34	43.64	30.32	46.84	29.88	48.27	30.09	58.02	36.82	50.71	34.99	60.78	44.62	44.3	44.52	59.39	43.32	41.78	42.17	44.55	60.06	49.94	60.59	60.62	69.55	43.29	72.23	56.06	80.16	53.36	82.59	63.44
1028	35.448	32.12	44.08	30.34	43.64	30.32	46.84	29.88	48.27	30.09	58.02	36.82	50.71	34.99	60.78	44.62	44.3	44.52	59.39	43.32	41.78	42.17	44.55	60.06	49.94	60.59	60.62	69.55	43.29	72.23	56.06	80.16	53.36	82.59	63.44
1029	35.483	32.12	44.08	30.34	43.64	30.32	46.84	29.88	48.27	30.09	58.02	36.82	50.71	34.99	60.78	44.62	44.3	44.52	59.39	43.32	41.78	42.17	44.55	60.06	49.94	60.59	60.62	69.55	43.29	72.23	56.06	80.16	53.36	82.59	63.44
1030	35.517	31.76	44.09	30.1	43.63	29.99	46.93	30.21	48.07	30.4	58.02	36.81	50.12	35.66	60.49	43.91	42.55	44.98	58.82	43.5	40.53	42.76	44.08	59.87	49.49	60.75	60.3	69.62	42.88	72.4	56.05	80.3	52.74	82.63	63.23
1031	35.552	31.76	44.09	30.1	43.63	29.99	46.93	30.21	48.07	30.4	58.02	36.81	50.12	35.66	60.49	43.91	42.55	44.98	58.82	43.5	40.53	42.76	44.08	59.87	49.49	60.75	60.3	69.62	42.88	72.4	56.05	80.3	52.74	82.63	63.23
1032	35.586	31.76	44.09	30.1	43.63	29.99	46.93	30.21	48.07	30.4	58.02	36.81	50.12	35.66	60.49	43.91	42.55	44.98	58.82	43.5	40.53	42.76	44.08	59.87	49.49	60.75	60.3	69.62	42.88	72.4	56.05	80.3	52.74	82.63	63.23
1033	35.621	31.59	43.44	29.63	42.8	29.68	46.45	28.67	47.33	29.21	58.07	35.73	50.11	34.99	59.91	45.12	44.4	45.4	57.6	45.9	39.4	43.56	42.47	58.7	50.12	60.14	60.78	67.22	44.47	71.62	57.12	79.04	51.93	83.19	62.53
1034	35.655	31.59	43.44	29.63	42.8	29.68	46.45	28.67	47.33	29.21	58.07	35.73	50.11	34.99	59.91	45.12	44.4	45.4	57.6	45.9	39.4	43.56	42.47	58.7	50.12	60.14	60.78	67.22	44.47	71.62	57.12	79.04	51.93	83.19	62.53
1035	35.69	31.59	43.44	29.63	42.8	29.68	46.45	28.67	47.33	29.21	58.07	35.73	50.11	34.99	59.91	45.12	44.4	45.4	57.6	45.9	39.4	43.56	42.47	58.7	50.12	60.14	60.78	67.22	44.47	71.62	57.12	79.04	51.93	83.19	62.53
1036	35.724	30.79	43.48	28.83	42.86	28.73	46.6	28.25	47.54	28.67	58.46	35.25	50.11	34.72	60.0	45.12	45.25	46.03	58.62	46.66	40.2	43.37	43.23	58.51	50.17	59.92	60.62	66.65	44.98	71.28	56.23	78.72	53.32	83.31	62.56
1037	35.759	30.79	43.48	28.83	42.86	28.73	46.6	28.25	47.54	28.67	58.46	35.25	50.11	34.72	60.0	45.12	45.25	46.03	58.62	46.66	40.2	43.37	43.23	58.51	50.17	59.92	60.62	66.65	44.98	71.28	56.23	78.72	53.32	83.31	62.56
1038	35.793	30.79	43.48	28.83	42.86	28.73	46.6	28.25	47.54	28.67	58.46	35.25	50.11	34.72	60.0	45.12	45.25	46.03	58.62	46.66	40.2	43.37	43.23	58.51	50.17	59.92	60.62	66.65	44.98	71.28	56.23	78.72	53.32	83.31	62.56
1039	35.828	30.78	43.46	28.86	42.78	28.74	46.58	28.27	47.48	28.71	58.53	34.91	50.21	34.69	60.44	44.25	45.16	46.04	59.62	46.53	40.29	43.29	44.89	58.32	50.34	59.9	61.01	66.71	45.19	71.32	56.57	79.05	53.65	83.59	62.78
1040	35.862	30.78	43.46	28.86	42.78	28.74	46.58	28.27	47.48	28.71	58.53	34.91	50.21	34.69	60.44	44.25	45.16	46.04	59.62	46.53	40.29	43.29	44.89	58.32	50.34	59.9	61.01	66.71	45.19	71.32	56.57	79.05	53.65	83.59	62.78
1041	35.897	30.78	43.46	28.86	42.78	28.74	46.58	28.27	47.48	28.71	58.53	34.91	50.21	34.69	60.44	44.25	45.16	46.04	59.62	46.53	40.29	43.29	44.89	58.32	50.34	59.9	61.01	66.71	45.19	71.32	56.57	79.05	53.65	83.59	62.78
1042	35.931	31.09	43.33	29.13	42.65	29.08	46.41	28.2	47.3	28.59	58.36	35.03	50.18	34.56	60.82	45.02	44.94	45.87	60.22	46.99	40.4	43.51	45.24	58.56	50.24	60.14	61.28	67.16	44.89	71.77	57.6	79.26	52.66	83.62	63.01
1043	35.966	31.09	43.33	29.13	42.65	29.08	46.41	28.2	47.3	28.59	58.36	35.03	50.18	34.56	60.82	45.02	44.94	45.87	60.22	46.99	40.4	43.51	45.24	58.56	50.24	60.14	61.28	67.16	44.89	71.77	57.6	79.26	52.66	83.62	63.01
1044	36.0	31.09	43.33	29.13	42.65	29.08	46.41	28.2	47.3	28.59	58.36	35.03	50.18	34.56	60.82	45.02	44.94	45.87	60.22	46.99	40.4	43.51	45.24	58.56	50.24	60.14	61.28	67.16	44.89	71.77	57.6	79.26	52.66	83.62	63.01
1045	36.034	31.76	43.22	29.76	42.44	29.58	46.3	28.8	46.77	28.79	58.15	36.16	49.27	34.7	60.71	47.46	44.53	45.95	61.44	48.63	40.99	42.9	46.64	59.31	49.83	60.42	61.01	67.36	44.28	71.94	56.89	79.01	52.84	83.35	62.91
1046	36.069	31.76	43.22	29.76	42.44	29.58	46.3	28.8	46.77	28.79	58.15	36.16	49.27	34.7	60.71	47.46	44.53	45.95	61.44	48.63	40.99	42.9	46.64	59.31	49.83	60.42	61.01	67.36	44.28	71.94	56.89	79.01	52.84	83.35	62.91
1047	36.103	31.76	43.22	29.76	42.44	29.58	46.3	28.8	46.77	28.79	58.15	36.16	49.27	34.7	60.71	47.46	44.53	45.95	61.44	48.63	40.99	42.9	46.64	59.31	49.83	60.42	61.01	67.36	44.28	71.94	56.89	79.01	52.84	83.35	62.91
1048	36.138	32.6	43.86	30.54	43.08	30.32	46.97	29.2	47.37	29.27	58.86	35.84	49.94	35.3	61.21	45.08	45.24	45.99	61.01	45.0	43.75	42.6	46.96	59.03	49.91	60.69	61.07	67.07	43.23	72.1	55.84	78.66	52.32	83.26	62.66
1049	36.172	32.6	43.86	30.54	43.08	30.32	46.97	29.2	47.37	29.27	58.86	35.84	49.94	35.3	61.21	45.08	45.24	45.99	61.01	45.0	43.75	42.6	46.96	59.03	49.91	60.69	61.07	67.07	43.23	72.1	55.84	78.66	52.32	83.26	62.66
1050	36.207	32.6	43.86	30.54	43.08	30.32	46.97	29.2	47.37	29.27	58.86	35.84	49.94	35.3	61.21	45.08	45.24	45.99	61.01	45.0	43.75	42.6	46.96	59.03	49.91	60.69	61.07	67.07	43.23	72.1	55.84	78.66	52.32	83.26	62.66
1051	36.241	32.44	43.94	30.19	43.13	30.17	47.09	28.39	47.54	29.13	59.32	34.66	49.71	35.37	62.11	43.92	44.6	45.66	61.69	45.22	43.94	42.68	46.94	58.36	49.49	61.03	61.26	65.29	40.28	71.28	54.41	76.46	48.57	81.46	60.88
