Frame	Time	Nose_X	Nose_Y	L_Eye_X	L_Eye_Y	R_Eye_X	R_Eye_Y	L_Ear_X	L_Ear_Y	R_Ear_X	R_Ear_Y	L_Shoulder_X	L_Shoulder_Y	R_Shoulder_X	R_Shoulder_Y	L_Elbow_X	L_Elbow_Y	R_Elbow_X	R_Elbow_Y	L_Wrist_X	L_Wrist_Y	R_Wrist_X	R_Wrist_Y	L_Hip_X	L_Hip_Y	R_Hip_X	R_Hip_Y	L_Knee_X	L_Knee_Y	R_Knee_X	R_Knee_Y	L_Ankle_X	L_Ankle_Y	R_Ankle_X	R_Ankle_Y
1	0.033	46.15	53.51	43.78	52.68	43.94	57.67	43.38	56.71	45.79	69.74	50.11	56.3	53.39	69.82	51.4	47.73	60.63	74.72	46.36	45.29	54.84	71.45	63.08	56.65	66.62	65.64	65.58	44.29	68.24	53.91	70.25	51.94	71.83	61.33
2	0.067	46.15	53.51	43.78	52.68	43.94	57.67	43.38	56.71	45.79	69.74	50.11	56.3	53.39	69.82	51.4	47.73	60.63	74.72	46.36	45.29	54.84	71.45	63.08	56.65	66.62	65.64	65.58	44.29	68.24	53.91	70.25	51.94	71.83	61.33
3	0.1	46.15	53.51	43.78	52.68	43.94	57.67	43.38	56.71	45.79	69.74	50.11	56.3	53.39	69.82	51.4	47.73	60.63	74.72	46.36	45.29	54.84	71.45	63.08	56.65	66.62	65.64	65.58	44.29	68.24	53.91	70.25	51.94	71.83	61.33
4	0.133	46.22	51.13	43.83	50.33	43.91	55.24	43.49	54.88	45.62	67.86	50.38	55.03	53.78	68.92	51.42	45.95	64.54	72.48	46.9	43.19	63.65	61.85	63.56	55.38	66.83	64.17	66.18	44.19	68.6	53.21	69.96	51.52	71.6	60.43
5	0.167	46.22	51.13	43.83	50.33	43.91	55.24	43.49	54.88	45.62	67.86	50.38	55.03	53.78	68.92	51.42	45.95	64.54	72.48	46.9	43.19	63.65	61.85	63.56	55.38	66.83	64.17	66.18	44.19	68.6	53.21	69.96	51.52	71.6	60.43
6	0.2	46.22	51.13	43.83	50.33	43.91	55.24	43.49	54.88	45.62	67.86	50.38	55.03	53.78	68.92	51.42	45.95	64.54	72.48	46.9	43.19	63.65	61.85	63.56	55.38	66.83	64.17	66.18	44.19	68.6	53.21	69.96	51.52	71.6	60.43
7	0.233	46.27	53.72	43.82	52.08	43.67	57.91	43.6	53.96	45.01	68.99	50.15	53.38	52.89	69.96	51.62	46.27	60.59	77.85	47.36	43.71	56.29	72.68	63.69	54.51	66.99	65.18	64.99	42.98	68.29	55.08	69.9	49.23	72.08	59.01
8	0.267	46.27	53.72	43.82	52.08	43.67	57.91	43.6	53.96	45.01	68.99	50.15	53.38	52.89	69.96	51.62	46.27	60.59	77.85	47.36	43.71	56.29	72.68	63.69	54.51	66.99	65.18	64.99	42.98	68.29	55.08	69.9	49.23	72.08	59.01
9	0.3	46.27	53.72	43.82	52.08	43.67	57.91	43.6	53.96	45.01	68.99	50.15	53.38	52.89	69.96	51.62	46.27	60.59	77.85	47.36	43.71	56.29	72.68	63.69	54.51	66.99	65.18	64.99	42.98	68.29	55.08	69.9	49.23	72.08	59.01
10	0.333	46.04	53.31	43.78	51.53	43.39	57.34	43.83	53.25	44.44	68.27	50.14	53.13	51.36	70.29	51.38	46.68	56.02	80.76	46.77	42.58	50.31	79.98	64.4	54.67	67.12	66.05	65.3	43.57	68.53	56.24	70.42	50.85	72.26	60.29
11	0.367	46.04	53.31	43.78	51.53	43.39	57.34	43.83	53.25	44.44	68.27	50.14	53.13	51.36	70.29	51.38	46.68	56.02	80.76	46.77	42.58	50.31	79.98	64.4	54.67	67.12	66.05	65.3	43.57	68.53	56.24	70.42	50.85	72.26	60.29
12	0.4	46.04	53.31	43.78	51.53	43.39	57.34	43.83	53.25	44.44	68.27	50.14	53.13	51.36	70.29	51.38	46.68	56.02	80.76	46.77	42.58	50.31	79.98	64.4	54.67	67.12	66.05	65.3	43.57	68.53	56.24	70.42	50.85	72.26	60.29
13	0.433	45.58	54.47	42.89	52.54	43.01	58.72	42.91	54.14	44.85	69.98	50.44	53.2	54.08	70.04	51.58	45.57	63.04	76.01	49.29	42.91	61.42	66.62	65.45	53.7	69.09	64.42	68.64	43.38	71.14	54.91	71.93	53.26	73.65	61.48
14	0.467	45.58	54.47	42.89	52.54	43.01	58.72	42.91	54.14	44.85	69.98	50.44	53.2	54.08	70.04	51.58	45.57	63.04	76.01	49.29	42.91	61.42	66.62	65.45	53.7	69.09	64.42	68.64	43.38	71.14	54.91	71.93	53.26	73.65	61.48
15	0.5	45.58	54.47	42.89	52.54	43.01	58.72	42.91	54.14	44.85	69.98	50.44	53.2	54.08	70.04	51.58	45.57	63.04	76.01	49.29	42.91	61.42	66.62	65.45	53.7	69.09	64.42	68.64	43.38	71.14	54.91	71.93	53.26	73.65	61.48
16	0.533	45.83	53.89	43.25	51.42	42.76	58.23	43.7	51.81	44.25	69.22	51.81	51.22	53.57	70.13	56.29	45.46	58.21	80.57	59.22	42.22	49.25	79.32	67.13	53.3	70.41	65.31	69.13	40.97	71.56	54.35	73.55	52.41	74.63	61.06
17	0.567	45.83	53.89	43.25	51.42	42.76	58.23	43.7	51.81	44.25	69.22	51.81	51.22	53.57	70.13	56.29	45.46	58.21	80.57	59.22	42.22	49.25	79.32	67.13	53.3	70.41	65.31	69.13	40.97	71.56	54.35	73.55	52.41	74.63	61.06
18	0.6	45.83	53.89	43.25	51.42	42.76	58.23	43.7	51.81	44.25	69.22	51.81	51.22	53.57	70.13	56.29	45.46	58.21	80.57	59.22	42.22	49.25	79.32	67.13	53.3	70.41	65.31	69.13	40.97	71.56	54.35	73.55	52.41	74.63	61.06
19	0.633	45.84	48.37	43.54	47.13	43.4	52.45	44.33	51.74	45.72	65.67	54.36	52.27	54.2	67.44	62.33	45.99	60.78	75.28	66.25	41.13	51.61	70.04	68.73	54.29	70.39	63.65	70.8	41.69	70.32	50.67	74.16	51.85	71.88	59.1
20	0.667	45.84	48.37	43.54	47.13	43.4	52.45	44.33	51.74	45.72	65.67	54.36	52.27	54.2	67.44	62.33	45.99	60.78	75.28	66.25	41.13	51.61	70.04	68.73	54.29	70.39	63.65	70.8	41.69	70.32	50.67	74.16	51.85	71.88	59.1
21	0.7	45.84	48.37	43.54	47.13	43.4	52.45	44.33	51.74	45.72	65.67	54.36	52.27	54.2	67.44	62.33	45.99	60.78	75.28	66.25	41.13	51.61	70.04	68.73	54.29	70.39	63.65	70.8	41.69	70.32	50.67	74.16	51.85	71.88	59.1
22	0.733	44.84	45.49	42.97	44.14	42.55	48.33	43.3	48.33	43.81	59.88	51.74	50.15	49.93	64.21	60.65	46.16	54.97	74.01	64.81	41.58	46.48	68.23	70.08	53.6	71.1	63.42	71.2	44.14	72.52	53.35	76.84	53.39	77.02	60.16
23	0.767	44.84	45.49	42.97	44.14	42.55	48.33	43.3	48.33	43.81	59.88	51.74	50.15	49.93	64.21	60.65	46.16	54.97	74.01	64.81	41.58	46.48	68.23	70.08	53.6	71.1	63.42	71.2	44.14	72.52	53.35	76.84	53.39	77.02	60.16
24	0.8	44.84	45.49	42.97	44.14	42.55	48.33	43.3	48.33	43.81	59.88	51.74	50.15	49.93	64.21	60.65	46.16	54.97	74.01	64.81	41.58	46.48	68.23	70.08	53.6	71.1	63.42	71.2	44.14	72.52	53.35	76.84	53.39	77.02	60.16
25	0.833	44.73	44.61	43.02	43.29	42.35	47.14	43.3	47.61	43.15	58.53	51.07	50.36	49.02	64.02	60.64	46.16	54.6	73.73	64.74	42.01	44.26	70.17	69.56	54.69	70.31	64.46	71.41	45.91	72.53	55.26	76.28	54.56	75.72	61.91
26	0.867	44.73	44.61	43.02	43.29	42.35	47.14	43.3	47.61	43.15	58.53	51.07	50.36	49.02	64.02	60.64	46.16	54.6	73.73	64.74	42.01	44.26	70.17	69.56	54.69	70.31	64.46	71.41	45.91	72.53	55.26	76.28	54.56	75.72	61.91
27	0.9	44.73	44.61	43.02	43.29	42.35	47.14	43.3	47.61	43.15	58.53	51.07	50.36	49.02	64.02	60.64	46.16	54.6	73.73	64.74	42.01	44.26	70.17	69.56	54.69	70.31	64.46	71.41	45.91	72.53	55.26	76.28	54.56	75.72	61.91
28	0.933	44.65	43.21	43.17	42.49	42.67	45.22	43.0	47.71	43.28	56.02	49.74	51.67	48.22	61.84	57.36	49.08	53.79	71.95	61.03	41.87	43.64	70.91	68.75	54.14	69.78	62.54	71.02	46.15	72.33	53.79	76.55	54.41	76.51	60.9
29	0.967	44.65	43.21	43.17	42.49	42.67	45.22	43.0	47.71	43.28	56.02	49.74	51.67	48.22	61.84	57.36	49.08	53.79	71.95	61.03	41.87	43.64	70.91	68.75	54.14	69.78	62.54	71.02	46.15	72.33	53.79	76.55	54.41	76.51	60.9
30	1.0	44.65	43.21	43.17	42.49	42.67	45.22	43.0	47.71	43.28	56.02	49.74	51.67	48.22	61.84	57.36	49.08	53.79	71.95	61.03	41.87	43.64	70.91	68.75	54.14	69.78	62.54	71.02	46.15	72.33	53.79	76.55	54.41	76.51	60.9
31	1.033	44.71	41.92	43.31	41.14	42.58	44.46	43.49	46.12	43.36	55.74	49.41	49.45	48.64	61.2	52.39	45.98	53.4	70.75	48.47	42.7	44.96	69.01	67.54	54.27	68.68	63.46	70.28	45.68	71.91	54.07	76.38	55.54	76.15	62.62
32	1.067	44.71	41.92	43.31	41.14	42.58	44.46	43.49	46.12	43.36	55.74	49.41	49.45	48.64	61.2	52.39	45.98	53.4	70.75	48.47	42.7	44.96	69.01	67.54	54.27	68.68	63.46	70.28	45.68	71.91	54.07	76.38	55.54	76.15	62.62
33	1.1	44.71	41.92	43.31	41.14	42.58	44.46	43.49	46.12	43.36	55.74	49.41	49.45	48.64	61.2	52.39	45.98	53.4	70.75	48.47	42.7	44.96	69.01	67.54	54.27	68.68	63.46	70.28	45.68	71.91	54.07	76.38	55.54	76.15	62.62
34	1.133	44.17	41.85	42.9	41.43	42.36	43.58	42.73	47.01	43.05	53.73	48.86	52.26	48.97	57.87	52.55	56.54	54.23	67.09	48.82	49.51	43.8	65.16	68.04	54.51	69.57	60.42	69.08	47.07	70.79	53.37	75.78	53.13	74.86	59.44
35	1.167	44.17	41.85	42.9	41.43	42.36	43.58	42.73	47.01	43.05	53.73	48.86	52.26	48.97	57.87	52.55	56.54	54.23	67.09	48.82	49.51	43.8	65.16	68.04	54.51	69.57	60.42	69.08	47.07	70.79	53.37	75.78	53.13	74.86	59.44
36	1.2	44.17	41.85	42.9	41.43	42.36	43.58	42.73	47.01	43.05	53.73	48.86	52.26	48.97	57.87	52.55	56.54	54.23	67.09	48.82	49.51	43.8	65.16	68.04	54.51	69.57	60.42	69.08	47.07	70.79	53.37	75.78	53.13	74.86	59.44
37	1.233	43.44	42.63	42.31	42.1	41.36	44.13	42.76	47.65	41.58	54.16	48.68	54.1	46.68	58.8	52.79	61.78	52.3	68.98	48.01	53.76	42.91	60.42	67.57	56.03	68.08	62.08	71.46	52.94	75.02	58.16	78.58	61.45	83.28	68.3
38	1.267	43.44	42.63	42.31	42.1	41.36	44.13	42.76	47.65	41.58	54.16	48.68	54.1	46.68	58.8	52.79	61.78	52.3	68.98	48.01	53.76	42.91	60.42	67.57	56.03	68.08	62.08	71.46	52.94	75.02	58.16	78.58	61.45	83.28	68.3
39	1.3	43.44	42.63	42.31	42.1	41.36	44.13	42.76	47.65	41.58	54.16	48.68	54.1	46.68	58.8	52.79	61.78	52.3	68.98	48.01	53.76	42.91	60.42	67.57	56.03	68.08	62.08	71.46	52.94	75.02	58.16	78.58	61.45	83.28	68.3
40	1.333	43.63	42.96	42.41	42.68	41.79	44.74	42.91	49.09	42.57	55.67	48.97	55.16	47.05	60.91	53.97	60.66	53.23	71.62	51.28	50.3	45.57	64.41	67.64	56.53	68.21	63.32	71.53	52.75	75.01	59.3	79.01	59.95	84.13	68.14
41	1.367	43.63	42.96	42.41	42.68	41.79	44.74	42.91	49.09	42.57	55.67	48.97	55.16	47.05	60.91	53.97	60.66	53.23	71.62	51.28	50.3	45.57	64.41	67.64	56.53	68.21	63.32	71.53	52.75	75.01	59.3	79.01	59.95	84.13	68.14
42	1.4	43.63	42.96	42.41	42.68	41.79	44.74	42.91	49.09	42.57	55.67	48.97	55.16	47.05	60.91	53.97	60.66	53.23	71.62	51.28	50.3	45.57	64.41	67.64	56.53	68.21	63.32	71.53	52.75	75.01	59.3	79.01	59.95	84.13	68.14
43	1.433	43.58	43.37	42.37	42.03	41.49	45.82	43.41	45.73	43.01	56.36	49.2	48.07	47.83	62.54	54.41	42.64	54.06	73.42	54.76	36.49	46.95	66.77	67.66	54.5	69.14	65.82	70.62	46.97	76.36	58.57	77.84	57.79	85.89	67.05
44	1.467	43.58	43.37	42.37	42.03	41.49	45.82	43.41	45.73	43.01	56.36	49.2	48.07	47.83	62.54	54.41	42.64	54.06	73.42	54.76	36.49	46.95	66.77	67.66	54.5	69.14	65.82	70.62	46.97	76.36	58.57	77.84	57.79	85.89	67.05
45	1.5	43.58	43.37	42.37	42.03	41.49	45.82	43.41	45.73	43.01	56.36	49.2	48.07	47.83	62.54	54.41	42.64	54.06	73.42	54.76	36.49	46.95	66.77	67.66	54.5	69.14	65.82	70.62	46.97	76.36	58.57	77.84	57.79	85.89	67.05
46	1.533	43.35	43.87	42.13	42.36	41.02	46.49	43.21	46.01	42.18	57.42	49.16	48.73	47.13	63.74	54.93	43.2	53.52	73.73	56.32	37.79	46.57	65.9	66.8	56.2	67.55	67.57	70.72	47.05	74.54	58.43	78.22	61.93	82.84	70.69
47	1.567	43.35	43.87	42.13	42.36	41.02	46.49	43.21	46.01	42.18	57.42	49.16	48.73	47.13	63.74	54.93	43.2	53.52	73.73	56.32	37.79	46.57	65.9	66.8	56.2	67.55	67.57	70.72	47.05	74.54	58.43	78.22	61.93	82.84	70.69
48	1.6	43.35	43.87	42.13	42.36	41.02	46.49	43.21	46.01	42.18	57.42	49.16	48.73	47.13	63.74	54.93	43.2	53.52	73.73	56.32	37.79	46.57	65.9	66.8	56.2	67.55	67.57	70.72	47.05	74.54	58.43	78.22	61.93	82.84	70.69
49	1.633	43.39	44.2	41.95	42.49	40.84	47.34	43.03	45.96	42.0	59.11	49.0	47.97	47.45	64.67	52.21	39.53	53.46	74.45	50.14	32.0	47.01	67.39	66.92	54.87	67.94	67.21	70.37	46.07	74.62	58.83	76.87	58.43	82.05	68.76
50	1.667	43.39	44.2	41.95	42.49	40.84	47.34	43.03	45.96	42.0	59.11	49.0	47.97	47.45	64.67	52.21	39.53	53.46	74.45	50.14	32.0	47.01	67.39	66.92	54.87	67.94	67.21	70.37	46.07	74.62	58.83	76.87	58.43	82.05	68.76
51	1.7	43.39	44.2	41.95	42.49	40.84	47.34	43.03	45.96	42.0	59.11	49.0	47.97	47.45	64.67	52.21	39.53	53.46	74.45	50.14	32.0	47.01	67.39	66.92	54.87	67.94	67.21	70.37	46.07	74.62	58.83	76.87	58.43	82.05	68.76
52	1.733	43.31	44.64	41.76	43.4	40.84	47.22	42.36	47.43	41.25	58.56	48.98	49.99	46.66	64.71	56.4	46.51	53.4	74.51	59.35	43.66	47.4	66.96	68.1	55.29	68.63	66.3	71.11	44.99	74.08	56.72	75.78	57.43	79.35	67.58
53	1.767	43.31	44.64	41.76	43.4	40.84	47.22	42.36	47.43	41.25	58.56	48.98	49.99	46.66	64.71	56.4	46.51	53.4	74.51	59.35	43.66	47.4	66.96	68.1	55.29	68.63	66.3	71.11	44.99	74.08	56.72	75.78	57.43	79.35	67.58
54	1.8	43.31	44.64	41.76	43.4	40.84	47.22	42.36	47.43	41.25	58.56	48.98	49.99	46.66	64.71	56.4	46.51	53.4	74.51	59.35	43.66	47.4	66.96	68.1	55.29	68.63	66.3	71.11	44.99	74.08	56.72	75.78	57.43	79.35	67.58
55	1.833	43.69	44.85	42.12	43.86	41.19	47.61	42.67	48.44	41.39	59.35	50.13	50.96	46.65	64.81	57.66	47.19	53.55	73.03	58.92	43.37	46.62	62.66	68.55	57.25	68.04	67.28	71.63	46.38	72.93	55.97	75.72	61.1	77.73	69.27
56	1.867	43.69	44.85	42.12	43.86	41.19	47.61	42.67	48.44	41.39	59.35	50.13	50.96	46.65	64.81	57.66	47.19	53.55	73.03	58.92	43.37	46.62	62.66	68.55	57.25	68.04	67.28	71.63	46.38	72.93	55.97	75.72	61.1	77.73	69.27
57	1.9	43.69	44.85	42.12	43.86	41.19	47.61	42.67	48.44	41.39	59.35	50.13	50.96	46.65	64.81	57.66	47.19	53.55	73.03	58.92	43.37	46.62	62.66	68.55	57.25	68.04	67.28	71.63	46.38	72.93	55.97	75.72	61.1	77.73	69.27
58	1.933	44.03	44.91	42.58	43.66	41.49	47.72	43.73	47.41	41.84	59.0	50.59	49.48	47.7	64.31	57.15	45.04	54.49	72.35	56.1	39.48	47.28	62.27	68.23	54.32	68.2	64.92	71.18	42.47	73.1	54.52	75.94	56.62	77.63	66.49
59	1.967	44.03	44.91	42.58	43.66	41.49	47.72	43.73	47.41	41.84	59.0	50.59	49.48	47.7	64.31	57.15	45.04	54.49	72.35	56.1	39.48	47.28	62.27	68.23	54.32	68.2	64.92	71.18	42.47	73.1	54.52	75.94	56.62	77.63	66.49
60	2.0	44.03	44.91	42.58	43.66	41.49	47.72	43.73	47.41	41.84	59.0	50.59	49.48	47.7	64.31	57.15	45.04	54.49	72.35	56.1	39.48	47.28	62.27	68.23	54.32	68.2	64.92	71.18	42.47	73.1	54.52	75.94	56.62	77.63	66.49
61	2.033	44.33	44.8	42.75	43.45	41.91	47.96	43.9	47.19	42.86	59.42	50.62	48.99	48.33	64.25	56.96	44.78	54.68	72.2	54.58	36.38	49.53	61.39	67.25	53.2	67.99	64.34	68.2	39.85	72.07	53.72	75.46	48.15	79.08	59.86
62	2.067	44.33	44.8	42.75	43.45	41.91	47.96	43.9	47.19	42.86	59.42	50.62	48.99	48.33	64.25	56.96	44.78	54.68	72.2	54.58	36.38	49.53	61.39	67.25	53.2	67.99	64.34	68.2	39.85	72.07	53.72	75.46	48.15	79.08	59.86
63	2.1	44.33	44.8	42.75	43.45	41.91	47.96	43.9	47.19	42.86	59.42	50.62	48.99	48.33	64.25	56.96	44.78	54.68	72.2	54.58	36.38	49.53	61.39	67.25	53.2	67.99	64.34	68.2	39.85	72.07	53.72	75.46	48.15	79.08	59.86
64	2.133	45.02	43.89	42.91	43.56	42.7	47.81	43.67	50.1	44.62	61.93	52.29	51.74	52.74	64.64	57.55	42.39	63.91	64.01	53.09	36.18	63.11	46.93	68.83	55.19	70.41	64.09	70.11	39.88	73.18	50.48	73.21	47.96	75.79	59.33
65	2.167	45.02	43.89	42.91	43.56	42.7	47.81	43.67	50.1	44.62	61.93	52.29	51.74	52.74	64.64	57.55	42.39	63.91	64.01	53.09	36.18	63.11	46.93	68.83	55.19	70.41	64.09	70.11	39.88	73.18	50.48	73.21	47.96	75.79	59.33
66	2.2	45.02	43.89	42.91	43.56	42.7	47.81	43.67	50.1	44.62	61.93	52.29	51.74	52.74	64.64	57.55	42.39	63.91	64.01	53.09	36.18	63.11	46.93	68.83	55.19	70.41	64.09	70.11	39.88	73.18	50.48	73.21	47.96	75.79	59.33
67	2.233	44.88	43.3	42.89	42.98	42.29	47.57	44.15	49.87	44.11	62.43	54.21	51.74	52.67	64.34	60.88	41.03	60.22	59.83	53.31	39.52	51.3	45.71	69.68	55.36	70.32	63.75	69.44	38.74	72.35	49.04	72.61	47.88	75.08	59.98
68	2.267	44.88	43.3	42.89	42.98	42.29	47.57	44.15	49.87	44.11	62.43	54.21	51.74	52.67	64.34	60.88	41.03	60.22	59.83	53.31	39.52	51.3	45.71	69.68	55.36	70.32	63.75	69.44	38.74	72.35	49.04	72.61	47.88	75.08	59.98
69	2.3	44.88	43.3	42.89	42.98	42.29	47.57	44.15	49.87	44.11	62.43	54.21	51.74	52.67	64.34	60.88	41.03	60.22	59.83	53.31	39.52	51.3	45.71	69.68	55.36	70.32	63.75	69.44	38.74	72.35	49.04	72.61	47.88	75.08	59.98
70	2.333	44.47	42.62	42.16	42.74	42.19	46.85	43.15	50.14	44.54	61.87	53.8	52.22	54.35	63.58	61.1	41.13	62.77	57.73	53.9	38.96	52.86	41.75	69.26	55.14	71.08	62.89	70.18	37.18	72.57	47.53	71.32	45.1	73.16	58.65
71	2.367	44.47	42.62	42.16	42.74	42.19	46.85	43.15	50.14	44.54	61.87	53.8	52.22	54.35	63.58	61.1	41.13	62.77	57.73	53.9	38.96	52.86	41.75	69.26	55.14	71.08	62.89	70.18	37.18	72.57	47.53	71.32	45.1	73.16	58.65
72	2.4	44.47	42.62	42.16	42.74	42.19	46.85	43.15	50.14	44.54	61.87	53.8	52.22	54.35	63.58	61.1	41.13	62.77	57.73	53.9	38.96	52.86	41.75	69.26	55.14	71.08	62.89	70.18	37.18	72.57	47.53	71.32	45.1	73.16	58.65
73	2.433	44.66	42.9	42.72	42.79	42.37	46.63	43.53	49.95	44.3	60.97	54.7	52.36	53.8	63.4	61.97	41.36	61.51	56.69	53.66	39.24	51.21	43.5	70.33	55.13	71.53	62.0	69.88	37.24	71.45	45.9	72.84	46.43	72.73	56.29
74	2.467	44.66	42.9	42.72	42.79	42.37	46.63	43.53	49.95	44.3	60.97	54.7	52.36	53.8	63.4	61.97	41.36	61.51	56.69	53.66	39.24	51.21	43.5	70.33	55.13	71.53	62.0	69.88	37.24	71.45	45.9	72.84	46.43	72.73	56.29
75	2.5	44.66	42.9	42.72	42.79	42.37	46.63	43.53	49.95	44.3	60.97	54.7	52.36	53.8	63.4	61.97	41.36	61.51	56.69	53.66	39.24	51.21	43.5	70.33	55.13	71.53	62.0	69.88	37.24	71.45	45.9	72.84	46.43	72.73	56.29
76	2.533	44.5	42.85	42.54	42.65	41.73	47.43	44.02	49.3	43.41	62.28	53.13	51.68	52.79	63.4	59.78	39.74	59.44	54.99	54.29	37.82	49.57	43.56	68.33	54.33	69.78	62.58	67.7	36.28	71.87	48.07	72.6	42.23	74.88	56.17
77	2.567	44.5	42.85	42.54	42.65	41.73	47.43	44.02	49.3	43.41	62.28	53.13	51.68	52.79	63.4	59.78	39.74	59.44	54.99	54.29	37.82	49.57	43.56	68.33	54.33	69.78	62.58	67.7	36.28	71.87	48.07	72.6	42.23	74.88	56.17
78	2.6	44.5	42.85	42.54	42.65	41.73	47.43	44.02	49.3	43.41	62.28	53.13	51.68	52.79	63.4	59.78	39.74	59.44	54.99	54.29	37.82	49.57	43.56	68.33	54.33	69.78	62.58	67.7	36.28	71.87	48.07	72.6	42.23	74.88	56.17
79	2.633	43.97	42.82	42.13	42.68	41.32	46.82	42.75	48.95	41.99	60.52	49.92	51.47	49.72	62.69	56.25	41.6	56.35	55.92	51.73	40.85	48.66	43.45	66.05	54.08	67.73	62.67	65.15	37.05	70.36	49.06	72.19	43.46	75.54	57.36
80	2.667	43.97	42.82	42.13	42.68	41.32	46.82	42.75	48.95	41.99	60.52	49.92	51.47	49.72	62.69	56.25	41.6	56.35	55.92	51.73	40.85	48.66	43.45	66.05	54.08	67.73	62.67	65.15	37.05	70.36	49.06	72.19	43.46	75.54	57.36
81	2.7	43.97	42.82	42.13	42.68	41.32	46.82	42.75	48.95	41.99	60.52	49.92	51.47	49.72	62.69	56.25	41.6	56.35	55.92	51.73	40.85	48.66	43.45	66.05	54.08	67.73	62.67	65.15	37.05	70.36	49.06	72.19	43.46	75.54	57.36
82	2.733	44.07	42.22	42.14	42.47	41.61	46.08	42.36	49.63	42.43	60.29	50.04	51.63	49.69	61.54	55.68	40.81	55.07	53.86	50.3	39.29	47.04	40.74	66.27	56.5	67.75	64.78	67.75	36.94	71.88	48.61	72.35	45.84	75.35	61.25
83	2.767	44.07	42.22	42.14	42.47	41.61	46.08	42.36	49.63	42.43	60.29	50.04	51.63	49.69	61.54	55.68	40.81	55.07	53.86	50.3	39.29	47.04	40.74	66.27	56.5	67.75	64.78	67.75	36.94	71.88	48.61	72.35	45.84	75.35	61.25
84	2.8	44.07	42.22	42.14	42.47	41.61	46.08	42.36	49.63	42.43	60.29	50.04	51.63	49.69	61.54	55.68	40.81	55.07	53.86	50.3	39.29	47.04	40.74	66.27	56.5	67.75	64.78	67.75	36.94	71.88	48.61	72.35	45.84	75.35	61.25
85	2.833	44.03	42.18	42.17	42.3	41.61	46.01	42.68	49.26	42.66	59.99	50.67	51.3	49.99	60.98	56.65	40.76	54.99	53.16	50.73	39.06	47.12	40.57	65.9	56.49	67.22	64.63	67.85	37.19	71.87	49.02	72.9	47.08	75.81	62.46
86	2.867	44.03	42.18	42.17	42.3	41.61	46.01	42.68	49.26	42.66	59.99	50.67	51.3	49.99	60.98	56.65	40.76	54.99	53.16	50.73	39.06	47.12	40.57	65.9	56.49	67.22	64.63	67.85	37.19	71.87	49.02	72.9	47.08	75.81	62.46
87	2.9	44.03	42.18	42.17	42.3	41.61	46.01	42.68	49.26	42.66	59.99	50.67	51.3	49.99	60.98	56.65	40.76	54.99	53.16	50.73	39.06	47.12	40.57	65.9	56.49	67.22	64.63	67.85	37.19	71.87	49.02	72.9	47.08	75.81	62.46
88	2.933	44.5	42.44	42.82	42.4	41.86	46.59	43.5	48.56	42.52	60.12	50.21	50.56	49.8	61.18	55.13	39.85	55.47	54.23	50.3	38.85	48.42	44.76	65.57	53.9	66.83	62.16	65.28	37.5	69.84	49.05	72.09	41.83	74.15	55.43
89	2.967	44.5	42.44	42.82	42.4	41.86	46.59	43.5	48.56	42.52	60.12	50.21	50.56	49.8	61.18	55.13	39.85	55.47	54.23	50.3	38.85	48.42	44.76	65.57	53.9	66.83	62.16	65.28	37.5	69.84	49.05	72.09	41.83	74.15	55.43
90	3.0	44.5	42.44	42.82	42.4	41.86	46.59	43.5	48.56	42.52	60.12	50.21	50.56	49.8	61.18	55.13	39.85	55.47	54.23	50.3	38.85	48.42	44.76	65.57	53.9	66.83	62.16	65.28	37.5	69.84	49.05	72.09	41.83	74.15	55.43
91	3.033	44.53	42.41	42.91	42.84	42.41	46.04	42.99	50.08	43.25	59.48	51.71	51.52	50.4	59.63	57.47	41.11	56.6	52.05	52.0	39.21	48.36	43.85	67.16	56.4	67.76	62.86	68.0	36.46	70.41	45.7	72.21	44.92	73.62	56.97
92	3.067	44.53	42.41	42.91	42.84	42.41	46.04	42.99	50.08	43.25	59.48	51.71	51.52	50.4	59.63	57.47	41.11	56.6	52.05	52.0	39.21	48.36	43.85	67.16	56.4	67.76	62.86	68.0	36.46	70.41	45.7	72.21	44.92	73.62	56.97
93	3.1	44.53	42.41	42.91	42.84	42.41	46.04	42.99	50.08	43.25	59.48	51.71	51.52	50.4	59.63	57.47	41.11	56.6	52.05	52.0	39.21	48.36	43.85	67.16	56.4	67.76	62.86	68.0	36.46	70.41	45.7	72.21	44.92	73.62	56.97
94	3.133	44.57	43.26	43.13	43.28	42.38	46.89	43.59	49.62	43.29	59.65	51.35	51.7	50.36	61.0	56.15	41.2	56.11	53.48	50.39	39.5	48.02	44.06	66.13	55.75	66.93	62.6	64.77	37.43	67.71	47.19	71.92	44.86	72.6	55.66
95	3.167	44.57	43.26	43.13	43.28	42.38	46.89	43.59	49.62	43.29	59.65	51.35	51.7	50.36	61.0	56.15	41.2	56.11	53.48	50.39	39.5	48.02	44.06	66.13	55.75	66.93	62.6	64.77	37.43	67.71	47.19	71.92	44.86	72.6	55.66
96	3.2	44.57	43.26	43.13	43.28	42.38	46.89	43.59	49.62	43.29	59.65	51.35	51.7	50.36	61.0	56.15	41.2	56.11	53.48	50.39	39.5	48.02	44.06	66.13	55.75	66.93	62.6	64.77	37.43	67.71	47.19	71.92	44.86	72.6	55.66
97	3.233	44.46	43.98	43.0	43.73	41.69	48.2	43.84	49.6	42.01	61.49	51.14	52.04	49.15	62.29	56.11	41.26	54.83	54.08	49.84	40.22	47.14	43.92	65.27	55.81	65.09	63.18	62.33	38.29	64.82	48.27	71.56	43.81	70.03	54.97
98	3.267	44.46	43.98	43.0	43.73	41.69	48.2	43.84	49.6	42.01	61.49	51.14	52.04	49.15	62.29	56.11	41.26	54.83	54.08	49.84	40.22	47.14	43.92	65.27	55.81	65.09	63.18	62.33	38.29	64.82	48.27	71.56	43.81	70.03	54.97
99	3.3	44.46	43.98	43.0	43.73	41.69	48.2	43.84	49.6	42.01	61.49	51.14	52.04	49.15	62.29	56.11	41.26	54.83	54.08	49.84	40.22	47.14	43.92	65.27	55.81	65.09	63.18	62.33	38.29	64.82	48.27	71.56	43.81	70.03	54.97
100	3.333	44.73	43.86	43.25	43.66	42.29	47.69	44.0	49.81	43.21	60.85	52.38	52.05	51.0	62.37	57.45	40.99	57.44	54.52	50.95	39.42	48.54	44.16	66.48	55.57	67.0	62.59	65.6	36.77	68.02	46.46	71.91	45.58	71.68	55.97
101	3.367	44.73	43.86	43.25	43.66	42.29	47.69	44.0	49.81	43.21	60.85	52.38	52.05	51.0	62.37	57.45	40.99	57.44	54.52	50.95	39.42	48.54	44.16	66.48	55.57	67.0	62.59	65.6	36.77	68.02	46.46	71.91	45.58	71.68	55.97
102	3.4	44.73	43.86	43.25	43.66	42.29	47.69	44.0	49.81	43.21	60.85	52.38	52.05	51.0	62.37	57.45	40.99	57.44	54.52	50.95	39.42	48.54	44.16	66.48	55.57	67.0	62.59	65.6	36.77	68.02	46.46	71.91	45.58	71.68	55.97
103	3.433	44.58	42.63	43.09	42.68	42.26	46.47	43.78	49.42	43.36	60.04	52.75	51.4	51.39	61.46	58.85	40.09	58.77	53.76	52.67	38.95	48.95	44.25	67.48	55.65	68.02	62.42	66.66	36.17	69.04	45.3	71.87	46.67	72.19	56.82
104	3.467	44.58	42.63	43.09	42.68	42.26	46.47	43.78	49.42	43.36	60.04	52.75	51.4	51.39	61.46	58.85	40.09	58.77	53.76	52.67	38.95	48.95	44.25	67.48	55.65	68.02	62.42	66.66	36.17	69.04	45.3	71.87	46.67	72.19	56.82
105	3.5	44.58	42.63	43.09	42.68	42.26	46.47	43.78	49.42	43.36	60.04	52.75	51.4	51.39	61.46	58.85	40.09	58.77	53.76	52.67	38.95	48.95	44.25	67.48	55.65	68.02	62.42	66.66	36.17	69.04	45.3	71.87	46.67	72.19	56.82
106	3.533	44.05	43.63	42.42	43.5	41.41	47.92	43.08	49.69	41.98	61.66	50.63	52.26	49.45	62.84	55.74	40.55	56.26	54.99	49.8	39.87	47.52	44.63	66.2	55.19	66.48	62.88	65.29	37.89	67.11	47.37	73.96	47.22	72.06	57.57
107	3.567	44.05	43.63	42.42	43.5	41.41	47.92	43.08	49.69	41.98	61.66	50.63	52.26	49.45	62.84	55.74	40.55	56.26	54.99	49.8	39.87	47.52	44.63	66.2	55.19	66.48	62.88	65.29	37.89	67.11	47.37	73.96	47.22	72.06	57.57
108	3.6	44.05	43.63	42.42	43.5	41.41	47.92	43.08	49.69	41.98	61.66	50.63	52.26	49.45	62.84	55.74	40.55	56.26	54.99	49.8	39.87	47.52	44.63	66.2	55.19	66.48	62.88	65.29	37.89	67.11	47.37	73.96	47.22	72.06	57.57
109	3.633	44.38	44.5	42.87	44.14	41.6	48.62	43.44	49.63	41.62	61.69	50.39	52.26	48.69	62.77	54.98	41.66	55.0	55.47	49.33	40.04	47.25	45.95	65.47	55.24	65.43	62.94	64.32	38.11	66.1	47.69	74.08	47.32	71.81	57.31
110	3.667	44.38	44.5	42.87	44.14	41.6	48.62	43.44	49.63	41.62	61.69	50.39	52.26	48.69	62.77	54.98	41.66	55.0	55.47	49.33	40.04	47.25	45.95	65.47	55.24	65.43	62.94	64.32	38.11	66.1	47.69	74.08	47.32	71.81	57.31
111	3.7	44.38	44.5	42.87	44.14	41.6	48.62	43.44	49.63	41.62	61.69	50.39	52.26	48.69	62.77	54.98	41.66	55.0	55.47	49.33	40.04	47.25	45.95	65.47	55.24	65.43	62.94	64.32	38.11	66.1	47.69	74.08	47.32	71.81	57.31
112	3.733	44.38	44.37	43.03	44.31	42.04	47.9	43.38	50.22	42.41	60.26	49.99	51.82	49.27	61.17	54.25	41.98	55.56	54.33	48.36	38.41	47.52	45.9	65.12	55.74	65.96	62.99	64.33	36.73	67.25	47.65	73.2	46.5	72.79	58.3
113	3.767	44.38	44.37	43.03	44.31	42.04	47.9	43.38	50.22	42.41	60.26	49.99	51.82	49.27	61.17	54.25	41.98	55.56	54.33	48.36	38.41	47.52	45.9	65.12	55.74	65.96	62.99	64.33	36.73	67.25	47.65	73.2	46.5	72.79	58.3
114	3.8	44.38	44.37	43.03	44.31	42.04	47.9	43.38	50.22	42.41	60.26	49.99	51.82	49.27	61.17	54.25	41.98	55.56	54.33	48.36	38.41	47.52	45.9	65.12	55.74	65.96	62.99	64.33	36.73	67.25	47.65	73.2	46.5	72.79	58.3
115	3.833	44.55	44.52	43.14	44.3	41.88	48.35	43.53	50.01	41.64	61.06	49.64	52.52	48.26	62.52	54.94	43.05	54.51	55.74	49.07	40.23	46.76	45.87	64.11	55.36	64.47	62.94	62.55	38.76	65.44	49.17	72.57	45.18	71.22	56.66
116	3.867	44.55	44.52	43.14	44.3	41.88	48.35	43.53	50.01	41.64	61.06	49.64	52.52	48.26	62.52	54.94	43.05	54.51	55.74	49.07	40.23	46.76	45.87	64.11	55.36	64.47	62.94	62.55	38.76	65.44	49.17	72.57	45.18	71.22	56.66
117	3.9	44.55	44.52	43.14	44.3	41.88	48.35	43.53	50.01	41.64	61.06	49.64	52.52	48.26	62.52	54.94	43.05	54.51	55.74	49.07	40.23	46.76	45.87	64.11	55.36	64.47	62.94	62.55	38.76	65.44	49.17	72.57	45.18	71.22	56.66
118	3.933	44.01	44.93	42.63	45.04	41.86	48.14	42.78	50.98	42.09	59.95	49.48	52.97	48.5	61.42	54.88	44.4	55.46	55.17	49.43	41.0	47.45	46.35	65.11	56.17	65.99	62.91	63.91	38.38	67.55	48.13	71.3	46.33	73.06	57.16
119	3.967	44.01	44.93	42.63	45.04	41.86	48.14	42.78	50.98	42.09	59.95	49.48	52.97	48.5	61.42	54.88	44.4	55.46	55.17	49.43	41.0	47.45	46.35	65.11	56.17	65.99	62.91	63.91	38.38	67.55	48.13	71.3	46.33	73.06	57.16
120	4.0	44.01	44.93	42.63	45.04	41.86	48.14	42.78	50.98	42.09	59.95	49.48	52.97	48.5	61.42	54.88	44.4	55.46	55.17	49.43	41.0	47.45	46.35	65.11	56.17	65.99	62.91	63.91	38.38	67.55	48.13	71.3	46.33	73.06	57.16
121	4.033	44.0	44.66	42.51	44.93	41.95	47.93	42.48	51.22	42.36	59.9	49.51	53.59	48.88	61.27	55.11	44.73	55.91	54.65	49.4	41.26	47.27	45.69	65.19	55.89	66.16	62.07	64.04	38.8	67.04	47.16	71.31	46.11	72.29	55.86
122	4.067	44.0	44.66	42.51	44.93	41.95	47.93	42.48	51.22	42.36	59.9	49.51	53.59	48.88	61.27	55.11	44.73	55.91	54.65	49.4	41.26	47.27	45.69	65.19	55.89	66.16	62.07	64.04	38.8	67.04	47.16	71.31	46.11	72.29	55.86
123	4.1	44.0	44.66	42.51	44.93	41.95	47.93	42.48	51.22	42.36	59.9	49.51	53.59	48.88	61.27	55.11	44.73	55.91	54.65	49.4	41.26	47.27	45.69	65.19	55.89	66.16	62.07	64.04	38.8	67.04	47.16	71.31	46.11	72.29	55.86
124	4.133	44.29	44.23	42.87	44.4	42.26	47.56	43.0	50.83	42.89	59.83	50.28	53.27	49.8	61.79	56.03	44.05	57.35	55.61	49.79	41.24	47.49	45.46	65.38	55.76	66.33	62.07	64.37	38.5	66.56	46.94	71.98	46.46	71.39	55.91
125	4.167	44.29	44.23	42.87	44.4	42.26	47.56	43.0	50.83	42.89	59.83	50.28	53.27	49.8	61.79	56.03	44.05	57.35	55.61	49.79	41.24	47.49	45.46	65.38	55.76	66.33	62.07	64.37	38.5	66.56	46.94	71.98	46.46	71.39	55.91
126	4.2	44.29	44.23	42.87	44.4	42.26	47.56	43.0	50.83	42.89	59.83	50.28	53.27	49.8	61.79	56.03	44.05	57.35	55.61	49.79	41.24	47.49	45.46	65.38	55.76	66.33	62.07	64.37	38.5	66.56	46.94	71.98	46.46	71.39	55.91
127	4.233	44.51	44.54	43.23	44.52	42.37	47.83	43.54	50.44	42.84	59.74	50.47	52.51	49.3	61.08	54.89	42.96	55.53	54.54	49.05	40.57	47.48	46.14	65.28	56.35	65.73	62.92	64.65	38.71	66.76	47.66	72.53	48.69	72.07	58.39
128	4.267	44.51	44.54	43.23	44.52	42.37	47.83	43.54	50.44	42.84	59.74	50.47	52.51	49.3	61.08	54.89	42.96	55.53	54.54	49.05	40.57	47.48	46.14	65.28	56.35	65.73	62.92	64.65	38.71	66.76	47.66	72.53	48.69	72.07	58.39
129	4.3	44.51	44.54	43.23	44.52	42.37	47.83	43.54	50.44	42.84	59.74	50.47	52.51	49.3	61.08	54.89	42.96	55.53	54.54	49.05	40.57	47.48	46.14	65.28	56.35	65.73	62.92	64.65	38.71	66.76	47.66	72.53	48.69	72.07	58.39
130	4.333	44.59	44.46	43.27	44.8	42.63	47.9	43.36	51.72	43.36	60.57	51.2	53.23	50.14	61.1	55.73	43.66	57.02	54.63	49.55	41.07	47.42	45.05	65.04	57.35	65.37	63.32	66.1	38.94	66.89	47.15	71.9	49.83	70.51	59.67
131	4.367	44.59	44.46	43.27	44.8	42.63	47.9	43.36	51.72	43.36	60.57	51.2	53.23	50.14	61.1	55.73	43.66	57.02	54.63	49.55	41.07	47.42	45.05	65.04	57.35	65.37	63.32	66.1	38.94	66.89	47.15	71.9	49.83	70.51	59.67
132	4.4	44.59	44.46	43.27	44.8	42.63	47.9	43.36	51.72	43.36	60.57	51.2	53.23	50.14	61.1	55.73	43.66	57.02	54.63	49.55	41.07	47.42	45.05	65.04	57.35	65.37	63.32	66.1	38.94	66.89	47.15	71.9	49.83	70.51	59.67
133	4.433	44.41	44.57	43.13	44.91	42.35	47.95	43.32	52.02	42.8	60.69	51.61	53.76	49.32	60.52	57.77	45.74	56.15	53.18	52.06	41.43	47.22	44.49	65.15	57.77	64.52	63.12	66.54	40.75	66.11	48.34	72.36	52.67	69.34	62.17
134	4.467	44.41	44.57	43.13	44.91	42.35	47.95	43.32	52.02	42.8	60.69	51.61	53.76	49.32	60.52	57.77	45.74	56.15	53.18	52.06	41.43	47.22	44.49	65.15	57.77	64.52	63.12	66.54	40.75	66.11	48.34	72.36	52.67	69.34	62.17
135	4.5	44.41	44.57	43.13	44.91	42.35	47.95	43.32	52.02	42.8	60.69	51.61	53.76	49.32	60.52	57.77	45.74	56.15	53.18	52.06	41.43	47.22	44.49	65.15	57.77	64.52	63.12	66.54	40.75	66.11	48.34	72.36	52.67	69.34	62.17
136	4.533	44.49	44.69	43.26	45.13	42.51	48.36	43.6	53.01	43.37	61.98	52.27	54.69	50.3	61.94	57.16	44.65	57.7	54.16	49.64	41.25	47.89	44.27	65.1	59.33	64.52	64.55	66.46	41.83	65.93	48.47	71.71	53.75	68.8	62.42
137	4.567	44.49	44.69	43.26	45.13	42.51	48.36	43.6	53.01	43.37	61.98	52.27	54.69	50.3	61.94	57.16	44.65	57.7	54.16	49.64	41.25	47.89	44.27	65.1	59.33	64.52	64.55	66.46	41.83	65.93	48.47	71.71	53.75	68.8	62.42
138	4.6	44.49	44.69	43.26	45.13	42.51	48.36	43.6	53.01	43.37	61.98	52.27	54.69	50.3	61.94	57.16	44.65	57.7	54.16	49.64	41.25	47.89	44.27	65.1	59.33	64.52	64.55	66.46	41.83	65.93	48.47	71.71	53.75	68.8	62.42
139	4.633	44.27	44.96	43.07	44.83	42.32	47.95	43.89	51.46	43.48	60.15	53.25	53.73	51.0	61.05	58.58	45.6	57.85	53.89	50.78	42.13	47.85	44.9	63.62	57.44	62.88	61.49	63.43	42.05	61.64	47.45	66.82	53.28	61.68	59.88
140	4.667	44.27	44.96	43.07	44.83	42.32	47.95	43.89	51.46	43.48	60.15	53.25	53.73	51.0	61.05	58.58	45.6	57.85	53.89	50.78	42.13	47.85	44.9	63.62	57.44	62.88	61.49	63.43	42.05	61.64	47.45	66.82	53.28	61.68	59.88
141	4.7	44.27	44.96	43.07	44.83	42.32	47.95	43.89	51.46	43.48	60.15	53.25	53.73	51.0	61.05	58.58	45.6	57.85	53.89	50.78	42.13	47.85	44.9	63.62	57.44	62.88	61.49	63.43	42.05	61.64	47.45	66.82	53.28	61.68	59.88
142	4.733	44.63	44.28	43.47	44.26	42.68	47.82	44.34	51.2	44.02	60.94	53.15	52.54	52.0	62.92	57.29	42.75	61.0	58.83	50.17	40.39	52.39	44.82	64.64	58.3	64.44	64.23	64.95	41.12	63.82	48.19	68.57	54.96	64.35	62.31
143	4.767	44.63	44.28	43.47	44.26	42.68	47.82	44.34	51.2	44.02	60.94	53.15	52.54	52.0	62.92	57.29	42.75	61.0	58.83	50.17	40.39	52.39	44.82	64.64	58.3	64.44	64.23	64.95	41.12	63.82	48.19	68.57	54.96	64.35	62.31
144	4.8	44.63	44.28	43.47	44.26	42.68	47.82	44.34	51.2	44.02	60.94	53.15	52.54	52.0	62.92	57.29	42.75	61.0	58.83	50.17	40.39	52.39	44.82	64.64	58.3	64.44	64.23	64.95	41.12	63.82	48.19	68.57	54.96	64.35	62.31
145	4.833	44.83	43.63	43.71	43.42	42.44	47.5	45.0	50.29	43.54	61.2	53.96	52.64	51.52	62.98	58.68	42.02	58.55	55.78	52.34	40.94	48.04	44.73	65.33	58.38	64.57	64.39	65.0	39.72	64.12	47.04	70.19	52.96	65.39	60.46
146	4.867	44.83	43.63	43.71	43.42	42.44	47.5	45.0	50.29	43.54	61.2	53.96	52.64	51.52	62.98	58.68	42.02	58.55	55.78	52.34	40.94	48.04	44.73	65.33	58.38	64.57	64.39	65.0	39.72	64.12	47.04	70.19	52.96	65.39	60.46
147	4.9	44.83	43.63	43.71	43.42	42.44	47.5	45.0	50.29	43.54	61.2	53.96	52.64	51.52	62.98	58.68	42.02	58.55	55.78	52.34	40.94	48.04	44.73	65.33	58.38	64.57	64.39	65.0	39.72	64.12	47.04	70.19	52.96	65.39	60.46
148	4.933	44.71	44.26	43.62	44.35	42.49	47.92	44.34	51.4	43.32	61.23	52.84	53.0	50.47	62.1	58.02	42.62	56.51	54.32	51.19	40.91	47.54	44.48	64.48	60.13	63.97	66.16	64.45	39.79	64.95	48.54	70.21	52.69	67.71	62.83
149	4.967	44.71	44.26	43.62	44.35	42.49	47.92	44.34	51.4	43.32	61.23	52.84	53.0	50.47	62.1	58.02	42.62	56.51	54.32	51.19	40.91	47.54	44.48	64.48	60.13	63.97	66.16	64.45	39.79	64.95	48.54	70.21	52.69	67.71	62.83
150	5.0	44.71	44.26	43.62	44.35	42.49	47.92	44.34	51.4	43.32	61.23	52.84	53.0	50.47	62.1	58.02	42.62	56.51	54.32	51.19	40.91	47.54	44.48	64.48	60.13	63.97	66.16	64.45	39.79	64.95	48.54	70.21	52.69	67.71	62.83
151	5.033	44.53	44.31	43.43	44.51	42.39	47.86	44.02	51.53	43.04	60.84	52.21	52.98	49.91	61.51	57.17	43.47	55.91	54.02	49.94	41.53	47.34	45.04	64.27	59.36	63.82	65.27	63.63	39.51	64.59	48.54	69.15	51.81	67.31	62.44
152	5.067	44.53	44.31	43.43	44.51	42.39	47.86	44.02	51.53	43.04	60.84	52.21	52.98	49.91	61.51	57.17	43.47	55.91	54.02	49.94	41.53	47.34	45.04	64.27	59.36	63.82	65.27	63.63	39.51	64.59	48.54	69.15	51.81	67.31	62.44
153	5.1	44.53	44.31	43.43	44.51	42.39	47.86	44.02	51.53	43.04	60.84	52.21	52.98	49.91	61.51	57.17	43.47	55.91	54.02	49.94	41.53	47.34	45.04	64.27	59.36	63.82	65.27	63.63	39.51	64.59	48.54	69.15	51.81	67.31	62.44
154	5.133	44.24	45.12	43.02	44.87	41.71	49.09	43.86	50.85	42.26	62.18	51.1	52.73	49.07	63.25	56.11	42.17	53.97	55.42	49.41	42.18	45.94	43.27	64.59	58.82	64.2	66.48	63.3	39.75	63.93	50.72	73.88	50.87	69.01	62.34
155	5.167	44.24	45.12	43.02	44.87	41.71	49.09	43.86	50.85	42.26	62.18	51.1	52.73	49.07	63.25	56.11	42.17	53.97	55.42	49.41	42.18	45.94	43.27	64.59	58.82	64.2	66.48	63.3	39.75	63.93	50.72	73.88	50.87	69.01	62.34
156	5.2	44.24	45.12	43.02	44.87	41.71	49.09	43.86	50.85	42.26	62.18	51.1	52.73	49.07	63.25	56.11	42.17	53.97	55.42	49.41	42.18	45.94	43.27	64.59	58.82	64.2	66.48	63.3	39.75	63.93	50.72	73.88	50.87	69.01	62.34
157	5.233	44.59	44.54	43.67	44.66	42.45	48.01	44.44	51.71	42.97	61.05	53.0	53.77	49.19	62.55	57.14	42.53	55.37	53.8	49.05	40.97	46.95	44.06	64.94	61.64	63.45	67.69	65.01	39.84	64.92	48.67	70.27	55.92	67.95	65.58
158	5.267	44.59	44.54	43.67	44.66	42.45	48.01	44.44	51.71	42.97	61.05	53.0	53.77	49.19	62.55	57.14	42.53	55.37	53.8	49.05	40.97	46.95	44.06	64.94	61.64	63.45	67.69	65.01	39.84	64.92	48.67	70.27	55.92	67.95	65.58
159	5.3	44.59	44.54	43.67	44.66	42.45	48.01	44.44	51.71	42.97	61.05	53.0	53.77	49.19	62.55	57.14	42.53	55.37	53.8	49.05	40.97	46.95	44.06	64.94	61.64	63.45	67.69	65.01	39.84	64.92	48.67	70.27	55.92	67.95	65.58
160	5.333	44.47	43.18	43.47	43.14	42.28	46.97	44.42	50.18	43.39	60.52	51.95	52.95	50.21	63.04	57.14	41.15	56.25	55.28	52.56	41.18	47.63	43.54	64.41	60.47	63.91	67.35	64.13	39.87	63.23	49.14	72.92	54.63	66.67	64.29
161	5.367	44.47	43.18	43.47	43.14	42.28	46.97	44.42	50.18	43.39	60.52	51.95	52.95	50.21	63.04	57.14	41.15	56.25	55.28	52.56	41.18	47.63	43.54	64.41	60.47	63.91	67.35	64.13	39.87	63.23	49.14	72.92	54.63	66.67	64.29
162	5.4	44.47	43.18	43.47	43.14	42.28	46.97	44.42	50.18	43.39	60.52	51.95	52.95	50.21	63.04	57.14	41.15	56.25	55.28	52.56	41.18	47.63	43.54	64.41	60.47	63.91	67.35	64.13	39.87	63.23	49.14	72.92	54.63	66.67	64.29
163	5.433	45.41	42.67	44.34	41.77	42.79	46.6	46.79	48.82	44.82	61.19	56.92	52.26	54.62	64.39	63.92	44.73	64.76	61.2	66.33	43.44	58.07	49.2	64.97	57.66	64.51	63.76	65.83	41.47	64.97	49.21	70.47	54.75	65.65	61.41
164	5.467	45.41	42.67	44.34	41.77	42.79	46.6	46.79	48.82	44.82	61.19	56.92	52.26	54.62	64.39	63.92	44.73	64.76	61.2	66.33	43.44	58.07	49.2	64.97	57.66	64.51	63.76	65.83	41.47	64.97	49.21	70.47	54.75	65.65	61.41
165	5.5	45.41	42.67	44.34	41.77	42.79	46.6	46.79	48.82	44.82	61.19	56.92	52.26	54.62	64.39	63.92	44.73	64.76	61.2	66.33	43.44	58.07	49.2	64.97	57.66	64.51	63.76	65.83	41.47	64.97	49.21	70.47	54.75	65.65	61.41
166	5.533	45.08	40.12	44.03	39.95	43.18	43.18	45.04	48.12	44.72	57.1	54.05	51.55	52.26	63.05	63.38	44.83	63.73	64.47	66.12	42.7	52.62	50.48	66.49	56.95	66.29	63.26	66.72	42.75	65.64	49.13	70.47	54.75	66.75	60.91
167	5.567	45.08	40.12	44.03	39.95	43.18	43.18	45.04	48.12	44.72	57.1	54.05	51.55	52.26	63.05	63.38	44.83	63.73	64.47	66.12	42.7	52.62	50.48	66.49	56.95	66.29	63.26	66.72	42.75	65.64	49.13	70.47	54.75	66.75	60.91
168	5.6	45.08	40.12	44.03	39.95	43.18	43.18	45.04	48.12	44.72	57.1	54.05	51.55	52.26	63.05	63.38	44.83	63.73	64.47	66.12	42.7	52.62	50.48	66.49	56.95	66.29	63.26	66.72	42.75	65.64	49.13	70.47	54.75	66.75	60.91
169	5.633	44.47	41.1	43.51	41.01	42.73	43.37	43.87	48.11	43.16	55.29	51.77	50.95	48.16	60.97	61.61	48.04	56.66	65.18	65.53	45.14	49.91	50.39	66.22	58.9	65.32	65.63	66.62	43.35	67.26	51.0	69.59	54.66	70.36	62.79
170	5.667	44.47	41.1	43.51	41.01	42.73	43.37	43.87	48.11	43.16	55.29	51.77	50.95	48.16	60.97	61.61	48.04	56.66	65.18	65.53	45.14	49.91	50.39	66.22	58.9	65.32	65.63	66.62	43.35	67.26	51.0	69.59	54.66	70.36	62.79
171	5.7	44.47	41.1	43.51	41.01	42.73	43.37	43.87	48.11	43.16	55.29	51.77	50.95	48.16	60.97	61.61	48.04	56.66	65.18	65.53	45.14	49.91	50.39	66.22	58.9	65.32	65.63	66.62	43.35	67.26	51.0	69.59	54.66	70.36	62.79
172	5.733	44.31	41.45	42.53	41.03	42.65	44.47	43.02	47.52	45.02	57.32	51.27	50.67	52.96	64.38	58.97	43.31	67.36	70.06	60.67	39.22	67.75	56.1	65.2	55.39	67.39	63.44	66.95	42.78	67.63	50.44	69.7	50.2	68.5	57.27
173	5.767	44.31	41.45	42.53	41.03	42.65	44.47	43.02	47.52	45.02	57.32	51.27	50.67	52.96	64.38	58.97	43.31	67.36	70.06	60.67	39.22	67.75	56.1	65.2	55.39	67.39	63.44	66.95	42.78	67.63	50.44	69.7	50.2	68.5	57.27
174	5.8	44.31	41.45	42.53	41.03	42.65	44.47	43.02	47.52	45.02	57.32	51.27	50.67	52.96	64.38	58.97	43.31	67.36	70.06	60.67	39.22	67.75	56.1	65.2	55.39	67.39	63.44	66.95	42.78	67.63	50.44	69.7	50.2	68.5	57.27
175	5.833	44.52	41.72	42.9	41.25	43.08	44.73	43.33	47.77	45.53	57.43	50.98	50.28	52.29	64.05	55.94	41.83	65.41	70.31	53.03	33.7	66.41	54.49	64.45	57.18	66.13	65.39	65.72	42.87	66.1	50.85	69.79	49.86	68.53	57.02
176	5.867	44.52	41.72	42.9	41.25	43.08	44.73	43.33	47.77	45.53	57.43	50.98	50.28	52.29	64.05	55.94	41.83	65.41	70.31	53.03	33.7	66.41	54.49	64.45	57.18	66.13	65.39	65.72	42.87	66.1	50.85	69.79	49.86	68.53	57.02
177	5.9	44.52	41.72	42.9	41.25	43.08	44.73	43.33	47.77	45.53	57.43	50.98	50.28	52.29	64.05	55.94	41.83	65.41	70.31	53.03	33.7	66.41	54.49	64.45	57.18	66.13	65.39	65.72	42.87	66.1	50.85	69.79	49.86	68.53	57.02
178	5.933	43.28	43.01	41.82	42.09	41.43	46.08	42.46	47.36	42.89	58.09	47.91	51.35	48.76	65.31	52.8	44.24	56.75	71.06	51.63	38.18	52.42	59.15	62.82	57.04	64.57	66.7	62.61	44.19	64.76	55.22	70.26	47.18	69.59	56.98
179	5.967	43.28	43.01	41.82	42.09	41.43	46.08	42.46	47.36	42.89	58.09	47.91	51.35	48.76	65.31	52.8	44.24	56.75	71.06	51.63	38.18	52.42	59.15	62.82	57.04	64.57	66.7	62.61	44.19	64.76	55.22	70.26	47.18	69.59	56.98
180	6.0	43.28	43.01	41.82	42.09	41.43	46.08	42.46	47.36	42.89	58.09	47.91	51.35	48.76	65.31	52.8	44.24	56.75	71.06	51.63	38.18	52.42	59.15	62.82	57.04	64.57	66.7	62.61	44.19	64.76	55.22	70.26	47.18	69.59	56.98
181	6.033	42.99	42.96	41.4	43.15	41.94	46.04	41.87	50.58	44.66	58.96	49.02	52.93	50.94	65.22	53.25	41.63	61.8	69.99	50.5	33.25	61.19	58.47	63.55	57.68	66.0	65.89	65.93	44.96	68.13	53.94	69.1	50.96	71.1	60.13
182	6.067	42.99	42.96	41.4	43.15	41.94	46.04	41.87	50.58	44.66	58.96	49.02	52.93	50.94	65.22	53.25	41.63	61.8	69.99	50.5	33.25	61.19	58.47	63.55	57.68	66.0	65.89	65.93	44.96	68.13	53.94	69.1	50.96	71.1	60.13
183	6.1	42.99	42.96	41.4	43.15	41.94	46.04	41.87	50.58	44.66	58.96	49.02	52.93	50.94	65.22	53.25	41.63	61.8	69.99	50.5	33.25	61.19	58.47	63.55	57.68	66.0	65.89	65.93	44.96	68.13	53.94	69.1	50.96	71.1	60.13
184	6.133	42.89	43.24	41.73	43.27	41.74	45.89	42.18	50.16	43.67	57.85	48.38	52.85	48.54	64.33	52.91	42.85	55.68	69.03	50.38	34.57	48.28	58.73	63.29	58.52	64.77	66.58	65.28	46.26	67.03	54.99	69.57	53.09	70.75	61.72
185	6.167	42.89	43.24	41.73	43.27	41.74	45.89	42.18	50.16	43.67	57.85	48.38	52.85	48.54	64.33	52.91	42.85	55.68	69.03	50.38	34.57	48.28	58.73	63.29	58.52	64.77	66.58	65.28	46.26	67.03	54.99	69.57	53.09	70.75	61.72
186	6.2	42.89	43.24	41.73	43.27	41.74	45.89	42.18	50.16	43.67	57.85	48.38	52.85	48.54	64.33	52.91	42.85	55.68	69.03	50.38	34.57	48.28	58.73	63.29	58.52	64.77	66.58	65.28	46.26	67.03	54.99	69.57	53.09	70.75	61.72
187	6.233	41.84	44.6	40.67	44.09	40.15	47.66	41.57	49.62	41.75	59.64	47.02	52.73	46.94	66.22	51.2	42.96	53.72	71.92	48.55	36.05	45.94	63.35	63.01	58.52	64.04	68.25	64.76	46.25	65.59	57.19	72.74	52.55	70.77	62.44
188	6.267	41.84	44.6	40.67	44.09	40.15	47.66	41.57	49.62	41.75	59.64	47.02	52.73	46.94	66.22	51.2	42.96	53.72	71.92	48.55	36.05	45.94	63.35	63.01	58.52	64.04	68.25	64.76	46.25	65.59	57.19	72.74	52.55	70.77	62.44
189	6.3	41.84	44.6	40.67	44.09	40.15	47.66	41.57	49.62	41.75	59.64	47.02	52.73	46.94	66.22	51.2	42.96	53.72	71.92	48.55	36.05	45.94	63.35	63.01	58.52	64.04	68.25	64.76	46.25	65.59	57.19	72.74	52.55	70.77	62.44
190	6.333	42.13	43.91	41.15	44.1	40.86	46.09	41.69	50.7	42.07	57.0	47.96	53.96	47.35	62.66	53.5	50.0	54.63	66.23	49.78	45.93	45.6	54.16	63.76	59.02	64.39	65.87	65.62	48.15	66.59	56.91	69.47	57.5	69.17	66.54
191	6.367	42.13	43.91	41.15	44.1	40.86	46.09	41.69	50.7	42.07	57.0	47.96	53.96	47.35	62.66	53.5	50.0	54.63	66.23	49.78	45.93	45.6	54.16	63.76	59.02	64.39	65.87	65.62	48.15	66.59	56.91	69.47	57.5	69.17	66.54
192	6.4	42.13	43.91	41.15	44.1	40.86	46.09	41.69	50.7	42.07	57.0	47.96	53.96	47.35	62.66	53.5	50.0	54.63	66.23	49.78	45.93	45.6	54.16	63.76	59.02	64.39	65.87	65.62	48.15	66.59	56.91	69.47	57.5	69.17	66.54
193	6.433	42.59	43.53	41.59	43.3	41.21	45.29	42.17	48.99	42.12	55.29	48.02	54.01	47.28	62.69	53.32	53.94	54.27	71.1	48.43	52.94	45.21	67.35	64.12	58.07	64.85	65.0	65.16	47.56	66.25	56.39	69.18	56.64	68.49	65.19
194	6.467	42.59	43.53	41.59	43.3	41.21	45.29	42.17	48.99	42.12	55.29	48.02	54.01	47.28	62.69	53.32	53.94	54.27	71.1	48.43	52.94	45.21	67.35	64.12	58.07	64.85	65.0	65.16	47.56	66.25	56.39	69.18	56.64	68.49	65.19
195	6.5	42.59	43.53	41.59	43.3	41.21	45.29	42.17	48.99	42.12	55.29	48.02	54.01	47.28	62.69	53.32	53.94	54.27	71.1	48.43	52.94	45.21	67.35	64.12	58.07	64.85	65.0	65.16	47.56	66.25	56.39	69.18	56.64	68.49	65.19
196	6.533	42.89	43.31	41.88	42.53	41.22	45.99	42.81	46.94	42.51	56.74	47.43	49.25	47.29	63.31	52.13	41.07	53.46	72.2	48.73	33.88	45.49	70.15	63.45	55.13	64.63	65.67	64.61	43.67	65.98	57.36	73.71	50.67	71.49	62.84
197	6.567	42.89	43.31	41.88	42.53	41.22	45.99	42.81	46.94	42.51	56.74	47.43	49.25	47.29	63.31	52.13	41.07	53.46	72.2	48.73	33.88	45.49	70.15	63.45	55.13	64.63	65.67	64.61	43.67	65.98	57.36	73.71	50.67	71.49	62.84
198	6.6	42.89	43.31	41.88	42.53	41.22	45.99	42.81	46.94	42.51	56.74	47.43	49.25	47.29	63.31	52.13	41.07	53.46	72.2	48.73	33.88	45.49	70.15	63.45	55.13	64.63	65.67	64.61	43.67	65.98	57.36	73.71	50.67	71.49	62.84
199	6.633	43.56	42.57	42.53	41.66	41.66	45.1	43.12	46.22	42.49	55.83	47.36	49.95	46.62	63.28	51.64	44.74	53.12	71.99	48.07	38.98	45.65	68.91	62.91	55.66	63.76	65.99	64.09	43.83	65.6	56.65	74.43	48.81	72.6	60.46
200	6.667	43.56	42.57	42.53	41.66	41.66	45.1	43.12	46.22	42.49	55.83	47.36	49.95	46.62	63.28	51.64	44.74	53.12	71.99	48.07	38.98	45.65	68.91	62.91	55.66	63.76	65.99	64.09	43.83	65.6	56.65	74.43	48.81	72.6	60.46
201	6.7	43.56	42.57	42.53	41.66	41.66	45.1	43.12	46.22	42.49	55.83	47.36	49.95	46.62	63.28	51.64	44.74	53.12	71.99	48.07	38.98	45.65	68.91	62.91	55.66	63.76	65.99	64.09	43.83	65.6	56.65	74.43	48.81	72.6	60.46
202	6.733	43.39	42.38	42.34	42.12	41.89	44.14	42.37	47.57	42.47	54.06	46.78	52.49	46.64	62.05	52.76	51.72	54.33	71.09	48.56	46.46	44.86	67.18	63.04	57.14	64.36	65.16	64.7	45.14	66.8	55.64	72.18	50.53	71.82	60.83
203	6.767	43.39	42.38	42.34	42.12	41.89	44.14	42.37	47.57	42.47	54.06	46.78	52.49	46.64	62.05	52.76	51.72	54.33	71.09	48.56	46.46	44.86	67.18	63.04	57.14	64.36	65.16	64.7	45.14	66.8	55.64	72.18	50.53	71.82	60.83
204	6.8	43.39	42.38	42.34	42.12	41.89	44.14	42.37	47.57	42.47	54.06	46.78	52.49	46.64	62.05	52.76	51.72	54.33	71.09	48.56	46.46	44.86	67.18	63.04	57.14	64.36	65.16	64.7	45.14	66.8	55.64	72.18	50.53	71.82	60.83
205	6.833	44.02	41.4	42.94	40.8	42.16	42.69	42.79	46.45	42.21	52.67	47.61	54.17	47.83	61.45	54.42	60.67	55.33	73.67	52.07	52.88	45.71	70.69	64.55	58.76	66.35	65.35	63.77	46.8	66.36	56.05	72.18	50.32	70.96	59.87
206	6.867	44.02	41.4	42.94	40.8	42.16	42.69	42.79	46.45	42.21	52.67	47.61	54.17	47.83	61.45	54.42	60.67	55.33	73.67	52.07	52.88	45.71	70.69	64.55	58.76	66.35	65.35	63.77	46.8	66.36	56.05	72.18	50.32	70.96	59.87
207	6.9	44.02	41.4	42.94	40.8	42.16	42.69	42.79	46.45	42.21	52.67	47.61	54.17	47.83	61.45	54.42	60.67	55.33	73.67	52.07	52.88	45.71	70.69	64.55	58.76	66.35	65.35	63.77	46.8	66.36	56.05	72.18	50.32	70.96	59.87
208	6.933	43.36	42.67	42.25	41.43	41.17	45.01	43.03	46.02	41.89	55.9	47.39	52.47	46.68	64.21	52.16	52.76	53.04	75.6	48.52	44.59	45.7	71.22	63.3	57.91	64.42	67.65	64.36	46.7	67.2	58.45	75.81	50.86	75.23	61.75
209	6.967	43.36	42.67	42.25	41.43	41.17	45.01	43.03	46.02	41.89	55.9	47.39	52.47	46.68	64.21	52.16	52.76	53.04	75.6	48.52	44.59	45.7	71.22	63.3	57.91	64.42	67.65	64.36	46.7	67.2	58.45	75.81	50.86	75.23	61.75
210	7.0	43.36	42.67	42.25	41.43	41.17	45.01	43.03	46.02	41.89	55.9	47.39	52.47	46.68	64.21	52.16	52.76	53.04	75.6	48.52	44.59	45.7	71.22	63.3	57.91	64.42	67.65	64.36	46.7	67.2	58.45	75.81	50.86	75.23	61.75
211	7.033	44.24	41.56	43.12	40.41	42.14	43.27	43.36	45.15	42.12	53.5	48.21	53.25	46.85	62.19	52.9	59.28	53.05	75.19	46.72	58.26	44.17	74.49	65.44	59.25	65.35	67.42	69.88	47.34	67.01	57.11	81.34	57.84	72.06	66.95
212	7.067	44.24	41.56	43.12	40.41	42.14	43.27	43.36	45.15	42.12	53.5	48.21	53.25	46.85	62.19	52.9	59.28	53.05	75.19	46.72	58.26	44.17	74.49	65.44	59.25	65.35	67.42	69.88	47.34	67.01	57.11	81.34	57.84	72.06	66.95
213	7.1	44.24	41.56	43.12	40.41	42.14	43.27	43.36	45.15	42.12	53.5	48.21	53.25	46.85	62.19	52.9	59.28	53.05	75.19	46.72	58.26	44.17	74.49	65.44	59.25	65.35	67.42	69.88	47.34	67.01	57.11	81.34	57.84	72.06	66.95
214	7.133	44.15	40.83	42.96	40.44	42.48	42.02	43.08	46.68	42.69	51.94	49.31	58.34	48.08	59.82	52.76	74.4	54.32	73.91	43.74	74.95	43.96	74.33	66.88	60.33	67.08	64.38	71.56	49.18	69.06	53.74	80.62	59.04	73.6	64.87
215	7.167	44.15	40.83	42.96	40.44	42.48	42.02	43.08	46.68	42.69	51.94	49.31	58.34	48.08	59.82	52.76	74.4	54.32	73.91	43.74	74.95	43.96	74.33	66.88	60.33	67.08	64.38	71.56	49.18	69.06	53.74	80.62	59.04	73.6	64.87
216	7.2	44.15	40.83	42.96	40.44	42.48	42.02	43.08	46.68	42.69	51.94	49.31	58.34	48.08	59.82	52.76	74.4	54.32	73.91	43.74	74.95	43.96	74.33	66.88	60.33	67.08	64.38	71.56	49.18	69.06	53.74	80.62	59.04	73.6	64.87
217	7.233	43.61	40.8	42.54	39.99	41.99	42.63	42.83	45.38	43.1	53.11	48.03	51.19	48.06	61.31	53.24	51.68	54.84	72.74	49.08	45.03	45.85	69.45	65.14	56.69	66.52	64.91	65.37	45.35	66.52	55.28	74.74	49.31	71.89	58.44
218	7.267	43.61	40.8	42.54	39.99	41.99	42.63	42.83	45.38	43.1	53.11	48.03	51.19	48.06	61.31	53.24	51.68	54.84	72.74	49.08	45.03	45.85	69.45	65.14	56.69	66.52	64.91	65.37	45.35	66.52	55.28	74.74	49.31	71.89	58.44
219	7.3	43.61	40.8	42.54	39.99	41.99	42.63	42.83	45.38	43.1	53.11	48.03	51.19	48.06	61.31	53.24	51.68	54.84	72.74	49.08	45.03	45.85	69.45	65.14	56.69	66.52	64.91	65.37	45.35	66.52	55.28	74.74	49.31	71.89	58.44
220	7.333	42.94	41.36	41.88	40.63	41.42	42.76	42.1	45.41	41.97	51.83	46.73	52.82	47.11	60.44	52.69	58.93	54.04	74.0	50.11	51.46	45.83	70.64	62.78	54.69	64.71	61.38	62.52	44.55	65.36	52.79	71.22	46.92	71.41	54.36
221	7.367	42.94	41.36	41.88	40.63	41.42	42.76	42.1	45.41	41.97	51.83	46.73	52.82	47.11	60.44	52.69	58.93	54.04	74.0	50.11	51.46	45.83	70.64	62.78	54.69	64.71	61.38	62.52	44.55	65.36	52.79	71.22	46.92	71.41	54.36
222	7.4	42.94	41.36	41.88	40.63	41.42	42.76	42.1	45.41	41.97	51.83	46.73	52.82	47.11	60.44	52.69	58.93	54.04	74.0	50.11	51.46	45.83	70.64	62.78	54.69	64.71	61.38	62.52	44.55	65.36	52.79	71.22	46.92	71.41	54.36
223	7.433	43.15	40.74	42.58	40.87	42.23	41.53	42.74	47.57	43.07	49.82	48.86	56.54	50.05	53.39	53.68	71.34	59.97	57.5	47.61	65.42	56.14	48.95	62.9	57.87	64.39	58.18	60.59	45.95	62.79	50.13	69.82	49.77	66.9	55.48
224	7.467	43.15	40.74	42.58	40.87	42.23	41.53	42.74	47.57	43.07	49.82	48.86	56.54	50.05	53.39	53.68	71.34	59.97	57.5	47.61	65.42	56.14	48.95	62.9	57.87	64.39	58.18	60.59	45.95	62.79	50.13	69.82	49.77	66.9	55.48
225	7.5	43.15	40.74	42.58	40.87	42.23	41.53	42.74	47.57	43.07	49.82	48.86	56.54	50.05	53.39	53.68	71.34	59.97	57.5	47.61	65.42	56.14	48.95	62.9	57.87	64.39	58.18	60.59	45.95	62.79	50.13	69.82	49.77	66.9	55.48
226	7.533	43.39	41.32	42.4	40.66	41.76	42.25	42.59	45.77	41.94	50.84	47.89	54.98	47.8	57.98	52.67	69.71	53.96	72.12	48.42	62.93	46.24	66.17	64.48	55.91	66.07	59.98	62.85	43.73	66.21	49.42	70.48	44.74	70.97	51.22
227	7.567	43.39	41.32	42.4	40.66	41.76	42.25	42.59	45.77	41.94	50.84	47.89	54.98	47.8	57.98	52.67	69.71	53.96	72.12	48.42	62.93	46.24	66.17	64.48	55.91	66.07	59.98	62.85	43.73	66.21	49.42	70.48	44.74	70.97	51.22
228	7.6	43.39	41.32	42.4	40.66	41.76	42.25	42.59	45.77	41.94	50.84	47.89	54.98	47.8	57.98	52.67	69.71	53.96	72.12	48.42	62.93	46.24	66.17	64.48	55.91	66.07	59.98	62.85	43.73	66.21	49.42	70.48	44.74	70.97	51.22
229	7.633	43.83	41.06	42.97	41.33	42.8	41.72	42.58	48.06	43.49	49.92	49.19	57.56	50.82	53.23	53.82	71.79	61.94	55.41	47.57	66.2	58.39	42.62	63.83	58.98	65.77	58.54	63.14	45.28	65.73	46.84	70.18	46.87	69.5	50.9
230	7.667	43.83	41.06	42.97	41.33	42.8	41.72	42.58	48.06	43.49	49.92	49.19	57.56	50.82	53.23	53.82	71.79	61.94	55.41	47.57	66.2	58.39	42.62	63.83	58.98	65.77	58.54	63.14	45.28	65.73	46.84	70.18	46.87	69.5	50.9
231	7.7	43.83	41.06	42.97	41.33	42.8	41.72	42.58	48.06	43.49	49.92	49.19	57.56	50.82	53.23	53.82	71.79	61.94	55.41	47.57	66.2	58.39	42.62	63.83	58.98	65.77	58.54	63.14	45.28	65.73	46.84	70.18	46.87	69.5	50.9
232	7.733	43.17	40.9	42.0	40.83	42.07	42.49	42.38	46.52	43.61	51.53	48.61	56.86	50.33	57.58	52.83	69.32	58.2	66.83	47.11	68.96	50.05	64.37	64.45	57.22	66.91	60.02	62.57	43.11	65.02	47.7	71.92	39.83	71.17	45.59
233	7.767	43.17	40.9	42.0	40.83	42.07	42.49	42.38	46.52	43.61	51.53	48.61	56.86	50.33	57.58	52.83	69.32	58.2	66.83	47.11	68.96	50.05	64.37	64.45	57.22	66.91	60.02	62.57	43.11	65.02	47.7	71.92	39.83	71.17	45.59
234	7.8	43.17	40.9	42.0	40.83	42.07	42.49	42.38	46.52	43.61	51.53	48.61	56.86	50.33	57.58	52.83	69.32	58.2	66.83	47.11	68.96	50.05	64.37	64.45	57.22	66.91	60.02	62.57	43.11	65.02	47.7	71.92	39.83	71.17	45.59
235	7.833	42.39	40.53	41.35	40.24	41.12	42.01	41.86	45.83	42.41	51.04	48.32	56.94	48.62	57.12	51.74	71.14	55.49	68.46	46.01	69.82	46.77	67.8	65.09	55.76	66.76	58.66	64.44	46.38	66.63	50.03	74.41	44.01	73.9	47.88
236	7.867	42.39	40.53	41.35	40.24	41.12	42.01	41.86	45.83	42.41	51.04	48.32	56.94	48.62	57.12	51.74	71.14	55.49	68.46	46.01	69.82	46.77	67.8	65.09	55.76	66.76	58.66	64.44	46.38	66.63	50.03	74.41	44.01	73.9	47.88
237	7.9	42.39	40.53	41.35	40.24	41.12	42.01	41.86	45.83	42.41	51.04	48.32	56.94	48.62	57.12	51.74	71.14	55.49	68.46	46.01	69.82	46.77	67.8	65.09	55.76	66.76	58.66	64.44	46.38	66.63	50.03	74.41	44.01	73.9	47.88
238	7.933	42.96	40.64	42.02	40.28	41.66	41.64	42.12	46.28	42.64	50.56	48.6	57.72	48.85	57.43	52.59	72.31	55.68	68.76	45.82	70.52	46.23	68.5	65.29	58.44	67.04	60.84	64.35	48.13	66.54	52.03	73.94	47.94	72.81	52.35
239	7.967	42.96	40.64	42.02	40.28	41.66	41.64	42.12	46.28	42.64	50.56	48.6	57.72	48.85	57.43	52.59	72.31	55.68	68.76	45.82	70.52	46.23	68.5	65.29	58.44	67.04	60.84	64.35	48.13	66.54	52.03	73.94	47.94	72.81	52.35
240	8.0	42.96	40.64	42.02	40.28	41.66	41.64	42.12	46.28	42.64	50.56	48.6	57.72	48.85	57.43	52.59	72.31	55.68	68.76	45.82	70.52	46.23	68.5	65.29	58.44	67.04	60.84	64.35	48.13	66.54	52.03	73.94	47.94	72.81	52.35
241	8.033	43.51	41.62	42.54	41.12	42.13	42.4	42.55	46.5	42.6	50.93	48.72	55.08	47.53	58.66	52.96	67.7	54.2	73.41	46.84	65.28	45.56	71.73	67.84	56.73	68.66	61.45	67.11	48.66	69.0	54.17	74.13	55.6	74.05	59.78
242	8.067	43.51	41.62	42.54	41.12	42.13	42.4	42.55	46.5	42.6	50.93	48.72	55.08	47.53	58.66	52.96	67.7	54.2	73.41	46.84	65.28	45.56	71.73	67.84	56.73	68.66	61.45	67.11	48.66	69.0	54.17	74.13	55.6	74.05	59.78
243	8.1	43.51	41.62	42.54	41.12	42.13	42.4	42.55	46.5	42.6	50.93	48.72	55.08	47.53	58.66	52.96	67.7	54.2	73.41	46.84	65.28	45.56	71.73	67.84	56.73	68.66	61.45	67.11	48.66	69.0	54.17	74.13	55.6	74.05	59.78
244	8.133	44.05	41.41	43.12	41.3	42.91	41.76	42.68	47.59	43.52	49.9	49.57	58.15	49.56	55.35	53.72	75.68	56.65	68.38	45.57	73.0	47.28	69.69	67.7	58.82	68.99	59.78	66.59	50.88	68.15	52.6	73.89	56.74	71.85	59.54
245	8.167	44.05	41.41	43.12	41.3	42.91	41.76	42.68	47.59	43.52	49.9	49.57	58.15	49.56	55.35	53.72	75.68	56.65	68.38	45.57	73.0	47.28	69.69	67.7	58.82	68.99	59.78	66.59	50.88	68.15	52.6	73.89	56.74	71.85	59.54
246	8.2	44.05	41.41	43.12	41.3	42.91	41.76	42.68	47.59	43.52	49.9	49.57	58.15	49.56	55.35	53.72	75.68	56.65	68.38	45.57	73.0	47.28	69.69	67.7	58.82	68.99	59.78	66.59	50.88	68.15	52.6	73.89	56.74	71.85	59.54
247	8.233	43.85	41.69	42.79	40.95	42.33	42.59	42.86	46.04	42.88	51.54	48.9	53.11	47.68	59.68	54.57	61.43	55.13	74.25	52.02	55.37	46.62	69.14	69.16	56.79	69.91	63.31	69.78	49.96	71.53	57.21	75.85	57.34	75.91	62.7
248	8.267	43.85	41.69	42.79	40.95	42.33	42.59	42.86	46.04	42.88	51.54	48.9	53.11	47.68	59.68	54.57	61.43	55.13	74.25	52.02	55.37	46.62	69.14	69.16	56.79	69.91	63.31	69.78	49.96	71.53	57.21	75.85	57.34	75.91	62.7
249	8.3	43.85	41.69	42.79	40.95	42.33	42.59	42.86	46.04	42.88	51.54	48.9	53.11	47.68	59.68	54.57	61.43	55.13	74.25	52.02	55.37	46.62	69.14	69.16	56.79	69.91	63.31	69.78	49.96	71.53	57.21	75.85	57.34	75.91	62.7
250	8.333	43.67	41.95	42.62	41.32	42.26	42.96	42.66	46.48	43.01	51.9	48.97	53.37	47.4	59.68	55.34	61.34	54.66	74.46	54.28	53.89	48.32	72.91	67.51	56.2	68.15	62.4	67.11	47.51	68.92	55.04	72.45	53.23	72.8	59.25
251	8.367	43.67	41.95	42.62	41.32	42.26	42.96	42.66	46.48	43.01	51.9	48.97	53.37	47.4	59.68	55.34	61.34	54.66	74.46	54.28	53.89	48.32	72.91	67.51	56.2	68.15	62.4	67.11	47.51	68.92	55.04	72.45	53.23	72.8	59.25
252	8.4	43.67	41.95	42.62	41.32	42.26	42.96	42.66	46.48	43.01	51.9	48.97	53.37	47.4	59.68	55.34	61.34	54.66	74.46	54.28	53.89	48.32	72.91	67.51	56.2	68.15	62.4	67.11	47.51	68.92	55.04	72.45	53.23	72.8	59.25
253	8.433	42.66	42.84	41.56	42.18	41.22	44.19	42.08	47.16	42.63	53.42	48.63	53.14	47.76	60.63	54.41	59.5	54.71	75.15	52.95	53.49	46.92	73.55	67.65	57.87	68.62	64.51	66.54	47.34	68.84	54.59	70.9	56.47	72.12	62.04
254	8.467	42.66	42.84	41.56	42.18	41.22	44.19	42.08	47.16	42.63	53.42	48.63	53.14	47.76	60.63	54.41	59.5	54.71	75.15	52.95	53.49	46.92	73.55	67.65	57.87	68.62	64.51	66.54	47.34	68.84	54.59	70.9	56.47	72.12	62.04
255	8.5	42.66	42.84	41.56	42.18	41.22	44.19	42.08	47.16	42.63	53.42	48.63	53.14	47.76	60.63	54.41	59.5	54.71	75.15	52.95	53.49	46.92	73.55	67.65	57.87	68.62	64.51	66.54	47.34	68.84	54.59	70.9	56.47	72.12	62.04
256	8.533	43.02	41.4	41.97	42.09	42.0	42.39	42.02	49.78	43.4	51.86	48.75	60.67	50.99	55.79	52.63	72.02	63.42	54.32	49.41	73.22	62.1	45.09	64.58	62.28	66.55	61.85	66.64	47.48	67.09	48.77	71.67	52.92	69.25	57.22
257	8.567	43.02	41.4	41.97	42.09	42.0	42.39	42.02	49.78	43.4	51.86	48.75	60.67	50.99	55.79	52.63	72.02	63.42	54.32	49.41	73.22	62.1	45.09	64.58	62.28	66.55	61.85	66.64	47.48	67.09	48.77	71.67	52.92	69.25	57.22
258	8.6	43.02	41.4	41.97	42.09	42.0	42.39	42.02	49.78	43.4	51.86	48.75	60.67	50.99	55.79	52.63	72.02	63.42	54.32	49.41	73.22	62.1	45.09	64.58	62.28	66.55	61.85	66.64	47.48	67.09	48.77	71.67	52.92	69.25	57.22
259	8.633	43.28	41.51	42.07	41.74	42.06	42.75	42.17	48.07	43.31	51.83	49.14	59.29	50.25	56.93	53.79	71.4	60.08	62.66	51.56	72.05	56.38	64.64	64.98	61.48	66.72	62.66	64.92	45.83	65.98	48.58	70.48	46.59	69.62	52.14
260	8.667	43.28	41.51	42.07	41.74	42.06	42.75	42.17	48.07	43.31	51.83	49.14	59.29	50.25	56.93	53.79	71.4	60.08	62.66	51.56	72.05	56.38	64.64	64.98	61.48	66.72	62.66	64.92	45.83	65.98	48.58	70.48	46.59	69.62	52.14
261	8.7	43.28	41.51	42.07	41.74	42.06	42.75	42.17	48.07	43.31	51.83	49.14	59.29	50.25	56.93	53.79	71.4	60.08	62.66	51.56	72.05	56.38	64.64	64.98	61.48	66.72	62.66	64.92	45.83	65.98	48.58	70.48	46.59	69.62	52.14
262	8.733	43.24	41.86	41.95	41.7	41.91	43.19	41.83	47.72	42.64	52.71	47.9	58.86	48.09	60.57	52.59	71.58	54.35	72.31	50.83	74.72	49.49	78.0	64.64	60.14	66.34	64.01	64.15	44.67	65.74	49.74	70.71	44.74	70.3	51.96
263	8.767	43.24	41.86	41.95	41.7	41.91	43.19	41.83	47.72	42.64	52.71	47.9	58.86	48.09	60.57	52.59	71.58	54.35	72.31	50.83	74.72	49.49	78.0	64.64	60.14	66.34	64.01	64.15	44.67	65.74	49.74	70.71	44.74	70.3	51.96
264	8.8	43.24	41.86	41.95	41.7	41.91	43.19	41.83	47.72	42.64	52.71	47.9	58.86	48.09	60.57	52.59	71.58	54.35	72.31	50.83	74.72	49.49	78.0	64.64	60.14	66.34	64.01	64.15	44.67	65.74	49.74	70.71	44.74	70.3	51.96
265	8.833	43.12	42.97	42.29	42.55	41.85	44.03	42.44	48.17	42.49	52.92	47.7	56.04	46.99	60.01	53.37	66.52	53.98	72.45	50.36	68.32	49.62	77.23	63.1	59.73	63.94	64.67	63.41	47.76	64.3	55.55	71.67	51.95	69.28	60.51
266	8.867	43.12	42.97	42.29	42.55	41.85	44.03	42.44	48.17	42.49	52.92	47.7	56.04	46.99	60.01	53.37	66.52	53.98	72.45	50.36	68.32	49.62	77.23	63.1	59.73	63.94	64.67	63.41	47.76	64.3	55.55	71.67	51.95	69.28	60.51
267	8.9	43.12	42.97	42.29	42.55	41.85	44.03	42.44	48.17	42.49	52.92	47.7	56.04	46.99	60.01	53.37	66.52	53.98	72.45	50.36	68.32	49.62	77.23	63.1	59.73	63.94	64.67	63.41	47.76	64.3	55.55	71.67	51.95	69.28	60.51
268	8.933	42.19	42.79	40.89	42.11	40.39	45.32	41.79	46.57	41.75	56.14	47.68	49.23	46.48	62.06	53.1	43.21	54.67	71.8	51.81	39.64	50.59	75.22	66.52	51.37	67.33	62.23	71.11	42.21	72.83	54.62	76.85	49.14	77.11	59.82
269	8.967	42.19	42.79	40.89	42.11	40.39	45.32	41.79	46.57	41.75	56.14	47.68	49.23	46.48	62.06	53.1	43.21	54.67	71.8	51.81	39.64	50.59	75.22	66.52	51.37	67.33	62.23	71.11	42.21	72.83	54.62	76.85	49.14	77.11	59.82
270	9.0	42.19	42.79	40.89	42.11	40.39	45.32	41.79	46.57	41.75	56.14	47.68	49.23	46.48	62.06	53.1	43.21	54.67	71.8	51.81	39.64	50.59	75.22	66.52	51.37	67.33	62.23	71.11	42.21	72.83	54.62	76.85	49.14	77.11	59.82
271	9.033	42.88	42.15	41.54	41.38	41.13	44.45	42.1	45.76	42.42	55.01	47.86	48.74	46.71	61.14	51.17	41.26	53.79	71.68	48.37	33.26	49.94	75.19	66.79	52.42	67.59	62.97	70.62	42.88	72.04	54.09	75.53	51.12	76.26	61.2
272	9.067	42.88	42.15	41.54	41.38	41.13	44.45	42.1	45.76	42.42	55.01	47.86	48.74	46.71	61.14	51.17	41.26	53.79	71.68	48.37	33.26	49.94	75.19	66.79	52.42	67.59	62.97	70.62	42.88	72.04	54.09	75.53	51.12	76.26	61.2
273	9.1	42.88	42.15	41.54	41.38	41.13	44.45	42.1	45.76	42.42	55.01	47.86	48.74	46.71	61.14	51.17	41.26	53.79	71.68	48.37	33.26	49.94	75.19	66.79	52.42	67.59	62.97	70.62	42.88	72.04	54.09	75.53	51.12	76.26	61.2
274	9.133	42.88	41.98	41.4	41.01	41.01	44.6	41.95	45.08	42.49	55.62	48.26	47.69	46.86	61.91	51.24	37.68	54.18	72.91	48.44	30.11	49.28	76.96	67.86	52.4	68.54	63.88	72.55	42.63	73.81	53.88	77.66	55.6	79.08	64.67
275	9.167	42.88	41.98	41.4	41.01	41.01	44.6	41.95	45.08	42.49	55.62	48.26	47.69	46.86	61.91	51.24	37.68	54.18	72.91	48.44	30.11	49.28	76.96	67.86	52.4	68.54	63.88	72.55	42.63	73.81	53.88	77.66	55.6	79.08	64.67
276	9.2	42.88	41.98	41.4	41.01	41.01	44.6	41.95	45.08	42.49	55.62	48.26	47.69	46.86	61.91	51.24	37.68	54.18	72.91	48.44	30.11	49.28	76.96	67.86	52.4	68.54	63.88	72.55	42.63	73.81	53.88	77.66	55.6	79.08	64.67
277	9.233	41.67	40.87	40.12	39.91	39.75	43.85	41.64	44.55	42.15	55.62	48.35	48.22	47.87	61.23	51.8	42.22	55.02	73.36	48.11	34.35	48.93	76.32	68.92	52.25	69.95	63.21	72.41	44.99	74.52	56.17	77.85	52.38	79.42	61.68
278	9.267	41.67	40.87	40.12	39.91	39.75	43.85	41.64	44.55	42.15	55.62	48.35	48.22	47.87	61.23	51.8	42.22	55.02	73.36	48.11	34.35	48.93	76.32	68.92	52.25	69.95	63.21	72.41	44.99	74.52	56.17	77.85	52.38	79.42	61.68
279	9.3	41.67	40.87	40.12	39.91	39.75	43.85	41.64	44.55	42.15	55.62	48.35	48.22	47.87	61.23	51.8	42.22	55.02	73.36	48.11	34.35	48.93	76.32	68.92	52.25	69.95	63.21	72.41	44.99	74.52	56.17	77.85	52.38	79.42	61.68
280	9.333	41.57	40.0	40.29	38.84	39.71	42.88	41.89	43.0	41.86	54.2	48.59	46.51	46.58	60.75	51.83	36.73	53.5	71.55	48.64	29.47	48.52	75.2	66.98	52.24	67.04	63.62	72.0	44.06	72.69	55.65	77.47	56.51	78.17	65.5
281	9.367	41.57	40.0	40.29	38.84	39.71	42.88	41.89	43.0	41.86	54.2	48.59	46.51	46.58	60.75	51.83	36.73	53.5	71.55	48.64	29.47	48.52	75.2	66.98	52.24	67.04	63.62	72.0	44.06	72.69	55.65	77.47	56.51	78.17	65.5
282	9.4	41.57	40.0	40.29	38.84	39.71	42.88	41.89	43.0	41.86	54.2	48.59	46.51	46.58	60.75	51.83	36.73	53.5	71.55	48.64	29.47	48.52	75.2	66.98	52.24	67.04	63.62	72.0	44.06	72.69	55.65	77.47	56.51	78.17	65.5
283	9.433	41.99	39.54	40.85	38.67	40.19	42.16	42.01	42.97	41.62	52.92	47.84	46.25	45.89	59.24	52.1	39.79	52.88	70.49	49.54	30.98	48.39	73.36	65.08	50.06	65.22	60.59	68.41	40.45	68.9	52.29	75.68	49.13	74.63	59.11
284	9.467	41.99	39.54	40.85	38.67	40.19	42.16	42.01	42.97	41.62	52.92	47.84	46.25	45.89	59.24	52.1	39.79	52.88	70.49	49.54	30.98	48.39	73.36	65.08	50.06	65.22	60.59	68.41	40.45	68.9	52.29	75.68	49.13	74.63	59.11
285	9.5	41.99	39.54	40.85	38.67	40.19	42.16	42.01	42.97	41.62	52.92	47.84	46.25	45.89	59.24	52.1	39.79	52.88	70.49	49.54	30.98	48.39	73.36	65.08	50.06	65.22	60.59	68.41	40.45	68.9	52.29	75.68	49.13	74.63	59.11
286	9.533	14.96	0.36	14.68	1.53	13.58	0.73	14.75	0.58	11.73	5.29	16.3	3.97	15.31	8.37	21.83	4.54	22.36	8.45	17.96	1.94	18.25	3.89	24.18	3.89	23.74	8.91	28.57	0.66	28.43	7.19	41.77	6.84	35.92	10.0
287	9.567	14.96	0.36	14.68	1.53	13.58	0.73	14.75	0.58	11.73	5.29	16.3	3.97	15.31	8.37	21.83	4.54	22.36	8.45	17.96	1.94	18.25	3.89	24.18	3.89	23.74	8.91	28.57	0.66	28.43	7.19	41.77	6.84	35.92	10.0
288	9.6	14.96	0.36	14.68	1.53	13.58	0.73	14.75	0.58	11.73	5.29	16.3	3.97	15.31	8.37	21.83	4.54	22.36	8.45	17.96	1.94	18.25	3.89	24.18	3.89	23.74	8.91	28.57	0.66	28.43	7.19	41.77	6.84	35.92	10.0
289	9.633	41.82	39.24	41.11	38.51	40.02	41.93	43.04	43.87	41.85	53.3	48.01	48.34	46.58	59.65	53.3	48.5	52.96	72.64	52.68	41.45	45.93	72.46	64.6	52.37	64.84	61.84	65.9	42.35	67.31	53.59	75.67	46.16	73.59	55.65
290	9.667	41.82	39.24	41.11	38.51	40.02	41.93	43.04	43.87	41.85	53.3	48.01	48.34	46.58	59.65	53.3	48.5	52.96	72.64	52.68	41.45	45.93	72.46	64.6	52.37	64.84	61.84	65.9	42.35	67.31	53.59	75.67	46.16	73.59	55.65
291	9.7	41.82	39.24	41.11	38.51	40.02	41.93	43.04	43.87	41.85	53.3	48.01	48.34	46.58	59.65	53.3	48.5	52.96	72.64	52.68	41.45	45.93	72.46	64.6	52.37	64.84	61.84	65.9	42.35	67.31	53.59	75.67	46.16	73.59	55.65
292	9.733	41.64	40.39	40.45	39.08	39.62	43.23	41.88	42.89	40.95	54.04	47.1	48.34	46.45	62.01	52.39	45.32	52.17	73.75	50.26	37.45	45.88	74.0	63.8	51.05	65.17	61.55	62.41	38.65	65.61	51.42	72.32	37.42	72.25	48.23
293	9.767	41.64	40.39	40.45	39.08	39.62	43.23	41.88	42.89	40.95	54.04	47.1	48.34	46.45	62.01	52.39	45.32	52.17	73.75	50.26	37.45	45.88	74.0	63.8	51.05	65.17	61.55	62.41	38.65	65.61	51.42	72.32	37.42	72.25	48.23
294	9.8	41.64	40.39	40.45	39.08	39.62	43.23	41.88	42.89	40.95	54.04	47.1	48.34	46.45	62.01	52.39	45.32	52.17	73.75	50.26	37.45	45.88	74.0	63.8	51.05	65.17	61.55	62.41	38.65	65.61	51.42	72.32	37.42	72.25	48.23
295	9.833	41.99	39.07	40.63	38.01	40.0	41.61	41.73	42.45	41.1	52.37	47.61	50.25	47.49	59.82	51.81	54.01	52.9	72.21	47.88	46.94	45.28	72.24	64.9	51.08	66.63	59.26	63.58	37.1	66.58	47.21	72.08	33.7	71.47	43.09
296	9.867	41.99	39.07	40.63	38.01	40.0	41.61	41.73	42.45	41.1	52.37	47.61	50.25	47.49	59.82	51.81	54.01	52.9	72.21	47.88	46.94	45.28	72.24	64.9	51.08	66.63	59.26	63.58	37.1	66.58	47.21	72.08	33.7	71.47	43.09
297	9.9	41.99	39.07	40.63	38.01	40.0	41.61	41.73	42.45	41.1	52.37	47.61	50.25	47.49	59.82	51.81	54.01	52.9	72.21	47.88	46.94	45.28	72.24	64.9	51.08	66.63	59.26	63.58	37.1	66.58	47.21	72.08	33.7	71.47	43.09
298	9.933	41.83	38.71	40.4	38.12	39.89	41.01	41.79	43.44	41.3	51.77	49.12	52.99	49.01	56.84	51.53	64.55	54.66	67.38	46.3	64.21	44.66	69.93	67.64	52.19	69.17	57.54	69.43	36.68	71.33	43.7	75.11	37.66	74.86	45.33
299	9.967	41.83	38.71	40.4	38.12	39.89	41.01	41.79	43.44	41.3	51.77	49.12	52.99	49.01	56.84	51.53	64.55	54.66	67.38	46.3	64.21	44.66	69.93	67.64	52.19	69.17	57.54	69.43	36.68	71.33	43.7	75.11	37.66	74.86	45.33
300	10.0	41.83	38.71	40.4	38.12	39.89	41.01	41.79	43.44	41.3	51.77	49.12	52.99	49.01	56.84	51.53	64.55	54.66	67.38	46.3	64.21	44.66	69.93	67.64	52.19	69.17	57.54	69.43	36.68	71.33	43.7	75.11	37.66	74.86	45.33
301	10.033	15.24	0.49	14.72	1.53	13.68	0.44	15.36	0.5	12.57	5.2	17.79	3.56	16.36	7.04	23.0	5.5	21.84	8.75	19.28	2.64	18.85	4.4	25.93	2.34	25.86	7.0	30.17	0.82	33.33	5.99	41.27	7.03	42.3	11.55
302	10.067	15.24	0.49	14.72	1.53	13.68	0.44	15.36	0.5	12.57	5.2	17.79	3.56	16.36	7.04	23.0	5.5	21.84	8.75	19.28	2.64	18.85	4.4	25.93	2.34	25.86	7.0	30.17	0.82	33.33	5.99	41.27	7.03	42.3	11.55
303	10.1	15.24	0.49	14.72	1.53	13.68	0.44	15.36	0.5	12.57	5.2	17.79	3.56	16.36	7.04	23.0	5.5	21.84	8.75	19.28	2.64	18.85	4.4	25.93	2.34	25.86	7.0	30.17	0.82	33.33	5.99	41.27	7.03	42.3	11.55
304	10.133	43.18	38.39	41.25	38.96	41.18	41.56	41.59	46.08	42.5	54.28	50.17	49.36	51.28	54.21	54.12	44.59	58.86	49.96	50.22	36.54	47.92	41.55	70.33	49.78	72.12	55.3	70.59	33.5	72.27	40.84	74.17	34.53	74.69	45.19
305	10.167	43.18	38.39	41.25	38.96	41.18	41.56	41.59	46.08	42.5	54.28	50.17	49.36	51.28	54.21	54.12	44.59	58.86	49.96	50.22	36.54	47.92	41.55	70.33	49.78	72.12	55.3	70.59	33.5	72.27	40.84	74.17	34.53	74.69	45.19
306	10.2	43.18	38.39	41.25	38.96	41.18	41.56	41.59	46.08	42.5	54.28	50.17	49.36	51.28	54.21	54.12	44.59	58.86	49.96	50.22	36.54	47.92	41.55	70.33	49.78	72.12	55.3	70.59	33.5	72.27	40.84	74.17	34.53	74.69	45.19
307	10.233	15.46	0.36	15.28	1.53	13.99	0.17	15.36	0.5	11.79	4.76	16.34	4.62	15.28	8.62	21.57	5.81	21.96	9.85	18.78	2.34	19.52	4.78	23.94	3.1	24.01	8.05	28.02	0.29	30.74	5.99	41.31	8.49	40.32	11.16
308	10.267	15.46	0.36	15.28	1.53	13.99	0.17	15.36	0.5	11.79	4.76	16.34	4.62	15.28	8.62	21.57	5.81	21.96	9.85	18.78	2.34	19.52	4.78	23.94	3.1	24.01	8.05	28.02	0.29	30.74	5.99	41.31	8.49	40.32	11.16
309	10.3	15.46	0.36	15.28	1.53	13.99	0.17	15.36	0.5	11.79	4.76	16.34	4.62	15.28	8.62	21.57	5.81	21.96	9.85	18.78	2.34	19.52	4.78	23.94	3.1	24.01	8.05	28.02	0.29	30.74	5.99	41.31	8.49	40.32	11.16
310	10.333	14.81	0.36	14.49	1.53	13.34	0.12	14.56	0.55	11.13	4.89	16.08	4.32	15.07	8.63	22.02	5.04	22.54	9.4	18.88	2.0	19.57	4.53	23.89	2.69	23.74	7.64	28.18	0.11	29.57	5.75	41.07	7.9	37.92	10.19
311	10.367	14.81	0.36	14.49	1.53	13.34	0.12	14.56	0.55	11.13	4.89	16.08	4.32	15.07	8.63	22.02	5.04	22.54	9.4	18.88	2.0	19.57	4.53	23.89	2.69	23.74	7.64	28.18	0.11	29.57	5.75	41.07	7.9	37.92	10.19
312	10.4	14.81	0.36	14.49	1.53	13.34	0.12	14.56	0.55	11.13	4.89	16.08	4.32	15.07	8.63	22.02	5.04	22.54	9.4	18.88	2.0	19.57	4.53	23.89	2.69	23.74	7.64	28.18	0.11	29.57	5.75	41.07	7.9	37.92	10.19
313	10.433	15.36	0.08	15.16	1.53	14.04	0.49	14.71	0.5	11.34	4.66	15.6	4.14	14.48	8.17	20.76	5.69	21.62	9.55	18.39	1.87	20.02	4.48	23.44	2.71	23.28	7.79	27.99	0.18	29.84	5.61	41.26	7.6	38.99	9.64
314	10.467	15.36	0.08	15.16	1.53	14.04	0.49	14.71	0.5	11.34	4.66	15.6	4.14	14.48	8.17	20.76	5.69	21.62	9.55	18.39	1.87	20.02	4.48	23.44	2.71	23.28	7.79	27.99	0.18	29.84	5.61	41.26	7.6	38.99	9.64
315	10.5	15.36	0.08	15.16	1.53	14.04	0.49	14.71	0.5	11.34	4.66	15.6	4.14	14.48	8.17	20.76	5.69	21.62	9.55	18.39	1.87	20.02	4.48	23.44	2.71	23.28	7.79	27.99	0.18	29.84	5.61	41.26	7.6	38.99	9.64
316	10.533	16.8	0.77	16.61	1.53	15.43	1.28	16.5	0.55	12.93	5.39	17.4	4.53	16.47	9.28	21.46	5.55	22.58	10.42	17.6	1.34	19.8	4.66	25.44	2.81	25.41	8.07	29.1	0.22	31.01	6.22	41.42	7.78	38.78	10.0
317	10.567	16.8	0.77	16.61	1.53	15.43	1.28	16.5	0.55	12.93	5.39	17.4	4.53	16.47	9.28	21.46	5.55	22.58	10.42	17.6	1.34	19.8	4.66	25.44	2.81	25.41	8.07	29.1	0.22	31.01	6.22	41.42	7.78	38.78	10.0
318	10.6	16.8	0.77	16.61	1.53	15.43	1.28	16.5	0.55	12.93	5.39	17.4	4.53	16.47	9.28	21.46	5.55	22.58	10.42	17.6	1.34	19.8	4.66	25.44	2.81	25.41	8.07	29.1	0.22	31.01	6.22	41.42	7.78	38.78	10.0
319	10.633	44.57	39.3	43.7	39.7	43.83	40.54	43.87	46.61	45.43	49.31	51.04	55.03	53.25	51.01	53.38	68.66	61.15	54.18	46.14	68.55	54.12	53.83	65.26	55.02	67.72	54.42	62.07	36.06	64.96	38.7	68.56	37.31	68.31	42.62
320	10.667	44.57	39.3	43.7	39.7	43.83	40.54	43.87	46.61	45.43	49.31	51.04	55.03	53.25	51.01	53.38	68.66	61.15	54.18	46.14	68.55	54.12	53.83	65.26	55.02	67.72	54.42	62.07	36.06	64.96	38.7	68.56	37.31	68.31	42.62
321	10.7	44.57	39.3	43.7	39.7	43.83	40.54	43.87	46.61	45.43	49.31	51.04	55.03	53.25	51.01	53.38	68.66	61.15	54.18	46.14	68.55	54.12	53.83	65.26	55.02	67.72	54.42	62.07	36.06	64.96	38.7	68.56	37.31	68.31	42.62
322	10.733	43.43	39.51	42.77	39.36	41.84	41.67	44.14	45.91	43.34	52.54	50.6	52.32	49.83	56.66	53.75	60.35	56.83	66.28	47.5	56.63	47.27	63.07	67.8	55.85	68.01	60.65	66.94	44.21	66.98	50.11	76.7	51.41	71.65	56.73
323	10.767	43.43	39.51	42.77	39.36	41.84	41.67	44.14	45.91	43.34	52.54	50.6	52.32	49.83	56.66	53.75	60.35	56.83	66.28	47.5	56.63	47.27	63.07	67.8	55.85	68.01	60.65	66.94	44.21	66.98	50.11	76.7	51.41	71.65	56.73
324	10.8	43.43	39.51	42.77	39.36	41.84	41.67	44.14	45.91	43.34	52.54	50.6	52.32	49.83	56.66	53.75	60.35	56.83	66.28	47.5	56.63	47.27	63.07	67.8	55.85	68.01	60.65	66.94	44.21	66.98	50.11	76.7	51.41	71.65	56.73
325	10.833	43.67	40.65	42.72	39.8	41.54	43.15	43.89	44.71	42.2	54.0	50.34	48.36	46.83	59.63	54.5	45.54	53.79	69.75	49.32	40.26	46.35	66.03	66.03	53.78	64.8	62.32	67.87	46.08	67.4	53.82	74.29	60.92	72.79	67.19
326	10.867	43.67	40.65	42.72	39.8	41.54	43.15	43.89	44.71	42.2	54.0	50.34	48.36	46.83	59.63	54.5	45.54	53.79	69.75	49.32	40.26	46.35	66.03	66.03	53.78	64.8	62.32	67.87	46.08	67.4	53.82	74.29	60.92	72.79	67.19
327	10.9	43.67	40.65	42.72	39.8	41.54	43.15	43.89	44.71	42.2	54.0	50.34	48.36	46.83	59.63	54.5	45.54	53.79	69.75	49.32	40.26	46.35	66.03	66.03	53.78	64.8	62.32	67.87	46.08	67.4	53.82	74.29	60.92	72.79	67.19
328	10.933	43.89	40.13	42.89	39.53	41.74	42.36	43.79	45.02	42.13	53.37	50.11	49.54	47.09	58.66	54.43	51.07	53.94	69.2	49.45	42.45	46.38	64.51	68.34	52.61	67.67	60.61	69.45	44.42	70.25	53.08	76.39	51.49	75.14	59.42
329	10.967	43.89	40.13	42.89	39.53	41.74	42.36	43.79	45.02	42.13	53.37	50.11	49.54	47.09	58.66	54.43	51.07	53.94	69.2	49.45	42.45	46.38	64.51	68.34	52.61	67.67	60.61	69.45	44.42	70.25	53.08	76.39	51.49	75.14	59.42
330	11.0	43.89	40.13	42.89	39.53	41.74	42.36	43.79	45.02	42.13	53.37	50.11	49.54	47.09	58.66	54.43	51.07	53.94	69.2	49.45	42.45	46.38	64.51	68.34	52.61	67.67	60.61	69.45	44.42	70.25	53.08	76.39	51.49	75.14	59.42
331	11.033	43.71	40.09	42.85	40.05	42.2	41.44	43.41	46.26	42.85	50.92	50.11	54.6	48.29	55.54	52.94	67.73	55.31	66.42	46.99	65.37	47.01	64.46	67.8	54.51	67.67	57.89	69.58	45.7	69.22	49.7	76.03	51.67	73.27	56.36
332	11.067	43.71	40.09	42.85	40.05	42.2	41.44	43.41	46.26	42.85	50.92	50.11	54.6	48.29	55.54	52.94	67.73	55.31	66.42	46.99	65.37	47.01	64.46	67.8	54.51	67.67	57.89	69.58	45.7	69.22	49.7	76.03	51.67	73.27	56.36
333	11.1	43.71	40.09	42.85	40.05	42.2	41.44	43.41	46.26	42.85	50.92	50.11	54.6	48.29	55.54	52.94	67.73	55.31	66.42	46.99	65.37	47.01	64.46	67.8	54.51	67.67	57.89	69.58	45.7	69.22	49.7	76.03	51.67	73.27	56.36
334	11.133	43.25	41.25	42.25	41.47	42.12	42.24	42.61	47.6	43.27	50.82	50.15	56.23	49.74	54.49	53.58	69.48	59.45	62.67	46.79	68.01	52.18	57.89	67.7	54.76	68.25	56.28	69.45	45.52	68.72	47.37	75.07	51.41	71.86	54.43
335	11.167	43.25	41.25	42.25	41.47	42.12	42.24	42.61	47.6	43.27	50.82	50.15	56.23	49.74	54.49	53.58	69.48	59.45	62.67	46.79	68.01	52.18	57.89	67.7	54.76	68.25	56.28	69.45	45.52	68.72	47.37	75.07	51.41	71.86	54.43
336	11.2	43.25	41.25	42.25	41.47	42.12	42.24	42.61	47.6	43.27	50.82	50.15	56.23	49.74	54.49	53.58	69.48	59.45	62.67	46.79	68.01	52.18	57.89	67.7	54.76	68.25	56.28	69.45	45.52	68.72	47.37	75.07	51.41	71.86	54.43
337	11.233	43.67	41.21	42.71	40.68	42.27	42.11	42.99	45.54	42.96	50.32	50.23	54.36	48.28	55.31	52.86	68.15	55.55	67.28	45.16	66.84	46.66	67.14	69.25	53.84	69.14	57.47	71.06	41.83	69.99	45.79	79.32	52.49	75.75	55.91
338	11.267	43.67	41.21	42.71	40.68	42.27	42.11	42.99	45.54	42.96	50.32	50.23	54.36	48.28	55.31	52.86	68.15	55.55	67.28	45.16	66.84	46.66	67.14	69.25	53.84	69.14	57.47	71.06	41.83	69.99	45.79	79.32	52.49	75.75	55.91
339	11.3	43.67	41.21	42.71	40.68	42.27	42.11	42.99	45.54	42.96	50.32	50.23	54.36	48.28	55.31	52.86	68.15	55.55	67.28	45.16	66.84	46.66	67.14	69.25	53.84	69.14	57.47	71.06	41.83	69.99	45.79	79.32	52.49	75.75	55.91
340	11.333	43.87	39.96	42.78	39.89	42.8	40.87	42.85	45.06	43.72	48.68	50.11	54.37	49.17	53.59	53.93	68.94	56.44	65.08	46.1	68.17	47.38	66.42	67.21	53.19	67.95	55.42	67.64	40.62	67.95	43.52	73.87	45.52	72.32	49.14
341	11.367	43.87	39.96	42.78	39.89	42.8	40.87	42.85	45.06	43.72	48.68	50.11	54.37	49.17	53.59	53.93	68.94	56.44	65.08	46.1	68.17	47.38	66.42	67.21	53.19	67.95	55.42	67.64	40.62	67.95	43.52	73.87	45.52	72.32	49.14
342	11.4	43.87	39.96	42.78	39.89	42.8	40.87	42.85	45.06	43.72	48.68	50.11	54.37	49.17	53.59	53.93	68.94	56.44	65.08	46.1	68.17	47.38	66.42	67.21	53.19	67.95	55.42	67.64	40.62	67.95	43.52	73.87	45.52	72.32	49.14
343	11.433	43.77	39.26	42.58	39.75	42.89	40.31	42.52	46.06	44.23	48.6	49.57	56.12	51.67	52.15	54.24	69.1	63.14	56.25	47.3	67.92	58.07	48.83	66.57	53.83	68.96	54.03	65.69	41.29	68.08	43.1	73.19	39.02	72.93	42.95
344	11.467	43.77	39.26	42.58	39.75	42.89	40.31	42.52	46.06	44.23	48.6	49.57	56.12	51.67	52.15	54.24	69.1	63.14	56.25	47.3	67.92	58.07	48.83	66.57	53.83	68.96	54.03	65.69	41.29	68.08	43.1	73.19	39.02	72.93	42.95
345	11.5	43.77	39.26	42.58	39.75	42.89	40.31	42.52	46.06	44.23	48.6	49.57	56.12	51.67	52.15	54.24	69.1	63.14	56.25	47.3	67.92	58.07	48.83	66.57	53.83	68.96	54.03	65.69	41.29	68.08	43.1	73.19	39.02	72.93	42.95
346	11.533	42.5	38.63	41.42	39.11	41.7	39.4	41.84	45.27	43.15	47.19	48.99	56.22	50.93	50.55	52.51	69.27	61.04	54.24	44.94	69.05	53.91	52.7	66.03	52.28	68.39	51.74	66.45	42.5	68.47	43.01	72.21	39.38	72.08	42.29
347	11.567	42.5	38.63	41.42	39.11	41.7	39.4	41.84	45.27	43.15	47.19	48.99	56.22	50.93	50.55	52.51	69.27	61.04	54.24	44.94	69.05	53.91	52.7	66.03	52.28	68.39	51.74	66.45	42.5	68.47	43.01	72.21	39.38	72.08	42.29
348	11.6	42.5	38.63	41.42	39.11	41.7	39.4	41.84	45.27	43.15	47.19	48.99	56.22	50.93	50.55	52.51	69.27	61.04	54.24	44.94	69.05	53.91	52.7	66.03	52.28	68.39	51.74	66.45	42.5	68.47	43.01	72.21	39.38	72.08	42.29
349	11.633	44.43	37.72	43.05	38.41	43.65	38.71	42.96	45.36	45.44	47.46	50.06	55.45	53.22	49.72	51.55	67.89	62.72	50.04	44.14	68.48	54.78	44.2	67.46	52.91	70.49	52.56	70.38	40.05	72.03	40.84	74.31	43.47	74.79	47.56
350	11.667	44.43	37.72	43.05	38.41	43.65	38.71	42.96	45.36	45.44	47.46	50.06	55.45	53.22	49.72	51.55	67.89	62.72	50.04	44.14	68.48	54.78	44.2	67.46	52.91	70.49	52.56	70.38	40.05	72.03	40.84	74.31	43.47	74.79	47.56
351	11.7	44.43	37.72	43.05	38.41	43.65	38.71	42.96	45.36	45.44	47.46	50.06	55.45	53.22	49.72	51.55	67.89	62.72	50.04	44.14	68.48	54.78	44.2	67.46	52.91	70.49	52.56	70.38	40.05	72.03	40.84	74.31	43.47	74.79	47.56
352	11.733	44.12	37.54	42.8	38.45	43.53	38.45	42.57	45.36	45.13	46.6	49.21	56.19	53.29	48.53	51.29	68.18	63.03	45.46	43.51	67.83	56.84	39.16	65.57	52.31	69.3	50.78	66.84	37.56	69.38	37.93	72.76	35.67	72.65	39.75
353	11.767	44.12	37.54	42.8	38.45	43.53	38.45	42.57	45.36	45.13	46.6	49.21	56.19	53.29	48.53	51.29	68.18	63.03	45.46	43.51	67.83	56.84	39.16	65.57	52.31	69.3	50.78	66.84	37.56	69.38	37.93	72.76	35.67	72.65	39.75
354	11.8	44.12	37.54	42.8	38.45	43.53	38.45	42.57	45.36	45.13	46.6	49.21	56.19	53.29	48.53	51.29	68.18	63.03	45.46	43.51	67.83	56.84	39.16	65.57	52.31	69.3	50.78	66.84	37.56	69.38	37.93	72.76	35.67	72.65	39.75
355	11.833	45.21	38.02	43.9	39.0	44.66	39.19	43.43	46.46	46.46	48.14	49.06	56.13	54.06	50.35	50.21	66.66	62.76	47.52	42.89	67.74	58.47	39.93	65.14	54.8	69.35	54.35	66.29	38.25	69.05	39.92	73.46	39.07	72.51	44.55
356	11.867	45.21	38.02	43.9	39.0	44.66	39.19	43.43	46.46	46.46	48.14	49.06	56.13	54.06	50.35	50.21	66.66	62.76	47.52	42.89	67.74	58.47	39.93	65.14	54.8	69.35	54.35	66.29	38.25	69.05	39.92	73.46	39.07	72.51	44.55
357	11.9	45.21	38.02	43.9	39.0	44.66	39.19	43.43	46.46	46.46	48.14	49.06	56.13	54.06	50.35	50.21	66.66	62.76	47.52	42.89	67.74	58.47	39.93	65.14	54.8	69.35	54.35	66.29	38.25	69.05	39.92	73.46	39.07	72.51	44.55
358	11.933	44.5	38.4	43.47	37.88	43.26	39.99	43.38	42.51	44.02	48.5	48.63	52.01	48.71	54.59	48.36	61.71	53.84	63.96	41.02	61.5	45.95	64.47	64.73	50.32	66.49	54.79	64.52	36.62	67.09	42.13	74.87	37.69	75.51	42.46
359	11.967	44.5	38.4	43.47	37.88	43.26	39.99	43.38	42.51	44.02	48.5	48.63	52.01	48.71	54.59	48.36	61.71	53.84	63.96	41.02	61.5	45.95	64.47	64.73	50.32	66.49	54.79	64.52	36.62	67.09	42.13	74.87	37.69	75.51	42.46
360	12.0	44.5	38.4	43.47	37.88	43.26	39.99	43.38	42.51	44.02	48.5	48.63	52.01	48.71	54.59	48.36	61.71	53.84	63.96	41.02	61.5	45.95	64.47	64.73	50.32	66.49	54.79	64.52	36.62	67.09	42.13	74.87	37.69	75.51	42.46
361	12.033	44.26	38.74	43.57	38.03	42.92	39.57	43.63	42.21	43.59	46.91	49.28	50.85	48.2	52.9	50.59	62.98	52.88	63.94	44.75	63.32	45.11	62.55	65.9	51.45	66.88	55.02	64.54	36.95	66.27	41.14	74.28	45.84	73.35	48.21
362	12.067	44.26	38.74	43.57	38.03	42.92	39.57	43.63	42.21	43.59	46.91	49.28	50.85	48.2	52.9	50.59	62.98	52.88	63.94	44.75	63.32	45.11	62.55	65.9	51.45	66.88	55.02	64.54	36.95	66.27	41.14	74.28	45.84	73.35	48.21
363	12.1	44.26	38.74	43.57	38.03	42.92	39.57	43.63	42.21	43.59	46.91	49.28	50.85	48.2	52.9	50.59	62.98	52.88	63.94	44.75	63.32	45.11	62.55	65.9	51.45	66.88	55.02	64.54	36.95	66.27	41.14	74.28	45.84	73.35	48.21
364	12.133	43.37	38.65	42.69	38.15	42.14	39.39	43.0	43.07	42.92	47.17	48.67	51.5	48.01	53.73	50.69	63.37	53.08	64.94	44.05	64.94	44.17	65.29	65.92	52.18	67.17	55.95	64.88	38.07	67.3	42.98	72.0	47.13	72.17	50.88
365	12.167	43.37	38.65	42.69	38.15	42.14	39.39	43.0	43.07	42.92	47.17	48.67	51.5	48.01	53.73	50.69	63.37	53.08	64.94	44.05	64.94	44.17	65.29	65.92	52.18	67.17	55.95	64.88	38.07	67.3	42.98	72.0	47.13	72.17	50.88
366	12.2	43.37	38.65	42.69	38.15	42.14	39.39	43.0	43.07	42.92	47.17	48.67	51.5	48.01	53.73	50.69	63.37	53.08	64.94	44.05	64.94	44.17	65.29	65.92	52.18	67.17	55.95	64.88	38.07	67.3	42.98	72.0	47.13	72.17	50.88
367	12.233	43.61	38.23	42.35	38.05	42.01	40.15	42.76	43.74	43.34	50.18	49.4	52.09	49.53	54.44	50.63	57.39	54.88	59.52	46.3	55.93	45.67	62.22	66.18	51.89	67.96	56.21	67.68	37.3	69.75	42.41	73.8	41.5	74.82	47.67
368	12.267	43.61	38.23	42.35	38.05	42.01	40.15	42.76	43.74	43.34	50.18	49.4	52.09	49.53	54.44	50.63	57.39	54.88	59.52	46.3	55.93	45.67	62.22	66.18	51.89	67.96	56.21	67.68	37.3	69.75	42.41	73.8	41.5	74.82	47.67
369	12.3	43.61	38.23	42.35	38.05	42.01	40.15	42.76	43.74	43.34	50.18	49.4	52.09	49.53	54.44	50.63	57.39	54.88	59.52	46.3	55.93	45.67	62.22	66.18	51.89	67.96	56.21	67.68	37.3	69.75	42.41	73.8	41.5	74.82	47.67
370	12.333	43.0	38.5	41.66	37.97	41.27	40.81	42.31	43.23	42.78	51.33	48.73	50.58	48.55	56.34	50.36	54.12	53.02	63.45	47.69	53.63	45.28	65.71	65.46	50.77	67.37	57.04	66.51	36.56	70.02	43.23	72.41	40.61	75.8	47.56
371	12.367	43.0	38.5	41.66	37.97	41.27	40.81	42.31	43.23	42.78	51.33	48.73	50.58	48.55	56.34	50.36	54.12	53.02	63.45	47.69	53.63	45.28	65.71	65.46	50.77	67.37	57.04	66.51	36.56	70.02	43.23	72.41	40.61	75.8	47.56
372	12.4	43.0	38.5	41.66	37.97	41.27	40.81	42.31	43.23	42.78	51.33	48.73	50.58	48.55	56.34	50.36	54.12	53.02	63.45	47.69	53.63	45.28	65.71	65.46	50.77	67.37	57.04	66.51	36.56	70.02	43.23	72.41	40.61	75.8	47.56
373	12.433	43.53	38.56	42.26	38.05	42.15	40.23	42.5	42.87	43.5	49.32	48.38	51.38	48.49	54.9	50.13	57.69	52.89	62.93	46.29	56.1	45.09	65.33	64.38	50.61	66.73	55.86	65.34	38.44	69.98	44.48	71.72	40.27	77.23	47.0
374	12.467	43.53	38.56	42.26	38.05	42.15	40.23	42.5	42.87	43.5	49.32	48.38	51.38	48.49	54.9	50.13	57.69	52.89	62.93	46.29	56.1	45.09	65.33	64.38	50.61	66.73	55.86	65.34	38.44	69.98	44.48	71.72	40.27	77.23	47.0
375	12.5	43.53	38.56	42.26	38.05	42.15	40.23	42.5	42.87	43.5	49.32	48.38	51.38	48.49	54.9	50.13	57.69	52.89	62.93	46.29	56.1	45.09	65.33	64.38	50.61	66.73	55.86	65.34	38.44	69.98	44.48	71.72	40.27	77.23	47.0
376	12.533	44.51	38.54	43.06	37.81	42.77	41.02	43.42	42.31	44.2	51.39	49.23	48.03	49.39	56.81	51.03	45.26	53.46	63.75	47.65	39.59	45.62	65.59	65.72	49.57	67.91	57.48	66.66	35.73	70.4	43.98	73.02	39.31	76.24	47.27
377	12.567	44.51	38.54	43.06	37.81	42.77	41.02	43.42	42.31	44.2	51.39	49.23	48.03	49.39	56.81	51.03	45.26	53.46	63.75	47.65	39.59	45.62	65.59	65.72	49.57	67.91	57.48	66.66	35.73	70.4	43.98	73.02	39.31	76.24	47.27
378	12.6	44.51	38.54	43.06	37.81	42.77	41.02	43.42	42.31	44.2	51.39	49.23	48.03	49.39	56.81	51.03	45.26	53.46	63.75	47.65	39.59	45.62	65.59	65.72	49.57	67.91	57.48	66.66	35.73	70.4	43.98	73.02	39.31	76.24	47.27
379	12.633	44.93	39.94	43.48	38.86	42.85	42.28	43.39	42.63	43.29	52.21	48.5	48.57	48.47	58.13	51.1	46.36	52.8	64.72	48.39	43.35	45.72	66.33	64.19	50.85	66.26	58.97	64.56	36.58	68.7	44.78	71.18	40.06	74.02	47.62
380	12.667	44.93	39.94	43.48	38.86	42.85	42.28	43.39	42.63	43.29	52.21	48.5	48.57	48.47	58.13	51.1	46.36	52.8	64.72	48.39	43.35	45.72	66.33	64.19	50.85	66.26	58.97	64.56	36.58	68.7	44.78	71.18	40.06	74.02	47.62
381	12.7	44.93	39.94	43.48	38.86	42.85	42.28	43.39	42.63	43.29	52.21	48.5	48.57	48.47	58.13	51.1	46.36	52.8	64.72	48.39	43.35	45.72	66.33	64.19	50.85	66.26	58.97	64.56	36.58	68.7	44.78	71.18	40.06	74.02	47.62
382	12.733	42.82	38.57	41.6	38.98	41.65	40.42	42.16	45.61	43.49	50.09	48.81	54.42	51.12	51.68	49.97	61.05	59.45	47.54	43.96	63.02	54.81	40.56	64.43	53.57	66.99	54.75	65.9	38.22	68.63	41.62	72.39	41.32	73.08	47.17
383	12.767	42.82	38.57	41.6	38.98	41.65	40.42	42.16	45.61	43.49	50.09	48.81	54.42	51.12	51.68	49.97	61.05	59.45	47.54	43.96	63.02	54.81	40.56	64.43	53.57	66.99	54.75	65.9	38.22	68.63	41.62	72.39	41.32	73.08	47.17
384	12.8	42.82	38.57	41.6	38.98	41.65	40.42	42.16	45.61	43.49	50.09	48.81	54.42	51.12	51.68	49.97	61.05	59.45	47.54	43.96	63.02	54.81	40.56	64.43	53.57	66.99	54.75	65.9	38.22	68.63	41.62	72.39	41.32	73.08	47.17
385	12.833	42.29	39.12	40.3	38.95	40.16	42.62	40.95	45.37	41.87	55.75	48.3	50.42	50.3	59.12	51.96	42.07	61.37	54.23	49.22	35.8	59.05	36.24	66.18	49.89	68.48	57.17	68.11	34.84	70.93	42.6	73.11	33.68	73.61	42.18
386	12.867	42.29	39.12	40.3	38.95	40.16	42.62	40.95	45.37	41.87	55.75	48.3	50.42	50.3	59.12	51.96	42.07	61.37	54.23	49.22	35.8	59.05	36.24	66.18	49.89	68.48	57.17	68.11	34.84	70.93	42.6	73.11	33.68	73.61	42.18
387	12.9	42.29	39.12	40.3	38.95	40.16	42.62	40.95	45.37	41.87	55.75	48.3	50.42	50.3	59.12	51.96	42.07	61.37	54.23	49.22	35.8	59.05	36.24	66.18	49.89	68.48	57.17	68.11	34.84	70.93	42.6	73.11	33.68	73.61	42.18
388	12.933	47.49	39.74	45.51	40.29	46.16	43.69	46.4	49.37	49.74	58.89	58.12	51.54	58.26	60.35	70.63	36.13	72.18	51.91	76.39	25.47	74.6	39.64	69.83	54.12	71.08	59.33	72.3	32.81	72.09	39.35	77.22	37.8	73.96	46.14
389	12.967	47.49	39.74	45.51	40.29	46.16	43.69	46.4	49.37	49.74	58.89	58.12	51.54	58.26	60.35	70.63	36.13	72.18	51.91	76.39	25.47	74.6	39.64	69.83	54.12	71.08	59.33	72.3	32.81	72.09	39.35	77.22	37.8	73.96	46.14
390	13.0	47.49	39.74	45.51	40.29	46.16	43.69	46.4	49.37	49.74	58.89	58.12	51.54	58.26	60.35	70.63	36.13	72.18	51.91	76.39	25.47	74.6	39.64	69.83	54.12	71.08	59.33	72.3	32.81	72.09	39.35	77.22	37.8	73.96	46.14
391	13.033	47.06	48.21	44.89	47.31	46.12	51.5	43.5	50.71	47.79	61.56	47.55	51.19	52.86	63.88	49.42	42.23	62.93	68.73	44.95	38.13	67.62	64.07	61.69	51.73	65.16	61.32	67.11	40.88	66.88	51.02	78.71	50.6	71.66	57.61
392	13.067	47.06	48.21	44.89	47.31	46.12	51.5	43.5	50.71	47.79	61.56	47.55	51.19	52.86	63.88	49.42	42.23	62.93	68.73	44.95	38.13	67.62	64.07	61.69	51.73	65.16	61.32	67.11	40.88	66.88	51.02	78.71	50.6	71.66	57.61
393	13.1	47.06	48.21	44.89	47.31	46.12	51.5	43.5	50.71	47.79	61.56	47.55	51.19	52.86	63.88	49.42	42.23	62.93	68.73	44.95	38.13	67.62	64.07	61.69	51.73	65.16	61.32	67.11	40.88	66.88	51.02	78.71	50.6	71.66	57.61
394	13.133	42.29	44.57	41.21	44.15	41.08	46.81	42.05	48.41	42.88	55.91	46.95	50.88	49.17	60.17	48.51	42.66	56.66	58.36	42.23	38.84	50.37	44.22	63.11	50.25	65.73	57.42	63.42	39.69	67.08	48.22	69.91	40.53	69.89	46.6
395	13.167	42.29	44.57	41.21	44.15	41.08	46.81	42.05	48.41	42.88	55.91	46.95	50.88	49.17	60.17	48.51	42.66	56.66	58.36	42.23	38.84	50.37	44.22	63.11	50.25	65.73	57.42	63.42	39.69	67.08	48.22	69.91	40.53	69.89	46.6
396	13.2	42.29	44.57	41.21	44.15	41.08	46.81	42.05	48.41	42.88	55.91	46.95	50.88	49.17	60.17	48.51	42.66	56.66	58.36	42.23	38.84	50.37	44.22	63.11	50.25	65.73	57.42	63.42	39.69	67.08	48.22	69.91	40.53	69.89	46.6
397	13.233	42.82	41.26	41.62	41.63	41.89	44.15	41.97	47.69	44.35	54.77	47.41	48.84	50.48	57.42	48.14	36.74	61.25	52.89	41.44	30.7	59.35	35.93	61.74	50.7	63.97	57.09	60.9	36.95	62.98	46.19	67.1	41.63	66.49	50.42
398	13.267	42.82	41.26	41.62	41.63	41.89	44.15	41.97	47.69	44.35	54.77	47.41	48.84	50.48	57.42	48.14	36.74	61.25	52.89	41.44	30.7	59.35	35.93	61.74	50.7	63.97	57.09	60.9	36.95	62.98	46.19	67.1	41.63	66.49	50.42
399	13.3	42.82	41.26	41.62	41.63	41.89	44.15	41.97	47.69	44.35	54.77	47.41	48.84	50.48	57.42	48.14	36.74	61.25	52.89	41.44	30.7	59.35	35.93	61.74	50.7	63.97	57.09	60.9	36.95	62.98	46.19	67.1	41.63	66.49	50.42
400	13.333	18.94	1.54	19.27	1.53	18.25	0.88	17.15	0.75	13.46	3.11	15.19	3.81	12.82	7.18	20.19	4.5	21.1	8.64	20.72	2.52	26.18	4.74	18.59	3.04	16.19	7.49	27.55	0.69	19.91	4.54	40.89	7.68	24.5	8.66
401	13.367	18.94	1.54	19.27	1.53	18.25	0.88	17.15	0.75	13.46	3.11	15.19	3.81	12.82	7.18	20.19	4.5	21.1	8.64	20.72	2.52	26.18	4.74	18.59	3.04	16.19	7.49	27.55	0.69	19.91	4.54	40.89	7.68	24.5	8.66
402	13.4	18.94	1.54	19.27	1.53	18.25	0.88	17.15	0.75	13.46	3.11	15.19	3.81	12.82	7.18	20.19	4.5	21.1	8.64	20.72	2.52	26.18	4.74	18.59	3.04	16.19	7.49	27.55	0.69	19.91	4.54	40.89	7.68	24.5	8.66
403	13.433	18.26	1.03	18.58	1.53	17.46	0.53	17.19	0.28	13.28	3.11	16.41	3.94	13.58	7.07	21.68	4.61	21.94	8.02	21.91	2.47	26.32	4.48	19.96	3.13	17.28	7.16	27.98	0.69	20.16	4.01	40.94	7.59	24.62	8.26
404	13.467	18.26	1.03	18.58	1.53	17.46	0.53	17.19	0.28	13.28	3.11	16.41	3.94	13.58	7.07	21.68	4.61	21.94	8.02	21.91	2.47	26.32	4.48	19.96	3.13	17.28	7.16	27.98	0.69	20.16	4.01	40.94	7.59	24.62	8.26
405	13.5	18.26	1.03	18.58	1.53	17.46	0.53	17.19	0.28	13.28	3.11	16.41	3.94	13.58	7.07	21.68	4.61	21.94	8.02	21.91	2.47	26.32	4.48	19.96	3.13	17.28	7.16	27.98	0.69	20.16	4.01	40.94	7.59	24.62	8.26
406	13.533	44.1	38.65	43.01	39.61	43.44	41.88	43.18	47.32	46.12	53.84	50.45	47.09	51.21	53.54	50.85	30.28	56.53	43.18	44.5	21.8	46.42	29.86	64.97	49.49	66.39	54.84	66.27	31.05	67.62	37.9	70.38	42.16	70.96	49.07
407	13.567	44.1	38.65	43.01	39.61	43.44	41.88	43.18	47.32	46.12	53.84	50.45	47.09	51.21	53.54	50.85	30.28	56.53	43.18	44.5	21.8	46.42	29.86	64.97	49.49	66.39	54.84	66.27	31.05	67.62	37.9	70.38	42.16	70.96	49.07
408	13.6	44.1	38.65	43.01	39.61	43.44	41.88	43.18	47.32	46.12	53.84	50.45	47.09	51.21	53.54	50.85	30.28	56.53	43.18	44.5	21.8	46.42	29.86	64.97	49.49	66.39	54.84	66.27	31.05	67.62	37.9	70.38	42.16	70.96	49.07
409	13.633	17.97	2.15	18.14	0.39	17.07	1.9	16.4	0.63	12.77	4.19	15.33	3.47	13.3	6.99	19.56	5.0	20.96	8.35	19.74	2.0	23.02	4.14	21.24	2.14	19.37	6.93	28.58	0.69	23.06	5.82	42.06	6.92	29.65	8.25
410	13.667	17.97	2.15	18.14	0.39	17.07	1.9	16.4	0.63	12.77	4.19	15.33	3.47	13.3	6.99	19.56	5.0	20.96	8.35	19.74	2.0	23.02	4.14	21.24	2.14	19.37	6.93	28.58	0.69	23.06	5.82	42.06	6.92	29.65	8.25
411	13.7	17.97	2.15	18.14	0.39	17.07	1.9	16.4	0.63	12.77	4.19	15.33	3.47	13.3	6.99	19.56	5.0	20.96	8.35	19.74	2.0	23.02	4.14	21.24	2.14	19.37	6.93	28.58	0.69	23.06	5.82	42.06	6.92	29.65	8.25
412	13.733	17.23	0.72	17.3	1.53	16.16	0.74	16.55	0.4	12.86	3.76	16.55	3.42	14.78	6.85	20.8	4.86	22.25	7.91	19.33	1.4	22.77	3.62	22.93	2.25	21.23	6.67	28.95	0.69	24.14	5.53	42.48	6.47	30.53	7.97
413	13.767	17.23	0.72	17.3	1.53	16.16	0.74	16.55	0.4	12.86	3.76	16.55	3.42	14.78	6.85	20.8	4.86	22.25	7.91	19.33	1.4	22.77	3.62	22.93	2.25	21.23	6.67	28.95	0.69	24.14	5.53	42.48	6.47	30.53	7.97
414	13.8	17.23	0.72	17.3	1.53	16.16	0.74	16.55	0.4	12.86	3.76	16.55	3.42	14.78	6.85	20.8	4.86	22.25	7.91	19.33	1.4	22.77	3.62	22.93	2.25	21.23	6.67	28.95	0.69	24.14	5.53	42.48	6.47	30.53	7.97
415	13.833	16.99	0.26	17.08	1.53	15.81	0.37	16.63	0.4	12.75	3.81	16.73	3.52	15.1	7.24	21.18	4.89	22.37	8.48	18.83	1.46	21.99	3.95	22.74	2.45	21.17	6.86	28.35	0.69	23.86	5.39	42.38	7.49	29.84	9.18
416	13.867	16.99	0.26	17.08	1.53	15.81	0.37	16.63	0.4	12.75	3.81	16.73	3.52	15.1	7.24	21.18	4.89	22.37	8.48	18.83	1.46	21.99	3.95	22.74	2.45	21.17	6.86	28.35	0.69	23.86	5.39	42.38	7.49	29.84	9.18
417	13.9	16.99	0.26	17.08	1.53	15.81	0.37	16.63	0.4	12.75	3.81	16.73	3.52	15.1	7.24	21.18	4.89	22.37	8.48	18.83	1.46	21.99	3.95	22.74	2.45	21.17	6.86	28.35	0.69	23.86	5.39	42.38	7.49	29.84	9.18
418	13.933	16.61	0.3	16.69	1.53	15.45	0.42	15.95	0.5	12.32	3.74	15.82	3.39	13.72	7.26	20.89	5.17	21.31	9.22	19.51	1.62	21.93	4.1	22.25	2.73	21.06	7.8	28.0	0.33	27.13	5.7	42.12	8.04	36.66	10.32
419	13.967	16.61	0.3	16.69	1.53	15.45	0.42	15.95	0.5	12.32	3.74	15.82	3.39	13.72	7.26	20.89	5.17	21.31	9.22	19.51	1.62	21.93	4.1	22.25	2.73	21.06	7.8	28.0	0.33	27.13	5.7	42.12	8.04	36.66	10.32
420	14.0	16.61	0.3	16.69	1.53	15.45	0.42	15.95	0.5	12.32	3.74	15.82	3.39	13.72	7.26	20.89	5.17	21.31	9.22	19.51	1.62	21.93	4.1	22.25	2.73	21.06	7.8	28.0	0.33	27.13	5.7	42.12	8.04	36.66	10.32
421	14.033	18.35	1.35	18.64	1.53	17.36	1.0	17.49	0.05	13.27	3.67	16.51	3.62	14.45	7.65	20.8	4.76	21.4	9.32	19.08	2.52	22.07	5.12	21.16	2.91	18.97	7.31	27.89	0.69	20.55	5.28	41.37	8.48	24.28	9.46
422	14.067	18.35	1.35	18.64	1.53	17.36	1.0	17.49	0.05	13.27	3.67	16.51	3.62	14.45	7.65	20.8	4.76	21.4	9.32	19.08	2.52	22.07	5.12	21.16	2.91	18.97	7.31	27.89	0.69	20.55	5.28	41.37	8.48	24.28	9.46
423	14.1	18.35	1.35	18.64	1.53	17.36	1.0	17.49	0.05	13.27	3.67	16.51	3.62	14.45	7.65	20.8	4.76	21.4	9.32	19.08	2.52	22.07	5.12	21.16	2.91	18.97	7.31	27.89	0.69	20.55	5.28	41.37	8.48	24.28	9.46
424	14.133	17.94	0.86	18.11	1.53	16.85	0.8	17.35	0.4	13.4	3.74	16.67	3.49	15.32	7.49	21.22	5.01	22.02	9.23	18.74	2.28	20.38	4.81	21.89	2.64	20.52	7.05	27.97	0.54	23.35	6.22	41.88	8.37	28.67	9.75
425	14.167	17.94	0.86	18.11	1.53	16.85	0.8	17.35	0.4	13.4	3.74	16.67	3.49	15.32	7.49	21.22	5.01	22.02	9.23	18.74	2.28	20.38	4.81	21.89	2.64	20.52	7.05	27.97	0.54	23.35	6.22	41.88	8.37	28.67	9.75
426	14.2	17.94	0.86	18.11	1.53	16.85	0.8	17.35	0.4	13.4	3.74	16.67	3.49	15.32	7.49	21.22	5.01	22.02	9.23	18.74	2.28	20.38	4.81	21.89	2.64	20.52	7.05	27.97	0.54	23.35	6.22	41.88	8.37	28.67	9.75
427	14.233	14.5	4.93	14.46	3.25	13.93	4.86	12.95	4.75	10.94	8.46	11.61	7.53	12.41	12.5	15.97	4.72	20.44	11.5	17.38	2.01	24.68	3.84	18.02	4.47	16.91	9.41	27.65	0.31	16.99	7.36	42.73	12.45	19.11	13.42
428	14.267	14.5	4.93	14.46	3.25	13.93	4.86	12.95	4.75	10.94	8.46	11.61	7.53	12.41	12.5	15.97	4.72	20.44	11.5	17.38	2.01	24.68	3.84	18.02	4.47	16.91	9.41	27.65	0.31	16.99	7.36	42.73	12.45	19.11	13.42
429	14.3	14.5	4.93	14.46	3.25	13.93	4.86	12.95	4.75	10.94	8.46	11.61	7.53	12.41	12.5	15.97	4.72	20.44	11.5	17.38	2.01	24.68	3.84	18.02	4.47	16.91	9.41	27.65	0.31	16.99	7.36	42.73	12.45	19.11	13.42
430	14.333	44.14	19.66	44.09	20.95	43.83	20.26	45.97	30.02	46.09	29.56	51.22	39.0	50.25	35.16	54.16	35.3	56.79	29.37	51.52	18.56	52.4	22.03	62.87	43.19	63.62	44.16	64.02	34.39	67.97	36.37	63.57	38.22	72.28	45.53
431	14.367	44.14	19.66	44.09	20.95	43.83	20.26	45.97	30.02	46.09	29.56	51.22	39.0	50.25	35.16	54.16	35.3	56.79	29.37	51.52	18.56	52.4	22.03	62.87	43.19	63.62	44.16	64.02	34.39	67.97	36.37	63.57	38.22	72.28	45.53
432	14.4	44.14	19.66	44.09	20.95	43.83	20.26	45.97	30.02	46.09	29.56	51.22	39.0	50.25	35.16	54.16	35.3	56.79	29.37	51.52	18.56	52.4	22.03	62.87	43.19	63.62	44.16	64.02	34.39	67.97	36.37	63.57	38.22	72.28	45.53
433	14.433	44.73	21.75	44.73	23.43	45.11	21.84	46.56	32.63	48.08	30.04	51.71	41.83	51.06	34.75	54.46	38.67	54.41	27.37	51.28	17.51	48.59	20.69	64.0	44.31	65.12	44.0	66.29	37.42	69.7	37.67	66.33	37.65	73.48	43.72
434	14.467	44.73	21.75	44.73	23.43	45.11	21.84	46.56	32.63	48.08	30.04	51.71	41.83	51.06	34.75	54.46	38.67	54.41	27.37	51.28	17.51	48.59	20.69	64.0	44.31	65.12	44.0	66.29	37.42	69.7	37.67	66.33	37.65	73.48	43.72
435	14.5	44.73	21.75	44.73	23.43	45.11	21.84	46.56	32.63	48.08	30.04	51.71	41.83	51.06	34.75	54.46	38.67	54.41	27.37	51.28	17.51	48.59	20.69	64.0	44.31	65.12	44.0	66.29	37.42	69.7	37.67	66.33	37.65	73.48	43.72
436	14.533	46.62	26.32	46.69	28.44	47.41	26.13	47.82	37.31	50.2	32.92	52.07	44.74	52.22	36.3	54.21	44.34	55.14	29.45	50.27	28.99	48.93	24.88	63.4	45.16	65.09	43.9	65.12	38.4	69.1	37.22	65.8	40.13	73.31	44.6
437	14.567	46.62	26.32	46.69	28.44	47.41	26.13	47.82	37.31	50.2	32.92	52.07	44.74	52.22	36.3	54.21	44.34	55.14	29.45	50.27	28.99	48.93	24.88	63.4	45.16	65.09	43.9	65.12	38.4	69.1	37.22	65.8	40.13	73.31	44.6
438	14.6	46.62	26.32	46.69	28.44	47.41	26.13	47.82	37.31	50.2	32.92	52.07	44.74	52.22	36.3	54.21	44.34	55.14	29.45	50.27	28.99	48.93	24.88	63.4	45.16	65.09	43.9	65.12	38.4	69.1	37.22	65.8	40.13	73.31	44.6
439	14.633	43.2	20.2	43.33	21.7	44.09	19.28	44.72	30.62	47.47	25.8	50.52	42.04	50.55	32.42	54.59	46.72	56.09	27.64	50.49	33.93	50.24	22.03	63.28	46.26	64.82	44.41	64.66	39.04	68.01	37.71	66.38	41.58	72.95	45.17
440	14.667	43.2	20.2	43.33	21.7	44.09	19.28	44.72	30.62	47.47	25.8	50.52	42.04	50.55	32.42	54.59	46.72	56.09	27.64	50.49	33.93	50.24	22.03	63.28	46.26	64.82	44.41	64.66	39.04	68.01	37.71	66.38	41.58	72.95	45.17
441	14.7	43.2	20.2	43.33	21.7	44.09	19.28	44.72	30.62	47.47	25.8	50.52	42.04	50.55	32.42	54.59	46.72	56.09	27.64	50.49	33.93	50.24	22.03	63.28	46.26	64.82	44.41	64.66	39.04	68.01	37.71	66.38	41.58	72.95	45.17
442	14.733	43.82	21.04	43.88	22.61	45.24	19.36	44.16	30.62	48.64	23.87	49.0	42.79	49.68	30.25	51.86	53.36	52.87	27.99	45.26	50.67	45.76	26.75	62.0	45.7	63.94	42.61	65.97	39.39	67.79	37.39	70.53	40.82	73.23	43.56
443	14.767	43.82	21.04	43.88	22.61	45.24	19.36	44.16	30.62	48.64	23.87	49.0	42.79	49.68	30.25	51.86	53.36	52.87	27.99	45.26	50.67	45.76	26.75	62.0	45.7	63.94	42.61	65.97	39.39	67.79	37.39	70.53	40.82	73.23	43.56
444	14.8	43.82	21.04	43.88	22.61	45.24	19.36	44.16	30.62	48.64	23.87	49.0	42.79	49.68	30.25	51.86	53.36	52.87	27.99	45.26	50.67	45.76	26.75	62.0	45.7	63.94	42.61	65.97	39.39	67.79	37.39	70.53	40.82	73.23	43.56
445	14.833	43.79	20.97	43.75	22.21	45.29	19.06	44.0	29.61	49.04	23.06	49.04	42.84	50.3	31.35	52.11	54.2	55.65	32.07	45.69	52.96	50.03	31.57	61.03	46.38	63.45	43.38	63.23	38.57	66.67	36.97	66.19	41.33	72.68	44.14
446	14.867	43.79	20.97	43.75	22.21	45.29	19.06	44.0	29.61	49.04	23.06	49.04	42.84	50.3	31.35	52.11	54.2	55.65	32.07	45.69	52.96	50.03	31.57	61.03	46.38	63.45	43.38	63.23	38.57	66.67	36.97	66.19	41.33	72.68	44.14
447	14.9	43.79	20.97	43.75	22.21	45.29	19.06	44.0	29.61	49.04	23.06	49.04	42.84	50.3	31.35	52.11	54.2	55.65	32.07	45.69	52.96	50.03	31.57	61.03	46.38	63.45	43.38	63.23	38.57	66.67	36.97	66.19	41.33	72.68	44.14
448	14.933	45.29	26.0	44.87	26.65	46.29	24.67	45.17	32.11	49.2	28.55	49.35	42.12	50.82	35.34	54.88	46.13	52.75	37.52	50.4	35.43	46.34	40.28	61.59	43.38	64.26	43.27	65.76	40.68	68.44	40.15	70.57	42.17	72.91	45.1
449	14.967	45.29	26.0	44.87	26.65	46.29	24.67	45.17	32.11	49.2	28.55	49.35	42.12	50.82	35.34	54.88	46.13	52.75	37.52	50.4	35.43	46.34	40.28	61.59	43.38	64.26	43.27	65.76	40.68	68.44	40.15	70.57	42.17	72.91	45.1
450	15.0	45.29	26.0	44.87	26.65	46.29	24.67	45.17	32.11	49.2	28.55	49.35	42.12	50.82	35.34	54.88	46.13	52.75	37.52	50.4	35.43	46.34	40.28	61.59	43.38	64.26	43.27	65.76	40.68	68.44	40.15	70.57	42.17	72.91	45.1
451	15.033	46.77	41.63	46.03	43.44	47.41	42.82	46.19	48.55	49.98	47.91	49.95	47.34	52.41	43.2	51.82	41.8	53.23	33.38	47.73	32.49	45.96	32.05	61.91	42.37	64.76	42.98	64.35	34.3	68.49	36.16	66.46	35.14	70.81	40.24
452	15.067	46.77	41.63	46.03	43.44	47.41	42.82	46.19	48.55	49.98	47.91	49.95	47.34	52.41	43.2	51.82	41.8	53.23	33.38	47.73	32.49	45.96	32.05	61.91	42.37	64.76	42.98	64.35	34.3	68.49	36.16	66.46	35.14	70.81	40.24
453	15.1	46.77	41.63	46.03	43.44	47.41	42.82	46.19	48.55	49.98	47.91	49.95	47.34	52.41	43.2	51.82	41.8	53.23	33.38	47.73	32.49	45.96	32.05	61.91	42.37	64.76	42.98	64.35	34.3	68.49	36.16	66.46	35.14	70.81	40.24
454	15.133	43.38	27.97	44.25	28.57	44.44	26.13	46.41	33.69	47.31	28.41	49.72	41.38	49.81	33.48	52.38	47.37	49.2	33.39	44.59	45.48	41.28	32.27	60.89	43.08	63.28	40.23	56.61	32.56	64.91	28.99	54.74	29.94	65.0	27.6
455	15.167	43.38	27.97	44.25	28.57	44.44	26.13	46.41	33.69	47.31	28.41	49.72	41.38	49.81	33.48	52.38	47.37	49.2	33.39	44.59	45.48	41.28	32.27	60.89	43.08	63.28	40.23	56.61	32.56	64.91	28.99	54.74	29.94	65.0	27.6
456	15.2	43.38	27.97	44.25	28.57	44.44	26.13	46.41	33.69	47.31	28.41	49.72	41.38	49.81	33.48	52.38	47.37	49.2	33.39	44.59	45.48	41.28	32.27	60.89	43.08	63.28	40.23	56.61	32.56	64.91	28.99	54.74	29.94	65.0	27.6
457	15.233	43.74	22.86	44.14	23.84	44.81	20.93	45.22	29.61	47.63	24.18	48.62	41.06	49.14	31.51	48.51	52.84	50.69	33.91	41.73	49.46	42.27	35.52	62.64	44.0	64.54	43.06	66.88	34.36	68.4	37.04	71.98	31.72	72.18	37.04
458	15.267	43.74	22.86	44.14	23.84	44.81	20.93	45.22	29.61	47.63	24.18	48.62	41.06	49.14	31.51	48.51	52.84	50.69	33.91	41.73	49.46	42.27	35.52	62.64	44.0	64.54	43.06	66.88	34.36	68.4	37.04	71.98	31.72	72.18	37.04
459	15.3	43.74	22.86	44.14	23.84	44.81	20.93	45.22	29.61	47.63	24.18	48.62	41.06	49.14	31.51	48.51	52.84	50.69	33.91	41.73	49.46	42.27	35.52	62.64	44.0	64.54	43.06	66.88	34.36	68.4	37.04	71.98	31.72	72.18	37.04
460	15.333	43.49	24.65	43.61	24.86	43.93	23.37	44.93	29.58	46.42	27.67	48.32	37.98	48.01	36.45	52.1	40.08	51.08	43.63	47.56	29.07	43.96	43.55	63.64	42.25	65.05	45.45	68.1	35.25	70.16	39.2	72.64	35.79	73.5	40.84
461	15.367	43.49	24.65	43.61	24.86	43.93	23.37	44.93	29.58	46.42	27.67	48.32	37.98	48.01	36.45	52.1	40.08	51.08	43.63	47.56	29.07	43.96	43.55	63.64	42.25	65.05	45.45	68.1	35.25	70.16	39.2	72.64	35.79	73.5	40.84
462	15.4	43.49	24.65	43.61	24.86	43.93	23.37	44.93	29.58	46.42	27.67	48.32	37.98	48.01	36.45	52.1	40.08	51.08	43.63	47.56	29.07	43.96	43.55	63.64	42.25	65.05	45.45	68.1	35.25	70.16	39.2	72.64	35.79	73.5	40.84
463	15.433	47.13	31.1	48.27	32.69	49.05	28.66	50.38	38.52	52.7	30.31	51.33	43.12	52.79	35.55	50.28	49.44	50.77	37.52	45.11	49.03	43.08	37.15	59.89	42.51	63.81	41.0	57.42	31.93	68.06	32.52	53.09	24.9	66.76	31.29
464	15.467	47.13	31.1	48.27	32.69	49.05	28.66	50.38	38.52	52.7	30.31	51.33	43.12	52.79	35.55	50.28	49.44	50.77	37.52	45.11	49.03	43.08	37.15	59.89	42.51	63.81	41.0	57.42	31.93	68.06	32.52	53.09	24.9	66.76	31.29
465	15.5	47.13	31.1	48.27	32.69	49.05	28.66	50.38	38.52	52.7	30.31	51.33	43.12	52.79	35.55	50.28	49.44	50.77	37.52	45.11	49.03	43.08	37.15	59.89	42.51	63.81	41.0	57.42	31.93	68.06	32.52	53.09	24.9	66.76	31.29
466	15.533	57.52	35.42	58.53	37.45	59.84	33.29	58.91	43.28	62.53	34.38	56.52	44.91	59.21	38.46	52.9	44.07	50.62	35.01	48.24	42.27	42.24	34.71	58.86	42.52	63.41	40.07	52.39	31.61	61.79	30.85	46.95	23.95	57.54	28.93
467	15.567	57.52	35.42	58.53	37.45	59.84	33.29	58.91	43.28	62.53	34.38	56.52	44.91	59.21	38.46	52.9	44.07	50.62	35.01	48.24	42.27	42.24	34.71	58.86	42.52	63.41	40.07	52.39	31.61	61.79	30.85	46.95	23.95	57.54	28.93
468	15.6	57.52	35.42	58.53	37.45	59.84	33.29	58.91	43.28	62.53	34.38	56.52	44.91	59.21	38.46	52.9	44.07	50.62	35.01	48.24	42.27	42.24	34.71	58.86	42.52	63.41	40.07	52.39	31.61	61.79	30.85	46.95	23.95	57.54	28.93
469	15.633	47.15	24.18	48.21	24.58	48.44	22.98	51.37	31.1	52.64	27.26	55.64	37.88	54.44	33.17	55.21	38.09	53.04	30.51	50.73	30.12	46.78	31.62	63.11	43.37	63.52	41.57	57.45	32.37	59.77	32.19	53.48	39.69	56.39	40.69
470	15.667	47.15	24.18	48.21	24.58	48.44	22.98	51.37	31.1	52.64	27.26	55.64	37.88	54.44	33.17	55.21	38.09	53.04	30.51	50.73	30.12	46.78	31.62	63.11	43.37	63.52	41.57	57.45	32.37	59.77	32.19	53.48	39.69	56.39	40.69
471	15.7	47.15	24.18	48.21	24.58	48.44	22.98	51.37	31.1	52.64	27.26	55.64	37.88	54.44	33.17	55.21	38.09	53.04	30.51	50.73	30.12	46.78	31.62	63.11	43.37	63.52	41.57	57.45	32.37	59.77	32.19	53.48	39.69	56.39	40.69
472	15.733	44.74	20.76	44.89	20.07	45.09	19.63	46.91	24.55	48.32	24.08	51.66	34.3	51.19	32.61	54.3	41.12	52.4	41.8	49.15	36.96	46.99	43.28	65.32	40.82	66.08	42.26	66.52	34.57	67.57	35.36	69.68	42.78	68.82	43.11
473	15.767	44.74	20.76	44.89	20.07	45.09	19.63	46.91	24.55	48.32	24.08	51.66	34.3	51.19	32.61	54.3	41.12	52.4	41.8	49.15	36.96	46.99	43.28	65.32	40.82	66.08	42.26	66.52	34.57	67.57	35.36	69.68	42.78	68.82	43.11
474	15.8	44.74	20.76	44.89	20.07	45.09	19.63	46.91	24.55	48.32	24.08	51.66	34.3	51.19	32.61	54.3	41.12	52.4	41.8	49.15	36.96	46.99	43.28	65.32	40.82	66.08	42.26	66.52	34.57	67.57	35.36	69.68	42.78	68.82	43.11
475	15.833	44.96	18.45	45.0	17.98	45.43	17.55	46.71	23.47	48.69	22.96	51.89	33.85	51.59	31.95	54.58	39.05	53.28	38.94	49.28	35.78	47.37	41.78	65.23	41.3	65.07	42.29	67.84	33.68	62.65	34.2	72.25	44.56	61.3	44.7
476	15.867	44.96	18.45	45.0	17.98	45.43	17.55	46.71	23.47	48.69	22.96	51.89	33.85	51.59	31.95	54.58	39.05	53.28	38.94	49.28	35.78	47.37	41.78	65.23	41.3	65.07	42.29	67.84	33.68	62.65	34.2	72.25	44.56	61.3	44.7
477	15.9	44.96	18.45	45.0	17.98	45.43	17.55	46.71	23.47	48.69	22.96	51.89	33.85	51.59	31.95	54.58	39.05	53.28	38.94	49.28	35.78	47.37	41.78	65.23	41.3	65.07	42.29	67.84	33.68	62.65	34.2	72.25	44.56	61.3	44.7
478	15.933	45.24	17.76	45.33	17.48	46.06	16.61	46.93	23.41	49.96	21.73	52.18	34.77	52.0	31.1	53.81	41.86	52.5	38.83	49.3	34.81	46.3	40.33	65.28	42.36	66.18	42.53	65.05	34.2	65.46	34.07	66.71	43.74	66.34	43.91
479	15.967	45.24	17.76	45.33	17.48	46.06	16.61	46.93	23.41	49.96	21.73	52.18	34.77	52.0	31.1	53.81	41.86	52.5	38.83	49.3	34.81	46.3	40.33	65.28	42.36	66.18	42.53	65.05	34.2	65.46	34.07	66.71	43.74	66.34	43.91
480	16.0	45.24	17.76	45.33	17.48	46.06	16.61	46.93	23.41	49.96	21.73	52.18	34.77	52.0	31.1	53.81	41.86	52.5	38.83	49.3	34.81	46.3	40.33	65.28	42.36	66.18	42.53	65.05	34.2	65.46	34.07	66.71	43.74	66.34	43.91
481	16.033	44.76	18.54	44.6	17.56	45.28	17.16	46.21	22.07	49.11	21.55	51.3	34.2	52.1	31.88	53.02	45.9	54.08	45.05	47.48	43.85	49.89	45.47	65.39	41.45	67.18	42.39	64.47	33.84	67.54	34.09	66.4	42.73	69.79	43.14
482	16.067	44.76	18.54	44.6	17.56	45.28	17.16	46.21	22.07	49.11	21.55	51.3	34.2	52.1	31.88	53.02	45.9	54.08	45.05	47.48	43.85	49.89	45.47	65.39	41.45	67.18	42.39	64.47	33.84	67.54	34.09	66.4	42.73	69.79	43.14
483	16.1	44.76	18.54	44.6	17.56	45.28	17.16	46.21	22.07	49.11	21.55	51.3	34.2	52.1	31.88	53.02	45.9	54.08	45.05	47.48	43.85	49.89	45.47	65.39	41.45	67.18	42.39	64.47	33.84	67.54	34.09	66.4	42.73	69.79	43.14
484	16.133	44.66	18.82	44.72	17.7	44.9	17.62	46.8	21.6	48.2	21.99	51.33	31.72	51.32	31.84	54.1	37.9	52.86	43.54	49.09	33.34	49.39	46.31	65.12	41.03	65.73	43.26	65.57	32.11	64.45	33.81	69.17	42.57	63.93	43.48
485	16.167	44.66	18.82	44.72	17.7	44.9	17.62	46.8	21.6	48.2	21.99	51.33	31.72	51.32	31.84	54.1	37.9	52.86	43.54	49.09	33.34	49.39	46.31	65.12	41.03	65.73	43.26	65.57	32.11	64.45	33.81	69.17	42.57	63.93	43.48
486	16.2	44.66	18.82	44.72	17.7	44.9	17.62	46.8	21.6	48.2	21.99	51.33	31.72	51.32	31.84	54.1	37.9	52.86	43.54	49.09	33.34	49.39	46.31	65.12	41.03	65.73	43.26	65.57	32.11	64.45	33.81	69.17	42.57	63.93	43.48
487	16.233	44.12	20.99	44.52	20.19	44.52	20.14	47.22	24.47	48.41	24.68	51.65	32.63	51.06	32.94	53.79	37.51	52.51	41.97	49.52	34.95	49.9	46.48	64.07	41.76	64.94	44.22	62.19	29.19	65.55	32.86	64.66	39.1	67.31	42.42
488	16.267	44.12	20.99	44.52	20.19	44.52	20.14	47.22	24.47	48.41	24.68	51.65	32.63	51.06	32.94	53.79	37.51	52.51	41.97	49.52	34.95	49.9	46.48	64.07	41.76	64.94	44.22	62.19	29.19	65.55	32.86	64.66	39.1	67.31	42.42
489	16.3	44.12	20.99	44.52	20.19	44.52	20.14	47.22	24.47	48.41	24.68	51.65	32.63	51.06	32.94	53.79	37.51	52.51	41.97	49.52	34.95	49.9	46.48	64.07	41.76	64.94	44.22	62.19	29.19	65.55	32.86	64.66	39.1	67.31	42.42
490	16.333	43.23	21.28	43.06	19.88	43.25	20.17	45.01	22.74	46.52	24.08	49.26	32.74	49.67	33.87	51.8	42.39	52.15	47.71	47.17	40.85	48.99	45.64	65.33	40.74	66.95	44.38	66.46	33.14	70.22	36.94	70.48	39.74	73.82	42.03
491	16.367	43.23	21.28	43.06	19.88	43.25	20.17	45.01	22.74	46.52	24.08	49.26	32.74	49.67	33.87	51.8	42.39	52.15	47.71	47.17	40.85	48.99	45.64	65.33	40.74	66.95	44.38	66.46	33.14	70.22	36.94	70.48	39.74	73.82	42.03
492	16.4	43.23	21.28	43.06	19.88	43.25	20.17	45.01	22.74	46.52	24.08	49.26	32.74	49.67	33.87	51.8	42.39	52.15	47.71	47.17	40.85	48.99	45.64	65.33	40.74	66.95	44.38	66.46	33.14	70.22	36.94	70.48	39.74	73.82	42.03
493	16.433	44.78	22.05	45.19	21.64	45.44	20.72	47.19	25.81	48.9	24.08	50.89	34.81	51.34	31.34	53.13	41.87	52.85	39.18	48.88	41.33	49.62	44.24	64.38	41.83	65.73	42.55	65.7	33.09	67.86	33.17	70.36	41.68	70.17	41.17
494	16.467	44.78	22.05	45.19	21.64	45.44	20.72	47.19	25.81	48.9	24.08	50.89	34.81	51.34	31.34	53.13	41.87	52.85	39.18	48.88	41.33	49.62	44.24	64.38	41.83	65.73	42.55	65.7	33.09	67.86	33.17	70.36	41.68	70.17	41.17
495	16.5	44.78	22.05	45.19	21.64	45.44	20.72	47.19	25.81	48.9	24.08	50.89	34.81	51.34	31.34	53.13	41.87	52.85	39.18	48.88	41.33	49.62	44.24	64.38	41.83	65.73	42.55	65.7	33.09	67.86	33.17	70.36	41.68	70.17	41.17
496	16.533	46.56	27.04	47.41	27.2	47.32	25.33	49.25	30.83	50.03	27.0	50.68	36.63	51.28	32.02	52.39	44.24	50.86	37.39	48.41	44.89	46.1	38.54	61.86	40.14	64.42	40.26	61.56	31.73	70.18	32.5	64.33	33.73	72.92	35.23
497	16.567	46.56	27.04	47.41	27.2	47.32	25.33	49.25	30.83	50.03	27.0	50.68	36.63	51.28	32.02	52.39	44.24	50.86	37.39	48.41	44.89	46.1	38.54	61.86	40.14	64.42	40.26	61.56	31.73	70.18	32.5	64.33	33.73	72.92	35.23
498	16.6	46.56	27.04	47.41	27.2	47.32	25.33	49.25	30.83	50.03	27.0	50.68	36.63	51.28	32.02	52.39	44.24	50.86	37.39	48.41	44.89	46.1	38.54	61.86	40.14	64.42	40.26	61.56	31.73	70.18	32.5	64.33	33.73	72.92	35.23
499	16.633	45.13	26.46	45.73	27.06	46.15	24.77	47.35	31.67	49.42	26.92	50.04	38.44	51.07	31.45	53.79	47.74	50.62	34.99	48.56	48.16	43.75	36.12	61.13	41.83	64.57	40.64	59.09	32.74	70.7	32.51	60.8	32.42	74.41	34.98
500	16.667	45.13	26.46	45.73	27.06	46.15	24.77	47.35	31.67	49.42	26.92	50.04	38.44	51.07	31.45	53.79	47.74	50.62	34.99	48.56	48.16	43.75	36.12	61.13	41.83	64.57	40.64	59.09	32.74	70.7	32.51	60.8	32.42	74.41	34.98
501	16.7	45.13	26.46	45.73	27.06	46.15	24.77	47.35	31.67	49.42	26.92	50.04	38.44	51.07	31.45	53.79	47.74	50.62	34.99	48.56	48.16	43.75	36.12	61.13	41.83	64.57	40.64	59.09	32.74	70.7	32.51	60.8	32.42	74.41	34.98
502	16.733	46.7	27.83	47.42	28.37	47.77	26.05	49.02	32.68	50.86	27.9	51.18	38.58	52.15	32.34	54.22	46.02	51.92	35.82	49.46	47.25	45.61	40.56	61.98	41.89	65.17	41.05	60.46	33.23	70.96	33.29	61.94	33.45	74.29	35.8
503	16.767	46.7	27.83	47.42	28.37	47.77	26.05	49.02	32.68	50.86	27.9	51.18	38.58	52.15	32.34	54.22	46.02	51.92	35.82	49.46	47.25	45.61	40.56	61.98	41.89	65.17	41.05	60.46	33.23	70.96	33.29	61.94	33.45	74.29	35.8
504	16.8	46.7	27.83	47.42	28.37	47.77	26.05	49.02	32.68	50.86	27.9	51.18	38.58	52.15	32.34	54.22	46.02	51.92	35.82	49.46	47.25	45.61	40.56	61.98	41.89	65.17	41.05	60.46	33.23	70.96	33.29	61.94	33.45	74.29	35.8
505	16.833	47.81	26.63	48.39	26.97	48.8	24.98	49.64	31.53	51.88	27.48	51.95	37.8	52.73	33.24	55.07	43.83	52.35	37.18	50.91	42.96	45.66	40.07	62.06	42.33	65.31	42.26	59.97	33.13	71.11	34.11	60.55	35.4	75.07	38.53
506	16.867	47.81	26.63	48.39	26.97	48.8	24.98	49.64	31.53	51.88	27.48	51.95	37.8	52.73	33.24	55.07	43.83	52.35	37.18	50.91	42.96	45.66	40.07	62.06	42.33	65.31	42.26	59.97	33.13	71.11	34.11	60.55	35.4	75.07	38.53
507	16.9	47.81	26.63	48.39	26.97	48.8	24.98	49.64	31.53	51.88	27.48	51.95	37.8	52.73	33.24	55.07	43.83	52.35	37.18	50.91	42.96	45.66	40.07	62.06	42.33	65.31	42.26	59.97	33.13	71.11	34.11	60.55	35.4	75.07	38.53
508	16.933	46.53	26.84	47.3	27.19	47.37	25.05	48.95	31.42	50.25	27.03	51.44	37.57	51.54	31.95	55.05	45.29	51.07	35.55	50.4	46.68	44.56	38.22	62.91	43.02	65.56	42.46	60.75	32.35	71.2	32.67	61.52	34.17	74.17	36.23
509	16.967	46.53	26.84	47.3	27.19	47.37	25.05	48.95	31.42	50.25	27.03	51.44	37.57	51.54	31.95	55.05	45.29	51.07	35.55	50.4	46.68	44.56	38.22	62.91	43.02	65.56	42.46	60.75	32.35	71.2	32.67	61.52	34.17	74.17	36.23
510	17.0	46.53	26.84	47.3	27.19	47.37	25.05	48.95	31.42	50.25	27.03	51.44	37.57	51.54	31.95	55.05	45.29	51.07	35.55	50.4	46.68	44.56	38.22	62.91	43.02	65.56	42.46	60.75	32.35	71.2	32.67	61.52	34.17	74.17	36.23
511	17.033	16.49	0.49	16.28	1.53	14.99	0.39	17.34	0.55	14.01	4.46	19.6	4.28	18.32	7.78	23.47	6.36	23.44	9.56	20.47	3.45	20.24	5.62	28.63	4.54	28.21	8.81	30.49	1.52	31.31	6.31	42.67	9.11	39.96	11.14
512	17.067	16.49	0.49	16.28	1.53	14.99	0.39	17.34	0.55	14.01	4.46	19.6	4.28	18.32	7.78	23.47	6.36	23.44	9.56	20.47	3.45	20.24	5.62	28.63	4.54	28.21	8.81	30.49	1.52	31.31	6.31	42.67	9.11	39.96	11.14
513	17.1	16.49	0.49	16.28	1.53	14.99	0.39	17.34	0.55	14.01	4.46	19.6	4.28	18.32	7.78	23.47	6.36	23.44	9.56	20.47	3.45	20.24	5.62	28.63	4.54	28.21	8.81	30.49	1.52	31.31	6.31	42.67	9.11	39.96	11.14
514	17.133	16.88	0.58	16.78	1.53	15.53	0.3	17.11	0.55	13.8	4.05	18.17	4.34	17.19	8.22	22.82	5.86	23.65	9.9	20.76	3.48	21.73	6.2	25.24	4.81	24.77	9.25	28.45	1.85	28.05	7.32	42.36	9.44	37.06	11.4
515	17.167	16.88	0.58	16.78	1.53	15.53	0.3	17.11	0.55	13.8	4.05	18.17	4.34	17.19	8.22	22.82	5.86	23.65	9.9	20.76	3.48	21.73	6.2	25.24	4.81	24.77	9.25	28.45	1.85	28.05	7.32	42.36	9.44	37.06	11.4
516	17.2	16.88	0.58	16.78	1.53	15.53	0.3	17.11	0.55	13.8	4.05	18.17	4.34	17.19	8.22	22.82	5.86	23.65	9.9	20.76	3.48	21.73	6.2	25.24	4.81	24.77	9.25	28.45	1.85	28.05	7.32	42.36	9.44	37.06	11.4
517	17.233	50.76	27.74	51.48	27.79	51.45	26.08	52.44	32.39	54.29	28.77	54.55	38.48	54.94	34.12	56.65	42.29	53.9	34.18	54.88	42.15	47.21	37.21	60.99	45.42	64.19	44.26	54.0	30.92	67.16	30.65	53.38	39.82	72.47	42.43
518	17.267	50.76	27.74	51.48	27.79	51.45	26.08	52.44	32.39	54.29	28.77	54.55	38.48	54.94	34.12	56.65	42.29	53.9	34.18	54.88	42.15	47.21	37.21	60.99	45.42	64.19	44.26	54.0	30.92	67.16	30.65	53.38	39.82	72.47	42.43
519	17.3	50.76	27.74	51.48	27.79	51.45	26.08	52.44	32.39	54.29	28.77	54.55	38.48	54.94	34.12	56.65	42.29	53.9	34.18	54.88	42.15	47.21	37.21	60.99	45.42	64.19	44.26	54.0	30.92	67.16	30.65	53.38	39.82	72.47	42.43
520	17.333	51.27	28.2	51.81	28.27	51.88	27.01	53.11	32.93	55.11	30.33	55.65	38.28	56.33	35.34	58.44	39.12	57.58	34.53	58.61	36.06	53.55	37.11	61.06	45.12	64.21	44.69	54.28	29.9	67.37	31.47	53.48	37.9	73.57	42.47
521	17.367	51.27	28.2	51.81	28.27	51.88	27.01	53.11	32.93	55.11	30.33	55.65	38.28	56.33	35.34	58.44	39.12	57.58	34.53	58.61	36.06	53.55	37.11	61.06	45.12	64.21	44.69	54.28	29.9	67.37	31.47	53.48	37.9	73.57	42.47
522	17.4	51.27	28.2	51.81	28.27	51.88	27.01	53.11	32.93	55.11	30.33	55.65	38.28	56.33	35.34	58.44	39.12	57.58	34.53	58.61	36.06	53.55	37.11	61.06	45.12	64.21	44.69	54.28	29.9	67.37	31.47	53.48	37.9	73.57	42.47
523	17.433	56.99	32.03	57.98	32.27	57.3	30.84	58.75	36.26	58.8	33.11	58.46	39.31	58.11	36.78	58.19	38.02	57.41	31.54	59.97	37.53	54.34	30.5	60.46	44.15	62.74	43.51	53.84	27.4	65.75	29.69	53.01	35.45	71.17	39.68
524	17.467	56.99	32.03	57.98	32.27	57.3	30.84	58.75	36.26	58.8	33.11	58.46	39.31	58.11	36.78	58.19	38.02	57.41	31.54	59.97	37.53	54.34	30.5	60.46	44.15	62.74	43.51	53.84	27.4	65.75	29.69	53.01	35.45	71.17	39.68
525	17.5	56.99	32.03	57.98	32.27	57.3	30.84	58.75	36.26	58.8	33.11	58.46	39.31	58.11	36.78	58.19	38.02	57.41	31.54	59.97	37.53	54.34	30.5	60.46	44.15	62.74	43.51	53.84	27.4	65.75	29.69	53.01	35.45	71.17	39.68
526	17.533	59.18	32.09	60.17	32.61	59.95	30.4	60.0	37.18	61.31	32.21	58.65	40.88	59.13	36.47	58.27	44.4	54.56	33.52	58.48	45.87	46.72	31.28	58.93	43.69	62.06	41.65	52.18	29.11	63.84	29.39	52.08	34.0	67.69	37.63
527	17.567	59.18	32.09	60.17	32.61	59.95	30.4	60.0	37.18	61.31	32.21	58.65	40.88	59.13	36.47	58.27	44.4	54.56	33.52	58.48	45.87	46.72	31.28	58.93	43.69	62.06	41.65	52.18	29.11	63.84	29.39	52.08	34.0	67.69	37.63
528	17.6	59.18	32.09	60.17	32.61	59.95	30.4	60.0	37.18	61.31	32.21	58.65	40.88	59.13	36.47	58.27	44.4	54.56	33.52	58.48	45.87	46.72	31.28	58.93	43.69	62.06	41.65	52.18	29.11	63.84	29.39	52.08	34.0	67.69	37.63
529	17.633	52.61	30.88	53.68	31.76	53.84	29.43	54.7	37.49	56.65	32.04	56.28	41.46	56.09	35.24	56.74	43.31	53.57	29.42	55.04	39.99	44.18	23.09	60.11	44.82	62.81	42.26	53.1	31.35	65.17	29.97	51.68	39.48	70.68	41.43
530	17.667	52.61	30.88	53.68	31.76	53.84	29.43	54.7	37.49	56.65	32.04	56.28	41.46	56.09	35.24	56.74	43.31	53.57	29.42	55.04	39.99	44.18	23.09	60.11	44.82	62.81	42.26	53.1	31.35	65.17	29.97	51.68	39.48	70.68	41.43
531	17.7	52.61	30.88	53.68	31.76	53.84	29.43	54.7	37.49	56.65	32.04	56.28	41.46	56.09	35.24	56.74	43.31	53.57	29.42	55.04	39.99	44.18	23.09	60.11	44.82	62.81	42.26	53.1	31.35	65.17	29.97	51.68	39.48	70.68	41.43
532	17.733	49.58	31.14	50.79	32.25	50.84	29.63	52.24	38.07	53.59	31.86	55.02	42.19	53.36	33.66	55.92	47.7	50.78	28.17	52.47	44.35	43.37	20.75	60.96	44.62	62.84	41.22	53.49	32.64	65.38	29.97	52.75	41.24	72.03	42.06
533	17.767	49.58	31.14	50.79	32.25	50.84	29.63	52.24	38.07	53.59	31.86	55.02	42.19	53.36	33.66	55.92	47.7	50.78	28.17	52.47	44.35	43.37	20.75	60.96	44.62	62.84	41.22	53.49	32.64	65.38	29.97	52.75	41.24	72.03	42.06
534	17.8	49.58	31.14	50.79	32.25	50.84	29.63	52.24	38.07	53.59	31.86	55.02	42.19	53.36	33.66	55.92	47.7	50.78	28.17	52.47	44.35	43.37	20.75	60.96	44.62	62.84	41.22	53.49	32.64	65.38	29.97	52.75	41.24	72.03	42.06
535	17.833	47.6	26.3	48.48	27.53	48.72	25.02	49.54	34.43	51.7	28.71	53.4	40.16	52.17	31.74	54.76	45.1	51.74	26.07	51.26	39.32	44.8	18.2	61.84	44.96	64.05	42.18	55.65	32.26	68.32	29.83	54.09	43.12	75.12	44.17
536	17.867	47.6	26.3	48.48	27.53	48.72	25.02	49.54	34.43	51.7	28.71	53.4	40.16	52.17	31.74	54.76	45.1	51.74	26.07	51.26	39.32	44.8	18.2	61.84	44.96	64.05	42.18	55.65	32.26	68.32	29.83	54.09	43.12	75.12	44.17
537	17.9	47.6	26.3	48.48	27.53	48.72	25.02	49.54	34.43	51.7	28.71	53.4	40.16	52.17	31.74	54.76	45.1	51.74	26.07	51.26	39.32	44.8	18.2	61.84	44.96	64.05	42.18	55.65	32.26	68.32	29.83	54.09	43.12	75.12	44.17
538	17.933	50.0	26.49	51.01	26.96	51.01	24.94	52.59	32.54	54.25	27.76	56.54	37.01	55.14	30.63	59.46	40.13	54.49	25.29	58.1	36.56	46.59	18.08	61.15	42.21	63.27	39.52	54.11	31.71	66.48	29.3	52.56	41.25	72.72	42.72
539	17.967	50.0	26.49	51.01	26.96	51.01	24.94	52.59	32.54	54.25	27.76	56.54	37.01	55.14	30.63	59.46	40.13	54.49	25.29	58.1	36.56	46.59	18.08	61.15	42.21	63.27	39.52	54.11	31.71	66.48	29.3	52.56	41.25	72.72	42.72
540	18.0	50.0	26.49	51.01	26.96	51.01	24.94	52.59	32.54	54.25	27.76	56.54	37.01	55.14	30.63	59.46	40.13	54.49	25.29	58.1	36.56	46.59	18.08	61.15	42.21	63.27	39.52	54.11	31.71	66.48	29.3	52.56	41.25	72.72	42.72
541	18.033	48.58	26.81	49.75	27.2	49.47	25.26	51.81	33.18	52.77	28.67	56.28	37.67	54.8	31.67	59.16	42.15	56.95	27.67	56.18	36.77	50.21	19.21	62.26	41.78	64.13	39.44	54.72	31.32	67.16	30.38	53.69	41.5	73.62	44.34
542	18.067	48.58	26.81	49.75	27.2	49.47	25.26	51.81	33.18	52.77	28.67	56.28	37.67	54.8	31.67	59.16	42.15	56.95	27.67	56.18	36.77	50.21	19.21	62.26	41.78	64.13	39.44	54.72	31.32	67.16	30.38	53.69	41.5	73.62	44.34
543	18.1	48.58	26.81	49.75	27.2	49.47	25.26	51.81	33.18	52.77	28.67	56.28	37.67	54.8	31.67	59.16	42.15	56.95	27.67	56.18	36.77	50.21	19.21	62.26	41.78	64.13	39.44	54.72	31.32	67.16	30.38	53.69	41.5	73.62	44.34
544	18.133	17.71	0.85	17.93	1.53	17.02	0.75	16.48	0.5	13.74	3.46	15.06	3.1	12.42	6.11	18.96	4.8	18.7	8.88	21.75	3.56	25.6	5.94	21.07	2.8	19.42	8.22	29.22	1.23	27.18	5.81	43.23	7.57	37.91	10.39
545	18.167	17.71	0.85	17.93	1.53	17.02	0.75	16.48	0.5	13.74	3.46	15.06	3.1	12.42	6.11	18.96	4.8	18.7	8.88	21.75	3.56	25.6	5.94	21.07	2.8	19.42	8.22	29.22	1.23	27.18	5.81	43.23	7.57	37.91	10.39
546	18.2	17.71	0.85	17.93	1.53	17.02	0.75	16.48	0.5	13.74	3.46	15.06	3.1	12.42	6.11	18.96	4.8	18.7	8.88	21.75	3.56	25.6	5.94	21.07	2.8	19.42	8.22	29.22	1.23	27.18	5.81	43.23	7.57	37.91	10.39
547	18.233	63.58	29.22	64.05	30.72	64.49	29.11	63.25	37.44	66.32	33.72	62.13	39.8	62.98	36.27	58.76	33.82	58.52	27.54	56.44	26.2	52.16	20.69	62.12	42.25	65.2	41.38	55.3	29.85	68.01	30.67	55.05	40.47	75.06	44.94
548	18.267	63.58	29.22	64.05	30.72	64.49	29.11	63.25	37.44	66.32	33.72	62.13	39.8	62.98	36.27	58.76	33.82	58.52	27.54	56.44	26.2	52.16	20.69	62.12	42.25	65.2	41.38	55.3	29.85	68.01	30.67	55.05	40.47	75.06	44.94
549	18.3	63.58	29.22	64.05	30.72	64.49	29.11	63.25	37.44	66.32	33.72	62.13	39.8	62.98	36.27	58.76	33.82	58.52	27.54	56.44	26.2	52.16	20.69	62.12	42.25	65.2	41.38	55.3	29.85	68.01	30.67	55.05	40.47	75.06	44.94
550	18.333	16.74	1.05	16.97	1.53	16.14	0.94	15.32	0.5	12.76	3.62	13.85	2.95	11.08	6.39	18.68	5.24	18.07	9.94	21.72	3.77	25.21	6.18	19.52	3.49	17.59	9.21	28.33	0.77	24.88	6.75	43.98	7.95	36.31	11.17
551	18.367	16.74	1.05	16.97	1.53	16.14	0.94	15.32	0.5	12.76	3.62	13.85	2.95	11.08	6.39	18.68	5.24	18.07	9.94	21.72	3.77	25.21	6.18	19.52	3.49	17.59	9.21	28.33	0.77	24.88	6.75	43.98	7.95	36.31	11.17
552	18.4	16.74	1.05	16.97	1.53	16.14	0.94	15.32	0.5	12.76	3.62	13.85	2.95	11.08	6.39	18.68	5.24	18.07	9.94	21.72	3.77	25.21	6.18	19.52	3.49	17.59	9.21	28.33	0.77	24.88	6.75	43.98	7.95	36.31	11.17
553	18.433	50.55	26.91	51.58	27.4	51.69	25.61	53.84	34.45	55.49	30.03	59.19	41.85	57.17	35.22	59.06	46.03	57.25	32.88	55.02	35.07	50.36	23.05	64.12	47.05	65.34	43.59	55.74	37.22	65.44	33.05	52.0	49.76	70.14	48.58
554	18.467	50.55	26.91	51.58	27.4	51.69	25.61	53.84	34.45	55.49	30.03	59.19	41.85	57.17	35.22	59.06	46.03	57.25	32.88	55.02	35.07	50.36	23.05	64.12	47.05	65.34	43.59	55.74	37.22	65.44	33.05	52.0	49.76	70.14	48.58
555	18.5	50.55	26.91	51.58	27.4	51.69	25.61	53.84	34.45	55.49	30.03	59.19	41.85	57.17	35.22	59.06	46.03	57.25	32.88	55.02	35.07	50.36	23.05	64.12	47.05	65.34	43.59	55.74	37.22	65.44	33.05	52.0	49.76	70.14	48.58
556	18.533	46.25	24.11	46.16	23.88	47.23	22.48	47.0	29.54	51.24	26.48	52.62	41.46	54.55	32.79	54.56	55.07	56.13	41.01	49.63	50.67	50.41	44.83	66.64	46.56	69.41	44.03	65.33	40.71	69.82	36.8	68.97	50.41	74.26	48.85
557	18.567	46.25	24.11	46.16	23.88	47.23	22.48	47.0	29.54	51.24	26.48	52.62	41.46	54.55	32.79	54.56	55.07	56.13	41.01	49.63	50.67	50.41	44.83	66.64	46.56	69.41	44.03	65.33	40.71	69.82	36.8	68.97	50.41	74.26	48.85
558	18.6	46.25	24.11	46.16	23.88	47.23	22.48	47.0	29.54	51.24	26.48	52.62	41.46	54.55	32.79	54.56	55.07	56.13	41.01	49.63	50.67	50.41	44.83	66.64	46.56	69.41	44.03	65.33	40.71	69.82	36.8	68.97	50.41	74.26	48.85
559	18.633	46.7	24.48	46.5	24.33	47.88	22.64	47.07	30.06	52.38	26.15	52.85	42.12	55.84	31.04	54.27	55.23	57.46	34.7	48.85	51.67	49.74	37.98	65.28	46.8	68.91	42.74	63.61	41.56	69.91	36.0	65.42	48.92	74.72	47.18
560	18.667	46.7	24.48	46.5	24.33	47.88	22.64	47.07	30.06	52.38	26.15	52.85	42.12	55.84	31.04	54.27	55.23	57.46	34.7	48.85	51.67	49.74	37.98	65.28	46.8	68.91	42.74	63.61	41.56	69.91	36.0	65.42	48.92	74.72	47.18
561	18.7	46.7	24.48	46.5	24.33	47.88	22.64	47.07	30.06	52.38	26.15	52.85	42.12	55.84	31.04	54.27	55.23	57.46	34.7	48.85	51.67	49.74	37.98	65.28	46.8	68.91	42.74	63.61	41.56	69.91	36.0	65.42	48.92	74.72	47.18
562	18.733	45.13	25.95	44.72	25.05	45.26	24.96	45.54	28.08	47.74	28.56	50.24	38.5	50.36	35.73	52.8	50.52	53.18	46.3	47.79	50.7	48.91	48.15	65.55	43.43	66.83	45.48	70.35	41.49	72.01	43.27	76.15	46.89	77.31	48.52
563	18.767	45.13	25.95	44.72	25.05	45.26	24.96	45.54	28.08	47.74	28.56	50.24	38.5	50.36	35.73	52.8	50.52	53.18	46.3	47.79	50.7	48.91	48.15	65.55	43.43	66.83	45.48	70.35	41.49	72.01	43.27	76.15	46.89	77.31	48.52
564	18.8	45.13	25.95	44.72	25.05	45.26	24.96	45.54	28.08	47.74	28.56	50.24	38.5	50.36	35.73	52.8	50.52	53.18	46.3	47.79	50.7	48.91	48.15	65.55	43.43	66.83	45.48	70.35	41.49	72.01	43.27	76.15	46.89	77.31	48.52
565	18.833	44.66	21.31	44.82	21.38	46.19	19.42	45.31	27.05	50.08	22.36	50.6	37.59	51.42	26.9	52.61	49.03	51.98	27.44	46.89	47.38	45.72	27.05	65.78	40.29	67.84	37.73	67.94	36.64	71.07	34.36	73.21	43.52	76.82	41.99
566	18.867	44.66	21.31	44.82	21.38	46.19	19.42	45.31	27.05	50.08	22.36	50.6	37.59	51.42	26.9	52.61	49.03	51.98	27.44	46.89	47.38	45.72	27.05	65.78	40.29	67.84	37.73	67.94	36.64	71.07	34.36	73.21	43.52	76.82	41.99
567	18.9	44.66	21.31	44.82	21.38	46.19	19.42	45.31	27.05	50.08	22.36	50.6	37.59	51.42	26.9	52.61	49.03	51.98	27.44	46.89	47.38	45.72	27.05	65.78	40.29	67.84	37.73	67.94	36.64	71.07	34.36	73.21	43.52	76.82	41.99
568	18.933	44.78	21.21	44.12	21.11	45.72	20.06	44.44	25.85	49.6	24.13	49.64	36.99	51.62	32.28	52.81	48.5	55.15	42.55	47.17	48.36	49.61	44.81	65.23	40.53	67.85	41.67	70.37	36.38	71.48	38.11	76.85	43.0	78.05	45.69
569	18.967	44.78	21.21	44.12	21.11	45.72	20.06	44.44	25.85	49.6	24.13	49.64	36.99	51.62	32.28	52.81	48.5	55.15	42.55	47.17	48.36	49.61	44.81	65.23	40.53	67.85	41.67	70.37	36.38	71.48	38.11	76.85	43.0	78.05	45.69
570	19.0	44.78	21.21	44.12	21.11	45.72	20.06	44.44	25.85	49.6	24.13	49.64	36.99	51.62	32.28	52.81	48.5	55.15	42.55	47.17	48.36	49.61	44.81	65.23	40.53	67.85	41.67	70.37	36.38	71.48	38.11	76.85	43.0	78.05	45.69
571	19.033	45.01	22.03	44.55	22.08	46.03	20.55	44.8	26.91	49.82	24.13	49.89	38.28	51.8	31.69	53.09	50.98	55.59	41.46	46.72	50.12	49.41	46.01	65.94	41.08	68.76	41.47	70.66	37.29	72.68	38.93	78.47	43.52	80.37	46.24
572	19.067	45.01	22.03	44.55	22.08	46.03	20.55	44.8	26.91	49.82	24.13	49.89	38.28	51.8	31.69	53.09	50.98	55.59	41.46	46.72	50.12	49.41	46.01	65.94	41.08	68.76	41.47	70.66	37.29	72.68	38.93	78.47	43.52	80.37	46.24
573	19.1	45.01	22.03	44.55	22.08	46.03	20.55	44.8	26.91	49.82	24.13	49.89	38.28	51.8	31.69	53.09	50.98	55.59	41.46	46.72	50.12	49.41	46.01	65.94	41.08	68.76	41.47	70.66	37.29	72.68	38.93	78.47	43.52	80.37	46.24
574	19.133	42.79	34.77	41.98	32.79	41.9	34.78	43.48	31.66	43.66	37.23	49.12	37.19	48.78	40.46	51.99	48.05	53.65	51.2	44.51	47.54	47.03	48.36	66.37	37.92	67.55	43.34	70.13	34.78	73.14	41.64	78.66	45.04	80.05	47.39
575	19.167	42.79	34.77	41.98	32.79	41.9	34.78	43.48	31.66	43.66	37.23	49.12	37.19	48.78	40.46	51.99	48.05	53.65	51.2	44.51	47.54	47.03	48.36	66.37	37.92	67.55	43.34	70.13	34.78	73.14	41.64	78.66	45.04	80.05	47.39
576	19.2	42.79	34.77	41.98	32.79	41.9	34.78	43.48	31.66	43.66	37.23	49.12	37.19	48.78	40.46	51.99	48.05	53.65	51.2	44.51	47.54	47.03	48.36	66.37	37.92	67.55	43.34	70.13	34.78	73.14	41.64	78.66	45.04	80.05	47.39
577	19.233	43.93	24.65	43.42	23.47	43.59	24.17	44.79	26.01	46.25	28.59	49.72	35.21	49.74	36.83	52.06	45.82	54.38	50.16	45.43	44.4	47.75	47.16	66.65	38.09	68.11	42.71	71.1	36.91	73.25	42.09	79.76	45.41	81.53	48.19
578	19.267	43.93	24.65	43.42	23.47	43.59	24.17	44.79	26.01	46.25	28.59	49.72	35.21	49.74	36.83	52.06	45.82	54.38	50.16	45.43	44.4	47.75	47.16	66.65	38.09	68.11	42.71	71.1	36.91	73.25	42.09	79.76	45.41	81.53	48.19
579	19.3	43.93	24.65	43.42	23.47	43.59	24.17	44.79	26.01	46.25	28.59	49.72	35.21	49.74	36.83	52.06	45.82	54.38	50.16	45.43	44.4	47.75	47.16	66.65	38.09	68.11	42.71	71.1	36.91	73.25	42.09	79.76	45.41	81.53	48.19
580	19.333	44.68	23.64	44.25	22.57	44.38	23.43	45.77	25.5	47.34	28.77	49.79	32.74	49.7	38.19	53.0	33.07	53.85	50.37	50.21	22.65	48.85	46.05	67.13	37.53	68.63	44.43	71.81	33.71	74.3	41.11	79.93	43.33	82.12	47.64
581	19.367	44.68	23.64	44.25	22.57	44.38	23.43	45.77	25.5	47.34	28.77	49.79	32.74	49.7	38.19	53.0	33.07	53.85	50.37	50.21	22.65	48.85	46.05	67.13	37.53	68.63	44.43	71.81	33.71	74.3	41.11	79.93	43.33	82.12	47.64
582	19.4	44.68	23.64	44.25	22.57	44.38	23.43	45.77	25.5	47.34	28.77	49.79	32.74	49.7	38.19	53.0	33.07	53.85	50.37	50.21	22.65	48.85	46.05	67.13	37.53	68.63	44.43	71.81	33.71	74.3	41.11	79.93	43.33	82.12	47.64
583	19.433	45.23	23.59	45.06	22.65	45.8	22.18	46.41	25.6	49.01	24.96	50.68	36.05	51.68	31.51	51.54	46.85	52.88	40.48	45.17	42.54	47.68	40.64	68.43	38.99	70.25	40.26	72.36	36.43	74.94	38.05	78.24	41.71	79.74	41.46
584	19.467	45.23	23.59	45.06	22.65	45.8	22.18	46.41	25.6	49.01	24.96	50.68	36.05	51.68	31.51	51.54	46.85	52.88	40.48	45.17	42.54	47.68	40.64	68.43	38.99	70.25	40.26	72.36	36.43	74.94	38.05	78.24	41.71	79.74	41.46
585	19.5	45.23	23.59	45.06	22.65	45.8	22.18	46.41	25.6	49.01	24.96	50.68	36.05	51.68	31.51	51.54	46.85	52.88	40.48	45.17	42.54	47.68	40.64	68.43	38.99	70.25	40.26	72.36	36.43	74.94	38.05	78.24	41.71	79.74	41.46
586	19.533	44.98	25.56	44.64	24.25	44.87	25.06	46.41	26.22	47.64	29.14	50.37	32.72	50.09	36.26	53.17	32.13	51.95	46.78	51.29	17.31	49.2	44.09	68.55	37.48	69.74	43.3	73.62	33.51	75.97	39.92	78.68	38.34	80.35	41.29
587	19.567	44.98	25.56	44.64	24.25	44.87	25.06	46.41	26.22	47.64	29.14	50.37	32.72	50.09	36.26	53.17	32.13	51.95	46.78	51.29	17.31	49.2	44.09	68.55	37.48	69.74	43.3	73.62	33.51	75.97	39.92	78.68	38.34	80.35	41.29
588	19.6	44.98	25.56	44.64	24.25	44.87	25.06	46.41	26.22	47.64	29.14	50.37	32.72	50.09	36.26	53.17	32.13	51.95	46.78	51.29	17.31	49.2	44.09	68.55	37.48	69.74	43.3	73.62	33.51	75.97	39.92	78.68	38.34	80.35	41.29
589	19.633	47.38	38.52	46.57	38.15	46.98	39.75	47.43	40.04	48.92	44.91	51.68	39.23	52.36	42.97	51.76	30.91	52.98	41.9	49.44	19.25	47.9	42.69	68.99	36.89	70.62	42.6	73.75	31.32	75.64	38.74	79.21	38.04	80.05	43.34
590	19.667	47.38	38.52	46.57	38.15	46.98	39.75	47.43	40.04	48.92	44.91	51.68	39.23	52.36	42.97	51.76	30.91	52.98	41.9	49.44	19.25	47.9	42.69	68.99	36.89	70.62	42.6	73.75	31.32	75.64	38.74	79.21	38.04	80.05	43.34
591	19.7	47.38	38.52	46.57	38.15	46.98	39.75	47.43	40.04	48.92	44.91	51.68	39.23	52.36	42.97	51.76	30.91	52.98	41.9	49.44	19.25	47.9	42.69	68.99	36.89	70.62	42.6	73.75	31.32	75.64	38.74	79.21	38.04	80.05	43.34
592	19.733	47.75	23.67	47.4	25.79	49.47	23.89	47.25	35.38	54.08	31.52	51.51	40.6	55.2	31.79	51.42	36.58	56.37	20.85	50.13	18.64	49.84	14.67	67.01	40.56	70.56	40.0	71.32	30.94	74.06	31.27	77.6	37.24	81.73	41.96
593	19.767	47.75	23.67	47.4	25.79	49.47	23.89	47.25	35.38	54.08	31.52	51.51	40.6	55.2	31.79	51.42	36.58	56.37	20.85	50.13	18.64	49.84	14.67	67.01	40.56	70.56	40.0	71.32	30.94	74.06	31.27	77.6	37.24	81.73	41.96
594	19.8	47.75	23.67	47.4	25.79	49.47	23.89	47.25	35.38	54.08	31.52	51.51	40.6	55.2	31.79	51.42	36.58	56.37	20.85	50.13	18.64	49.84	14.67	67.01	40.56	70.56	40.0	71.32	30.94	74.06	31.27	77.6	37.24	81.73	41.96
595	19.833	15.9	0.64	15.83	1.53	14.93	0.92	15.65	0.4	13.0	4.76	16.15	3.99	15.21	8.28	20.13	5.83	21.86	11.04	20.1	3.77	23.94	7.53	23.98	4.01	22.48	9.09	29.99	0.92	23.44	7.57	44.9	8.71	29.04	11.38
596	19.867	15.9	0.64	15.83	1.53	14.93	0.92	15.65	0.4	13.0	4.76	16.15	3.99	15.21	8.28	20.13	5.83	21.86	11.04	20.1	3.77	23.94	7.53	23.98	4.01	22.48	9.09	29.99	0.92	23.44	7.57	44.9	8.71	29.04	11.38
597	19.9	15.9	0.64	15.83	1.53	14.93	0.92	15.65	0.4	13.0	4.76	16.15	3.99	15.21	8.28	20.13	5.83	21.86	11.04	20.1	3.77	23.94	7.53	23.98	4.01	22.48	9.09	29.99	0.92	23.44	7.57	44.9	8.71	29.04	11.38
598	19.933	58.7	27.32	58.58	28.46	59.87	27.13	58.04	35.22	62.85	32.27	58.6	40.79	62.97	35.62	55.25	37.94	63.78	28.82	53.42	27.3	58.68	24.67	64.07	40.92	68.17	39.68	63.23	32.58	68.94	32.66	63.98	38.17	72.69	42.52
599	19.967	58.7	27.32	58.58	28.46	59.87	27.13	58.04	35.22	62.85	32.27	58.6	40.79	62.97	35.62	55.25	37.94	63.78	28.82	53.42	27.3	58.68	24.67	64.07	40.92	68.17	39.68	63.23	32.58	68.94	32.66	63.98	38.17	72.69	42.52
600	20.0	58.7	27.32	58.58	28.46	59.87	27.13	58.04	35.22	62.85	32.27	58.6	40.79	62.97	35.62	55.25	37.94	63.78	28.82	53.42	27.3	58.68	24.67	64.07	40.92	68.17	39.68	63.23	32.58	68.94	32.66	63.98	38.17	72.69	42.52
601	20.033	74.07	35.24	73.06	36.22	74.63	36.52	70.48	40.65	75.72	41.76	66.95	38.59	71.16	42.86	59.33	32.74	73.5	43.78	61.64	25.81	79.47	39.17	55.83	35.01	60.33	36.54	57.43	27.46	68.09	30.48	53.77	29.7	72.72	37.28
602	20.067	74.07	35.24	73.06	36.22	74.63	36.52	70.48	40.65	75.72	41.76	66.95	38.59	71.16	42.86	59.33	32.74	73.5	43.78	61.64	25.81	79.47	39.17	55.83	35.01	60.33	36.54	57.43	27.46	68.09	30.48	53.77	29.7	72.72	37.28
603	20.1	74.07	35.24	73.06	36.22	74.63	36.52	70.48	40.65	75.72	41.76	66.95	38.59	71.16	42.86	59.33	32.74	73.5	43.78	61.64	25.81	79.47	39.17	55.83	35.01	60.33	36.54	57.43	27.46	68.09	30.48	53.77	29.7	72.72	37.28
604	20.133	74.41	34.12	73.59	34.9	75.09	35.43	71.66	39.28	76.78	40.67	67.41	37.2	72.13	42.27	58.8	31.96	73.2	44.3	60.66	23.82	76.91	37.3	53.43	33.97	57.75	35.29	55.79	27.17	63.71	30.54	52.89	27.82	65.43	34.93
605	20.167	74.41	34.12	73.59	34.9	75.09	35.43	71.66	39.28	76.78	40.67	67.41	37.2	72.13	42.27	58.8	31.96	73.2	44.3	60.66	23.82	76.91	37.3	53.43	33.97	57.75	35.29	55.79	27.17	63.71	30.54	52.89	27.82	65.43	34.93
606	20.2	74.41	34.12	73.59	34.9	75.09	35.43	71.66	39.28	76.78	40.67	67.41	37.2	72.13	42.27	58.8	31.96	73.2	44.3	60.66	23.82	76.91	37.3	53.43	33.97	57.75	35.29	55.79	27.17	63.71	30.54	52.89	27.82	65.43	34.93
607	20.233	57.69	30.2	58.1	31.96	60.2	29.37	57.16	39.46	62.87	32.53	56.0	46.47	60.63	33.76	50.95	51.46	52.35	23.73	48.47	44.13	39.26	16.9	45.84	35.33	52.23	27.26	44.79	29.38	56.28	22.12	42.81	29.02	58.55	24.39
608	20.267	57.69	30.2	58.1	31.96	60.2	29.37	57.16	39.46	62.87	32.53	56.0	46.47	60.63	33.76	50.95	51.46	52.35	23.73	48.47	44.13	39.26	16.9	45.84	35.33	52.23	27.26	44.79	29.38	56.28	22.12	42.81	29.02	58.55	24.39
609	20.3	57.69	30.2	58.1	31.96	60.2	29.37	57.16	39.46	62.87	32.53	56.0	46.47	60.63	33.76	50.95	51.46	52.35	23.73	48.47	44.13	39.26	16.9	45.84	35.33	52.23	27.26	44.79	29.38	56.28	22.12	42.81	29.02	58.55	24.39
610	20.333	53.84	33.1	53.62	34.78	56.76	32.13	52.01	42.61	61.08	36.0	52.0	50.14	57.5	37.69	47.04	56.39	49.57	30.46	44.27	49.81	36.8	23.26	50.08	43.43	56.35	37.55	49.37	35.76	58.9	29.59	50.73	37.49	66.18	38.06
611	20.367	53.84	33.1	53.62	34.78	56.76	32.13	52.01	42.61	61.08	36.0	52.0	50.14	57.5	37.69	47.04	56.39	49.57	30.46	44.27	49.81	36.8	23.26	50.08	43.43	56.35	37.55	49.37	35.76	58.9	29.59	50.73	37.49	66.18	38.06
612	20.4	53.84	33.1	53.62	34.78	56.76	32.13	52.01	42.61	61.08	36.0	52.0	50.14	57.5	37.69	47.04	56.39	49.57	30.46	44.27	49.81	36.8	23.26	50.08	43.43	56.35	37.55	49.37	35.76	58.9	29.59	50.73	37.49	66.18	38.06
613	20.433	41.87	32.75	41.18	33.87	40.98	32.59	42.03	38.03	42.59	40.44	47.25	41.4	47.13	45.48	50.75	41.8	52.32	49.15	47.37	37.18	46.78	44.9	60.8	43.68	62.08	48.34	62.18	35.15	64.45	39.46	68.4	40.57	69.1	46.07
614	20.467	41.87	32.75	41.18	33.87	40.98	32.59	42.03	38.03	42.59	40.44	47.25	41.4	47.13	45.48	50.75	41.8	52.32	49.15	47.37	37.18	46.78	44.9	60.8	43.68	62.08	48.34	62.18	35.15	64.45	39.46	68.4	40.57	69.1	46.07
615	20.5	41.87	32.75	41.18	33.87	40.98	32.59	42.03	38.03	42.59	40.44	47.25	41.4	47.13	45.48	50.75	41.8	52.32	49.15	47.37	37.18	46.78	44.9	60.8	43.68	62.08	48.34	62.18	35.15	64.45	39.46	68.4	40.57	69.1	46.07
616	20.533	41.87	32.75	41.18	33.87	40.98	32.59	42.03	38.03	42.59	40.44	47.25	41.4	47.13	45.48	50.75	41.8	52.32	49.15	47.37	37.18	46.78	44.9	60.8	43.68	62.08	48.34	62.18	35.15	64.45	39.46	68.4	40.57	69.1	46.07
617	20.567	41.87	32.75	41.18	33.87	40.98	32.59	42.03	38.03	42.59	40.44	47.25	41.4	47.13	45.48	50.75	41.8	52.32	49.15	47.37	37.18	46.78	44.9	60.8	43.68	62.08	48.34	62.18	35.15	64.45	39.46	68.4	40.57	69.1	46.07
618	20.6	41.87	32.75	41.18	33.87	40.98	32.59	42.03	38.03	42.59	40.44	47.25	41.4	47.13	45.48	50.75	41.8	52.32	49.15	47.37	37.18	46.78	44.9	60.8	43.68	62.08	48.34	62.18	35.15	64.45	39.46	68.4	40.57	69.1	46.07
619	20.633	41.87	32.75	41.18	33.87	40.98	32.59	42.03	38.03	42.59	40.44	47.25	41.4	47.13	45.48	50.75	41.8	52.32	49.15	47.37	37.18	46.78	44.9	60.8	43.68	62.08	48.34	62.18	35.15	64.45	39.46	68.4	40.57	69.1	46.07
620	20.667	41.87	32.75	41.18	33.87	40.98	32.59	42.03	38.03	42.59	40.44	47.25	41.4	47.13	45.48	50.75	41.8	52.32	49.15	47.37	37.18	46.78	44.9	60.8	43.68	62.08	48.34	62.18	35.15	64.45	39.46	68.4	40.57	69.1	46.07
621	20.7	41.87	32.75	41.18	33.87	40.98	32.59	42.03	38.03	42.59	40.44	47.25	41.4	47.13	45.48	50.75	41.8	52.32	49.15	47.37	37.18	46.78	44.9	60.8	43.68	62.08	48.34	62.18	35.15	64.45	39.46	68.4	40.57	69.1	46.07
622	20.733	16.04	0.49	15.52	1.53	14.55	0.26	15.43	0.5	12.84	4.1	17.68	3.17	16.32	6.35	21.94	6.88	22.0	10.11	21.44	3.63	21.94	5.84	29.79	3.24	29.47	8.14	33.23	1.37	34.85	6.12	43.46	8.24	42.67	11.21
623	20.767	16.04	0.49	15.52	1.53	14.55	0.26	15.43	0.5	12.84	4.1	17.68	3.17	16.32	6.35	21.94	6.88	22.0	10.11	21.44	3.63	21.94	5.84	29.79	3.24	29.47	8.14	33.23	1.37	34.85	6.12	43.46	8.24	42.67	11.21
624	20.8	16.04	0.49	15.52	1.53	14.55	0.26	15.43	0.5	12.84	4.1	17.68	3.17	16.32	6.35	21.94	6.88	22.0	10.11	21.44	3.63	21.94	5.84	29.79	3.24	29.47	8.14	33.23	1.37	34.85	6.12	43.46	8.24	42.67	11.21
625	20.833	41.87	32.75	41.18	33.87	40.98	32.59	42.03	38.03	42.59	40.44	47.25	41.4	47.13	45.48	50.75	41.8	52.32	49.15	47.37	37.18	46.78	44.9	60.8	43.68	62.08	48.34	62.18	35.15	64.45	39.46	68.4	40.57	69.1	46.07
626	20.867	41.87	32.75	41.18	33.87	40.98	32.59	42.03	38.03	42.59	40.44	47.25	41.4	47.13	45.48	50.75	41.8	52.32	49.15	47.37	37.18	46.78	44.9	60.8	43.68	62.08	48.34	62.18	35.15	64.45	39.46	68.4	40.57	69.1	46.07
627	20.9	41.87	32.75	41.18	33.87	40.98	32.59	42.03	38.03	42.59	40.44	47.25	41.4	47.13	45.48	50.75	41.8	52.32	49.15	47.37	37.18	46.78	44.9	60.8	43.68	62.08	48.34	62.18	35.15	64.45	39.46	68.4	40.57	69.1	46.07
628	20.933	41.87	32.75	41.18	33.87	40.98	32.59	42.03	38.03	42.59	40.44	47.25	41.4	47.13	45.48	50.75	41.8	52.32	49.15	47.37	37.18	46.78	44.9	60.8	43.68	62.08	48.34	62.18	35.15	64.45	39.46	68.4	40.57	69.1	46.07
629	20.967	41.87	32.75	41.18	33.87	40.98	32.59	42.03	38.03	42.59	40.44	47.25	41.4	47.13	45.48	50.75	41.8	52.32	49.15	47.37	37.18	46.78	44.9	60.8	43.68	62.08	48.34	62.18	35.15	64.45	39.46	68.4	40.57	69.1	46.07
630	21.0	41.87	32.75	41.18	33.87	40.98	32.59	42.03	38.03	42.59	40.44	47.25	41.4	47.13	45.48	50.75	41.8	52.32	49.15	47.37	37.18	46.78	44.9	60.8	43.68	62.08	48.34	62.18	35.15	64.45	39.46	68.4	40.57	69.1	46.07
631	21.033	41.87	32.75	41.18	33.87	40.98	32.59	42.03	38.03	42.59	40.44	47.25	41.4	47.13	45.48	50.75	41.8	52.32	49.15	47.37	37.18	46.78	44.9	60.8	43.68	62.08	48.34	62.18	35.15	64.45	39.46	68.4	40.57	69.1	46.07
632	21.067	41.87	32.75	41.18	33.87	40.98	32.59	42.03	38.03	42.59	40.44	47.25	41.4	47.13	45.48	50.75	41.8	52.32	49.15	47.37	37.18	46.78	44.9	60.8	43.68	62.08	48.34	62.18	35.15	64.45	39.46	68.4	40.57	69.1	46.07
633	21.1	41.87	32.75	41.18	33.87	40.98	32.59	42.03	38.03	42.59	40.44	47.25	41.4	47.13	45.48	50.75	41.8	52.32	49.15	47.37	37.18	46.78	44.9	60.8	43.68	62.08	48.34	62.18	35.15	64.45	39.46	68.4	40.57	69.1	46.07
634	21.133	41.53	32.94	41.95	33.57	44.24	31.82	43.17	40.15	49.31	35.64	45.78	49.19	51.52	39.16	43.47	55.36	45.96	31.75	40.32	55.29	37.72	26.97	49.91	38.54	55.87	33.55	43.56	27.34	50.98	23.47	47.9	28.95	52.54	26.6
635	21.167	41.53	32.94	41.95	33.57	44.24	31.82	43.17	40.15	49.31	35.64	45.78	49.19	51.52	39.16	43.47	55.36	45.96	31.75	40.32	55.29	37.72	26.97	49.91	38.54	55.87	33.55	43.56	27.34	50.98	23.47	47.9	28.95	52.54	26.6
636	21.2	41.53	32.94	41.95	33.57	44.24	31.82	43.17	40.15	49.31	35.64	45.78	49.19	51.52	39.16	43.47	55.36	45.96	31.75	40.32	55.29	37.72	26.97	49.91	38.54	55.87	33.55	43.56	27.34	50.98	23.47	47.9	28.95	52.54	26.6
637	21.233	41.87	32.75	41.18	33.87	40.98	32.59	42.03	38.03	42.59	40.44	47.25	41.4	47.13	45.48	50.75	41.8	52.32	49.15	47.37	37.18	46.78	44.9	60.8	43.68	62.08	48.34	62.18	35.15	64.45	39.46	68.4	40.57	69.1	46.07
638	21.267	41.87	32.75	41.18	33.87	40.98	32.59	42.03	38.03	42.59	40.44	47.25	41.4	47.13	45.48	50.75	41.8	52.32	49.15	47.37	37.18	46.78	44.9	60.8	43.68	62.08	48.34	62.18	35.15	64.45	39.46	68.4	40.57	69.1	46.07
639	21.3	41.87	32.75	41.18	33.87	40.98	32.59	42.03	38.03	42.59	40.44	47.25	41.4	47.13	45.48	50.75	41.8	52.32	49.15	47.37	37.18	46.78	44.9	60.8	43.68	62.08	48.34	62.18	35.15	64.45	39.46	68.4	40.57	69.1	46.07
640	21.333	41.87	32.75	41.18	33.87	40.98	32.59	42.03	38.03	42.59	40.44	47.25	41.4	47.13	45.48	50.75	41.8	52.32	49.15	47.37	37.18	46.78	44.9	60.8	43.68	62.08	48.34	62.18	35.15	64.45	39.46	68.4	40.57	69.1	46.07
641	21.367	41.87	32.75	41.18	33.87	40.98	32.59	42.03	38.03	42.59	40.44	47.25	41.4	47.13	45.48	50.75	41.8	52.32	49.15	47.37	37.18	46.78	44.9	60.8	43.68	62.08	48.34	62.18	35.15	64.45	39.46	68.4	40.57	69.1	46.07
642	21.4	41.87	32.75	41.18	33.87	40.98	32.59	42.03	38.03	42.59	40.44	47.25	41.4	47.13	45.48	50.75	41.8	52.32	49.15	47.37	37.18	46.78	44.9	60.8	43.68	62.08	48.34	62.18	35.15	64.45	39.46	68.4	40.57	69.1	46.07
643	21.433	41.87	32.75	41.18	33.87	40.98	32.59	42.03	38.03	42.59	40.44	47.25	41.4	47.13	45.48	50.75	41.8	52.32	49.15	47.37	37.18	46.78	44.9	60.8	43.68	62.08	48.34	62.18	35.15	64.45	39.46	68.4	40.57	69.1	46.07
644	21.467	41.87	32.75	41.18	33.87	40.98	32.59	42.03	38.03	42.59	40.44	47.25	41.4	47.13	45.48	50.75	41.8	52.32	49.15	47.37	37.18	46.78	44.9	60.8	43.68	62.08	48.34	62.18	35.15	64.45	39.46	68.4	40.57	69.1	46.07
645	21.5	41.87	32.75	41.18	33.87	40.98	32.59	42.03	38.03	42.59	40.44	47.25	41.4	47.13	45.48	50.75	41.8	52.32	49.15	47.37	37.18	46.78	44.9	60.8	43.68	62.08	48.34	62.18	35.15	64.45	39.46	68.4	40.57	69.1	46.07
646	21.533	41.87	32.75	41.18	33.87	40.98	32.59	42.03	38.03	42.59	40.44	47.25	41.4	47.13	45.48	50.75	41.8	52.32	49.15	47.37	37.18	46.78	44.9	60.8	43.68	62.08	48.34	62.18	35.15	64.45	39.46	68.4	40.57	69.1	46.07
647	21.567	41.87	32.75	41.18	33.87	40.98	32.59	42.03	38.03	42.59	40.44	47.25	41.4	47.13	45.48	50.75	41.8	52.32	49.15	47.37	37.18	46.78	44.9	60.8	43.68	62.08	48.34	62.18	35.15	64.45	39.46	68.4	40.57	69.1	46.07
648	21.6	41.87	32.75	41.18	33.87	40.98	32.59	42.03	38.03	42.59	40.44	47.25	41.4	47.13	45.48	50.75	41.8	52.32	49.15	47.37	37.18	46.78	44.9	60.8	43.68	62.08	48.34	62.18	35.15	64.45	39.46	68.4	40.57	69.1	46.07
649	21.633	41.87	32.75	41.18	33.87	40.98	32.59	42.03	38.03	42.59	40.44	47.25	41.4	47.13	45.48	50.75	41.8	52.32	49.15	47.37	37.18	46.78	44.9	60.8	43.68	62.08	48.34	62.18	35.15	64.45	39.46	68.4	40.57	69.1	46.07
650	21.667	41.87	32.75	41.18	33.87	40.98	32.59	42.03	38.03	42.59	40.44	47.25	41.4	47.13	45.48	50.75	41.8	52.32	49.15	47.37	37.18	46.78	44.9	60.8	43.68	62.08	48.34	62.18	35.15	64.45	39.46	68.4	40.57	69.1	46.07
651	21.7	41.87	32.75	41.18	33.87	40.98	32.59	42.03	38.03	42.59	40.44	47.25	41.4	47.13	45.48	50.75	41.8	52.32	49.15	47.37	37.18	46.78	44.9	60.8	43.68	62.08	48.34	62.18	35.15	64.45	39.46	68.4	40.57	69.1	46.07
652	21.733	43.64	22.18	43.2	22.96	44.8	21.14	43.12	29.83	48.65	26.3	48.5	40.38	52.87	31.59	47.87	50.99	63.08	34.52	43.37	48.56	58.96	33.53	64.2	39.77	67.27	37.59	67.7	33.85	68.24	32.24	72.27	37.32	73.74	38.26
653	21.767	43.64	22.18	43.2	22.96	44.8	21.14	43.12	29.83	48.65	26.3	48.5	40.38	52.87	31.59	47.87	50.99	63.08	34.52	43.37	48.56	58.96	33.53	64.2	39.77	67.27	37.59	67.7	33.85	68.24	32.24	72.27	37.32	73.74	38.26
654	21.8	43.64	22.18	43.2	22.96	44.8	21.14	43.12	29.83	48.65	26.3	48.5	40.38	52.87	31.59	47.87	50.99	63.08	34.52	43.37	48.56	58.96	33.53	64.2	39.77	67.27	37.59	67.7	33.85	68.24	32.24	72.27	37.32	73.74	38.26
655	21.833	41.73	22.67	41.56	23.1	42.64	21.39	42.36	28.99	46.31	26.04	47.45	40.79	49.86	33.43	47.59	51.91	53.74	39.57	42.73	50.35	44.36	43.4	64.2	41.2	67.14	40.76	67.52	34.6	68.75	34.65	73.41	38.07	74.51	39.85
656	21.867	41.73	22.67	41.56	23.1	42.64	21.39	42.36	28.99	46.31	26.04	47.45	40.79	49.86	33.43	47.59	51.91	53.74	39.57	42.73	50.35	44.36	43.4	64.2	41.2	67.14	40.76	67.52	34.6	68.75	34.65	73.41	38.07	74.51	39.85
657	21.9	41.73	22.67	41.56	23.1	42.64	21.39	42.36	28.99	46.31	26.04	47.45	40.79	49.86	33.43	47.59	51.91	53.74	39.57	42.73	50.35	44.36	43.4	64.2	41.2	67.14	40.76	67.52	34.6	68.75	34.65	73.41	38.07	74.51	39.85
658	21.933	43.56	16.95	42.87	16.81	43.78	16.28	42.61	23.15	46.12	23.09	46.75	37.33	49.8	35.42	47.5	47.9	57.35	45.02	42.49	46.66	48.36	42.79	61.0	39.75	64.22	41.9	65.51	34.04	67.79	36.52	70.58	37.33	73.69	40.98
659	21.967	43.56	16.95	42.87	16.81	43.78	16.28	42.61	23.15	46.12	23.09	46.75	37.33	49.8	35.42	47.5	47.9	57.35	45.02	42.49	46.66	48.36	42.79	61.0	39.75	64.22	41.9	65.51	34.04	67.79	36.52	70.58	37.33	73.69	40.98
660	22.0	43.56	16.95	42.87	16.81	43.78	16.28	42.61	23.15	46.12	23.09	46.75	37.33	49.8	35.42	47.5	47.9	57.35	45.02	42.49	46.66	48.36	42.79	61.0	39.75	64.22	41.9	65.51	34.04	67.79	36.52	70.58	37.33	73.69	40.98
661	22.033	41.64	22.32	41.07	21.63	41.81	21.52	41.19	25.89	43.87	26.97	45.62	35.98	45.24	37.45	48.24	41.26	48.27	47.09	44.82	37.26	43.09	44.88	61.73	38.66	63.12	43.67	67.0	34.13	68.39	39.41	72.87	40.08	74.39	44.94
662	22.067	41.64	22.32	41.07	21.63	41.81	21.52	41.19	25.89	43.87	26.97	45.62	35.98	45.24	37.45	48.24	41.26	48.27	47.09	44.82	37.26	43.09	44.88	61.73	38.66	63.12	43.67	67.0	34.13	68.39	39.41	72.87	40.08	74.39	44.94
663	22.1	41.64	22.32	41.07	21.63	41.81	21.52	41.19	25.89	43.87	26.97	45.62	35.98	45.24	37.45	48.24	41.26	48.27	47.09	44.82	37.26	43.09	44.88	61.73	38.66	63.12	43.67	67.0	34.13	68.39	39.41	72.87	40.08	74.39	44.94
664	22.133	40.79	21.86	40.15	20.86	40.81	20.97	40.47	23.82	43.02	25.37	45.19	33.1	45.08	35.09	47.93	39.81	48.4	46.63	44.13	35.97	44.06	42.71	63.01	37.6	64.45	42.46	66.52	31.13	68.15	36.23	72.4	38.87	74.15	42.15
665	22.167	40.79	21.86	40.15	20.86	40.81	20.97	40.47	23.82	43.02	25.37	45.19	33.1	45.08	35.09	47.93	39.81	48.4	46.63	44.13	35.97	44.06	42.71	63.01	37.6	64.45	42.46	66.52	31.13	68.15	36.23	72.4	38.87	74.15	42.15
666	22.2	40.79	21.86	40.15	20.86	40.81	20.97	40.47	23.82	43.02	25.37	45.19	33.1	45.08	35.09	47.93	39.81	48.4	46.63	44.13	35.97	44.06	42.71	63.01	37.6	64.45	42.46	66.52	31.13	68.15	36.23	72.4	38.87	74.15	42.15
667	22.233	41.87	32.75	41.18	33.87	40.98	32.59	42.03	38.03	42.59	40.44	47.25	41.4	47.13	45.48	50.75	41.8	52.32	49.15	47.37	37.18	46.78	44.9	60.8	43.68	62.08	48.34	62.18	35.15	64.45	39.46	68.4	40.57	69.1	46.07
668	22.267	41.87	32.75	41.18	33.87	40.98	32.59	42.03	38.03	42.59	40.44	47.25	41.4	47.13	45.48	50.75	41.8	52.32	49.15	47.37	37.18	46.78	44.9	60.8	43.68	62.08	48.34	62.18	35.15	64.45	39.46	68.4	40.57	69.1	46.07
669	22.3	41.87	32.75	41.18	33.87	40.98	32.59	42.03	38.03	42.59	40.44	47.25	41.4	47.13	45.48	50.75	41.8	52.32	49.15	47.37	37.18	46.78	44.9	60.8	43.68	62.08	48.34	62.18	35.15	64.45	39.46	68.4	40.57	69.1	46.07
670	22.333	40.08	27.56	39.44	25.12	40.31	27.54	39.74	27.4	42.25	33.53	44.69	36.71	45.85	42.78	47.24	36.98	46.58	48.98	45.92	30.75	39.21	48.15	58.43	36.2	60.57	42.11	61.36	30.1	61.85	37.07	69.39	40.53	64.41	41.85
671	22.367	40.08	27.56	39.44	25.12	40.31	27.54	39.74	27.4	42.25	33.53	44.69	36.71	45.85	42.78	47.24	36.98	46.58	48.98	45.92	30.75	39.21	48.15	58.43	36.2	60.57	42.11	61.36	30.1	61.85	37.07	69.39	40.53	64.41	41.85
672	22.4	40.08	27.56	39.44	25.12	40.31	27.54	39.74	27.4	42.25	33.53	44.69	36.71	45.85	42.78	47.24	36.98	46.58	48.98	45.92	30.75	39.21	48.15	58.43	36.2	60.57	42.11	61.36	30.1	61.85	37.07	69.39	40.53	64.41	41.85
673	22.433	68.06	43.19	70.34	45.22	69.42	40.31	70.24	49.43	67.95	37.27	64.8	48.52	62.54	35.66	64.34	54.9	56.88	32.7	70.79	49.11	53.45	26.86	48.97	44.55	49.08	34.87	44.29	40.38	44.98	30.3	40.92	42.36	40.85	37.85
674	22.467	68.06	43.19	70.34	45.22	69.42	40.31	70.24	49.43	67.95	37.27	64.8	48.52	62.54	35.66	64.34	54.9	56.88	32.7	70.79	49.11	53.45	26.86	48.97	44.55	49.08	34.87	44.29	40.38	44.98	30.3	40.92	42.36	40.85	37.85
675	22.5	68.06	43.19	70.34	45.22	69.42	40.31	70.24	49.43	67.95	37.27	64.8	48.52	62.54	35.66	64.34	54.9	56.88	32.7	70.79	49.11	53.45	26.86	48.97	44.55	49.08	34.87	44.29	40.38	44.98	30.3	40.92	42.36	40.85	37.85
676	22.533	41.87	32.75	41.18	33.87	40.98	32.59	42.03	38.03	42.59	40.44	47.25	41.4	47.13	45.48	50.75	41.8	52.32	49.15	47.37	37.18	46.78	44.9	60.8	43.68	62.08	48.34	62.18	35.15	64.45	39.46	68.4	40.57	69.1	46.07
677	22.567	41.87	32.75	41.18	33.87	40.98	32.59	42.03	38.03	42.59	40.44	47.25	41.4	47.13	45.48	50.75	41.8	52.32	49.15	47.37	37.18	46.78	44.9	60.8	43.68	62.08	48.34	62.18	35.15	64.45	39.46	68.4	40.57	69.1	46.07
678	22.6	41.87	32.75	41.18	33.87	40.98	32.59	42.03	38.03	42.59	40.44	47.25	41.4	47.13	45.48	50.75	41.8	52.32	49.15	47.37	37.18	46.78	44.9	60.8	43.68	62.08	48.34	62.18	35.15	64.45	39.46	68.4	40.57	69.1	46.07
679	22.633	37.09	24.27	36.66	23.17	37.1	23.85	38.12	26.7	39.65	29.33	44.02	35.28	42.4	37.72	48.56	40.12	46.94	47.35	45.24	28.95	41.41	44.08	58.82	36.7	59.22	41.23	61.36	27.43	62.71	33.48	65.22	34.97	66.9	39.79
680	22.667	37.09	24.27	36.66	23.17	37.1	23.85	38.12	26.7	39.65	29.33	44.02	35.28	42.4	37.72	48.56	40.12	46.94	47.35	45.24	28.95	41.41	44.08	58.82	36.7	59.22	41.23	61.36	27.43	62.71	33.48	65.22	34.97	66.9	39.79
681	22.7	37.09	24.27	36.66	23.17	37.1	23.85	38.12	26.7	39.65	29.33	44.02	35.28	42.4	37.72	48.56	40.12	46.94	47.35	45.24	28.95	41.41	44.08	58.82	36.7	59.22	41.23	61.36	27.43	62.71	33.48	65.22	34.97	66.9	39.79
682	22.733	40.96	20.66	40.71	21.08	41.49	19.46	40.85	26.04	43.56	23.27	45.23	35.07	44.92	29.22	48.05	44.38	47.63	32.77	44.16	38.59	43.46	31.13	58.79	35.2	59.97	35.51	62.57	26.67	62.66	27.68	67.95	36.43	67.16	39.28
683	22.767	40.96	20.66	40.71	21.08	41.49	19.46	40.85	26.04	43.56	23.27	45.23	35.07	44.92	29.22	48.05	44.38	47.63	32.77	44.16	38.59	43.46	31.13	58.79	35.2	59.97	35.51	62.57	26.67	62.66	27.68	67.95	36.43	67.16	39.28
684	22.8	40.96	20.66	40.71	21.08	41.49	19.46	40.85	26.04	43.56	23.27	45.23	35.07	44.92	29.22	48.05	44.38	47.63	32.77	44.16	38.59	43.46	31.13	58.79	35.2	59.97	35.51	62.57	26.67	62.66	27.68	67.95	36.43	67.16	39.28
685	22.833	44.38	22.04	43.81	20.31	43.15	22.67	44.5	22.27	43.71	29.17	47.4	26.35	45.26	37.9	50.41	20.04	48.16	48.34	50.1	8.91	47.45	40.61	60.7	31.28	60.19	40.21	65.07	22.13	63.23	32.06	73.0	37.42	67.72	43.67
686	22.867	44.38	22.04	43.81	20.31	43.15	22.67	44.5	22.27	43.71	29.17	47.4	26.35	45.26	37.9	50.41	20.04	48.16	48.34	50.1	8.91	47.45	40.61	60.7	31.28	60.19	40.21	65.07	22.13	63.23	32.06	73.0	37.42	67.72	43.67
687	22.9	44.38	22.04	43.81	20.31	43.15	22.67	44.5	22.27	43.71	29.17	47.4	26.35	45.26	37.9	50.41	20.04	48.16	48.34	50.1	8.91	47.45	40.61	60.7	31.28	60.19	40.21	65.07	22.13	63.23	32.06	73.0	37.42	67.72	43.67
688	22.933	41.88	18.31	41.18	16.66	41.19	18.42	41.64	19.01	43.04	24.62	45.29	25.22	44.07	34.84	49.36	19.02	47.11	43.62	49.95	7.36	44.7	37.39	61.32	29.52	62.37	38.58	65.22	20.87	67.18	31.76	74.33	31.02	75.74	39.01
689	22.967	41.88	18.31	41.18	16.66	41.19	18.42	41.64	19.01	43.04	24.62	45.29	25.22	44.07	34.84	49.36	19.02	47.11	43.62	49.95	7.36	44.7	37.39	61.32	29.52	62.37	38.58	65.22	20.87	67.18	31.76	74.33	31.02	75.74	39.01
690	23.0	41.88	18.31	41.18	16.66	41.19	18.42	41.64	19.01	43.04	24.62	45.29	25.22	44.07	34.84	49.36	19.02	47.11	43.62	49.95	7.36	44.7	37.39	61.32	29.52	62.37	38.58	65.22	20.87	67.18	31.76	74.33	31.02	75.74	39.01
691	23.033	41.44	25.74	41.65	24.06	41.38	24.69	44.39	26.44	44.49	28.16	49.4	35.94	48.77	34.15	50.49	46.14	50.54	43.98	45.38	33.19	46.76	39.96	64.14	36.17	64.78	38.2	66.58	31.2	67.43	34.65	75.01	39.57	72.32	40.65
692	23.067	41.44	25.74	41.65	24.06	41.38	24.69	44.39	26.44	44.49	28.16	49.4	35.94	48.77	34.15	50.49	46.14	50.54	43.98	45.38	33.19	46.76	39.96	64.14	36.17	64.78	38.2	66.58	31.2	67.43	34.65	75.01	39.57	72.32	40.65
693	23.1	41.44	25.74	41.65	24.06	41.38	24.69	44.39	26.44	44.49	28.16	49.4	35.94	48.77	34.15	50.49	46.14	50.54	43.98	45.38	33.19	46.76	39.96	64.14	36.17	64.78	38.2	66.58	31.2	67.43	34.65	75.01	39.57	72.32	40.65
694	23.133	39.36	28.54	39.89	26.41	38.4	28.35	44.23	28.24	41.21	33.59	49.23	34.97	48.0	39.06	50.5	34.79	52.72	45.36	45.49	19.73	46.28	42.38	65.73	34.62	66.05	39.9	66.31	27.16	68.64	34.59	74.69	38.01	72.72	41.6
695	23.167	39.36	28.54	39.89	26.41	38.4	28.35	44.23	28.24	41.21	33.59	49.23	34.97	48.0	39.06	50.5	34.79	52.72	45.36	45.49	19.73	46.28	42.38	65.73	34.62	66.05	39.9	66.31	27.16	68.64	34.59	74.69	38.01	72.72	41.6
696	23.2	39.36	28.54	39.89	26.41	38.4	28.35	44.23	28.24	41.21	33.59	49.23	34.97	48.0	39.06	50.5	34.79	52.72	45.36	45.49	19.73	46.28	42.38	65.73	34.62	66.05	39.9	66.31	27.16	68.64	34.59	74.69	38.01	72.72	41.6
697	23.233	43.99	26.28	44.47	24.4	43.38	26.18	47.94	26.53	46.09	31.08	52.45	32.87	51.44	37.81	54.29	34.57	54.88	46.68	50.43	21.45	50.09	40.93	67.44	34.41	67.92	39.72	69.32	27.9	70.94	34.99	78.57	40.61	75.84	42.46
698	23.267	43.99	26.28	44.47	24.4	43.38	26.18	47.94	26.53	46.09	31.08	52.45	32.87	51.44	37.81	54.29	34.57	54.88	46.68	50.43	21.45	50.09	40.93	67.44	34.41	67.92	39.72	69.32	27.9	70.94	34.99	78.57	40.61	75.84	42.46
699	23.3	43.99	26.28	44.47	24.4	43.38	26.18	47.94	26.53	46.09	31.08	52.45	32.87	51.44	37.81	54.29	34.57	54.88	46.68	50.43	21.45	50.09	40.93	67.44	34.41	67.92	39.72	69.32	27.9	70.94	34.99	78.57	40.61	75.84	42.46
700	23.333	44.56	26.39	44.82	24.85	44.28	26.06	47.85	26.97	47.41	30.31	52.83	33.88	53.69	37.01	55.76	37.66	61.33	45.46	53.29	27.44	62.5	44.81	66.36	35.03	68.17	38.87	67.6	28.06	70.79	33.74	75.77	40.69	75.96	41.55
701	23.367	44.56	26.39	44.82	24.85	44.28	26.06	47.85	26.97	47.41	30.31	52.83	33.88	53.69	37.01	55.76	37.66	61.33	45.46	53.29	27.44	62.5	44.81	66.36	35.03	68.17	38.87	67.6	28.06	70.79	33.74	75.77	40.69	75.96	41.55
702	23.4	44.56	26.39	44.82	24.85	44.28	26.06	47.85	26.97	47.41	30.31	52.83	33.88	53.69	37.01	55.76	37.66	61.33	45.46	53.29	27.44	62.5	44.81	66.36	35.03	68.17	38.87	67.6	28.06	70.79	33.74	75.77	40.69	75.96	41.55
703	23.433	41.87	32.75	41.18	33.87	40.98	32.59	42.03	38.03	42.59	40.44	47.25	41.4	47.13	45.48	50.75	41.8	52.32	49.15	47.37	37.18	46.78	44.9	60.8	43.68	62.08	48.34	62.18	35.15	64.45	39.46	68.4	40.57	69.1	46.07
704	23.467	41.87	32.75	41.18	33.87	40.98	32.59	42.03	38.03	42.59	40.44	47.25	41.4	47.13	45.48	50.75	41.8	52.32	49.15	47.37	37.18	46.78	44.9	60.8	43.68	62.08	48.34	62.18	35.15	64.45	39.46	68.4	40.57	69.1	46.07
705	23.5	41.87	32.75	41.18	33.87	40.98	32.59	42.03	38.03	42.59	40.44	47.25	41.4	47.13	45.48	50.75	41.8	52.32	49.15	47.37	37.18	46.78	44.9	60.8	43.68	62.08	48.34	62.18	35.15	64.45	39.46	68.4	40.57	69.1	46.07
706	23.533	44.37	33.5	44.85	31.55	44.0	33.18	48.48	33.51	47.22	37.62	53.91	40.49	52.06	44.49	57.66	42.27	53.69	52.98	62.2	29.27	48.18	49.51	66.62	42.68	67.2	46.74	65.94	32.13	67.73	38.25	73.09	44.95	72.31	45.8
707	23.567	44.37	33.5	44.85	31.55	44.0	33.18	48.48	33.51	47.22	37.62	53.91	40.49	52.06	44.49	57.66	42.27	53.69	52.98	62.2	29.27	48.18	49.51	66.62	42.68	67.2	46.74	65.94	32.13	67.73	38.25	73.09	44.95	72.31	45.8
708	23.6	44.37	33.5	44.85	31.55	44.0	33.18	48.48	33.51	47.22	37.62	53.91	40.49	52.06	44.49	57.66	42.27	53.69	52.98	62.2	29.27	48.18	49.51	66.62	42.68	67.2	46.74	65.94	32.13	67.73	38.25	73.09	44.95	72.31	45.8
709	23.633	45.44	33.65	45.66	32.32	45.48	32.82	47.94	35.24	48.41	36.71	52.93	43.5	53.02	43.28	53.55	52.07	56.7	51.78	50.21	43.37	52.11	48.39	67.25	43.97	68.45	46.38	68.89	35.44	70.06	39.66	75.04	47.96	74.23	49.44
710	23.667	45.44	33.65	45.66	32.32	45.48	32.82	47.94	35.24	48.41	36.71	52.93	43.5	53.02	43.28	53.55	52.07	56.7	51.78	50.21	43.37	52.11	48.39	67.25	43.97	68.45	46.38	68.89	35.44	70.06	39.66	75.04	47.96	74.23	49.44
711	23.7	45.44	33.65	45.66	32.32	45.48	32.82	47.94	35.24	48.41	36.71	52.93	43.5	53.02	43.28	53.55	52.07	56.7	51.78	50.21	43.37	52.11	48.39	67.25	43.97	68.45	46.38	68.89	35.44	70.06	39.66	75.04	47.96	74.23	49.44
712	23.733	37.13	33.83	35.02	31.2	34.85	37.69	37.64	32.59	38.73	49.4	47.69	36.49	49.37	53.99	50.96	22.47	57.39	58.66	49.5	15.9	51.68	55.43	67.33	40.29	70.03	52.8	71.03	32.12	72.61	45.46	80.47	47.08	79.99	53.94
713	23.767	37.13	33.83	35.02	31.2	34.85	37.69	37.64	32.59	38.73	49.4	47.69	36.49	49.37	53.99	50.96	22.47	57.39	58.66	49.5	15.9	51.68	55.43	67.33	40.29	70.03	52.8	71.03	32.12	72.61	45.46	80.47	47.08	79.99	53.94
714	23.8	37.13	33.83	35.02	31.2	34.85	37.69	37.64	32.59	38.73	49.4	47.69	36.49	49.37	53.99	50.96	22.47	57.39	58.66	49.5	15.9	51.68	55.43	67.33	40.29	70.03	52.8	71.03	32.12	72.61	45.46	80.47	47.08	79.99	53.94
715	23.833	31.77	10.69	30.06	8.52	30.7	11.79	32.25	13.16	34.44	22.46	45.78	27.8	45.59	34.29	58.08	35.18	56.63	48.5	60.8	30.18	51.03	47.85	64.22	32.81	66.16	38.84	65.9	28.16	65.76	33.84	73.09	43.89	71.26	45.71
716	23.867	31.77	10.69	30.06	8.52	30.7	11.79	32.25	13.16	34.44	22.46	45.78	27.8	45.59	34.29	58.08	35.18	56.63	48.5	60.8	30.18	51.03	47.85	64.22	32.81	66.16	38.84	65.9	28.16	65.76	33.84	73.09	43.89	71.26	45.71
717	23.9	31.77	10.69	30.06	8.52	30.7	11.79	32.25	13.16	34.44	22.46	45.78	27.8	45.59	34.29	58.08	35.18	56.63	48.5	60.8	30.18	51.03	47.85	64.22	32.81	66.16	38.84	65.9	28.16	65.76	33.84	73.09	43.89	71.26	45.71
718	23.933	33.9	24.58	33.08	21.39	31.92	26.37	36.6	21.53	34.59	34.65	43.63	25.22	43.33	39.76	47.09	12.59	49.35	42.86	46.1	8.48	47.45	39.18	62.85	24.82	63.97	35.85	64.22	16.27	66.56	27.72	74.67	33.88	71.42	39.14
719	23.967	33.9	24.58	33.08	21.39	31.92	26.37	36.6	21.53	34.59	34.65	43.63	25.22	43.33	39.76	47.09	12.59	49.35	42.86	46.1	8.48	47.45	39.18	62.85	24.82	63.97	35.85	64.22	16.27	66.56	27.72	74.67	33.88	71.42	39.14
720	24.0	33.9	24.58	33.08	21.39	31.92	26.37	36.6	21.53	34.59	34.65	43.63	25.22	43.33	39.76	47.09	12.59	49.35	42.86	46.1	8.48	47.45	39.18	62.85	24.82	63.97	35.85	64.22	16.27	66.56	27.72	74.67	33.88	71.42	39.14
721	24.033	36.82	23.03	36.68	20.45	34.84	24.53	41.01	21.99	37.6	32.72	47.76	26.54	44.61	35.6	49.61	12.34	45.93	28.55	46.86	5.39	40.43	22.71	64.22	26.4	63.41	34.42	65.15	14.81	66.6	25.35	75.87	29.95	72.47	37.11
722	24.067	36.82	23.03	36.68	20.45	34.84	24.53	41.01	21.99	37.6	32.72	47.76	26.54	44.61	35.6	49.61	12.34	45.93	28.55	46.86	5.39	40.43	22.71	64.22	26.4	63.41	34.42	65.15	14.81	66.6	25.35	75.87	29.95	72.47	37.11
723	24.1	36.82	23.03	36.68	20.45	34.84	24.53	41.01	21.99	37.6	32.72	47.76	26.54	44.61	35.6	49.61	12.34	45.93	28.55	46.86	5.39	40.43	22.71	64.22	26.4	63.41	34.42	65.15	14.81	66.6	25.35	75.87	29.95	72.47	37.11
724	24.133	41.5	25.7	41.62	22.99	39.53	26.94	45.81	23.58	41.51	33.87	50.73	26.23	48.11	39.33	53.95	16.47	52.06	44.58	54.07	7.5	49.61	40.86	64.31	28.85	63.7	38.01	63.89	19.76	64.99	31.94	72.0	34.33	67.97	40.88
725	24.167	41.5	25.7	41.62	22.99	39.53	26.94	45.81	23.58	41.51	33.87	50.73	26.23	48.11	39.33	53.95	16.47	52.06	44.58	54.07	7.5	49.61	40.86	64.31	28.85	63.7	38.01	63.89	19.76	64.99	31.94	72.0	34.33	67.97	40.88
726	24.2	41.5	25.7	41.62	22.99	39.53	26.94	45.81	23.58	41.51	33.87	50.73	26.23	48.11	39.33	53.95	16.47	52.06	44.58	54.07	7.5	49.61	40.86	64.31	28.85	63.7	38.01	63.89	19.76	64.99	31.94	72.0	34.33	67.97	40.88
727	24.233	35.73	25.45	34.75	22.48	33.73	27.29	36.23	23.38	34.5	36.42	40.98	26.44	40.82	43.76	46.98	14.29	48.46	50.2	50.42	6.19	48.75	48.24	59.55	29.7	61.24	43.15	59.78	12.61	64.66	30.38	69.42	23.53	70.78	36.63
728	24.267	35.73	25.45	34.75	22.48	33.73	27.29	36.23	23.38	34.5	36.42	40.98	26.44	40.82	43.76	46.98	14.29	48.46	50.2	50.42	6.19	48.75	48.24	59.55	29.7	61.24	43.15	59.78	12.61	64.66	30.38	69.42	23.53	70.78	36.63
729	24.3	35.73	25.45	34.75	22.48	33.73	27.29	36.23	23.38	34.5	36.42	40.98	26.44	40.82	43.76	46.98	14.29	48.46	50.2	50.42	6.19	48.75	48.24	59.55	29.7	61.24	43.15	59.78	12.61	64.66	30.38	69.42	23.53	70.78	36.63
730	24.333	39.31	26.87	39.04	24.69	37.01	27.91	41.18	26.7	37.05	35.84	46.13	30.5	42.26	39.19	49.57	21.02	45.65	34.58	47.93	12.03	46.06	26.79	62.65	32.28	61.74	40.6	61.8	16.85	65.53	29.38	71.12	24.91	71.28	36.1
731	24.367	39.31	26.87	39.04	24.69	37.01	27.91	41.18	26.7	37.05	35.84	46.13	30.5	42.26	39.19	49.57	21.02	45.65	34.58	47.93	12.03	46.06	26.79	62.65	32.28	61.74	40.6	61.8	16.85	65.53	29.38	71.12	24.91	71.28	36.1
732	24.4	39.31	26.87	39.04	24.69	37.01	27.91	41.18	26.7	37.05	35.84	46.13	30.5	42.26	39.19	49.57	21.02	45.65	34.58	47.93	12.03	46.06	26.79	62.65	32.28	61.74	40.6	61.8	16.85	65.53	29.38	71.12	24.91	71.28	36.1
733	24.433	42.34	26.71	42.17	24.26	40.05	28.05	45.02	26.06	41.07	36.52	48.68	29.8	46.26	43.05	51.64	17.48	48.61	44.29	53.51	9.07	44.61	39.65	64.29	32.49	64.2	42.83	65.75	20.07	67.5	34.42	75.46	29.99	72.31	41.11
734	24.467	42.34	26.71	42.17	24.26	40.05	28.05	45.02	26.06	41.07	36.52	48.68	29.8	46.26	43.05	51.64	17.48	48.61	44.29	53.51	9.07	44.61	39.65	64.29	32.49	64.2	42.83	65.75	20.07	67.5	34.42	75.46	29.99	72.31	41.11
735	24.5	42.34	26.71	42.17	24.26	40.05	28.05	45.02	26.06	41.07	36.52	48.68	29.8	46.26	43.05	51.64	17.48	48.61	44.29	53.51	9.07	44.61	39.65	64.29	32.49	64.2	42.83	65.75	20.07	67.5	34.42	75.46	29.99	72.31	41.11
736	24.533	39.83	27.55	39.72	24.61	37.46	28.59	42.15	25.24	37.54	36.47	45.5	29.03	42.84	44.2	47.0	13.43	45.27	46.78	47.39	6.07	40.73	42.31	64.15	31.78	63.92	43.69	68.44	22.92	69.36	36.57	78.79	36.83	73.27	44.32
737	24.567	39.83	27.55	39.72	24.61	37.46	28.59	42.15	25.24	37.54	36.47	45.5	29.03	42.84	44.2	47.0	13.43	45.27	46.78	47.39	6.07	40.73	42.31	64.15	31.78	63.92	43.69	68.44	22.92	69.36	36.57	78.79	36.83	73.27	44.32
738	24.6	39.83	27.55	39.72	24.61	37.46	28.59	42.15	25.24	37.54	36.47	45.5	29.03	42.84	44.2	47.0	13.43	45.27	46.78	47.39	6.07	40.73	42.31	64.15	31.78	63.92	43.69	68.44	22.92	69.36	36.57	78.79	36.83	73.27	44.32
739	24.633	41.21	26.42	41.27	23.87	39.08	27.62	43.57	24.96	39.24	34.97	46.98	27.4	44.0	40.16	42.93	13.68	43.06	42.93	39.72	3.2	37.18	37.78	61.04	29.0	60.35	38.09	61.19	24.37	62.2	34.22	68.58	40.47	64.1	44.21
740	24.667	41.21	26.42	41.27	23.87	39.08	27.62	43.57	24.96	39.24	34.97	46.98	27.4	44.0	40.16	42.93	13.68	43.06	42.93	39.72	3.2	37.18	37.78	61.04	29.0	60.35	38.09	61.19	24.37	62.2	34.22	68.58	40.47	64.1	44.21
741	24.7	41.21	26.42	41.27	23.87	39.08	27.62	43.57	24.96	39.24	34.97	46.98	27.4	44.0	40.16	42.93	13.68	43.06	42.93	39.72	3.2	37.18	37.78	61.04	29.0	60.35	38.09	61.19	24.37	62.2	34.22	68.58	40.47	64.1	44.21
742	24.733	41.87	32.75	41.18	33.87	40.98	32.59	42.03	38.03	42.59	40.44	47.25	41.4	47.13	45.48	50.75	41.8	52.32	49.15	47.37	37.18	46.78	44.9	60.8	43.68	62.08	48.34	62.18	35.15	64.45	39.46	68.4	40.57	69.1	46.07
743	24.767	41.87	32.75	41.18	33.87	40.98	32.59	42.03	38.03	42.59	40.44	47.25	41.4	47.13	45.48	50.75	41.8	52.32	49.15	47.37	37.18	46.78	44.9	60.8	43.68	62.08	48.34	62.18	35.15	64.45	39.46	68.4	40.57	69.1	46.07
744	24.8	41.87	32.75	41.18	33.87	40.98	32.59	42.03	38.03	42.59	40.44	47.25	41.4	47.13	45.48	50.75	41.8	52.32	49.15	47.37	37.18	46.78	44.9	60.8	43.68	62.08	48.34	62.18	35.15	64.45	39.46	68.4	40.57	69.1	46.07
745	24.833	43.76	27.48	44.43	24.38	41.32	28.68	49.27	24.75	42.74	35.78	53.98	29.73	50.32	44.12	55.12	18.81	54.43	49.63	55.18	7.86	47.06	44.29	66.74	33.64	65.83	42.71	66.67	24.4	68.01	35.32	74.32	38.68	69.9	40.88
746	24.867	43.76	27.48	44.43	24.38	41.32	28.68	49.27	24.75	42.74	35.78	53.98	29.73	50.32	44.12	55.12	18.81	54.43	49.63	55.18	7.86	47.06	44.29	66.74	33.64	65.83	42.71	66.67	24.4	68.01	35.32	74.32	38.68	69.9	40.88
747	24.9	43.76	27.48	44.43	24.38	41.32	28.68	49.27	24.75	42.74	35.78	53.98	29.73	50.32	44.12	55.12	18.81	54.43	49.63	55.18	7.86	47.06	44.29	66.74	33.64	65.83	42.71	66.67	24.4	68.01	35.32	74.32	38.68	69.9	40.88
748	24.933	45.17	27.95	45.78	24.67	42.84	28.58	50.42	24.78	43.59	34.65	55.59	29.88	49.58	41.42	59.48	28.38	52.52	51.68	56.06	16.5	47.96	42.63	69.41	35.2	66.53	43.6	73.71	28.95	72.03	39.63	82.07	42.35	75.05	46.03
749	24.967	45.17	27.95	45.78	24.67	42.84	28.58	50.42	24.78	43.59	34.65	55.59	29.88	49.58	41.42	59.48	28.38	52.52	51.68	56.06	16.5	47.96	42.63	69.41	35.2	66.53	43.6	73.71	28.95	72.03	39.63	82.07	42.35	75.05	46.03
750	25.0	45.17	27.95	45.78	24.67	42.84	28.58	50.42	24.78	43.59	34.65	55.59	29.88	49.58	41.42	59.48	28.38	52.52	51.68	56.06	16.5	47.96	42.63	69.41	35.2	66.53	43.6	73.71	28.95	72.03	39.63	82.07	42.35	75.05	46.03
751	25.033	41.28	26.17	40.79	24.25	40.4	27.0	44.51	26.48	44.43	34.38	51.32	33.77	53.66	42.24	53.24	28.99	61.66	49.51	52.67	13.04	55.12	46.68	66.67	34.2	69.36	40.62	69.72	27.04	71.42	34.29	75.92	37.42	73.18	39.24
752	25.067	41.28	26.17	40.79	24.25	40.4	27.0	44.51	26.48	44.43	34.38	51.32	33.77	53.66	42.24	53.24	28.99	61.66	49.51	52.67	13.04	55.12	46.68	66.67	34.2	69.36	40.62	69.72	27.04	71.42	34.29	75.92	37.42	73.18	39.24
753	25.1	41.28	26.17	40.79	24.25	40.4	27.0	44.51	26.48	44.43	34.38	51.32	33.77	53.66	42.24	53.24	28.99	61.66	49.51	52.67	13.04	55.12	46.68	66.67	34.2	69.36	40.62	69.72	27.04	71.42	34.29	75.92	37.42	73.18	39.24
754	25.133	39.38	18.25	37.74	17.46	40.17	18.84	39.94	23.01	46.89	27.73	49.12	34.77	54.58	37.22	53.9	32.65	65.42	44.59	52.69	14.22	61.08	43.24	67.21	34.15	71.74	38.37	73.12	27.74	74.08	32.02	78.15	34.42	78.79	37.58
755	25.167	39.38	18.25	37.74	17.46	40.17	18.84	39.94	23.01	46.89	27.73	49.12	34.77	54.58	37.22	53.9	32.65	65.42	44.59	52.69	14.22	61.08	43.24	67.21	34.15	71.74	38.37	73.12	27.74	74.08	32.02	78.15	34.42	78.79	37.58
756	25.2	39.38	18.25	37.74	17.46	40.17	18.84	39.94	23.01	46.89	27.73	49.12	34.77	54.58	37.22	53.9	32.65	65.42	44.59	52.69	14.22	61.08	43.24	67.21	34.15	71.74	38.37	73.12	27.74	74.08	32.02	78.15	34.42	78.79	37.58
757	25.233	45.35	19.89	44.18	19.69	46.16	19.5	44.61	25.41	50.68	25.88	50.31	37.48	55.8	35.61	54.12	47.71	67.21	47.68	50.42	40.45	72.32	47.41	64.33	39.63	68.67	41.36	69.28	33.36	70.68	35.89	76.07	37.96	75.42	40.87
758	25.267	45.35	19.89	44.18	19.69	46.16	19.5	44.61	25.41	50.68	25.88	50.31	37.48	55.8	35.61	54.12	47.71	67.21	47.68	50.42	40.45	72.32	47.41	64.33	39.63	68.67	41.36	69.28	33.36	70.68	35.89	76.07	37.96	75.42	40.87
759	25.3	45.35	19.89	44.18	19.69	46.16	19.5	44.61	25.41	50.68	25.88	50.31	37.48	55.8	35.61	54.12	47.71	67.21	47.68	50.42	40.45	72.32	47.41	64.33	39.63	68.67	41.36	69.28	33.36	70.68	35.89	76.07	37.96	75.42	40.87
760	25.333	44.4	18.71	43.24	18.73	45.61	17.99	43.46	25.46	51.09	24.5	50.01	39.16	55.83	33.49	52.1	48.58	63.63	40.44	46.96	37.62	61.14	38.19	63.45	39.91	68.25	39.1	67.58	34.11	68.99	33.36	74.13	36.96	75.18	38.6
761	25.367	44.4	18.71	43.24	18.73	45.61	17.99	43.46	25.46	51.09	24.5	50.01	39.16	55.83	33.49	52.1	48.58	63.63	40.44	46.96	37.62	61.14	38.19	63.45	39.91	68.25	39.1	67.58	34.11	68.99	33.36	74.13	36.96	75.18	38.6
762	25.4	44.4	18.71	43.24	18.73	45.61	17.99	43.46	25.46	51.09	24.5	50.01	39.16	55.83	33.49	52.1	48.58	63.63	40.44	46.96	37.62	61.14	38.19	63.45	39.91	68.25	39.1	67.58	34.11	68.99	33.36	74.13	36.96	75.18	38.6
763	25.433	43.14	20.42	42.42	20.37	44.22	19.71	42.95	27.12	49.39	26.11	49.37	40.65	53.57	34.71	50.78	50.73	59.45	42.52	45.43	44.1	52.92	44.4	63.11	41.27	66.99	40.66	66.45	33.07	67.46	32.63	74.94	38.25	75.35	39.86
764	25.467	43.14	20.42	42.42	20.37	44.22	19.71	42.95	27.12	49.39	26.11	49.37	40.65	53.57	34.71	50.78	50.73	59.45	42.52	45.43	44.1	52.92	44.4	63.11	41.27	66.99	40.66	66.45	33.07	67.46	32.63	74.94	38.25	75.35	39.86
765	25.5	43.14	20.42	42.42	20.37	44.22	19.71	42.95	27.12	49.39	26.11	49.37	40.65	53.57	34.71	50.78	50.73	59.45	42.52	45.43	44.1	52.92	44.4	63.11	41.27	66.99	40.66	66.45	33.07	67.46	32.63	74.94	38.25	75.35	39.86
766	25.533	42.47	21.82	41.79	21.47	43.52	21.07	42.48	27.14	48.72	26.58	48.81	39.67	52.98	34.4	50.88	50.89	58.71	42.49	45.56	46.6	52.57	43.77	62.43	40.82	66.28	40.5	65.79	31.4	66.87	31.86	74.36	38.01	74.48	39.47
767	25.567	42.47	21.82	41.79	21.47	43.52	21.07	42.48	27.14	48.72	26.58	48.81	39.67	52.98	34.4	50.88	50.89	58.71	42.49	45.56	46.6	52.57	43.77	62.43	40.82	66.28	40.5	65.79	31.4	66.87	31.86	74.36	38.01	74.48	39.47
768	25.6	42.47	21.82	41.79	21.47	43.52	21.07	42.48	27.14	48.72	26.58	48.81	39.67	52.98	34.4	50.88	50.89	58.71	42.49	45.56	46.6	52.57	43.77	62.43	40.82	66.28	40.5	65.79	31.4	66.87	31.86	74.36	38.01	74.48	39.47
769	25.633	42.98	23.39	42.4	23.22	44.02	22.36	43.11	28.3	48.29	26.92	48.36	40.11	51.83	35.41	51.67	52.84	57.99	45.26	44.51	51.43	51.96	46.53	62.56	40.24	66.27	41.17	68.7	35.04	70.28	37.42	77.28	40.29	77.29	42.59
770	25.667	42.98	23.39	42.4	23.22	44.02	22.36	43.11	28.3	48.29	26.92	48.36	40.11	51.83	35.41	51.67	52.84	57.99	45.26	44.51	51.43	51.96	46.53	62.56	40.24	66.27	41.17	68.7	35.04	70.28	37.42	77.28	40.29	77.29	42.59
771	25.7	42.98	23.39	42.4	23.22	44.02	22.36	43.11	28.3	48.29	26.92	48.36	40.11	51.83	35.41	51.67	52.84	57.99	45.26	44.51	51.43	51.96	46.53	62.56	40.24	66.27	41.17	68.7	35.04	70.28	37.42	77.28	40.29	77.29	42.59
772	25.733	41.76	22.59	41.43	22.03	42.99	21.85	42.68	27.42	48.34	27.19	49.05	39.35	51.92	35.65	51.91	48.84	55.67	44.51	47.68	44.07	45.08	45.35	63.26	40.48	66.62	41.23	66.76	32.42	67.77	34.47	75.57	38.22	75.72	39.51
773	25.767	41.76	22.59	41.43	22.03	42.99	21.85	42.68	27.42	48.34	27.19	49.05	39.35	51.92	35.65	51.91	48.84	55.67	44.51	47.68	44.07	45.08	45.35	63.26	40.48	66.62	41.23	66.76	32.42	67.77	34.47	75.57	38.22	75.72	39.51
774	25.8	41.76	22.59	41.43	22.03	42.99	21.85	42.68	27.42	48.34	27.19	49.05	39.35	51.92	35.65	51.91	48.84	55.67	44.51	47.68	44.07	45.08	45.35	63.26	40.48	66.62	41.23	66.76	32.42	67.77	34.47	75.57	38.22	75.72	39.51
775	25.833	43.01	23.27	42.21	23.03	44.26	22.34	43.12	28.33	49.38	27.24	49.11	40.63	54.25	36.76	52.85	54.12	65.9	47.42	46.71	54.31	70.67	45.64	62.78	41.89	67.17	42.53	66.77	35.83	69.06	38.33	74.6	38.83	75.86	41.17
776	25.867	43.01	23.27	42.21	23.03	44.26	22.34	43.12	28.33	49.38	27.24	49.11	40.63	54.25	36.76	52.85	54.12	65.9	47.42	46.71	54.31	70.67	45.64	62.78	41.89	67.17	42.53	66.77	35.83	69.06	38.33	74.6	38.83	75.86	41.17
777	25.9	43.01	23.27	42.21	23.03	44.26	22.34	43.12	28.33	49.38	27.24	49.11	40.63	54.25	36.76	52.85	54.12	65.9	47.42	46.71	54.31	70.67	45.64	62.78	41.89	67.17	42.53	66.77	35.83	69.06	38.33	74.6	38.83	75.86	41.17
778	25.933	43.29	22.01	42.45	21.67	44.63	21.31	43.38	27.49	50.6	27.03	50.01	40.18	55.79	35.5	52.21	52.87	64.03	44.22	46.76	51.15	62.38	42.85	62.69	41.84	67.46	41.17	66.09	32.54	67.79	32.84	73.62	38.49	74.48	39.57
779	25.967	43.29	22.01	42.45	21.67	44.63	21.31	43.38	27.49	50.6	27.03	50.01	40.18	55.79	35.5	52.21	52.87	64.03	44.22	46.76	51.15	62.38	42.85	62.69	41.84	67.46	41.17	66.09	32.54	67.79	32.84	73.62	38.49	74.48	39.57
780	26.0	43.29	22.01	42.45	21.67	44.63	21.31	43.38	27.49	50.6	27.03	50.01	40.18	55.79	35.5	52.21	52.87	64.03	44.22	46.76	51.15	62.38	42.85	62.69	41.84	67.46	41.17	66.09	32.54	67.79	32.84	73.62	38.49	74.48	39.57
781	26.033	43.03	23.32	41.98	22.79	44.0	22.93	42.86	27.6	49.1	28.8	48.73	37.84	53.8	39.47	52.35	46.3	65.86	52.01	47.98	45.96	73.29	49.13	63.46	40.16	67.86	43.92	67.95	33.26	70.18	38.91	75.12	37.43	76.32	41.54
782	26.067	43.03	23.32	41.98	22.79	44.0	22.93	42.86	27.6	49.1	28.8	48.73	37.84	53.8	39.47	52.35	46.3	65.86	52.01	47.98	45.96	73.29	49.13	63.46	40.16	67.86	43.92	67.95	33.26	70.18	38.91	75.12	37.43	76.32	41.54
783	26.1	43.03	23.32	41.98	22.79	44.0	22.93	42.86	27.6	49.1	28.8	48.73	37.84	53.8	39.47	52.35	46.3	65.86	52.01	47.98	45.96	73.29	49.13	63.46	40.16	67.86	43.92	67.95	33.26	70.18	38.91	75.12	37.43	76.32	41.54
784	26.133	42.65	23.94	41.63	23.31	43.27	23.88	42.63	27.86	47.9	30.1	48.23	38.3	52.43	40.55	52.9	44.76	62.93	52.4	50.02	40.26	66.87	51.4	62.14	41.01	66.1	45.28	66.84	33.43	68.9	39.79	75.37	38.89	76.19	43.67
785	26.167	42.65	23.94	41.63	23.31	43.27	23.88	42.63	27.86	47.9	30.1	48.23	38.3	52.43	40.55	52.9	44.76	62.93	52.4	50.02	40.26	66.87	51.4	62.14	41.01	66.1	45.28	66.84	33.43	68.9	39.79	75.37	38.89	76.19	43.67
786	26.2	42.65	23.94	41.63	23.31	43.27	23.88	42.63	27.86	47.9	30.1	48.23	38.3	52.43	40.55	52.9	44.76	62.93	52.4	50.02	40.26	66.87	51.4	62.14	41.01	66.1	45.28	66.84	33.43	68.9	39.79	75.37	38.89	76.19	43.67
787	26.233	40.87	24.76	40.33	23.92	40.9	24.83	42.03	27.93	44.88	31.25	48.3	36.66	48.74	39.71	54.75	33.48	54.22	44.3	57.82	18.88	49.63	46.63	63.46	39.76	65.59	44.77	67.32	27.28	69.04	35.2	75.18	33.58	75.66	39.5
788	26.267	40.87	24.76	40.33	23.92	40.9	24.83	42.03	27.93	44.88	31.25	48.3	36.66	48.74	39.71	54.75	33.48	54.22	44.3	57.82	18.88	49.63	46.63	63.46	39.76	65.59	44.77	67.32	27.28	69.04	35.2	75.18	33.58	75.66	39.5
789	26.3	40.87	24.76	40.33	23.92	40.9	24.83	42.03	27.93	44.88	31.25	48.3	36.66	48.74	39.71	54.75	33.48	54.22	44.3	57.82	18.88	49.63	46.63	63.46	39.76	65.59	44.77	67.32	27.28	69.04	35.2	75.18	33.58	75.66	39.5
790	26.333	43.14	28.89	42.79	27.74	42.98	28.64	44.2	30.47	45.53	33.39	49.03	39.09	48.8	41.65	53.05	43.88	52.41	51.97	51.25	34.83	47.02	52.14	63.4	40.95	64.88	45.51	67.28	34.47	68.64	40.9	74.55	41.23	74.6	44.4
791	26.367	43.14	28.89	42.79	27.74	42.98	28.64	44.2	30.47	45.53	33.39	49.03	39.09	48.8	41.65	53.05	43.88	52.41	51.97	51.25	34.83	47.02	52.14	63.4	40.95	64.88	45.51	67.28	34.47	68.64	40.9	74.55	41.23	74.6	44.4
792	26.4	43.14	28.89	42.79	27.74	42.98	28.64	44.2	30.47	45.53	33.39	49.03	39.09	48.8	41.65	53.05	43.88	52.41	51.97	51.25	34.83	47.02	52.14	63.4	40.95	64.88	45.51	67.28	34.47	68.64	40.9	74.55	41.23	74.6	44.4
793	26.433	41.73	33.56	41.71	31.55	40.61	34.25	44.58	32.29	42.89	39.75	49.47	37.04	47.95	47.11	53.91	26.49	52.82	51.1	54.33	15.0	46.79	50.35	63.98	39.9	64.72	48.2	67.81	31.12	69.89	41.73	75.95	41.45	74.8	45.75
794	26.467	41.73	33.56	41.71	31.55	40.61	34.25	44.58	32.29	42.89	39.75	49.47	37.04	47.95	47.11	53.91	26.49	52.82	51.1	54.33	15.0	46.79	50.35	63.98	39.9	64.72	48.2	67.81	31.12	69.89	41.73	75.95	41.45	74.8	45.75
795	26.5	41.73	33.56	41.71	31.55	40.61	34.25	44.58	32.29	42.89	39.75	49.47	37.04	47.95	47.11	53.91	26.49	52.82	51.1	54.33	15.0	46.79	50.35	63.98	39.9	64.72	48.2	67.81	31.12	69.89	41.73	75.95	41.45	74.8	45.75
796	26.533	41.71	33.18	41.66	31.47	40.96	33.6	44.87	32.75	43.78	38.51	49.13	38.48	48.69	45.09	52.74	38.16	53.56	52.94	50.79	28.06	49.06	51.17	62.94	39.33	63.99	46.21	67.87	35.41	69.75	45.72	75.79	42.45	75.1	48.03
797	26.567	41.71	33.18	41.66	31.47	40.96	33.6	44.87	32.75	43.78	38.51	49.13	38.48	48.69	45.09	52.74	38.16	53.56	52.94	50.79	28.06	49.06	51.17	62.94	39.33	63.99	46.21	67.87	35.41	69.75	45.72	75.79	42.45	75.1	48.03
798	26.6	41.71	33.18	41.66	31.47	40.96	33.6	44.87	32.75	43.78	38.51	49.13	38.48	48.69	45.09	52.74	38.16	53.56	52.94	50.79	28.06	49.06	51.17	62.94	39.33	63.99	46.21	67.87	35.41	69.75	45.72	75.79	42.45	75.1	48.03
799	26.633	41.69	33.27	41.48	31.26	40.78	33.91	44.65	32.0	43.62	39.01	48.9	37.5	48.5	46.3	52.23	35.84	52.7	55.48	49.7	26.93	48.02	52.34	63.48	38.88	64.62	46.91	67.86	34.85	69.93	45.93	75.96	41.75	75.31	47.21
800	26.667	41.69	33.27	41.48	31.26	40.78	33.91	44.65	32.0	43.62	39.01	48.9	37.5	48.5	46.3	52.23	35.84	52.7	55.48	49.7	26.93	48.02	52.34	63.48	38.88	64.62	46.91	67.86	34.85	69.93	45.93	75.96	41.75	75.31	47.21
801	26.7	41.69	33.27	41.48	31.26	40.78	33.91	44.65	32.0	43.62	39.01	48.9	37.5	48.5	46.3	52.23	35.84	52.7	55.48	49.7	26.93	48.02	52.34	63.48	38.88	64.62	46.91	67.86	34.85	69.93	45.93	75.96	41.75	75.31	47.21
802	26.733	41.84	32.62	41.56	30.46	40.76	33.49	44.38	30.95	43.29	39.05	48.59	35.48	47.81	46.75	52.2	30.18	51.86	56.4	51.22	19.83	46.42	52.44	63.42	38.16	64.35	47.31	67.56	32.17	69.07	43.69	75.57	42.86	74.44	47.98
803	26.767	41.84	32.62	41.56	30.46	40.76	33.49	44.38	30.95	43.29	39.05	48.59	35.48	47.81	46.75	52.2	30.18	51.86	56.4	51.22	19.83	46.42	52.44	63.42	38.16	64.35	47.31	67.56	32.17	69.07	43.69	75.57	42.86	74.44	47.98
804	26.8	41.84	32.62	41.56	30.46	40.76	33.49	44.38	30.95	43.29	39.05	48.59	35.48	47.81	46.75	52.2	30.18	51.86	56.4	51.22	19.83	46.42	52.44	63.42	38.16	64.35	47.31	67.56	32.17	69.07	43.69	75.57	42.86	74.44	47.98
805	26.833	42.68	31.03	42.72	29.24	42.36	30.76	45.49	30.91	45.55	34.89	50.52	38.38	51.62	42.58	51.7	44.76	59.2	53.51	46.88	39.02	55.99	51.73	63.99	40.31	65.83	44.59	66.36	32.49	68.77	39.44	71.1	41.46	71.55	42.81
806	26.867	42.68	31.03	42.72	29.24	42.36	30.76	45.49	30.91	45.55	34.89	50.52	38.38	51.62	42.58	51.7	44.76	59.2	53.51	46.88	39.02	55.99	51.73	63.99	40.31	65.83	44.59	66.36	32.49	68.77	39.44	71.1	41.46	71.55	42.81
807	26.9	42.68	31.03	42.72	29.24	42.36	30.76	45.49	30.91	45.55	34.89	50.52	38.38	51.62	42.58	51.7	44.76	59.2	53.51	46.88	39.02	55.99	51.73	63.99	40.31	65.83	44.59	66.36	32.49	68.77	39.44	71.1	41.46	71.55	42.81
808	26.933	41.34	31.78	41.25	30.17	40.82	31.87	44.34	31.7	44.0	36.49	48.98	38.61	49.96	43.84	52.11	41.31	58.96	52.3	49.23	34.28	60.92	50.4	62.67	39.63	64.43	45.28	66.06	31.65	68.27	40.59	73.98	40.55	73.34	44.7
809	26.967	41.34	31.78	41.25	30.17	40.82	31.87	44.34	31.7	44.0	36.49	48.98	38.61	49.96	43.84	52.11	41.31	58.96	52.3	49.23	34.28	60.92	50.4	62.67	39.63	64.43	45.28	66.06	31.65	68.27	40.59	73.98	40.55	73.34	44.7
810	27.0	41.34	31.78	41.25	30.17	40.82	31.87	44.34	31.7	44.0	36.49	48.98	38.61	49.96	43.84	52.11	41.31	58.96	52.3	49.23	34.28	60.92	50.4	62.67	39.63	64.43	45.28	66.06	31.65	68.27	40.59	73.98	40.55	73.34	44.7
811	27.033	41.17	32.75	41.35	31.52	41.1	32.27	44.27	33.47	44.33	35.75	48.66	41.78	49.75	42.46	50.89	50.07	56.82	49.57	45.51	49.56	55.22	49.21	62.01	41.53	63.93	44.91	65.87	34.6	68.08	41.38	74.82	41.89	73.59	44.54
812	27.067	41.17	32.75	41.35	31.52	41.1	32.27	44.27	33.47	44.33	35.75	48.66	41.78	49.75	42.46	50.89	50.07	56.82	49.57	45.51	49.56	55.22	49.21	62.01	41.53	63.93	44.91	65.87	34.6	68.08	41.38	74.82	41.89	73.59	44.54
813	27.1	41.17	32.75	41.35	31.52	41.1	32.27	44.27	33.47	44.33	35.75	48.66	41.78	49.75	42.46	50.89	50.07	56.82	49.57	45.51	49.56	55.22	49.21	62.01	41.53	63.93	44.91	65.87	34.6	68.08	41.38	74.82	41.89	73.59	44.54
814	27.133	36.19	25.72	35.73	24.46	36.68	25.66	38.41	28.39	41.08	32.18	45.87	38.39	43.67	40.07	48.5	33.08	40.44	40.2	45.26	17.11	34.59	37.45	62.0	36.05	62.92	40.66	64.97	27.95	66.47	33.39	72.05	34.77	71.54	37.24
815	27.167	36.19	25.72	35.73	24.46	36.68	25.66	38.41	28.39	41.08	32.18	45.87	38.39	43.67	40.07	48.5	33.08	40.44	40.2	45.26	17.11	34.59	37.45	62.0	36.05	62.92	40.66	64.97	27.95	66.47	33.39	72.05	34.77	71.54	37.24
816	27.2	36.19	25.72	35.73	24.46	36.68	25.66	38.41	28.39	41.08	32.18	45.87	38.39	43.67	40.07	48.5	33.08	40.44	40.2	45.26	17.11	34.59	37.45	62.0	36.05	62.92	40.66	64.97	27.95	66.47	33.39	72.05	34.77	71.54	37.24
817	27.233	29.19	19.07	28.69	17.34	28.84	18.61	31.31	21.28	31.88	25.53	40.22	34.18	36.35	33.58	44.4	38.89	37.15	35.24	37.14	32.46	29.14	29.9	60.32	33.49	60.04	37.76	64.12	27.74	65.75	32.79	71.69	30.85	72.51	34.38
818	27.267	29.19	19.07	28.69	17.34	28.84	18.61	31.31	21.28	31.88	25.53	40.22	34.18	36.35	33.58	44.4	38.89	37.15	35.24	37.14	32.46	29.14	29.9	60.32	33.49	60.04	37.76	64.12	27.74	65.75	32.79	71.69	30.85	72.51	34.38
819	27.3	29.19	19.07	28.69	17.34	28.84	18.61	31.31	21.28	31.88	25.53	40.22	34.18	36.35	33.58	44.4	38.89	37.15	35.24	37.14	32.46	29.14	29.9	60.32	33.49	60.04	37.76	64.12	27.74	65.75	32.79	71.69	30.85	72.51	34.38
820	27.333	27.32	20.48	26.68	18.89	26.01	21.24	29.69	23.01	28.39	30.17	39.38	33.86	35.12	36.43	44.7	33.18	39.86	35.23	37.17	23.29	31.5	30.56	59.88	34.46	59.18	40.34	63.57	22.52	65.74	29.9	70.9	28.46	71.12	33.7
821	27.367	27.32	20.48	26.68	18.89	26.01	21.24	29.69	23.01	28.39	30.17	39.38	33.86	35.12	36.43	44.7	33.18	39.86	35.23	37.17	23.29	31.5	30.56	59.88	34.46	59.18	40.34	63.57	22.52	65.74	29.9	70.9	28.46	71.12	33.7
822	27.4	27.32	20.48	26.68	18.89	26.01	21.24	29.69	23.01	28.39	30.17	39.38	33.86	35.12	36.43	44.7	33.18	39.86	35.23	37.17	23.29	31.5	30.56	59.88	34.46	59.18	40.34	63.57	22.52	65.74	29.9	70.9	28.46	71.12	33.7
823	27.433	29.22	16.18	28.44	13.19	27.96	17.19	32.78	15.04	31.51	26.0	42.54	24.41	37.81	37.55	48.62	14.67	41.22	45.65	45.78	7.63	38.88	41.04	62.84	27.37	61.97	38.61	67.6	23.36	68.25	34.99	74.01	31.92	73.38	36.71
824	27.467	29.22	16.18	28.44	13.19	27.96	17.19	32.78	15.04	31.51	26.0	42.54	24.41	37.81	37.55	48.62	14.67	41.22	45.65	45.78	7.63	38.88	41.04	62.84	27.37	61.97	38.61	67.6	23.36	68.25	34.99	74.01	31.92	73.38	36.71
825	27.5	29.22	16.18	28.44	13.19	27.96	17.19	32.78	15.04	31.51	26.0	42.54	24.41	37.81	37.55	48.62	14.67	41.22	45.65	45.78	7.63	38.88	41.04	62.84	27.37	61.97	38.61	67.6	23.36	68.25	34.99	74.01	31.92	73.38	36.71
826	27.533	64.1	36.05	66.17	38.37	65.77	33.44	63.0	43.05	62.53	30.79	57.82	42.42	51.73	29.67	59.3	47.57	36.39	19.17	63.66	49.81	30.08	9.0	49.12	35.21	48.73	28.42	45.14	29.29	46.79	22.8	47.17	36.17	52.78	31.35
827	27.567	64.1	36.05	66.17	38.37	65.77	33.44	63.0	43.05	62.53	30.79	57.82	42.42	51.73	29.67	59.3	47.57	36.39	19.17	63.66	49.81	30.08	9.0	49.12	35.21	48.73	28.42	45.14	29.29	46.79	22.8	47.17	36.17	52.78	31.35
828	27.6	64.1	36.05	66.17	38.37	65.77	33.44	63.0	43.05	62.53	30.79	57.82	42.42	51.73	29.67	59.3	47.57	36.39	19.17	63.66	49.81	30.08	9.0	49.12	35.21	48.73	28.42	45.14	29.29	46.79	22.8	47.17	36.17	52.78	31.35
829	27.633	38.77	9.15	38.01	7.39	37.44	10.52	40.39	11.05	39.92	20.2	46.08	18.56	42.69	33.35	50.14	6.29	46.15	44.99	52.43	3.88	45.4	38.89	65.24	25.25	64.61	37.2	71.97	21.72	71.46	34.32	77.91	28.18	76.77	36.21
830	27.667	38.77	9.15	38.01	7.39	37.44	10.52	40.39	11.05	39.92	20.2	46.08	18.56	42.69	33.35	50.14	6.29	46.15	44.99	52.43	3.88	45.4	38.89	65.24	25.25	64.61	37.2	71.97	21.72	71.46	34.32	77.91	28.18	76.77	36.21
831	27.7	38.77	9.15	38.01	7.39	37.44	10.52	40.39	11.05	39.92	20.2	46.08	18.56	42.69	33.35	50.14	6.29	46.15	44.99	52.43	3.88	45.4	38.89	65.24	25.25	64.61	37.2	71.97	21.72	71.46	34.32	77.91	28.18	76.77	36.21
832	27.733	36.59	10.22	35.72	8.46	36.21	11.21	38.12	12.8	40.27	20.55	44.51	22.61	42.93	34.21	47.55	10.79	43.28	41.46	48.46	1.56	39.8	37.63	60.92	26.01	61.81	35.62	65.87	20.89	66.02	30.49	71.99	28.92	71.16	34.63
833	27.767	36.59	10.22	35.72	8.46	36.21	11.21	38.12	12.8	40.27	20.55	44.51	22.61	42.93	34.21	47.55	10.79	43.28	41.46	48.46	1.56	39.8	37.63	60.92	26.01	61.81	35.62	65.87	20.89	66.02	30.49	71.99	28.92	71.16	34.63
834	27.8	36.59	10.22	35.72	8.46	36.21	11.21	38.12	12.8	40.27	20.55	44.51	22.61	42.93	34.21	47.55	10.79	43.28	41.46	48.46	1.56	39.8	37.63	60.92	26.01	61.81	35.62	65.87	20.89	66.02	30.49	71.99	28.92	71.16	34.63
835	27.833	17.82	0.49	17.35	1.53	15.96	0.47	18.31	0.55	14.86	6.53	22.66	4.79	21.21	9.02	27.21	6.46	26.85	10.21	22.63	2.37	21.58	5.71	38.03	5.85	37.47	10.75	37.15	0.25	37.32	4.27	47.34	6.68	41.18	9.7
836	27.867	17.82	0.49	17.35	1.53	15.96	0.47	18.31	0.55	14.86	6.53	22.66	4.79	21.21	9.02	27.21	6.46	26.85	10.21	22.63	2.37	21.58	5.71	38.03	5.85	37.47	10.75	37.15	0.25	37.32	4.27	47.34	6.68	41.18	9.7
837	27.9	17.82	0.49	17.35	1.53	15.96	0.47	18.31	0.55	14.86	6.53	22.66	4.79	21.21	9.02	27.21	6.46	26.85	10.21	22.63	2.37	21.58	5.71	38.03	5.85	37.47	10.75	37.15	0.25	37.32	4.27	47.34	6.68	41.18	9.7
838	27.933	17.81	0.49	17.19	1.53	15.94	0.69	18.59	0.5	15.86	7.22	23.87	3.7	22.49	8.87	31.39	4.89	28.39	10.17	28.13	2.69	20.7	5.9	38.11	6.58	37.81	11.76	38.76	0.17	39.81	5.44	49.52	7.25	44.96	11.07
839	27.967	17.81	0.49	17.19	1.53	15.94	0.69	18.59	0.5	15.86	7.22	23.87	3.7	22.49	8.87	31.39	4.89	28.39	10.17	28.13	2.69	20.7	5.9	38.11	6.58	37.81	11.76	38.76	0.17	39.81	5.44	49.52	7.25	44.96	11.07
840	28.0	17.81	0.49	17.19	1.53	15.94	0.69	18.59	0.5	15.86	7.22	23.87	3.7	22.49	8.87	31.39	4.89	28.39	10.17	28.13	2.69	20.7	5.9	38.11	6.58	37.81	11.76	38.76	0.17	39.81	5.44	49.52	7.25	44.96	11.07
841	28.033	17.9	0.49	17.06	1.53	16.05	0.85	18.61	0.5	16.51	7.68	24.85	4.18	23.68	8.95	33.57	4.46	30.18	9.27	31.62	2.45	22.5	6.03	39.21	6.6	39.22	11.53	40.05	0.37	42.04	5.15	49.13	5.34	46.99	9.34
842	28.067	17.9	0.49	17.06	1.53	16.05	0.85	18.61	0.5	16.51	7.68	24.85	4.18	23.68	8.95	33.57	4.46	30.18	9.27	31.62	2.45	22.5	6.03	39.21	6.6	39.22	11.53	40.05	0.37	42.04	5.15	49.13	5.34	46.99	9.34
843	28.1	17.9	0.49	17.06	1.53	16.05	0.85	18.61	0.5	16.51	7.68	24.85	4.18	23.68	8.95	33.57	4.46	30.18	9.27	31.62	2.45	22.5	6.03	39.21	6.6	39.22	11.53	40.05	0.37	42.04	5.15	49.13	5.34	46.99	9.34
844	28.133	32.9	20.55	32.29	18.38	32.43	20.72	35.4	20.67	36.17	27.39	42.46	29.43	40.03	37.49	45.32	25.48	42.76	46.61	40.39	16.75	39.93	44.52	60.31	31.45	60.38	39.73	64.49	25.38	65.1	34.36	70.24	32.49	70.1	37.66
845	28.167	32.9	20.55	32.29	18.38	32.43	20.72	35.4	20.67	36.17	27.39	42.46	29.43	40.03	37.49	45.32	25.48	42.76	46.61	40.39	16.75	39.93	44.52	60.31	31.45	60.38	39.73	64.49	25.38	65.1	34.36	70.24	32.49	70.1	37.66
