Frame	Time	Nose_X	Nose_Y	L_Eye_X	L_Eye_Y	R_Eye_X	R_Eye_Y	L_Ear_X	L_Ear_Y	R_Ear_X	R_Ear_Y	L_Shoulder_X	L_Shoulder_Y	R_Shoulder_X	R_Shoulder_Y	L_Elbow_X	L_Elbow_Y	R_Elbow_X	R_Elbow_Y	L_Wrist_X	L_Wrist_Y	R_Wrist_X	R_Wrist_Y	L_Hip_X	L_Hip_Y	R_Hip_X	R_Hip_Y	L_Knee_X	L_Knee_Y	R_Knee_X	R_Knee_Y	L_Ankle_X	L_Ankle_Y	R_Ankle_X	R_Ankle_Y
1	0.034	29.16	39.64	26.76	39.16	26.63	43.05	25.96	44.47	26.41	55.87	34.54	48.65	33.84	58.99	44.17	43.89	44.86	57.74	45.28	39.93	41.47	42.67	56.02	49.53	57.25	58.21	58.37	38.19	61.35	46.55	64.0	46.23	67.28	54.42
2	0.069	29.15	39.65	26.66	39.17	26.55	43.1	25.75	44.55	26.2	56.12	34.28	48.82	33.8	59.2	43.88	44.15	45.04	58.06	45.03	40.16	41.71	43.33	56.07	49.34	57.41	58.09	58.57	38.04	61.63	46.36	63.88	46.06	67.16	54.4
3	0.103	28.94	39.69	26.41	39.17	26.32	43.17	25.39	44.46	25.93	56.23	33.87	48.67	33.55	59.22	43.42	44.23	44.77	58.54	44.99	40.04	41.4	43.74	56.0	49.32	57.46	58.22	58.7	38.05	61.85	46.28	64.12	45.94	67.57	54.03
4	0.138	28.99	39.76	26.47	39.24	26.35	43.24	25.54	44.47	25.97	56.24	34.01	48.68	33.58	59.26	43.47	44.31	44.71	58.77	45.01	40.01	41.3	43.92	56.08	49.29	57.47	58.18	58.68	38.21	61.87	46.4	64.01	45.53	67.62	53.63
5	0.172	28.67	39.72	26.4	39.28	26.29	43.08	26.44	44.82	26.93	55.97	35.23	48.34	34.79	59.22	43.03	43.71	45.2	58.99	45.06	40.22	41.56	43.83	57.34	48.5	58.59	57.47	60.02	36.12	62.63	45.61	64.72	45.39	67.4	53.96
6	0.207	29.21	39.59	26.71	39.1	26.5	43.11	25.78	44.41	26.02	56.25	34.37	48.44	33.69	59.18	43.93	43.8	44.99	58.39	45.23	40.09	41.63	43.06	56.5	49.29	57.72	58.23	59.24	37.82	62.28	46.0	64.35	45.16	67.65	53.3
7	0.241	28.89	39.77	26.63	39.43	26.5	43.16	26.71	45.08	27.15	56.1	35.45	48.47	34.99	59.06	43.2	43.38	45.5	58.14	45.15	39.99	41.56	43.16	57.53	48.39	58.74	57.26	60.37	35.9	62.94	45.46	65.14	44.78	67.8	53.68
8	0.276	28.87	39.79	26.61	39.47	26.49	43.15	26.64	45.17	27.14	56.08	35.41	48.64	34.97	59.02	43.2	43.59	45.53	57.97	45.03	39.96	41.62	42.96	57.59	48.48	58.81	57.26	60.41	35.76	63.0	45.21	65.15	44.77	67.86	53.71
9	0.31	28.79	39.91	26.55	39.56	26.45	43.26	26.64	45.16	27.15	56.11	35.3	48.56	34.93	59.2	43.03	43.57	45.47	58.6	45.06	39.97	41.62	43.39	57.36	48.48	58.63	57.35	60.2	35.85	62.82	45.35	64.93	44.62	67.62	53.4
10	0.345	28.79	39.86	26.55	39.49	26.4	43.22	26.63	45.1	27.04	56.13	35.23	48.52	34.89	59.25	42.9	43.52	45.43	58.68	44.95	40.0	41.47	43.39	57.28	48.4	58.55	57.28	59.92	35.8	62.55	45.24	64.7	44.43	67.37	53.19
11	0.379	28.73	39.85	26.48	39.49	26.37	43.2	26.51	45.11	27.05	56.07	35.13	48.58	34.88	59.23	42.95	43.69	45.55	58.75	44.92	40.09	41.63	43.38	57.25	48.62	58.58	57.46	59.77	35.77	62.5	45.18	64.65	44.16	67.37	52.92
12	0.414	28.72	39.94	26.51	39.55	26.3	43.33	26.63	45.16	26.92	56.27	35.17	48.65	34.8	59.34	42.93	43.81	45.34	58.71	44.99	40.26	41.47	43.45	57.21	48.44	58.48	57.32	59.63	35.73	62.45	45.27	64.81	43.82	67.5	52.73
13	0.448	28.77	40.15	26.62	39.77	26.39	43.47	26.79	45.41	26.99	56.29	35.3	49.09	34.86	59.45	43.36	43.82	45.5	58.15	45.2	40.61	41.61	43.8	56.97	48.53	58.23	57.21	59.22	36.09	62.11	45.69	64.82	43.94	67.46	53.01
14	0.483	28.82	40.1	26.65	39.73	26.44	43.46	26.81	45.37	27.05	56.34	35.43	48.86	34.89	59.55	43.66	43.42	45.6	58.4	45.2	40.65	41.73	43.66	57.3	48.54	58.5	57.39	59.38	35.76	62.3	45.51	65.07	43.87	67.69	52.95
15	0.517	28.8	40.25	26.61	39.88	26.42	43.61	26.74	45.48	27.05	56.49	35.34	48.86	34.94	59.61	43.51	43.44	45.68	58.56	45.29	40.69	41.89	43.65	57.28	48.49	58.55	57.36	59.36	35.92	62.25	45.64	64.87	43.92	67.46	52.98
16	0.552	28.79	40.34	26.6	40.02	26.42	43.71	26.72	45.73	27.08	56.65	35.33	49.17	35.04	59.69	43.6	43.62	45.91	58.28	45.36	40.94	42.03	43.67	57.34	48.55	58.67	57.31	59.34	35.95	62.28	45.66	65.0	43.86	67.56	53.04
17	0.586	28.8	40.36	26.58	40.0	26.41	43.73	26.7	45.66	27.05	56.65	35.33	49.11	34.99	59.71	43.55	43.86	45.78	58.62	45.31	41.0	41.93	43.7	57.46	48.45	58.76	57.27	59.51	36.04	62.42	45.67	65.08	44.07	67.65	53.1
18	0.621	28.74	40.36	26.53	39.93	26.36	43.71	26.63	45.47	27.0	56.55	35.23	48.93	34.88	59.77	43.4	43.81	45.6	59.1	45.34	41.11	41.91	44.2	57.42	48.23	58.75	57.19	59.55	36.17	62.46	45.88	65.25	44.52	67.83	53.31
19	0.655	28.67	40.26	26.46	39.85	26.3	43.57	26.56	45.44	26.95	56.42	35.2	48.9	34.81	59.69	43.36	43.72	45.52	58.98	45.38	41.07	41.77	44.11	57.61	48.07	58.94	57.04	59.73	36.13	62.66	45.84	65.41	44.44	68.07	53.24
20	0.69	28.58	40.16	26.35	39.72	26.18	43.47	26.44	45.27	26.78	56.36	35.08	48.81	34.65	59.76	43.24	43.7	45.37	59.22	45.47	41.1	41.55	44.35	57.72	48.04	59.03	57.15	59.9	36.0	62.85	45.83	65.56	44.54	68.31	53.38
21	0.724	28.56	40.18	26.36	39.69	26.17	43.47	26.51	45.13	26.78	56.27	35.13	48.68	34.61	59.78	43.24	43.73	45.27	59.48	45.58	41.16	41.64	44.45	57.93	47.97	59.2	57.19	60.08	35.87	63.11	45.87	65.82	44.55	68.63	53.3
22	0.759	28.62	40.2	26.46	39.72	26.22	43.48	26.7	45.21	26.86	56.3	35.34	48.7	34.7	59.82	43.47	43.7	45.36	59.55	45.65	41.12	41.47	44.62	57.95	48.08	59.13	57.24	59.99	35.87	62.92	45.83	65.73	44.95	68.4	53.73
23	0.793	28.57	40.08	26.4	39.64	26.2	43.4	26.64	45.19	26.89	56.26	35.3	48.63	34.82	59.64	43.42	43.55	45.61	59.25	45.64	41.05	41.8	44.42	57.86	47.77	59.12	56.88	60.03	35.74	62.97	45.65	65.66	44.71	68.37	53.51
24	0.828	28.6	40.04	26.44	39.57	26.21	43.39	26.75	45.05	26.92	56.27	35.37	48.4	34.85	59.65	43.24	43.15	45.57	59.22	45.43	40.95	42.2	44.3	58.02	47.65	59.27	56.93	60.22	35.6	63.26	45.76	65.95	44.6	68.75	53.48
25	0.862	28.8	39.83	26.69	39.41	26.42	43.14	27.02	45.0	27.08	55.98	35.62	48.52	34.93	59.49	43.6	43.34	45.84	58.88	45.42	40.73	42.14	43.8	58.02	48.04	59.12	57.15	60.19	35.75	63.1	45.83	66.1	44.53	68.79	53.5
26	0.897	28.81	39.9	26.71	39.47	26.4	43.2	27.07	45.01	27.04	56.02	35.64	48.49	34.94	59.45	43.56	43.34	45.78	58.85	45.38	40.71	42.09	43.87	58.12	47.91	59.21	57.04	60.4	35.74	63.31	45.86	66.28	44.57	68.94	53.61
27	0.931	28.8	39.91	26.69	39.45	26.39	43.2	27.07	44.92	27.03	56.02	35.67	48.27	34.85	59.49	43.48	43.27	45.58	59.32	45.47	40.69	41.96	44.09	58.32	47.63	59.35	56.92	60.74	35.59	63.56	45.76	66.41	44.97	69.08	53.84
28	0.966	28.73	39.8	26.61	39.35	26.34	43.07	27.0	44.85	26.99	55.89	35.63	48.25	34.76	59.5	43.6	43.14	45.56	59.28	45.53	40.59	42.06	44.01	58.22	47.74	59.22	57.05	60.81	35.67	63.6	45.92	66.32	45.17	68.97	54.12
29	1.0	28.67	39.77	26.54	39.3	26.28	43.04	26.88	44.77	26.87	55.86	35.49	48.12	34.58	59.52	43.62	42.94	45.37	59.35	45.54	40.62	41.88	43.95	58.09	47.57	59.09	57.01	60.89	35.62	63.71	46.0	66.38	45.02	69.02	54.05
30	1.034	28.55	39.77	26.4	39.31	26.19	43.09	26.75	44.8	26.82	55.96	35.4	48.14	34.55	59.61	43.59	42.77	45.45	59.32	45.54	40.62	41.95	44.0	57.95	47.73	58.97	57.25	61.15	35.58	63.93	46.11	66.61	44.94	69.25	54.1
31	1.069	28.49	39.76	26.32	39.29	26.14	43.06	26.68	44.78	26.77	55.96	35.44	48.13	34.53	59.71	43.8	42.64	45.56	59.42	45.42	40.73	42.2	44.01	58.08	47.68	59.09	57.29	61.58	35.62	64.33	46.24	66.87	45.0	69.47	54.22
32	1.103	28.87	39.57	26.47	38.98	26.17	43.13	25.73	44.21	25.68	56.41	34.0	47.79	33.34	59.79	44.25	42.75	45.01	59.23	45.66	40.85	41.98	43.98	56.87	48.72	58.23	58.72	59.73	37.03	63.36	47.62	66.97	43.61	69.86	53.45
33	1.138	28.46	39.74	26.37	38.82	25.72	43.11	26.55	43.77	25.78	56.11	34.35	47.82	33.81	59.91	43.39	42.29	45.26	59.23	45.54	40.35	42.22	44.32	56.6	48.36	57.88	58.27	59.64	37.49	63.11	47.31	67.58	44.77	69.54	53.39
34	1.172	28.44	39.7	26.38	38.8	25.71	43.09	26.61	43.84	25.78	56.18	34.46	47.97	33.86	59.95	43.58	42.25	45.41	59.0	45.62	40.31	42.09	44.32	56.75	48.2	57.99	58.1	60.19	37.13	63.52	46.98	68.52	44.05	70.15	52.7
35	1.207	28.79	39.4	26.39	38.79	26.12	42.98	25.5	44.18	25.53	56.5	33.84	47.98	33.19	59.8	44.09	42.66	45.08	58.82	45.47	40.76	41.77	43.87	57.27	48.54	58.62	58.68	61.5	36.45	64.87	46.99	69.6	43.26	71.95	52.77
36	1.241	28.65	39.42	26.32	38.73	26.02	42.93	25.52	44.05	25.49	56.37	33.93	47.91	33.15	59.79	44.07	42.56	44.95	58.87	45.29	40.65	41.4	43.76	57.97	48.35	59.28	58.74	62.79	36.28	66.12	47.12	71.53	43.44	73.72	52.82
37	1.276	27.94	39.18	25.57	38.3	25.14	43.03	25.3	43.2	24.75	56.71	33.83	47.23	33.08	59.23	45.46	42.55	45.9	58.74	45.92	40.4	41.7	43.48	57.86	48.15	58.7	58.9	63.16	38.05	65.7	48.83	74.36	43.68	74.39	52.95
38	1.31	27.72	39.18	25.48	38.29	24.99	42.95	25.43	43.33	24.72	56.67	34.1	47.36	32.9	59.06	45.7	42.42	46.02	58.44	45.73	40.27	41.93	43.52	58.02	48.69	58.34	59.39	64.99	38.97	65.97	49.6	76.91	46.64	74.62	55.59
39	1.345	27.66	39.24	25.48	38.3	24.94	42.97	25.52	43.42	24.64	56.77	34.41	47.65	32.67	59.08	45.83	42.7	45.93	58.47	45.76	40.42	41.84	43.46	58.37	49.13	58.06	59.7	66.85	39.85	66.08	49.78	78.75	49.48	74.17	57.46
40	1.379	27.8	39.49	25.73	38.55	24.99	43.06	26.15	43.76	24.79	56.75	34.97	48.38	32.91	59.17	45.55	43.42	45.94	58.45	45.63	40.53	41.84	43.58	58.9	49.97	58.36	60.19	67.75	41.67	67.04	50.75	78.36	51.59	74.71	59.21
41	1.414	28.0	39.47	25.97	38.51	25.08	43.03	26.61	43.84	24.89	56.87	35.41	48.58	33.04	59.34	45.69	43.49	45.93	58.65	45.25	40.53	41.91	43.55	59.23	50.38	58.36	60.55	68.31	42.65	67.04	51.58	78.64	53.12	74.21	60.98
42	1.448	28.11	39.44	26.06	38.5	25.22	42.99	26.55	43.83	24.96	56.79	35.38	48.52	33.09	59.29	45.72	43.43	46.06	58.61	45.34	40.5	41.94	43.65	59.27	50.33	58.55	60.47	67.98	42.84	67.27	51.67	78.06	53.55	74.66	61.22
43	1.483	28.45	39.63	26.28	38.69	25.71	43.05	26.39	43.69	25.1	56.44	35.76	48.36	33.08	59.13	46.96	43.83	45.91	58.67	45.95	40.67	42.41	42.87	59.8	49.8	59.25	60.2	68.52	42.14	69.07	52.17	77.52	52.69	76.53	61.35
44	1.517	28.45	39.65	26.29	38.71	25.67	43.1	26.52	43.7	25.11	56.54	35.86	48.19	33.17	59.18	46.9	43.76	45.88	58.93	45.83	40.62	42.37	42.86	60.09	49.77	59.56	60.31	68.59	42.09	69.39	52.41	77.6	52.52	76.88	61.49
45	1.552	28.46	39.58	26.31	38.63	25.72	43.0	26.48	43.56	25.13	56.34	35.8	48.06	33.1	59.09	46.95	43.79	45.83	59.02	46.09	40.7	42.46	42.88	60.0	49.64	59.52	60.21	68.42	42.17	69.44	52.57	77.39	52.5	77.09	61.44
46	1.586	28.46	39.57	26.31	38.65	25.71	42.99	26.57	43.68	25.19	56.4	35.95	48.2	33.2	59.15	47.18	43.65	45.98	58.89	45.92	40.61	42.38	42.77	60.17	49.68	59.61	60.21	68.83	42.27	69.59	52.59	77.88	52.64	77.12	61.59
47	1.621	28.46	39.56	26.3	38.64	25.74	42.95	26.52	43.67	25.22	56.33	35.98	48.25	33.14	59.1	47.34	43.78	45.95	58.87	46.02	40.72	42.46	42.74	60.15	49.61	59.53	60.09	68.91	42.08	69.43	52.32	77.93	52.82	76.9	61.69
48	1.655	28.41	39.63	26.24	38.73	25.68	43.05	26.48	43.75	25.19	56.45	35.9	48.29	33.14	59.15	47.12	43.65	45.85	58.86	45.77	40.58	42.3	42.79	60.08	49.69	59.53	60.19	68.78	42.07	69.5	52.29	77.76	52.71	77.05	61.62
49	1.69	28.29	39.48	26.11	38.58	25.66	42.87	26.25	43.68	25.17	56.28	35.85	48.28	33.12	59.03	47.37	43.74	46.01	58.65	46.11	40.62	42.33	42.7	60.22	49.73	59.65	60.2	69.33	41.9	69.65	52.07	78.33	53.0	77.01	61.62
50	1.724	28.34	39.54	26.13	38.62	25.71	42.91	26.21	43.68	25.19	56.33	35.86	48.28	33.13	59.07	47.36	43.72	46.01	58.67	46.06	40.64	42.36	42.73	60.45	49.77	59.86	60.28	69.64	41.59	69.84	51.79	78.58	52.98	77.08	61.6
51	1.759	28.46	39.51	26.28	38.57	25.79	42.87	26.42	43.59	25.26	56.22	35.99	48.24	33.13	59.03	47.46	43.71	45.92	58.7	46.08	40.66	42.29	42.63	60.2	49.76	59.54	60.21	69.24	41.74	69.43	51.84	78.3	53.05	76.79	61.62
52	1.793	28.38	39.45	26.18	38.5	25.74	42.82	26.22	43.54	25.21	56.19	35.74	48.27	33.04	59.05	47.13	43.76	45.86	58.69	46.01	40.77	42.33	42.67	60.03	49.89	59.46	60.36	69.17	41.65	69.31	51.75	78.32	53.03	76.71	61.55
53	1.828	28.4	39.33	26.22	38.41	25.76	42.73	26.25	43.49	25.24	56.12	35.84	48.24	33.12	58.92	47.4	43.66	45.89	58.42	46.09	40.7	42.35	42.54	59.92	49.98	59.36	60.34	68.73	41.55	68.95	51.5	78.28	52.62	76.63	61.04
54	1.862	28.25	39.31	26.04	38.38	25.63	42.72	26.07	43.41	25.17	56.08	35.51	48.18	33.12	58.85	47.08	43.75	45.88	58.48	46.21	40.69	42.27	42.53	59.68	49.63	59.34	60.01	68.5	41.46	68.95	51.43	78.21	52.03	76.76	60.38
55	1.897	28.24	39.33	26.02	38.45	25.62	42.7	25.92	43.6	25.1	56.13	35.29	48.32	33.11	58.94	46.61	43.51	45.83	58.34	46.04	40.54	42.27	42.64	59.6	49.84	59.35	60.15	68.58	40.96	68.74	50.71	77.82	52.03	75.8	60.34
56	1.931	28.48	39.08	26.35	38.19	25.59	42.63	26.45	43.48	25.01	56.36	35.4	48.09	33.16	59.02	45.89	42.81	46.3	58.06	45.56	40.38	42.12	43.09	58.94	49.95	58.32	59.91	66.89	41.21	66.41	49.73	75.65	52.33	72.83	59.74
57	1.966	28.66	39.17	26.5	38.29	25.81	42.72	26.54	43.43	25.23	56.3	35.46	47.86	33.29	59.12	45.77	42.44	46.41	58.38	45.46	40.39	42.36	43.18	58.62	49.66	58.12	59.65	65.99	40.57	65.94	49.16	73.69	51.92	71.83	59.33
58	2.0	28.75	39.02	26.5	38.15	25.9	42.62	26.27	43.35	25.2	56.33	35.34	47.7	33.2	59.0	45.98	42.28	46.45	57.95	45.71	40.34	42.37	42.91	58.35	49.57	57.99	59.57	65.74	39.41	66.04	48.09	73.21	51.37	71.94	58.97
59	2.034	28.92	39.12	26.61	38.25	25.94	42.82	26.57	43.26	25.36	56.49	35.48	47.42	33.67	59.03	45.68	41.83	46.41	57.95	45.62	39.98	42.46	43.04	58.12	48.78	58.14	58.75	64.17	38.49	65.73	47.31	70.19	49.8	70.92	57.97
60	2.069	29.63	39.03	27.26	38.39	26.86	42.55	26.45	43.78	26.16	56.12	34.8	46.98	33.58	59.35	43.98	40.69	45.07	58.49	45.37	39.66	41.59	43.81	57.79	47.9	58.72	58.18	63.24	36.05	65.91	46.27	68.49	48.08	71.0	57.49
61	2.103	29.2	39.33	27.1	38.39	26.39	42.74	27.24	43.29	26.46	55.83	35.24	46.64	34.19	59.24	43.49	40.26	45.24	58.71	45.62	38.97	41.74	44.29	57.09	47.56	58.22	57.66	61.31	36.25	64.91	45.81	67.36	47.84	70.83	56.12
62	2.138	29.24	39.26	27.15	38.41	26.45	42.65	27.2	43.43	26.5	55.7	34.93	46.79	34.08	59.18	43.39	40.7	45.11	58.73	45.64	38.98	41.55	43.93	56.46	47.38	57.86	57.36	60.14	36.5	64.6	46.04	66.51	46.51	71.18	55.03
63	2.172	29.6	38.99	27.26	38.52	26.85	42.56	26.41	43.94	26.29	56.0	34.26	46.8	33.62	59.3	43.8	40.18	44.85	58.18	45.21	39.32	41.36	43.17	56.41	47.63	57.91	57.8	59.86	35.96	63.71	46.84	66.1	44.69	69.62	55.22
64	2.207	29.43	39.09	27.28	38.8	27.03	42.4	27.34	44.65	27.45	55.54	35.65	47.35	34.92	59.04	43.55	40.96	45.43	58.43	45.32	39.49	41.38	43.89	57.94	47.39	59.09	56.97	61.25	34.63	63.86	45.49	66.24	44.51	68.62	54.82
65	2.241	29.42	39.21	27.28	38.84	27.03	42.5	27.39	44.51	27.5	55.5	35.68	47.29	34.99	59.11	43.63	41.28	45.45	58.93	45.5	39.63	41.53	44.12	57.87	47.44	59.05	57.05	60.99	34.75	63.7	45.62	66.17	44.44	68.59	54.52
66	2.276	29.49	39.26	27.33	38.88	27.08	42.56	27.42	44.53	27.52	55.57	35.71	47.39	35.03	59.09	43.7	41.54	45.45	58.83	45.73	39.69	41.43	44.08	57.94	47.3	59.13	56.85	61.05	34.56	63.79	45.37	66.17	43.89	68.63	53.97
67	2.31	29.49	39.25	27.34	38.86	27.05	42.58	27.43	44.52	27.42	55.61	35.72	47.35	34.99	59.08	43.84	41.56	45.47	58.67	45.93	39.74	41.77	43.66	57.79	47.35	58.94	56.86	60.66	34.39	63.51	45.19	65.79	43.58	68.24	53.63
68	2.345	29.52	39.21	27.39	38.86	27.16	42.52	27.48	44.54	27.65	55.47	35.69	47.3	35.12	58.85	43.67	41.66	45.46	58.73	46.09	39.73	41.86	44.05	57.56	47.14	58.83	56.55	60.57	34.27	63.4	44.92	65.73	43.27	68.24	53.22
69	2.379	29.48	39.16	27.32	38.79	27.18	42.45	27.39	44.43	27.76	55.34	35.65	47.09	35.18	58.77	43.77	41.33	45.43	58.83	46.44	39.5	42.18	44.1	57.56	46.93	58.91	56.4	60.49	34.21	63.31	44.98	65.56	43.16	68.02	53.15
70	2.414	29.58	39.09	27.43	38.71	27.22	42.36	27.48	44.39	27.73	55.27	35.63	47.16	35.14	58.7	43.69	41.56	45.37	58.8	46.54	39.36	41.92	44.07	57.51	47.02	58.86	56.42	60.38	34.29	63.28	44.95	65.46	42.63	68.1	52.7
71	2.448	29.54	39.03	27.39	38.65	27.19	42.33	27.41	44.32	27.72	55.26	35.57	47.14	35.18	58.76	43.59	41.53	45.35	58.88	46.51	39.43	41.92	44.17	57.34	47.23	58.75	56.61	59.89	34.22	62.83	44.84	65.16	42.66	67.74	52.63
72	2.483	29.6	39.03	27.42	38.62	27.2	42.4	27.44	44.23	27.72	55.39	35.64	47.06	35.33	58.77	43.55	41.56	45.41	58.87	46.5	39.44	42.15	44.15	57.51	47.25	58.99	56.66	59.85	33.92	62.96	44.55	65.21	42.3	67.94	52.25
73	2.517	29.51	39.05	27.36	38.64	27.16	42.38	27.35	44.24	27.66	55.28	35.36	47.09	35.02	58.68	43.15	41.67	44.95	58.92	46.28	39.44	41.54	44.18	57.18	47.15	58.64	56.61	60.13	34.16	63.19	44.77	65.66	42.17	68.49	52.03
74	2.552	29.48	39.03	27.34	38.66	27.12	42.37	27.34	44.36	27.61	55.35	35.36	47.26	35.07	58.68	43.36	42.02	45.09	58.91	46.44	39.41	41.37	44.13	57.17	47.18	58.66	56.5	59.78	34.2	62.92	44.67	65.44	41.73	68.23	51.65
75	2.586	29.64	39.12	27.49	38.75	27.21	42.48	27.41	44.4	27.54	55.48	35.35	47.17	35.01	58.66	43.26	41.93	45.03	58.66	46.3	39.45	41.27	43.72	57.35	47.06	58.81	56.47	59.9	33.98	63.12	44.59	65.63	41.68	68.44	51.72
76	2.621	29.75	39.27	27.54	38.88	27.32	42.65	27.35	44.45	27.6	55.65	35.31	47.08	35.08	58.81	43.25	41.83	45.15	58.95	46.3	39.68	41.42	44.03	57.56	46.97	59.1	56.54	60.22	33.85	63.5	44.61	65.8	41.64	68.67	51.69
77	2.655	29.91	39.25	27.73	38.83	27.43	42.64	27.53	44.36	27.56	55.64	35.41	47.04	34.95	58.86	43.4	41.67	44.96	58.89	46.28	39.61	41.24	43.89	57.32	47.11	58.73	56.69	60.06	33.93	63.33	44.68	65.76	41.72	68.58	51.79
78	2.69	30.19	39.27	28.01	38.91	27.66	42.68	27.78	44.5	27.71	55.73	35.64	47.08	35.15	58.7	43.63	41.57	45.14	58.29	46.38	39.7	41.34	43.76	57.46	47.06	58.84	56.56	60.28	33.8	63.51	44.59	66.05	41.62	68.73	51.94
79	2.724	30.21	39.39	28.04	39.03	27.7	42.79	27.79	44.62	27.77	55.82	35.56	47.07	35.09	58.79	43.41	41.5	45.02	58.59	46.39	39.65	41.35	43.89	57.41	47.09	58.8	56.64	60.29	33.87	63.52	44.6	65.97	41.73	68.73	51.98
80	2.759	30.41	39.47	28.24	39.12	27.92	42.83	27.96	44.68	27.96	55.76	35.7	47.0	35.2	58.73	43.65	41.35	45.02	58.6	46.57	39.45	41.3	43.89	57.5	46.95	58.88	56.49	60.4	33.88	63.57	44.66	66.02	41.76	68.71	52.08
81	2.793	30.44	39.59	28.25	39.28	27.96	42.97	27.87	44.92	27.95	55.96	35.61	47.22	35.14	58.84	43.56	41.54	45.03	58.5	46.64	39.55	41.4	43.8	57.46	47.12	58.86	56.62	60.31	33.79	63.5	44.46	65.97	41.87	68.68	52.14
82	2.828	30.55	39.56	28.38	39.26	28.02	42.92	28.05	44.96	27.92	55.98	35.77	47.31	35.09	58.99	43.79	41.72	44.99	58.88	46.82	39.48	41.41	44.22	57.64	47.19	58.92	56.71	60.49	33.88	63.66	44.53	66.04	41.88	68.7	52.2
83	2.862	30.61	39.6	28.45	39.27	28.07	42.93	28.08	44.9	27.92	55.92	35.67	47.3	35.08	59.01	43.62	41.84	45.07	59.14	46.75	39.42	41.62	44.4	57.47	47.25	58.79	56.76	60.24	34.09	63.45	44.67	65.91	42.0	68.58	52.19
84	2.897	30.61	39.67	28.43	39.34	28.11	42.98	28.03	44.97	28.01	55.9	35.64	47.45	35.14	58.99	43.47	41.97	45.12	59.03	46.69	39.58	41.76	44.49	57.46	47.26	58.8	56.72	60.49	34.26	63.58	44.73	66.02	42.09	68.67	52.19
85	2.931	30.46	39.53	28.32	39.21	28.02	42.78	27.97	44.81	27.97	55.57	35.58	47.41	34.99	58.75	43.57	41.81	45.09	58.43	46.86	39.43	41.4	43.73	57.22	47.43	58.49	56.8	60.51	34.3	63.49	44.79	65.94	42.49	68.58	52.53
86	2.966	30.38	39.53	28.24	39.22	27.94	42.76	27.88	44.84	27.87	55.53	35.49	47.54	34.9	58.74	43.57	42.48	45.13	58.8	46.89	39.84	41.35	44.05	57.28	47.59	58.53	56.89	60.58	34.59	63.56	44.89	65.97	42.85	68.63	52.7
87	3.0	30.35	39.31	28.16	39.03	27.89	42.53	27.75	44.77	27.8	55.41	35.5	47.56	34.86	58.62	43.83	42.67	45.14	58.71	47.42	39.75	41.14	43.89	57.44	47.59	58.68	56.83	60.86	34.47	63.75	44.62	66.06	42.91	68.71	52.74
88	3.034	30.39	39.17	27.99	38.72	27.67	42.54	26.58	44.06	26.55	55.57	34.04	47.2	33.48	58.83	44.37	42.6	44.55	58.58	47.92	39.53	41.18	43.75	56.06	47.67	57.59	57.32	58.95	36.26	62.84	46.39	65.11	41.6	68.6	51.69
89	3.069	30.44	39.1	28.07	38.65	27.72	42.47	26.66	43.96	26.55	55.48	34.08	46.98	33.39	58.76	44.43	42.33	44.45	58.52	48.15	39.56	41.22	43.81	55.94	47.52	57.39	57.25	58.89	36.32	62.73	46.68	65.01	42.14	68.47	52.36
90	3.103	30.03	39.33	27.68	38.79	27.3	42.54	26.42	44.22	26.15	55.65	34.11	47.88	33.61	59.18	44.49	43.12	44.45	58.84	48.66	39.95	41.6	43.69	56.45	47.78	58.04	57.56	60.63	35.54	64.25	46.5	66.27	41.5	69.17	52.73
91	3.138	29.93	39.25	27.61	38.75	27.27	42.42	26.32	44.25	26.14	55.48	34.04	47.99	33.51	59.14	44.6	43.11	44.56	58.66	49.33	39.97	41.59	43.66	56.32	47.84	57.9	57.53	60.73	35.72	64.19	46.57	66.34	41.65	69.24	52.59
92	3.172	29.9	39.09	27.53	38.57	27.23	42.27	26.21	44.09	26.1	55.39	34.15	47.82	33.55	58.95	45.07	43.08	44.49	58.6	50.13	39.82	41.24	43.68	56.49	47.85	58.05	57.5	60.98	35.77	64.36	46.46	66.36	41.9	69.26	52.78
93	3.207	29.87	39.24	27.48	38.66	27.19	42.39	26.17	44.02	26.06	55.39	34.14	47.67	33.53	58.84	45.19	43.44	44.39	58.8	50.27	40.31	41.32	43.72	56.7	47.49	58.29	57.23	61.18	35.7	64.76	46.51	66.74	41.98	69.82	52.85
94	3.241	29.99	39.14	27.59	38.55	27.28	42.35	26.32	43.89	26.23	55.43	34.39	47.37	33.7	58.88	45.63	42.66	44.45	58.81	50.9	40.59	41.46	43.86	56.8	47.52	58.35	57.35	61.16	35.53	64.7	46.36	66.58	42.35	69.59	53.25
95	3.276	30.08	39.08	27.64	38.55	27.38	42.42	26.39	43.95	26.41	55.65	34.57	46.99	33.94	58.82	46.49	41.21	44.7	58.4	52.13	39.11	41.8	43.48	56.71	47.42	58.34	57.4	61.09	35.46	64.8	46.59	66.64	42.17	69.57	53.49
96	3.31	30.05	39.08	27.63	38.58	27.38	42.35	26.28	44.01	26.34	55.5	34.28	47.34	33.84	58.75	46.09	42.01	44.89	57.98	52.09	40.34	41.81	43.14	56.54	47.58	58.24	57.42	61.34	35.63	65.07	46.61	66.79	42.02	69.87	53.2
97	3.345	30.15	39.18	27.77	38.63	27.53	42.39	26.49	43.86	26.5	55.28	34.39	47.12	33.91	58.5	45.33	42.23	44.86	58.06	50.14	40.74	41.83	42.94	56.67	47.2	58.25	57.04	61.62	35.76	65.15	46.67	67.0	42.87	70.0	53.69
98	3.379	30.27	39.09	27.91	38.54	27.58	42.34	26.72	43.81	26.52	55.37	34.86	46.78	33.98	58.52	46.65	41.35	44.89	57.94	52.24	39.92	41.5	42.66	56.99	47.2	58.44	57.17	61.8	35.41	65.43	46.61	67.07	42.53	70.16	53.72
99	3.414	30.16	38.91	27.76	38.38	27.47	42.2	26.54	43.68	26.45	55.27	34.69	46.81	34.04	58.37	45.92	41.54	44.96	57.66	50.62	40.2	41.67	42.3	57.08	47.04	58.6	56.9	61.63	35.36	65.23	46.22	66.82	42.7	69.9	53.53
100	3.448	30.19	39.02	27.83	38.48	27.48	42.25	26.69	43.78	26.45	55.27	34.82	47.09	33.99	58.4	45.95	42.07	44.73	57.78	50.75	39.92	41.51	42.7	57.2	47.24	58.64	56.98	61.72	35.34	65.27	46.09	66.99	42.52	70.1	53.35
101	3.483	30.61	38.79	28.25	38.21	27.86	42.06	26.98	43.29	26.7	54.86	34.72	46.45	33.59	58.1	45.7	42.41	44.63	58.13	50.5	39.36	41.23	43.25	56.7	47.04	57.95	56.7	59.92	35.74	63.87	45.85	65.33	43.23	69.33	52.86
102	3.517	30.65	38.87	28.31	38.29	27.92	42.14	27.06	43.34	26.76	54.89	34.86	46.5	33.62	58.07	45.77	42.57	44.6	58.09	50.32	39.26	41.19	43.16	56.73	47.01	57.89	56.62	60.05	35.8	63.84	45.86	65.45	43.31	69.32	52.82
103	3.552	30.63	38.84	28.33	38.27	27.9	42.12	27.15	43.36	26.74	54.88	34.9	46.57	33.55	58.12	45.64	42.62	44.53	58.09	49.98	39.36	41.15	43.31	56.68	47.08	57.77	56.69	60.05	35.9	63.87	46.03	65.6	43.48	69.55	53.05
104	3.586	30.64	38.84	28.33	38.23	27.92	42.1	27.13	43.27	26.77	54.83	34.88	46.44	33.51	58.14	45.53	42.43	44.42	58.21	49.63	39.52	41.25	43.4	56.77	47.09	57.85	56.81	60.0	35.53	63.88	45.79	65.65	43.58	69.65	53.2
105	3.621	30.73	38.98	28.49	38.37	28.02	42.22	27.33	43.41	26.89	54.91	34.98	46.62	33.57	58.28	45.2	42.32	44.4	58.06	49.1	39.44	41.39	43.25	56.77	47.38	57.8	57.08	59.97	35.54	63.76	45.81	65.78	43.65	69.66	53.29
106	3.655	30.75	38.86	28.48	38.24	27.99	42.13	27.24	43.37	26.73	54.98	34.88	46.7	33.4	58.46	45.18	42.41	44.37	58.43	49.13	39.51	41.4	43.83	56.77	47.29	57.72	57.03	59.95	35.22	63.63	45.4	66.01	43.19	69.58	52.73
107	3.69	30.71	38.98	28.43	38.39	27.97	42.23	27.18	43.51	26.72	55.03	34.79	46.76	33.39	58.45	44.88	42.43	44.25	58.55	49.06	39.43	41.32	43.98	56.84	47.05	57.83	56.76	60.11	34.97	63.66	44.99	65.74	42.29	69.19	51.77
108	3.724	30.7	39.08	28.47	38.43	27.93	42.33	27.32	43.45	26.75	55.08	34.79	46.87	33.53	58.58	44.69	42.6	44.23	58.92	49.22	39.25	41.02	44.57	56.8	47.13	57.86	56.85	59.97	35.03	63.54	45.09	66.24	40.51	69.49	49.98
109	3.759	30.7	39.2	28.54	38.52	27.8	42.39	27.69	43.82	26.81	55.4	35.22	48.02	34.36	58.96	44.91	43.53	44.62	58.88	49.62	39.3	41.16	43.91	57.08	47.43	58.42	56.89	60.82	34.7	64.03	45.21	67.54	38.92	69.66	49.58
110	3.793	30.8	39.04	28.46	38.39	27.96	42.41	27.25	43.52	26.88	55.44	34.93	47.38	34.02	58.95	44.84	43.18	44.68	59.0	49.68	39.31	41.18	44.46	57.16	47.52	58.55	57.14	59.84	34.33	63.8	44.29	66.24	37.68	69.8	47.27
111	3.828	30.84	38.98	28.46	38.31	28.0	42.37	27.23	43.44	26.97	55.48	35.09	47.36	34.29	59.04	45.28	42.8	44.97	58.71	50.0	39.67	41.33	44.3	57.64	47.56	59.17	57.29	60.18	33.85	64.39	44.01	66.72	37.2	70.48	46.96
112	3.862	30.89	38.97	28.68	38.36	28.01	42.14	27.68	43.85	27.01	55.24	35.4	48.19	34.66	58.91	45.69	43.41	45.16	58.11	50.38	40.15	41.27	43.4	57.45	47.78	58.92	57.1	60.97	34.26	64.2	44.77	67.99	38.31	69.96	49.18
113	3.897	30.88	38.86	28.69	38.28	28.03	42.03	27.74	43.75	27.02	55.08	35.56	48.13	34.62	58.71	46.11	43.78	45.18	58.04	50.45	40.41	41.23	43.17	57.73	47.74	59.08	57.06	61.39	34.37	64.59	44.94	68.6	38.3	70.58	49.15
114	3.931	30.89	38.68	28.76	38.1	28.04	41.78	27.86	43.63	26.98	54.79	35.63	48.17	34.54	58.58	46.18	44.12	45.15	58.03	50.45	40.61	41.23	43.13	57.96	47.58	59.22	56.89	61.72	34.53	64.92	45.12	69.21	38.3	71.19	49.05
115	3.966	30.89	38.66	28.76	38.06	28.06	41.71	27.76	43.58	26.94	54.68	35.41	48.2	34.45	58.69	45.87	44.08	45.17	58.27	50.48	40.73	41.5	43.61	57.84	47.8	59.16	57.18	61.53	34.88	64.67	45.58	69.19	38.73	71.0	49.52
116	4.0	30.87	38.49	28.71	37.9	28.02	41.56	27.77	43.55	26.86	54.72	35.63	48.08	34.42	58.84	46.22	44.15	45.33	58.86	50.6	40.6	41.65	43.46	58.65	47.27	59.84	56.83	62.44	34.71	65.59	45.5	69.74	39.07	71.77	49.81
117	4.034	30.9	38.46	28.74	37.83	28.05	41.5	27.72	43.39	26.78	54.57	35.54	47.96	34.22	58.9	46.23	44.15	45.15	59.23	50.54	40.62	41.65	43.51	58.58	47.27	59.72	56.92	62.39	34.63	65.55	45.4	69.57	39.32	71.7	49.93
118	4.069	30.65	38.48	28.28	37.69	27.8	41.7	26.92	42.8	26.44	54.77	34.89	47.12	33.64	59.0	45.69	43.76	44.92	59.91	50.47	40.4	41.62	44.57	58.48	47.39	59.71	57.36	61.04	34.37	65.09	44.51	68.1	38.72	71.68	47.88
119	4.103	30.6	38.34	28.21	37.65	27.81	41.62	26.82	42.84	26.52	54.71	34.75	47.02	33.7	58.82	45.69	43.61	45.02	59.58	50.5	40.3	41.74	44.14	58.14	47.16	59.48	57.06	60.6	34.33	64.63	44.55	67.77	38.06	71.21	47.38
120	4.138	30.53	38.23	28.12	37.47	27.68	41.57	26.82	42.56	26.42	54.75	34.85	46.8	33.76	58.99	45.74	43.3	45.14	60.04	50.64	40.18	41.79	44.46	58.47	47.02	59.83	57.13	60.85	33.99	65.09	44.34	67.85	37.79	71.61	47.02
121	4.172	30.72	38.33	28.51	37.62	27.75	41.49	27.69	42.99	26.66	54.68	35.64	47.5	34.43	59.1	46.23	44.02	45.27	60.36	50.78	40.36	41.46	44.16	58.68	47.18	59.9	57.01	61.48	34.03	64.81	45.0	68.34	38.31	70.62	48.98
122	4.207	30.73	38.17	28.56	37.46	27.8	41.24	27.78	42.88	26.73	54.36	35.71	47.45	34.38	58.96	46.25	44.22	45.16	60.54	50.81	40.6	41.36	44.17	58.68	47.0	59.86	56.78	61.76	33.91	65.01	44.72	68.39	38.46	70.74	48.95
123	4.241	30.69	38.18	28.5	37.46	27.77	41.25	27.67	42.86	26.64	54.36	35.73	47.31	34.36	58.87	46.56	44.06	45.19	60.39	51.08	40.93	41.24	44.13	58.77	46.57	59.95	56.35	61.75	33.85	65.05	44.64	68.44	38.54	70.78	48.95
124	4.276	30.66	38.15	28.47	37.38	27.68	41.22	27.75	42.69	26.6	54.32	35.82	47.11	34.42	58.67	46.53	44.16	45.05	60.35	51.23	41.13	41.29	44.14	58.97	46.39	60.13	56.18	61.82	33.92	65.21	44.67	68.39	38.66	70.87	49.13
125	4.31	30.64	38.1	28.45	37.36	27.67	41.14	27.7	42.67	26.59	54.21	35.55	47.13	34.48	58.57	45.97	44.04	45.22	60.1	51.14	41.59	41.46	44.64	58.92	46.25	60.26	56.05	62.12	34.09	65.61	44.84	68.58	38.74	71.2	49.36
126	4.345	30.73	37.97	28.51	37.21	27.68	41.03	27.74	42.58	26.47	54.22	35.82	47.1	34.49	58.43	46.37	44.47	45.3	60.01	51.61	42.04	41.54	44.47	59.5	46.2	60.68	55.96	62.64	33.89	66.11	44.46	68.92	39.0	71.61	49.5
127	4.379	30.7	37.95	28.4	37.21	27.66	41.05	27.54	42.61	26.48	54.35	35.59	47.13	34.6	58.37	46.02	44.36	45.44	59.82	51.31	41.88	41.76	44.56	59.48	45.99	60.82	55.76	62.87	34.07	66.33	44.54	69.03	39.12	71.73	49.72
128	4.414	30.6	37.79	28.16	37.03	27.68	41.04	27.03	42.18	26.58	54.25	35.08	46.44	34.3	58.28	45.44	43.72	45.49	59.79	50.94	41.38	42.01	44.76	59.29	46.02	60.82	55.97	61.6	33.59	66.04	43.49	67.7	37.93	72.06	47.2
129	4.448	30.68	37.79	28.24	37.01	27.73	41.04	27.1	42.08	26.58	54.23	35.15	46.19	34.38	58.2	45.48	43.56	45.56	59.73	50.97	41.21	41.94	44.27	59.72	45.91	61.24	55.96	61.72	33.46	66.22	43.5	67.84	38.15	72.21	47.44
130	4.483	30.81	37.78	28.36	37.05	27.89	41.03	27.19	42.24	26.74	54.23	35.19	46.45	34.49	58.18	45.71	43.8	45.7	59.55	51.23	41.1	41.98	44.16	59.56	45.94	61.14	55.83	61.63	33.69	66.17	43.53	67.76	38.06	72.12	47.32
131	4.517	30.94	37.81	28.58	37.05	28.03	41.05	27.47	42.18	26.85	54.17	35.48	46.23	34.35	58.14	46.14	43.38	45.52	59.51	51.84	41.02	41.85	44.24	59.36	45.98	60.64	55.92	61.76	33.48	65.97	43.51	68.09	38.63	72.02	47.78
132	4.552	31.01	37.77	28.64	37.05	28.15	40.99	27.41	42.28	26.93	54.11	35.42	46.43	34.31	58.12	46.27	43.41	45.52	59.3	52.56	40.66	41.91	44.44	59.15	46.35	60.44	56.19	61.78	33.57	65.88	43.53	67.88	38.75	71.81	47.94
133	4.586	31.0	37.87	28.69	37.14	28.17	41.08	27.71	42.2	27.13	53.99	35.81	46.35	34.49	57.97	46.44	43.64	45.48	59.5	52.2	40.45	41.89	44.29	59.26	46.46	60.42	56.2	61.75	33.33	65.8	43.11	67.67	38.66	71.68	47.53
134	4.621	31.08	37.97	28.78	37.25	28.19	41.19	27.83	42.29	27.13	54.09	35.89	46.4	34.54	58.02	46.5	43.54	45.46	59.52	52.29	40.13	41.97	44.56	59.18	46.73	60.32	56.37	61.16	33.83	65.3	43.46	67.0	39.19	71.13	48.02
135	4.655	31.1	37.98	28.79	37.26	28.24	41.24	27.77	42.28	27.16	54.14	35.85	46.4	34.46	58.01	46.43	43.3	45.31	59.31	52.06	39.65	42.02	44.59	58.8	47.02	59.88	56.63	61.0	33.98	65.0	43.55	66.86	39.54	70.85	48.26
136	4.69	31.06	38.03	28.76	37.34	28.23	41.25	27.76	42.37	27.18	54.04	35.77	46.5	34.42	57.83	46.3	43.6	45.11	59.17	51.82	39.44	41.82	44.25	58.63	47.13	59.75	56.59	60.78	34.72	64.88	44.05	66.56	39.62	70.72	48.22
137	4.724	31.09	38.03	28.88	37.33	28.28	41.14	27.87	42.4	27.14	53.79	35.69	46.64	34.29	57.8	46.25	43.83	45.13	58.94	51.67	40.69	41.71	44.16	58.4	47.24	59.52	56.64	60.59	35.15	65.0	44.58	66.53	39.86	71.14	48.57
138	4.759	31.14	37.99	28.96	37.34	28.34	41.04	27.93	42.56	27.15	53.73	35.62	46.88	34.27	57.83	46.37	44.15	45.22	58.75	51.61	41.13	41.58	43.88	58.28	47.43	59.43	56.78	60.7	35.03	65.14	44.56	66.7	39.73	71.12	48.78
139	4.793	31.06	37.96	28.85	37.33	28.26	41.0	27.83	42.65	27.08	53.74	35.7	47.16	34.21	57.88	46.75	44.46	45.2	58.78	51.42	41.07	41.51	44.13	58.2	47.27	59.32	56.5	61.0	35.23	65.34	44.53	66.96	40.26	71.28	49.15
140	4.828	30.99	37.85	28.78	37.22	28.2	40.95	27.74	42.53	27.12	53.74	35.34	46.96	34.26	57.88	46.11	44.2	45.02	58.99	51.13	40.59	41.61	43.97	57.82	47.42	59.27	56.79	60.24	35.41	65.36	44.89	66.59	39.69	71.85	48.75
141	4.862	31.14	38.09	29.07	37.51	28.35	41.08	28.14	43.12	27.14	53.97	35.8	47.62	34.62	58.02	46.66	43.94	45.22	58.35	51.34	40.18	41.87	43.48	58.13	47.39	59.32	56.69	61.93	35.72	65.33	46.15	69.32	40.34	71.46	50.63
142	4.897	31.26	38.01	29.26	37.44	28.5	40.98	28.43	43.1	27.33	53.85	36.09	47.51	34.68	57.94	46.83	43.82	45.26	58.43	51.21	40.02	41.99	43.51	58.61	47.3	59.61	56.69	62.4	35.54	65.5	46.25	70.44	40.34	72.09	50.82
143	4.931	30.16	37.88	28.01	36.98	27.18	41.37	27.54	41.63	26.25	54.28	35.2	46.63	34.1	57.74	46.35	43.53	45.48	58.55	50.7	39.51	41.8	44.14	58.13	46.62	59.3	56.37	60.82	36.54	65.98	45.45	69.83	38.88	74.53	46.55
144	4.966	30.11	37.78	27.88	36.89	27.09	41.24	27.22	41.65	26.05	54.3	34.8	46.69	33.94	57.89	46.11	43.56	45.5	58.58	50.47	39.64	41.84	43.87	58.38	46.51	59.79	56.46	61.22	36.35	66.79	45.58	70.24	38.8	75.4	46.95
145	5.0	30.13	37.67	27.95	36.83	27.12	41.16	27.41	41.7	26.11	54.32	35.14	46.53	33.92	57.68	46.32	43.23	45.43	58.13	50.09	39.34	41.84	43.57	58.82	46.29	60.02	56.31	61.9	36.1	67.3	45.62	71.23	38.79	76.23	47.35
146	5.034	30.09	37.62	27.83	36.75	27.15	41.18	27.03	41.67	26.09	54.5	34.81	46.57	33.88	57.89	45.91	42.91	45.68	58.02	49.21	39.46	42.28	43.28	58.71	46.36	60.06	56.54	61.82	36.02	67.26	45.7	71.6	39.33	76.49	47.76
147	5.069	29.89	37.66	27.59	36.83	26.96	41.33	26.89	41.71	26.02	54.71	34.59	46.33	33.91	57.98	45.21	41.91	45.68	57.96	47.98	38.72	41.98	43.16	58.34	46.15	59.77	56.47	61.7	36.1	67.05	45.96	70.77	39.05	75.64	47.75
148	5.103	30.76	37.72	28.5	37.14	28.02	40.97	27.45	42.69	27.09	54.3	34.97	46.57	34.37	58.38	44.47	41.38	45.25	58.64	46.6	38.28	42.06	43.86	59.23	45.94	60.87	56.23	62.57	34.57	66.92	45.52	70.93	39.56	74.14	49.87
149	5.138	30.82	37.69	28.62	37.16	28.05	41.09	27.86	42.66	27.31	54.45	35.18	46.39	34.51	58.33	43.66	40.29	45.08	58.44	44.9	36.4	41.73	43.47	58.8	45.94	60.24	56.2	62.22	34.54	66.13	45.4	70.38	38.54	73.08	48.91
150	5.172	30.92	37.66	28.58	37.17	28.12	41.07	27.68	42.72	27.25	54.46	35.44	46.84	34.67	58.18	44.17	41.83	45.28	57.91	44.02	37.58	41.52	42.0	59.14	46.09	60.56	55.99	61.98	34.17	66.05	44.54	69.55	37.87	72.64	48.09
151	5.207	31.04	37.55	28.64	36.99	28.2	41.03	27.86	42.41	27.32	54.43	36.17	46.69	34.78	58.08	45.26	42.09	45.2	58.24	43.97	37.64	41.51	42.67	59.41	46.01	60.45	55.82	61.99	33.89	65.82	44.1	69.2	37.44	72.14	47.46
152	5.241	31.08	37.42	28.61	36.91	28.22	40.94	27.85	42.35	27.39	54.43	36.27	46.52	35.09	58.01	45.2	41.89	45.57	58.17	44.0	37.58	41.6	42.59	59.96	45.49	61.17	55.35	62.15	33.41	66.17	43.69	68.92	36.49	72.25	46.67
153	5.276	30.99	37.43	28.49	36.95	28.17	40.94	27.64	42.41	27.39	54.38	36.03	46.56	35.09	57.91	44.89	41.92	45.61	57.91	43.89	37.65	41.67	42.18	59.63	45.47	60.94	55.19	61.84	33.4	65.68	43.45	68.32	37.04	71.49	47.06
154	5.31	30.95	37.4	28.42	36.96	28.15	40.98	27.52	42.47	27.38	54.49	35.92	46.61	35.14	57.81	44.82	41.71	45.66	57.27	43.83	37.54	41.69	41.64	59.33	45.26	60.72	54.88	61.67	33.08	65.54	43.03	67.95	36.38	71.13	46.43
155	5.345	30.93	37.39	28.41	36.98	28.18	40.93	27.43	42.54	27.37	54.39	35.78	46.69	35.06	57.79	44.85	41.91	45.74	57.13	44.01	37.84	41.8	41.4	59.16	45.34	60.6	54.93	61.56	33.08	65.49	43.09	67.89	36.4	71.11	46.42
156	5.379	31.11	37.47	28.53	37.08	28.36	41.1	27.49	42.59	27.6	54.59	35.75	46.55	35.36	57.72	44.54	41.44	45.9	56.86	43.91	37.45	41.81	41.53	59.27	45.14	60.87	54.77	61.65	32.88	65.59	42.93	68.03	36.27	71.2	46.33
157	5.414	31.24	37.46	28.76	37.05	28.51	40.99	27.72	42.57	27.73	54.37	35.63	46.58	35.45	57.74	44.03	41.8	45.97	56.95	44.1	38.17	42.26	41.56	58.93	45.44	60.6	55.04	61.26	33.3	65.13	43.52	67.84	36.92	70.71	47.08
158	5.448	31.17	37.59	28.62	37.1	28.4	41.12	27.51	42.5	27.56	54.51	35.68	46.37	35.39	57.81	44.52	41.54	45.99	57.13	44.54	38.34	42.36	41.97	59.22	45.3	60.9	55.06	61.51	33.37	65.47	43.79	67.93	37.26	70.97	47.56
159	5.483	31.37	37.78	28.86	37.33	28.61	41.33	27.8	42.68	27.79	54.61	35.78	46.43	35.48	57.68	44.42	41.53	45.84	56.92	44.63	38.14	42.22	42.07	59.0	45.38	60.65	55.02	61.57	33.72	65.48	43.92	67.91	37.54	71.03	47.72
160	5.517	31.36	37.79	28.82	37.33	28.59	41.36	27.62	42.68	27.66	54.71	35.64	46.38	35.31	57.79	44.6	41.25	45.83	56.7	44.74	38.3	42.25	41.73	59.02	45.34	60.67	55.13	61.72	33.64	65.73	44.05	68.31	38.07	71.42	48.25
161	5.552	31.3	37.76	28.74	37.28	28.53	41.31	27.52	42.55	27.58	54.63	35.51	46.31	35.26	57.81	44.45	41.24	45.84	56.91	44.77	38.31	42.26	41.82	59.1	45.45	60.81	55.3	61.85	33.74	65.95	44.16	68.3	38.2	71.63	48.35
162	5.586	31.37	37.74	28.83	37.27	28.59	41.29	27.72	42.54	27.71	54.6	35.81	46.24	35.39	57.81	44.77	40.91	45.88	56.88	44.62	38.01	42.17	41.88	59.37	45.46	61.0	55.36	62.05	33.64	66.14	44.18	68.49	38.12	71.81	48.41
163	5.621	31.37	37.78	28.83	37.25	28.54	41.31	27.84	42.36	27.68	54.51	35.97	46.0	35.4	57.66	44.88	41.04	45.75	57.08	44.78	38.0	42.26	41.72	59.61	45.32	61.13	55.23	62.03	33.56	66.07	44.06	68.35	38.16	71.68	48.39
164	5.655	31.45	37.79	28.92	37.24	28.61	41.34	27.88	42.33	27.69	54.55	35.98	45.92	35.4	57.55	44.68	40.92	45.61	56.81	44.72	38.17	42.18	41.55	59.7	45.22	61.21	55.13	62.08	33.07	66.15	43.51	68.44	37.59	71.8	47.77
165	5.69	31.49	37.76	28.94	37.25	28.67	41.33	27.92	42.44	27.79	54.6	36.11	46.12	35.44	57.59	45.02	41.07	45.73	56.67	44.84	38.1	42.14	41.4	59.46	45.37	60.91	55.14	62.02	32.95	66.04	43.2	68.07	37.5	71.49	47.63
166	5.724	31.48	37.83	28.94	37.39	28.71	41.41	27.85	42.63	27.85	54.61	35.98	46.28	35.41	57.48	44.74	41.28	45.7	56.32	44.89	38.24	42.3	41.19	59.07	45.53	60.55	55.12	61.6	33.25	65.58	43.27	67.36	37.92	70.94	47.88
167	5.759	31.49	38.05	28.89	37.62	28.77	41.67	27.67	42.71	27.88	54.73	35.63	46.27	35.36	57.37	44.1	41.54	45.69	56.38	44.78	37.95	42.25	41.34	58.57	45.41	60.14	54.89	61.2	33.67	65.11	43.36	66.52	38.5	70.3	48.01
168	5.793	31.54	38.17	29.02	37.8	28.91	41.75	27.91	42.94	28.15	54.69	35.73	46.15	35.41	57.21	43.91	41.28	45.66	56.16	44.76	37.75	42.38	40.88	58.65	45.34	60.1	54.79	61.21	33.89	64.9	43.72	66.29	39.3	69.9	48.89
169	5.828	31.52	38.24	29.06	37.8	28.87	41.82	27.94	42.88	28.05	54.77	35.6	46.12	35.17	57.49	43.51	41.17	45.43	56.7	44.75	37.48	42.55	41.17	58.39	45.54	59.78	55.15	61.11	33.87	64.87	43.77	66.49	39.58	70.19	48.93
170	5.862	31.45	38.28	29.0	37.9	28.8	41.87	27.94	43.04	28.03	54.83	35.6	46.31	35.18	57.44	43.44	41.4	45.47	56.44	44.63	37.13	42.38	40.64	58.42	45.67	59.82	55.18	61.13	34.01	64.93	43.84	66.5	39.62	70.34	49.01
171	5.897	31.44	38.32	29.07	37.99	28.82	41.86	28.14	43.23	28.06	54.78	35.78	46.22	35.08	57.39	43.83	41.21	45.44	56.18	44.73	36.76	42.52	39.82	58.29	45.77	59.48	55.3	60.98	34.28	64.61	44.52	66.21	40.34	69.74	50.28
172	5.931	31.53	38.35	29.16	38.02	28.85	41.92	28.34	43.24	28.14	54.91	35.96	46.06	35.19	57.51	43.78	40.65	45.38	56.38	44.53	36.41	42.33	40.16	58.39	45.85	59.5	55.49	61.08	34.35	64.46	44.76	66.02	40.7	69.23	50.95
173	5.966	31.47	38.39	29.13	38.04	28.8	41.94	28.38	43.28	28.13	54.93	36.02	46.08	35.11	57.63	44.14	40.58	45.31	56.47	44.87	36.76	42.56	40.37	58.31	45.87	59.39	55.59	61.15	34.34	64.62	44.99	66.21	41.01	69.45	51.49
174	6.0	31.49	38.19	29.2	37.85	28.78	41.73	28.5	43.19	28.05	54.82	36.13	46.08	34.99	57.7	44.33	40.28	45.29	56.52	45.17	36.71	42.38	40.9	58.36	45.78	59.32	55.53	61.34	34.2	64.84	44.83	66.4	41.12	69.71	51.59
175	6.034	31.57	38.09	29.31	37.75	28.86	41.58	28.58	43.14	28.04	54.68	36.18	46.06	34.93	57.72	44.44	40.3	45.31	56.58	45.31	37.0	42.26	41.08	58.46	45.94	59.35	55.73	61.53	34.19	64.91	44.87	66.72	41.53	69.81	51.97
176	6.069	31.65	38.06	29.38	37.72	28.99	41.53	28.61	43.05	28.24	54.52	36.1	45.93	35.09	57.56	44.15	40.31	45.4	56.63	45.25	37.12	42.35	41.02	58.51	45.65	59.58	55.47	61.69	34.39	65.28	45.11	66.81	41.12	70.31	51.55
177	6.103	31.74	38.03	29.5	37.71	29.1	41.5	28.76	43.06	28.39	54.45	36.15	46.05	35.22	57.45	44.05	40.43	45.38	56.33	45.29	37.45	42.35	41.07	58.32	45.69	59.42	55.36	61.51	34.43	65.19	44.92	66.73	40.86	70.33	51.06
178	6.138	31.86	37.96	29.65	37.65	29.24	41.43	29.06	43.02	28.64	54.37	36.54	45.79	35.47	57.36	44.5	39.99	45.6	56.52	45.6	37.06	42.54	41.44	58.69	45.65	59.72	55.41	61.92	34.31	65.55	45.04	67.11	40.69	70.66	51.15
179	6.172	31.93	37.95	29.75	37.59	29.27	41.37	29.2	42.86	28.55	54.22	36.68	45.75	35.34	57.33	45.04	40.49	45.53	56.79	46.18	37.36	42.65	41.64	58.6	45.66	59.48	55.42	61.82	34.32	65.42	45.16	67.1	40.7	70.56	51.24
180	6.207	31.87	37.95	29.7	37.64	29.22	41.36	29.14	42.98	28.53	54.24	36.71	45.83	35.35	57.31	45.04	40.36	45.63	56.55	46.22	37.02	42.56	41.34	58.74	45.82	59.6	55.5	61.88	34.09	65.42	44.84	67.0	40.61	70.49	51.13
181	6.241	31.79	37.93	29.57	37.62	29.14	41.34	28.93	42.98	28.39	54.25	36.74	46.04	35.26	57.28	45.41	40.57	45.69	56.18	46.79	36.82	42.68	41.24	58.73	45.78	59.54	55.32	61.87	33.88	65.3	44.43	66.75	40.58	70.28	50.94
182	6.276	31.68	37.95	29.48	37.65	29.05	41.34	28.83	42.98	28.3	54.18	36.48	45.86	35.09	57.27	45.27	40.25	45.58	56.3	46.71	36.77	42.61	41.24	58.46	45.66	59.34	55.34	61.88	33.96	65.4	44.78	66.84	40.41	70.37	51.03
183	6.31	31.7	37.93	29.56	37.67	29.09	41.28	28.94	43.11	28.32	54.1	36.51	45.99	35.01	57.15	45.13	40.49	45.5	55.89	46.48	36.68	42.55	40.21	58.42	45.84	59.18	55.41	61.9	34.17	65.26	44.94	66.9	40.62	70.26	51.28
184	6.345	31.7	37.91	29.56	37.66	29.1	41.27	28.96	43.14	28.36	54.13	36.57	45.95	34.98	57.21	45.24	40.13	45.45	55.88	46.63	36.27	42.53	40.2	58.44	45.92	59.17	55.55	61.93	34.02	65.3	44.89	66.95	40.58	70.38	51.34
185	6.379	31.72	37.98	29.59	37.7	29.1	41.33	29.01	43.1	28.33	54.13	36.6	45.92	34.99	57.16	45.33	40.4	45.46	55.98	46.79	36.53	42.53	40.31	58.48	45.74	59.18	55.35	62.01	33.92	65.35	44.75	67.04	40.71	70.37	51.35
186	6.414	31.7	37.97	29.54	37.64	29.03	41.33	28.87	42.95	28.14	54.14	36.5	45.87	34.84	57.23	45.26	40.44	45.34	56.06	46.71	36.75	42.57	40.28	58.52	45.69	59.22	55.38	61.99	33.92	65.4	44.76	67.1	40.72	70.48	51.27
187	6.448	31.51	38.24	29.45	37.64	28.76	41.48	29.2	42.5	28.17	53.9	36.72	45.35	34.99	56.83	44.85	40.23	45.5	56.05	46.84	36.78	42.23	40.82	58.56	45.33	59.18	54.89	61.6	35.03	65.25	44.75	66.95	41.56	70.81	50.58
188	6.483	31.4	38.23	29.32	37.64	28.67	41.48	29.04	42.49	28.09	53.9	36.62	45.31	34.96	56.79	44.91	40.13	45.53	55.85	46.77	36.81	42.22	40.67	58.38	45.15	59.06	54.69	61.42	34.97	65.08	44.76	66.69	41.33	70.55	50.5
189	6.517	31.53	37.98	29.25	37.62	28.78	41.43	28.46	42.89	27.79	54.36	36.2	45.87	34.74	57.15	45.32	40.49	45.28	55.62	46.81	36.8	42.3	40.09	58.31	45.27	59.16	54.9	61.65	33.9	65.32	44.59	66.62	39.83	70.29	50.46
190	6.552	31.44	37.82	29.12	37.46	28.62	41.32	28.23	42.81	27.49	54.43	36.09	45.83	34.53	57.21	45.4	40.14	45.32	55.34	46.8	36.55	42.06	39.85	58.18	45.17	58.98	54.82	61.62	33.62	65.22	44.3	66.39	39.94	70.0	50.67
191	6.586	31.38	37.77	29.08	37.41	28.54	41.25	28.16	42.8	27.33	54.43	35.96	45.78	34.35	57.33	45.25	39.97	45.15	55.56	46.77	36.5	41.98	40.18	58.13	45.33	58.9	55.06	61.43	33.44	65.0	44.21	66.17	40.02	69.62	50.87
192	6.621	31.4	37.66	29.1	37.34	28.53	41.15	28.14	42.83	27.26	54.41	35.95	45.82	34.28	57.4	45.27	39.88	45.24	55.69	46.74	36.36	42.14	40.23	58.21	45.56	58.93	55.25	61.31	33.53	64.83	44.13	65.95	40.26	69.37	51.02
193	6.655	31.41	37.49	29.12	37.16	28.57	40.97	28.26	42.67	27.41	54.27	36.2	45.69	34.45	57.47	45.58	39.65	45.48	56.17	47.07	35.92	42.17	40.48	58.41	45.22	59.13	54.94	61.5	32.96	64.98	43.43	65.97	40.38	69.46	50.85
194	6.69	31.17	37.22	28.87	36.9	28.37	40.66	27.88	42.52	27.15	54.0	35.78	45.67	34.15	57.35	45.23	39.88	45.41	56.09	46.87	36.24	42.3	40.0	58.23	45.3	59.0	55.03	61.42	32.93	64.96	43.37	65.9	40.39	69.48	50.83
195	6.724	31.22	37.09	28.98	36.71	28.37	40.51	28.04	42.26	27.06	53.82	35.84	45.42	33.99	57.34	45.2	39.62	45.29	56.55	46.89	36.03	42.14	40.81	58.19	45.26	58.82	55.12	61.56	33.05	65.03	43.54	66.33	40.71	69.78	51.01
196	6.759	31.14	37.08	29.06	36.55	28.32	40.24	28.46	41.85	27.28	53.04	36.08	45.01	33.96	56.78	44.9	39.76	45.48	56.66	46.97	36.14	41.89	41.44	57.95	45.11	58.37	54.72	61.23	34.83	64.62	44.17	66.22	41.89	70.0	50.72
197	6.793	31.25	37.02	29.23	36.51	28.46	40.08	28.67	41.91	27.45	52.81	36.17	45.3	34.05	56.84	45.06	40.15	45.45	56.88	47.16	36.47	41.83	41.87	57.85	45.4	58.34	54.9	61.15	35.03	64.62	44.25	66.34	41.91	70.13	50.78
198	6.828	31.49	36.66	29.38	36.3	28.7	39.83	28.53	41.95	27.39	52.96	36.02	45.31	34.02	57.21	45.61	39.83	45.15	57.32	47.45	35.86	42.14	41.54	58.4	45.46	59.06	55.44	61.88	33.78	65.61	44.62	67.2	40.56	70.83	51.24
199	6.862	31.48	36.65	29.36	36.23	28.73	39.76	28.59	41.8	27.59	52.79	36.05	45.21	34.27	57.24	45.6	39.91	45.19	57.85	47.77	35.9	42.21	42.3	58.73	45.61	59.56	55.71	62.15	33.92	66.03	45.02	67.5	40.63	71.27	51.47
200	6.897	31.55	36.63	29.5	36.19	28.8	39.7	28.9	41.67	27.74	52.63	36.32	44.87	34.23	57.13	45.76	39.53	44.95	58.35	48.14	35.46	42.18	42.89	59.0	45.5	59.67	55.76	62.7	34.17	66.57	45.4	68.12	41.41	72.05	52.21
201	6.931	31.54	36.48	29.53	36.0	28.8	39.46	29.14	41.45	27.89	52.31	36.63	44.77	34.37	56.98	46.19	39.74	44.88	58.74	48.64	35.41	42.1	43.52	59.42	45.53	60.0	55.8	63.13	34.09	66.94	45.37	68.55	41.66	72.42	52.48
202	6.966	31.56	36.36	29.57	35.84	28.82	39.31	29.21	41.26	27.85	52.1	36.78	44.68	34.31	56.87	46.58	40.06	44.97	58.98	49.17	35.6	42.1	43.71	59.58	45.49	60.02	55.73	63.44	34.15	67.07	45.29	68.77	42.35	72.44	52.83
203	7.0	31.63	36.21	29.62	35.74	28.88	39.12	29.23	41.27	27.92	51.95	36.8	44.83	34.37	56.74	46.54	40.34	45.09	58.88	49.44	35.61	42.21	43.53	59.85	45.37	60.29	55.49	63.83	34.34	67.44	45.15	68.8	42.8	72.72	53.14
204	7.034	31.55	36.04	29.56	35.56	28.82	38.9	29.21	41.15	27.91	51.73	36.83	44.95	34.33	56.7	46.31	40.41	45.01	58.88	48.86	35.65	42.24	43.68	59.91	45.58	60.31	55.62	63.82	34.54	67.44	45.13	68.7	42.95	72.82	53.09
205	7.069	31.59	35.77	29.62	35.18	28.81	38.58	29.34	40.68	27.78	51.37	37.14	44.76	34.17	56.59	46.71	40.37	44.76	59.05	48.69	34.93	42.0	43.56	60.02	45.48	60.16	55.5	63.93	34.13	67.28	44.61	68.73	43.24	72.62	53.16
206	7.103	31.63	35.7	29.73	35.05	28.83	38.46	29.61	40.42	27.79	51.14	37.43	44.59	34.19	56.42	46.97	39.95	44.65	58.93	48.36	33.83	41.88	43.97	60.07	45.51	60.06	55.56	64.04	34.02	67.32	44.77	68.96	42.77	72.62	52.95
207	7.138	31.77	35.53	29.9	34.86	28.96	38.26	29.81	40.21	27.93	50.92	37.47	44.45	34.3	56.46	46.59	39.52	44.61	59.15	48.07	33.45	42.1	44.46	60.08	45.57	60.08	55.7	63.93	33.99	67.14	44.78	68.94	42.85	72.4	52.99
208	7.172	31.9	35.44	30.15	34.65	29.02	38.12	30.24	39.7	28.13	50.43	37.69	43.64	34.31	55.73	46.04	39.14	44.85	58.8	47.84	33.4	41.65	44.57	59.56	45.21	59.41	55.18	63.31	34.8	66.54	44.52	68.53	43.55	72.53	52.19
209	7.207	31.89	35.42	30.15	34.71	29.05	38.01	30.14	39.98	27.88	50.46	37.5	44.1	34.12	56.16	46.56	39.51	44.44	59.4	48.18	33.28	41.79	44.54	59.96	45.33	59.84	55.47	63.79	34.01	67.07	44.9	68.66	42.64	72.19	52.95
210	7.241	31.9	35.3	30.18	34.61	29.06	37.87	30.1	39.87	27.82	50.28	37.37	43.9	33.97	56.08	46.55	39.53	44.45	59.43	48.49	34.28	41.68	44.33	60.04	45.28	59.89	55.5	63.83	33.81	67.17	44.75	68.84	42.81	72.55	53.0
211	7.276	31.91	35.19	30.21	34.58	29.1	37.77	30.01	39.94	27.79	50.17	37.18	43.88	33.82	55.98	46.51	39.81	44.38	59.16	48.86	35.16	41.69	43.52	60.02	45.5	59.82	55.69	63.69	33.43	66.7	44.39	69.02	42.76	72.1	52.89
212	7.31	32.08	35.28	30.39	34.62	29.34	37.82	30.12	39.75	28.07	49.93	37.08	43.78	33.98	55.78	46.42	40.31	44.28	59.25	49.71	36.03	42.08	43.72	59.78	45.47	59.79	55.63	63.2	33.28	66.73	44.22	68.82	41.97	72.49	51.72
213	7.345	32.21	35.31	30.51	34.67	29.54	37.77	30.08	39.83	28.27	49.74	36.95	43.95	34.01	55.65	46.41	40.9	44.25	59.17	50.13	36.5	42.28	43.31	59.51	45.51	59.65	55.5	62.84	33.2	66.47	43.93	68.4	41.74	72.24	51.33
214	7.379	32.34	35.3	30.67	34.66	29.69	37.71	30.21	39.78	28.34	49.55	36.98	43.82	33.93	55.51	46.49	40.79	44.01	58.95	50.17	36.53	42.09	43.29	59.24	45.48	59.35	55.5	62.6	33.22	66.23	44.27	68.3	41.21	72.14	51.2
215	7.414	32.3	35.39	30.69	34.76	29.74	37.69	30.37	39.81	28.57	49.28	37.11	43.76	34.05	55.25	46.64	41.01	43.92	58.9	50.25	36.35	41.9	43.15	59.46	45.45	59.61	55.43	62.62	33.33	66.4	44.61	68.35	40.67	72.47	50.93
216	7.448	32.36	35.43	30.74	34.81	29.86	37.69	30.32	39.85	28.75	49.17	37.0	43.84	34.2	55.15	46.54	41.11	44.04	58.54	50.35	36.51	41.92	42.8	59.3	45.33	59.62	55.22	62.45	33.21	66.27	44.55	68.38	40.41	72.45	50.7
217	7.483	32.22	35.53	30.61	34.83	29.76	37.75	30.27	39.69	28.74	49.04	36.98	43.61	34.2	55.01	46.68	41.24	43.84	59.01	50.56	36.39	41.63	43.44	59.1	45.11	59.46	55.02	62.42	33.16	66.12	44.56	68.41	40.37	72.2	50.56
218	7.517	32.07	35.52	30.52	34.86	29.66	37.73	30.23	39.68	28.7	48.94	36.96	43.34	34.02	55.06	46.99	40.34	43.76	58.9	50.62	36.24	41.38	43.07	58.98	45.19	59.29	55.28	62.28	33.14	66.07	44.89	68.51	40.41	72.39	50.81
219	7.552	32.11	35.49	30.6	34.87	29.72	37.68	30.27	39.78	28.69	48.9	37.0	43.49	33.96	55.08	47.16	40.33	43.95	58.58	50.71	36.3	41.35	42.72	59.03	45.28	59.26	55.32	62.45	33.03	66.12	44.79	68.78	40.39	72.54	50.74
220	7.586	32.19	35.54	30.72	34.93	29.81	37.68	30.39	39.86	28.75	48.85	37.06	43.53	33.96	54.97	46.98	40.49	43.9	58.41	50.64	36.29	41.52	42.56	59.13	45.16	59.26	55.14	62.64	32.79	65.9	44.5	69.14	40.69	72.26	50.93
221	7.621	32.12	35.58	30.61	34.91	29.8	37.74	30.23	39.75	28.81	48.87	37.06	43.36	33.95	54.97	47.19	40.31	43.92	58.41	50.7	36.12	41.69	42.15	59.33	45.19	59.36	55.32	63.15	32.46	65.83	44.47	70.29	41.33	72.3	51.46
222	7.655	32.24	35.56	30.73	34.9	29.92	37.69	30.37	39.8	28.94	48.87	37.21	43.6	34.17	54.98	47.24	40.64	44.08	58.33	50.72	36.14	41.74	42.07	59.86	45.01	59.95	55.1	63.74	32.46	66.53	44.3	70.96	41.18	73.12	51.14
223	7.69	31.81	35.4	29.98	34.52	29.16	38.14	29.59	39.18	27.97	50.18	36.73	43.13	34.24	54.83	47.89	40.39	44.42	57.81	50.64	36.14	42.21	41.93	59.09	44.31	59.15	54.63	63.54	33.74	65.49	44.88	72.22	40.32	71.57	50.35
224	7.724	31.97	35.48	30.12	34.62	29.4	38.17	29.48	39.29	28.09	50.09	36.68	43.62	34.22	54.85	47.83	40.66	44.6	57.41	50.82	35.99	42.12	41.86	59.26	44.29	59.44	54.41	64.06	33.91	66.31	44.45	72.78	39.92	73.02	48.99
225	7.759	31.94	35.59	30.12	34.71	29.4	38.22	29.37	39.4	27.97	50.07	36.56	44.0	34.08	54.74	47.78	41.17	44.68	56.89	50.59	36.06	42.14	41.6	59.29	44.4	59.46	54.36	64.56	34.11	66.72	44.37	73.73	39.88	73.82	48.58
226	7.793	32.06	35.63	30.33	34.77	29.5	38.19	29.55	39.53	27.89	50.01	36.66	44.21	33.9	54.55	47.65	41.24	44.6	56.39	50.61	35.82	41.88	41.54	59.59	44.24	59.69	54.13	65.58	34.77	68.27	44.63	74.72	40.62	75.96	48.89
227	7.828	32.24	35.69	30.52	34.91	29.61	38.26	30.05	39.68	28.09	50.01	37.23	44.26	34.18	54.42	47.75	41.4	44.82	56.62	50.64	35.58	41.92	41.48	59.72	44.33	59.52	53.88	65.54	36.08	68.09	45.18	72.58	41.57	74.55	49.6
228	7.862	32.54	35.8	31.07	35.3	30.21	37.92	30.98	40.41	29.21	49.02	37.64	44.49	34.35	54.49	47.31	41.61	44.43	57.27	50.55	35.61	41.68	41.76	59.91	44.87	59.71	54.32	64.94	36.05	67.53	46.81	71.34	42.11	74.36	51.78
229	7.897	31.94	35.74	30.21	35.02	29.39	38.36	30.04	39.76	28.29	49.96	37.23	44.55	34.43	54.4	47.97	41.64	45.06	56.43	50.24	35.26	42.2	41.28	58.99	45.18	58.98	54.51	63.81	38.3	67.05	47.63	71.06	41.03	74.32	49.7
230	7.931	31.64	35.78	29.98	34.85	29.1	38.32	30.01	39.52	28.42	49.91	36.86	44.36	34.66	54.27	46.96	41.48	45.45	56.38	50.12	35.24	42.1	42.11	58.64	45.06	58.94	54.4	63.9	39.01	67.27	47.74	72.37	42.29	75.49	50.18
231	7.966	31.71	35.6	29.94	34.77	29.26	38.26	29.61	39.48	28.32	49.96	36.62	44.32	34.57	54.19	47.12	41.13	45.26	56.16	49.41	34.41	42.39	41.03	59.08	44.74	59.56	54.34	64.5	37.9	68.13	47.52	73.34	41.38	76.53	49.95
232	8.0	31.91	35.53	30.15	34.68	29.4	38.21	29.98	39.33	28.43	49.89	37.19	44.42	34.59	54.13	47.42	40.96	45.09	56.0	48.79	33.27	42.13	41.16	59.21	44.8	59.37	54.29	64.93	38.36	68.41	47.72	73.16	41.65	76.63	50.06
233	8.034	31.69	35.46	29.83	34.63	29.22	38.18	29.68	39.27	28.45	49.92	37.09	44.36	34.65	53.86	47.37	40.69	45.0	55.62	48.45	32.74	42.23	40.96	59.67	44.39	59.89	53.95	66.05	37.81	69.21	47.2	74.41	41.35	77.34	49.91
234	8.069	31.81	35.37	29.96	34.54	29.36	38.12	29.83	39.19	28.59	49.92	37.33	44.22	34.68	53.94	47.49	39.92	45.03	55.58	47.89	31.94	42.1	41.03	59.87	44.39	59.91	54.07	66.5	37.5	69.28	47.05	75.01	41.76	77.49	50.35
235	8.103	31.92	35.36	30.0	34.52	29.44	38.18	29.83	39.13	28.6	50.04	37.47	44.24	34.66	54.04	47.63	39.67	45.07	55.57	47.04	31.61	42.08	41.06	59.94	44.33	59.91	54.08	66.51	37.69	69.4	47.33	75.1	41.55	77.85	50.21
236	8.138	32.01	35.45	30.06	34.61	29.52	38.3	29.74	39.19	28.44	50.2	37.66	44.29	34.32	54.02	48.11	39.56	44.85	55.17	46.33	31.47	41.91	40.73	60.0	44.31	59.63	54.07	66.8	37.57	69.3	47.2	75.53	41.88	77.81	50.48
237	8.172	31.97	35.4	29.92	34.64	29.59	38.21	29.42	39.38	28.61	50.1	37.55	44.49	34.5	54.0	48.19	39.8	45.05	54.65	45.95	32.57	41.99	39.27	60.06	44.44	60.0	54.11	66.58	37.82	69.76	47.39	74.9	41.56	78.38	50.25
238	8.207	31.92	35.46	29.86	34.71	29.6	38.27	29.28	39.45	28.63	50.09	37.54	44.57	34.55	53.92	48.39	40.17	45.2	54.36	45.92	33.63	42.19	38.49	59.87	44.53	59.88	54.09	66.22	37.98	69.63	47.34	74.55	41.69	78.46	50.13
239	8.241	32.27	35.42	30.28	34.63	29.93	38.2	29.61	39.38	28.73	50.01	37.86	44.36	34.38	54.06	48.87	40.05	45.14	54.79	46.03	34.0	42.26	38.99	60.01	44.55	59.69	54.26	66.07	37.95	69.14	47.68	74.96	41.71	78.27	50.31
240	8.276	32.31	35.35	30.41	34.64	30.04	38.12	29.65	39.45	28.99	49.87	36.74	44.28	34.56	53.94	46.06	39.94	45.02	54.95	45.9	33.43	42.34	39.84	59.18	44.44	59.54	54.22	65.49	38.23	68.87	48.08	74.59	41.5	78.23	50.15
241	8.31	31.89	35.45	29.97	34.7	29.67	38.3	29.38	39.34	28.9	50.05	36.56	43.94	34.86	53.78	45.86	39.41	45.47	54.98	46.06	32.58	42.09	40.25	59.3	44.17	59.89	54.06	66.33	37.95	69.44	47.85	75.44	42.1	78.43	50.5
242	8.345	31.88	35.52	29.97	34.84	29.71	38.27	29.25	39.63	28.96	49.97	36.14	44.43	34.86	53.94	45.11	39.96	45.45	54.68	46.0	32.97	42.19	39.42	59.1	44.33	60.02	54.14	66.1	38.06	69.58	47.94	75.35	41.99	78.88	50.49
243	8.379	31.79	35.57	29.91	34.84	29.54	38.36	29.4	39.55	28.82	50.09	36.4	44.38	34.8	53.95	45.36	39.77	45.41	54.64	45.79	33.07	42.22	39.75	59.16	44.35	59.89	54.2	66.3	38.07	69.84	47.99	75.59	42.49	79.29	51.07
244	8.414	31.82	35.48	29.99	34.76	29.61	38.19	29.5	39.52	28.94	49.85	36.44	44.39	34.8	53.83	45.21	39.63	45.3	54.48	45.89	33.12	42.32	39.83	59.06	44.32	59.82	54.08	66.0	38.36	69.82	48.14	75.25	42.77	79.63	51.31
245	8.448	31.77	35.35	30.0	34.59	29.57	38.08	29.71	39.28	29.04	49.72	36.76	43.94	34.87	53.71	45.73	38.93	45.33	54.67	46.26	32.42	42.29	40.09	59.39	44.02	60.03	54.01	66.58	38.14	70.38	48.32	76.29	43.06	80.55	51.72
246	8.483	31.73	35.27	30.01	34.46	29.5	38.03	29.92	39.06	29.04	49.65	37.1	43.64	34.87	53.55	46.16	38.6	45.13	54.82	46.49	31.96	42.29	40.34	59.59	43.81	60.01	53.84	66.75	37.77	70.34	47.99	76.72	43.07	80.52	51.6
247	8.517	31.69	35.36	29.97	34.49	29.5	38.14	29.9	38.96	29.13	49.72	37.17	43.46	34.95	53.69	46.34	38.21	45.05	55.26	46.87	31.79	42.31	40.91	59.64	43.68	60.15	53.89	66.87	37.8	70.71	48.18	76.88	43.23	81.08	51.63
248	8.552	31.88	35.29	30.17	34.41	29.67	38.06	30.14	38.9	29.34	49.66	37.4	43.35	35.14	53.57	46.54	38.0	45.11	55.2	47.08	31.24	42.41	41.09	59.83	43.62	60.33	53.8	67.03	37.66	70.85	48.06	77.13	42.99	81.23	51.53
249	8.586	31.84	35.34	30.11	34.45	29.64	38.16	30.08	38.88	29.32	49.74	37.46	43.33	35.11	53.57	46.72	37.86	45.14	55.03	47.02	31.33	42.44	41.03	59.91	43.61	60.38	53.85	67.16	37.71	71.09	48.2	77.42	43.26	81.83	51.75
250	8.621	31.96	35.31	30.23	34.41	29.76	38.07	30.12	38.85	29.36	49.61	37.59	43.43	35.01	53.52	47.02	38.22	44.96	55.17	47.26	30.89	42.45	41.0	60.11	43.69	60.52	53.88	67.34	37.52	71.41	47.9	77.71	43.53	82.38	51.81
251	8.655	31.87	35.24	30.11	34.33	29.67	38.04	29.97	38.76	29.25	49.66	37.51	43.3	34.94	53.51	46.97	38.11	44.94	55.17	47.33	31.0	42.38	40.77	60.35	43.49	60.74	53.81	67.86	37.5	71.67	47.93	78.45	44.11	82.69	52.28
252	8.69	31.9	35.26	30.16	34.34	29.71	38.01	30.0	38.75	29.31	49.56	37.54	43.3	35.0	53.32	47.15	38.42	44.96	54.92	47.46	31.34	42.35	40.72	60.46	43.66	60.88	53.94	68.03	37.56	71.79	48.1	79.12	44.4	83.14	52.7
253	8.724	32.03	34.95	30.35	34.07	29.84	37.61	30.15	38.65	29.29	49.23	37.7	43.12	34.91	53.24	47.43	38.33	45.09	54.81	47.8	31.86	42.59	40.66	60.58	43.82	60.85	54.17	68.42	37.02	72.08	47.77	79.21	45.62	83.02	54.13
254	8.759	32.06	34.98	30.36	34.12	29.92	37.58	29.93	38.77	29.22	49.15	37.37	43.24	34.69	53.15	47.17	38.83	44.95	54.5	47.67	32.49	42.58	40.2	60.48	43.6	60.88	53.97	68.38	37.1	72.42	47.99	79.41	45.38	83.77	54.06
255	8.793	32.32	35.01	30.64	34.12	30.18	37.59	30.14	38.68	29.35	49.07	37.54	43.05	34.7	53.04	47.24	38.88	44.94	54.62	47.76	32.65	42.79	40.5	60.6	43.7	60.83	54.1	68.65	37.26	72.23	48.22	79.96	46.07	83.57	54.64
256	8.828	32.61	35.0	30.95	34.16	30.54	37.53	30.32	38.8	29.66	48.95	37.57	43.08	34.79	53.02	47.33	38.88	45.04	54.31	47.74	33.22	42.9	39.96	60.59	43.83	60.83	54.28	69.01	37.25	72.36	48.58	80.74	46.55	83.9	55.42
257	8.862	32.63	35.06	30.98	34.22	30.59	37.57	30.27	38.87	29.66	48.97	37.49	43.16	34.64	52.98	47.5	39.06	44.96	54.11	47.92	33.2	42.83	39.96	60.53	43.85	60.77	54.36	69.24	37.3	72.67	48.85	81.54	46.97	84.76	55.96
258	8.897	32.63	34.97	30.99	34.16	30.59	37.49	30.36	38.86	29.72	48.93	37.52	43.0	34.72	52.99	47.64	38.85	45.0	54.13	48.22	33.23	42.74	39.77	60.6	43.61	60.9	54.25	69.44	37.39	72.98	49.29	81.88	47.05	85.16	56.35
259	8.931	32.62	35.05	31.04	34.2	30.53	37.6	30.6	38.84	29.73	49.08	37.93	42.82	34.78	53.2	48.28	38.11	45.13	54.59	48.37	32.67	42.63	40.16	60.78	43.71	60.9	54.47	69.48	37.37	73.06	49.28	81.87	47.21	85.25	56.46
260	8.966	32.53	35.0	30.87	34.14	30.43	37.61	30.35	38.74	29.62	49.14	37.87	42.73	34.79	53.14	48.43	37.98	45.15	54.42	48.45	32.74	42.68	40.03	60.8	43.55	60.96	54.27	69.39	37.44	72.94	49.17	81.65	47.01	84.99	56.07
261	9.0	32.48	34.99	30.78	34.14	30.41	37.55	30.21	38.77	29.62	49.01	37.61	42.93	34.92	52.96	47.86	38.73	45.25	54.44	48.32	33.09	42.93	40.14	60.8	43.41	61.16	53.92	69.23	37.6	72.81	48.93	81.1	46.82	84.48	55.65
262	9.034	32.5	35.01	30.79	34.15	30.41	37.6	30.23	38.71	29.65	49.06	37.68	42.83	35.0	52.96	47.9	38.32	45.3	54.46	48.3	33.04	43.08	40.44	60.82	43.32	61.2	53.84	69.16	37.61	72.88	48.81	80.81	46.48	84.49	55.21
263	9.069	32.49	35.03	30.75	34.16	30.41	37.64	30.19	38.69	29.69	49.11	37.67	42.82	35.12	53.01	47.87	38.23	45.39	54.51	48.28	33.14	43.05	40.34	61.07	43.19	61.55	53.76	69.35	37.66	73.18	48.83	81.08	45.93	84.87	54.54
264	9.103	32.53	34.99	30.83	34.11	30.42	37.59	30.33	38.64	29.7	49.07	37.79	42.85	35.12	53.03	47.96	38.12	45.43	54.47	48.26	32.75	42.98	40.39	61.15	43.22	61.55	53.79	69.45	37.7	73.18	48.92	81.4	45.93	85.01	54.56
265	9.138	32.41	34.88	30.66	34.07	30.36	37.45	29.98	38.7	29.61	48.92	37.24	42.94	35.05	52.76	47.57	38.93	45.48	54.32	48.29	33.21	42.8	40.1	61.01	42.87	61.72	53.38	69.45	37.89	73.38	49.15	81.82	45.0	85.5	53.8
266	9.172	32.32	34.96	30.56	34.16	30.26	37.63	30.0	38.7	29.62	49.14	37.28	42.73	35.15	52.83	47.68	38.17	45.62	54.24	48.2	32.71	42.9	40.27	61.04	42.76	61.79	53.44	69.44	37.63	73.49	49.23	81.83	44.27	85.62	53.39
267	9.207	32.28	34.94	30.49	34.13	30.2	37.65	29.91	38.69	29.53	49.26	37.27	42.67	35.15	52.94	47.78	38.08	45.74	54.41	48.17	32.73	42.94	40.35	61.25	42.72	61.98	53.48	69.56	37.35	73.55	49.04	81.93	43.57	85.51	52.76
268	9.241	32.42	35.01	30.6	34.23	30.37	37.7	29.82	38.84	29.6	49.29	37.01	42.77	35.2	52.86	47.31	38.74	45.88	54.39	48.04	33.64	43.18	40.24	61.27	42.77	62.16	53.47	69.51	37.06	73.59	48.68	81.81	43.46	85.42	52.64
269	9.276	32.47	35.04	30.71	34.25	30.37	37.7	30.05	38.84	29.61	49.24	37.16	42.85	35.23	52.9	47.27	38.8	45.76	54.4	48.16	33.35	43.14	40.09	61.25	42.83	62.07	53.45	69.25	37.23	73.39	48.78	81.33	43.31	85.06	52.5
270	9.31	32.69	34.95	30.97	34.14	30.61	37.53	30.33	38.7	29.82	48.95	37.34	42.84	35.24	52.8	47.21	38.91	45.51	54.34	48.38	33.27	43.18	39.91	61.34	42.81	62.06	53.41	69.43	37.04	73.43	48.56	81.33	43.68	85.01	52.78
271	9.345	32.63	34.92	30.92	34.1	30.51	37.49	30.39	38.65	29.77	48.94	37.47	42.86	35.29	52.89	47.36	38.72	45.58	54.46	48.57	33.04	43.08	40.1	61.5	42.81	62.18	53.42	69.59	37.21	73.59	48.65	81.38	44.16	85.15	53.15
272	9.379	32.61	34.88	30.9	34.02	30.49	37.44	30.33	38.53	29.72	48.88	37.42	42.77	35.28	52.86	47.31	38.63	45.58	54.29	48.79	33.06	42.78	39.85	61.62	42.84	62.32	53.47	69.76	37.24	73.75	48.67	81.55	44.64	85.35	53.47
273	9.414	32.54	34.89	30.83	34.09	30.47	37.45	30.28	38.67	29.8	48.86	37.34	42.9	35.35	52.78	47.28	38.81	45.68	54.21	48.85	33.18	42.96	39.86	61.29	42.87	62.09	53.35	69.3	37.66	73.35	48.93	81.1	44.55	85.05	53.37
274	9.448	32.41	34.93	30.69	34.09	30.37	37.45	30.02	38.64	29.66	48.81	37.12	42.95	35.28	52.74	47.21	39.15	45.86	53.98	49.0	34.15	43.18	39.72	61.39	42.9	62.29	53.41	69.58	37.65	73.7	49.04	81.56	44.98	85.54	53.76
275	9.483	32.55	34.9	30.88	34.06	30.47	37.39	30.28	38.63	29.67	48.74	37.54	42.93	35.19	52.71	47.99	39.08	45.8	53.95	49.37	33.68	43.08	39.52	61.58	43.09	62.19	53.54	69.63	37.65	73.65	48.94	81.65	45.29	85.56	53.98
276	9.517	32.34	35.03	30.65	34.17	30.2	37.55	30.11	38.63	29.44	48.89	37.41	42.74	35.14	52.56	47.99	39.11	45.84	53.69	49.81	34.04	43.13	39.1	61.67	42.94	62.33	53.43	69.7	37.4	73.84	48.78	81.61	45.4	85.64	54.18
277	9.552	32.18	34.59	30.55	33.52	29.88	37.1	31.03	37.79	30.15	48.39	37.56	42.69	36.93	52.32	46.61	38.82	46.93	53.54	49.65	34.09	43.52	39.68	61.68	42.65	63.11	52.86	69.89	38.72	73.76	48.48	81.51	47.17	83.69	54.57
278	9.586	32.32	34.7	30.79	33.63	30.01	37.18	31.38	37.83	30.23	48.33	37.94	42.38	36.69	52.27	47.6	38.19	46.68	53.65	50.81	33.33	43.03	40.05	61.29	42.5	62.42	52.77	69.36	38.73	73.33	48.7	81.07	47.14	83.65	54.72
279	9.621	32.53	34.74	31.01	33.7	30.24	37.13	31.4	37.91	30.29	48.16	37.68	42.37	36.62	52.08	47.29	38.39	46.67	53.33	51.16	34.07	42.95	39.83	61.18	42.42	62.39	52.64	69.47	38.65	73.37	48.57	81.36	47.37	83.71	54.88
280	9.655	32.16	35.27	30.58	34.41	29.98	37.82	30.37	38.77	29.57	48.98	37.53	42.38	35.14	52.2	48.9	39.14	46.24	53.14	52.25	34.87	42.08	39.26	61.01	42.72	61.48	52.97	69.28	37.77	73.23	48.3	81.86	46.86	85.74	54.46
281	9.69	32.26	35.31	30.68	34.38	30.1	37.86	30.51	38.57	29.67	48.89	37.82	42.21	35.2	52.24	49.52	39.01	46.35	53.24	52.94	35.34	42.13	39.45	61.19	42.63	61.49	52.95	69.45	37.66	73.21	48.31	82.1	47.57	85.74	54.85
282	9.724	32.27	35.37	30.73	34.38	30.17	37.85	30.46	38.48	29.69	48.75	37.62	42.2	35.19	52.23	49.4	39.09	46.47	53.27	53.69	35.46	42.14	39.73	60.88	42.65	61.3	52.96	69.32	37.73	73.18	48.37	82.08	48.01	85.8	54.98
283	9.759	33.08	35.02	31.37	34.19	31.09	37.52	30.18	38.48	29.91	48.48	37.08	42.36	35.22	51.8	46.9	39.15	46.17	52.12	46.95	36.12	42.41	38.09	60.55	42.68	61.26	52.96	69.38	37.1	73.48	48.14	81.39	46.94	85.26	54.72
284	9.793	33.09	35.1	31.31	34.34	31.07	37.62	30.1	38.67	29.87	48.59	36.96	42.99	35.22	51.71	45.83	40.27	46.08	51.99	43.98	36.52	42.19	38.1	60.53	42.99	61.22	52.99	69.39	37.41	73.38	47.91	81.34	46.61	85.21	54.33
285	9.828	33.12	34.99	31.32	34.26	31.1	37.54	30.13	38.64	29.95	48.53	37.03	42.95	35.28	51.59	45.75	40.26	46.0	52.0	43.78	36.42	42.12	38.05	60.57	42.9	61.24	52.83	69.35	37.13	73.28	47.42	81.13	46.32	85.0	53.93
286	9.862	33.14	34.97	31.36	34.27	31.09	37.51	30.23	38.69	29.94	48.54	37.12	42.97	35.29	51.57	45.65	40.56	45.97	52.26	43.52	36.42	42.0	38.04	60.79	43.12	61.37	53.02	69.48	36.97	73.21	47.17	81.31	46.13	84.85	53.78
287	9.897	33.12	34.99	31.32	34.27	31.06	37.55	30.13	38.64	29.85	48.58	37.0	42.89	35.19	51.57	45.59	40.43	45.87	52.19	43.54	36.5	42.03	38.17	60.68	43.02	61.29	53.0	69.37	36.85	73.24	47.18	81.3	46.06	84.97	53.76
288	9.931	33.1	35.02	31.33	34.29	31.03	37.58	30.19	38.64	29.83	48.61	37.07	42.87	35.24	51.62	45.67	40.45	45.95	52.39	43.38	36.45	41.88	38.19	60.7	43.07	61.3	53.05	69.26	36.92	73.14	47.24	81.29	46.09	84.93	53.78
289	9.966	32.65	34.71	30.93	33.88	30.61	37.23	29.83	38.23	29.34	48.34	37.54	41.73	34.68	51.76	50.33	38.77	45.69	52.78	53.84	35.25	42.22	38.54	61.01	42.17	61.36	52.57	69.65	36.09	73.41	47.32	81.29	45.54	84.68	53.4
290	10.0	32.0	35.06	30.45	34.19	29.85	37.61	30.31	38.53	29.35	48.72	37.83	42.11	34.87	51.94	49.84	39.34	46.26	53.15	52.88	34.93	41.96	39.21	61.31	42.29	61.35	52.49	69.5	36.49	72.92	47.0	81.99	46.63	85.0	53.81
291	10.034	32.44	34.38	30.98	33.39	30.16	36.77	31.48	37.73	30.11	47.86	38.16	42.3	36.36	51.83	48.18	38.78	46.73	53.16	51.69	34.33	42.88	39.51	61.83	42.27	62.46	52.35	70.25	37.67	73.17	47.43	82.09	47.98	83.12	54.98
292	10.069	32.5	34.36	30.97	33.37	30.22	36.84	31.52	37.72	30.36	48.04	38.29	42.39	36.71	52.01	48.17	38.35	46.86	53.12	50.71	33.5	43.17	39.45	61.78	42.45	62.57	52.58	69.99	37.88	73.12	47.74	82.08	48.13	83.26	55.42
293	10.103	32.52	34.67	30.83	33.9	30.43	37.15	30.02	38.55	29.4	48.5	37.6	42.52	34.84	52.21	48.97	39.35	45.83	53.07	50.46	34.29	42.91	37.69	61.73	42.81	62.11	53.2	69.96	36.29	73.66	47.69	82.08	46.49	85.43	55.07
294	10.138	32.34	34.63	30.68	33.89	30.31	37.1	29.87	38.59	29.35	48.44	37.15	42.55	34.76	52.19	48.08	39.24	45.81	52.98	50.09	34.53	43.14	37.83	61.38	42.87	61.95	53.31	69.84	36.33	73.66	47.82	82.05	46.6	85.55	55.27
295	10.172	32.1	34.59	30.43	33.84	30.03	37.11	29.81	38.5	29.21	48.53	37.16	42.36	34.72	52.3	48.13	38.74	45.8	53.4	49.77	34.09	43.06	38.29	61.37	42.82	61.9	53.4	69.71	36.58	73.64	48.22	81.8	46.64	85.5	55.55
296	10.207	31.95	34.66	30.25	33.93	29.94	37.16	29.53	38.69	29.14	48.6	36.94	42.74	34.69	52.36	47.85	39.13	45.8	53.05	49.52	34.41	43.11	38.13	61.23	43.0	61.9	53.45	69.67	36.63	73.69	48.09	81.59	46.7	85.45	55.48
297	10.241	31.99	34.75	30.26	33.99	29.9	37.26	29.65	38.73	29.08	48.76	37.48	42.94	34.68	52.51	48.9	39.32	45.8	53.12	49.51	34.31	42.8	38.35	61.51	43.26	61.88	53.61	69.78	36.83	73.67	48.14	81.55	47.19	85.37	55.95
298	10.276	32.05	34.74	30.38	34.0	29.98	37.23	29.82	38.75	29.19	48.65	37.45	42.9	34.72	52.39	48.47	39.34	45.77	53.06	49.4	34.26	42.92	38.25	61.39	43.26	61.76	53.56	69.68	36.84	73.53	48.1	81.39	47.44	85.21	56.14
299	10.31	31.98	34.76	30.31	34.04	29.95	37.23	29.69	38.8	29.2	48.6	37.13	42.96	34.77	52.28	47.88	39.37	45.82	52.78	49.21	34.39	42.97	38.15	61.13	43.27	61.71	53.52	69.57	36.91	73.49	48.07	81.28	47.47	85.18	56.12
300	10.345	32.03	34.78	30.37	34.1	30.01	37.22	29.78	38.91	29.3	48.56	37.24	43.07	34.86	52.17	47.94	39.59	45.83	52.5	49.19	34.51	42.96	37.59	61.16	43.3	61.73	53.41	69.58	36.99	73.46	47.99	81.15	47.44	85.08	56.09
301	10.379	31.84	34.59	30.15	33.86	29.63	37.26	29.73	38.65	29.14	48.93	36.84	42.48	34.83	52.18	47.39	38.8	46.2	52.98	49.34	34.15	42.31	38.99	60.79	42.88	61.36	53.11	69.23	37.37	72.81	47.57	81.44	47.84	84.65	55.59
302	10.414	31.99	34.39	30.25	33.67	29.95	36.87	29.44	38.47	29.04	48.34	37.07	42.43	34.56	51.95	48.13	38.98	45.54	52.66	49.73	33.71	42.81	37.45	61.1	42.86	61.62	53.2	69.63	36.48	73.42	47.63	80.91	47.4	84.74	56.14
303	10.448	32.09	34.33	30.34	33.6	30.04	36.81	29.45	38.4	29.05	48.32	37.24	42.34	34.55	51.95	48.51	38.68	45.6	52.45	49.87	33.5	42.75	37.11	61.12	42.92	61.57	53.24	69.59	36.28	73.37	47.39	80.84	47.43	84.7	56.06
304	10.483	32.1	34.32	30.35	33.62	30.07	36.76	29.38	38.48	29.04	48.25	37.08	42.44	34.52	51.92	48.33	38.89	45.6	52.32	49.9	33.89	42.76	36.94	61.06	42.98	61.59	53.26	69.59	36.3	73.47	47.34	80.73	47.49	84.72	56.13
305	10.517	32.08	34.38	30.35	33.67	30.07	36.8	29.48	38.48	29.16	48.22	37.03	42.44	34.65	51.91	48.01	38.9	45.68	52.37	49.94	33.9	42.9	37.23	60.97	42.93	61.59	53.22	69.54	36.29	73.4	47.45	80.68	47.48	84.64	56.22
306	10.552	32.18	34.42	30.44	33.7	30.2	36.89	29.55	38.53	29.31	48.38	37.19	42.45	34.7	52.21	48.17	38.46	45.73	52.64	50.07	33.54	42.9	37.66	61.09	43.12	61.63	53.54	69.74	36.27	73.39	47.65	80.82	47.58	84.64	56.38
307	10.586	32.08	34.56	30.35	33.81	30.02	37.0	29.46	38.6	29.02	48.51	37.06	42.5	34.54	52.38	48.19	38.7	45.7	52.85	50.14	34.27	42.47	37.59	61.12	43.09	61.67	53.57	69.68	36.26	73.44	47.62	80.78	47.69	84.64	56.49
308	10.621	32.32	34.63	30.56	33.83	30.21	37.01	29.65	38.64	29.15	48.58	37.28	42.67	34.81	52.89	48.45	39.05	46.03	54.15	50.13	34.26	42.45	38.67	61.54	43.24	62.14	53.77	69.77	36.28	73.56	47.52	80.46	47.82	84.24	56.54
309	10.655	32.23	34.7	30.51	33.89	30.06	37.09	29.82	38.75	29.15	48.74	37.35	42.87	34.97	53.25	48.41	39.69	46.35	55.36	50.45	34.76	42.65	39.88	61.71	43.44	62.34	53.96	69.58	36.42	73.5	47.5	80.22	47.83	84.06	56.44
310	10.69	32.17	34.98	30.43	34.06	29.97	37.44	30.03	38.74	29.34	49.1	37.62	42.91	35.43	53.62	48.66	39.62	46.64	56.57	50.9	34.6	42.98	42.78	61.79	43.23	62.56	53.83	69.71	36.38	73.57	47.56	80.24	47.95	83.87	56.58
311	10.724	32.4	34.96	30.75	34.04	30.04	37.4	30.35	38.71	29.1	49.13	37.76	42.76	35.26	53.66	48.95	39.52	46.4	56.53	51.26	34.04	41.3	42.16	61.59	43.23	62.25	53.81	69.55	36.44	73.52	47.49	80.0	47.7	83.78	56.34
312	10.759	32.57	35.04	31.04	34.12	30.07	37.47	30.81	38.78	29.05	49.2	38.14	42.6	35.31	53.58	49.32	39.44	46.31	56.33	51.73	33.59	40.41	41.5	61.74	43.33	62.22	53.87	69.52	36.42	73.51	47.51	80.05	47.58	83.74	56.41
313	10.793	32.18	34.89	30.57	33.95	29.66	37.37	30.17	38.64	28.53	49.25	37.46	42.43	34.92	53.52	48.88	39.78	46.15	56.31	52.17	34.04	40.76	41.14	61.31	43.29	61.98	53.99	69.4	36.14	73.67	47.42	79.7	47.65	83.64	56.77
314	10.828	32.22	34.9	30.63	33.96	29.67	37.33	30.3	38.61	28.55	49.15	37.73	42.38	34.88	53.48	49.29	39.54	46.09	56.28	52.44	34.36	40.93	41.13	61.56	43.36	62.08	54.04	69.4	36.21	73.75	47.39	79.55	47.66	83.82	56.76
315	10.862	32.35	34.86	30.76	33.97	29.84	37.36	30.52	38.64	28.79	49.13	38.18	42.36	34.9	53.31	49.7	39.57	46.06	56.04	51.79	34.44	41.28	40.36	61.75	43.57	61.9	54.14	69.46	36.3	73.45	47.26	79.81	48.23	83.73	56.96
316	10.897	32.44	34.86	30.89	34.02	30.04	37.35	30.77	38.69	29.17	48.97	38.47	42.38	35.09	53.14	49.72	39.51	46.1	55.87	51.18	34.57	41.72	40.1	61.79	43.61	61.79	54.08	69.49	36.44	73.3	47.3	79.88	48.41	83.58	56.89
317	10.931	32.51	34.82	30.93	34.03	30.17	37.25	30.66	38.69	29.32	48.71	38.1	42.48	35.16	52.87	48.86	39.68	46.08	55.44	50.05	34.67	42.24	39.47	61.5	43.43	61.75	53.76	69.15	36.36	73.2	47.07	79.37	48.07	83.36	56.57
318	10.966	32.25	34.56	30.58	33.79	29.96	36.96	30.19	38.59	29.09	48.55	37.67	42.56	34.99	52.87	48.41	39.6	46.17	55.31	49.27	34.13	42.42	38.87	61.39	43.34	61.85	53.71	68.97	36.1	73.38	46.84	78.7	47.64	83.38	56.44
319	11.0	32.12	34.56	30.29	33.74	29.89	36.97	29.8	38.47	29.2	48.57	37.49	42.61	35.24	52.9	48.2	39.2	46.17	55.32	48.6	33.09	42.51	39.18	61.19	43.23	62.03	53.6	68.6	35.98	73.38	46.65	77.79	47.23	83.2	56.24
320	11.034	32.3	34.71	30.46	33.85	30.1	37.17	29.92	38.44	29.45	48.74	37.55	42.47	35.51	53.09	47.94	38.34	46.17	55.39	48.21	31.76	42.48	39.67	61.05	43.1	62.06	53.57	68.22	35.05	73.04	45.96	77.37	46.59	82.63	55.66
321	11.069	32.06	34.72	30.3	33.86	29.8	37.27	30.12	38.43	29.31	48.94	37.82	42.17	35.48	53.2	48.02	37.81	46.08	55.6	47.89	31.11	42.56	40.09	61.14	42.93	62.0	53.6	67.72	33.93	72.75	45.57	76.97	45.75	82.46	55.56
322	11.103	31.94	34.75	30.17	33.89	29.69	37.26	30.06	38.5	29.34	48.96	37.61	42.07	35.49	53.19	47.74	37.7	45.9	55.88	47.89	30.79	42.58	40.93	60.8	42.51	61.94	53.3	67.33	33.16	73.01	45.23	76.21	44.67	82.67	55.42
323	11.138	31.65	34.83	29.81	33.97	29.34	37.4	29.72	38.65	29.06	49.31	37.3	42.2	35.35	53.49	47.48	37.68	45.63	56.02	47.75	30.77	42.32	40.94	60.49	42.54	61.8	53.44	66.87	32.93	72.84	45.24	75.46	43.9	82.28	55.24
324	11.172	31.81	34.96	29.96	34.06	29.46	37.57	29.7	38.68	29.03	49.51	37.21	42.1	35.27	53.67	47.5	37.52	45.44	55.99	47.76	30.92	41.83	40.8	60.29	42.6	61.63	53.61	66.42	32.68	72.34	45.28	75.61	43.21	82.16	54.69
325	11.207	31.65	34.89	29.76	34.04	29.29	37.62	29.46	38.69	28.81	49.69	36.98	41.87	35.07	53.69	47.64	37.08	45.03	55.51	47.72	31.04	41.23	39.94	59.95	42.19	61.25	53.36	66.15	32.54	71.6	45.76	75.8	41.91	81.13	54.01
326	11.241	31.83	34.97	29.98	34.14	29.47	37.65	29.75	38.9	29.09	49.74	36.88	42.06	35.33	54.04	47.42	37.16	45.24	56.0	47.94	30.77	41.69	40.09	59.66	42.45	61.23	53.68	65.44	32.53	71.34	46.16	75.0	41.09	80.7	53.92
327	11.276	31.86	34.94	30.07	34.11	29.49	37.58	29.89	38.9	29.07	49.64	37.03	41.95	35.25	53.88	47.55	37.34	45.19	55.9	48.19	30.75	41.75	39.79	59.85	42.58	61.3	53.8	65.49	32.49	71.56	46.22	74.95	41.27	81.03	54.28
328	11.31	31.78	34.86	30.03	34.02	29.41	37.48	29.83	38.82	28.92	49.51	36.92	41.98	35.07	53.89	47.41	37.67	45.14	55.92	48.37	31.22	41.9	39.54	59.82	42.72	61.2	53.95	65.37	32.54	71.45	46.3	74.93	41.84	81.01	54.7
329	11.345	31.63	34.91	29.89	34.06	29.29	37.51	29.77	38.86	28.87	49.48	36.95	42.15	35.11	53.8	47.44	38.01	45.23	55.95	48.62	31.56	42.17	40.34	59.72	42.7	61.09	53.75	65.33	33.17	71.37	46.58	74.77	42.29	81.03	54.81
330	11.379	31.72	35.05	30.03	34.23	29.41	37.6	29.94	39.03	29.02	49.46	37.01	42.21	35.18	53.8	47.47	38.17	45.32	55.94	48.86	32.01	42.25	40.28	59.69	42.89	61.07	53.89	65.3	33.4	71.33	46.89	74.79	42.4	81.01	55.0
331	11.414	31.91	35.14	30.28	34.3	29.59	37.62	30.13	39.06	29.07	49.38	37.09	42.12	35.2	53.76	47.58	38.46	45.5	56.07	49.02	32.52	42.2	40.25	59.81	43.02	61.14	54.02	65.33	33.34	71.38	46.9	75.02	42.58	81.14	55.13
332	11.448	31.41	35.28	29.8	34.45	28.93	38.05	30.21	39.06	28.91	49.87	36.98	41.93	35.21	53.78	47.29	38.48	45.7	55.81	48.89	33.01	41.87	40.89	59.39	43.21	60.66	54.12	63.65	33.88	70.05	47.07	73.9	42.23	80.47	53.97
333	11.483	31.91	35.16	30.22	34.31	29.58	37.67	29.96	39.0	29.02	49.44	36.92	42.01	35.24	53.9	47.72	38.32	45.42	56.17	48.89	32.76	42.18	40.12	59.85	43.25	61.34	54.41	64.84	33.14	70.98	47.17	74.95	41.55	80.64	54.52
334	11.517	31.46	35.21	29.81	34.43	28.99	37.97	30.09	39.09	28.93	49.78	36.58	41.86	35.2	53.77	47.01	38.63	45.56	55.65	48.9	33.72	42.03	40.74	58.91	43.17	60.48	54.18	62.87	33.76	69.74	47.49	73.24	41.03	80.18	53.61
335	11.552	31.43	35.2	29.71	34.37	28.93	38.01	29.87	38.91	28.77	49.86	36.25	41.52	35.08	53.83	47.01	38.38	45.4	55.69	48.96	33.75	41.9	40.7	58.61	42.71	60.39	54.0	62.27	33.4	69.52	47.9	72.82	39.12	80.02	52.57
336	11.586	31.68	35.05	29.88	34.24	29.39	37.51	29.5	39.15	28.94	49.46	36.08	41.85	35.17	53.9	47.13	38.55	45.13	56.23	49.26	33.78	42.3	39.94	59.03	42.65	61.14	54.07	64.2	32.28	71.28	47.18	73.65	37.64	80.34	52.55
337	11.621	31.64	35.23	29.77	34.38	29.33	37.78	29.32	39.25	28.99	49.86	35.62	41.77	35.24	54.04	46.49	38.55	44.96	56.6	49.27	34.03	42.4	40.88	58.68	42.59	61.12	54.21	63.84	31.86	71.32	47.16	73.43	36.43	80.47	52.06
338	11.655	31.68	35.13	29.82	34.32	29.36	37.66	29.31	39.38	29.04	49.89	35.47	41.77	35.22	54.03	46.39	38.43	44.91	56.3	49.28	34.0	42.29	40.1	58.58	42.54	61.16	54.22	63.68	31.31	71.48	46.9	73.31	34.8	80.67	51.19
339	11.69	31.68	35.18	29.81	34.36	29.34	37.62	29.27	39.47	28.99	49.8	35.37	41.89	35.2	53.9	46.43	38.88	44.9	56.06	49.4	34.36	42.02	39.94	58.44	42.53	61.16	54.08	63.09	31.6	71.51	47.13	72.41	34.77	80.86	51.57
340	11.724	31.65	35.12	29.81	34.31	29.33	37.52	29.32	39.48	29.05	49.69	35.6	41.96	35.18	53.64	46.75	38.84	44.95	55.45	49.68	34.35	42.17	39.45	58.72	42.78	61.27	54.18	63.55	31.92	71.93	47.2	72.6	35.56	81.39	52.27
341	11.759	31.7	35.12	29.86	34.28	29.36	37.49	29.31	39.39	29.0	49.59	35.48	42.0	35.13	53.54	46.53	39.22	44.91	55.38	49.94	34.75	42.16	39.38	58.73	42.99	61.28	54.33	63.53	32.25	71.9	47.33	72.61	35.73	81.38	52.14
342	11.793	31.63	35.03	29.8	34.2	29.31	37.38	29.26	39.33	28.93	49.45	35.61	41.82	34.99	53.44	46.93	38.96	44.78	55.42	50.68	34.54	42.07	39.11	58.75	42.71	61.16	54.03	63.69	32.67	71.92	47.55	72.27	36.31	81.18	52.51
343	11.828	31.59	35.0	29.75	34.19	29.28	37.36	29.22	39.33	28.91	49.42	35.67	41.78	34.94	53.27	47.26	38.85	44.77	54.86	51.22	34.67	42.24	38.4	58.64	42.56	61.0	53.82	63.71	32.64	72.05	47.49	72.07	36.26	81.31	52.49
344	11.862	31.73	34.92	29.9	34.13	29.45	37.26	29.26	39.28	28.95	49.26	36.12	41.73	35.07	52.79	48.25	38.77	45.17	54.09	52.29	34.53	42.28	38.1	59.16	42.79	61.25	53.75	64.82	33.2	72.44	47.32	73.12	38.13	81.41	53.35
345	11.897	31.76	34.87	29.89	34.16	29.53	37.24	29.14	39.36	29.03	49.18	36.03	41.77	35.32	52.39	48.2	38.86	45.45	53.13	52.32	34.59	42.28	37.46	59.09	42.52	61.37	53.23	64.92	32.99	72.33	46.87	73.5	37.93	81.26	52.83
346	11.931	31.86	34.85	29.94	34.19	29.6	37.32	29.2	39.35	29.06	49.3	36.29	41.86	35.41	52.33	48.59	38.57	45.5	52.39	51.64	33.43	41.97	36.8	59.14	42.58	61.27	53.2	64.93	33.01	72.04	46.93	73.59	37.32	80.88	52.26
347	11.966	31.45	34.95	29.57	34.36	29.19	37.75	29.23	39.24	29.12	49.59	35.96	41.51	35.61	52.57	48.31	37.17	45.96	51.63	51.03	33.04	42.54	37.15	58.05	42.56	60.4	53.2	62.08	33.55	69.5	47.7	72.2	36.83	79.39	50.9
348	12.0	31.33	35.07	29.61	34.53	29.18	37.78	29.5	39.4	29.26	49.37	36.13	41.84	35.54	52.48	48.05	37.22	46.0	51.44	50.85	32.7	42.81	37.45	58.14	42.65	60.25	53.13	62.79	34.03	69.6	47.94	73.61	38.66	80.04	52.01
349	12.034	31.38	35.11	29.76	34.56	29.18	37.93	29.83	39.36	29.27	49.56	36.82	41.76	35.36	52.41	48.38	36.91	46.0	51.31	50.1	32.03	42.78	36.96	59.25	43.08	60.61	53.65	64.3	34.73	69.95	48.49	76.41	41.55	81.37	54.0
350	12.069	31.27	35.15	29.64	34.55	29.07	38.0	29.65	39.35	29.08	49.69	36.74	41.96	35.16	52.31	48.1	36.77	46.08	50.96	49.7	31.66	42.63	36.8	59.18	42.76	60.41	53.25	65.51	35.15	70.74	48.15	77.79	43.29	82.51	54.7
351	12.103	31.68	34.99	29.93	34.38	29.64	37.69	29.58	39.32	29.26	49.4	37.2	42.55	35.41	52.2	48.43	37.79	45.96	51.06	49.0	31.91	43.13	36.06	60.41	43.08	61.46	53.52	68.28	36.99	72.62	49.99	80.08	44.12	83.69	55.69
352	12.138	31.87	35.06	30.16	34.45	29.87	37.71	29.78	39.46	29.47	49.3	37.23	43.13	35.38	52.18	48.24	38.43	45.9	50.72	48.9	32.3	43.48	35.92	59.95	43.47	60.91	53.58	67.94	38.47	72.26	50.86	80.01	44.95	83.96	55.99
353	12.172	32.29	35.06	30.57	34.48	30.31	37.66	30.14	39.47	29.91	49.12	37.73	43.07	35.77	51.82	48.56	38.31	46.33	50.37	49.26	32.71	43.87	36.05	60.41	43.27	61.23	53.14	68.8	39.05	72.69	50.72	80.39	45.95	84.11	56.18
354	12.207	32.19	35.22	30.46	34.69	30.31	37.75	29.84	39.72	29.87	49.12	37.46	43.12	35.53	51.94	48.94	38.73	46.54	50.56	49.89	33.93	44.21	35.9	60.36	43.41	61.24	53.37	68.93	38.39	72.88	50.37	80.68	46.41	84.42	56.73
355	12.241	32.3	35.16	30.56	34.58	30.35	37.75	29.96	39.54	29.73	49.21	37.91	42.85	35.27	52.12	50.18	38.4	46.3	50.98	50.73	33.3	43.79	36.18	60.57	43.38	61.07	53.55	69.16	37.96	72.99	50.3	80.96	46.18	84.6	56.73
356	12.276	32.37	35.2	30.65	34.62	30.33	37.79	30.04	39.58	29.64	49.28	37.76	42.93	35.17	52.29	49.84	38.91	46.2	51.33	50.87	34.35	43.58	36.27	60.72	43.44	61.23	53.68	69.05	38.07	73.02	50.45	80.99	46.23	84.75	56.81
357	12.31	32.15	35.14	30.47	34.53	30.12	37.75	29.94	39.44	29.54	49.2	37.53	42.88	35.1	52.24	49.4	39.09	46.25	51.44	51.0	34.89	43.74	36.6	60.48	43.42	61.04	53.66	68.89	38.44	72.9	50.77	81.13	46.75	84.96	57.06
358	12.345	32.23	35.22	30.56	34.7	30.17	37.85	30.11	39.78	29.62	49.41	37.76	43.2	35.21	52.41	49.78	38.97	46.38	51.45	50.82	34.23	43.29	36.76	60.49	43.71	61.0	53.81	68.88	38.9	72.84	50.99	80.99	47.02	84.87	57.41
359	12.379	32.16	35.29	30.48	34.76	30.11	37.95	30.08	39.84	29.64	49.61	37.72	43.27	35.27	52.69	49.39	38.37	46.31	51.61	50.01	33.59	43.11	37.02	60.53	43.8	61.1	54.04	68.97	38.91	72.9	51.12	81.08	46.96	84.97	57.5
360	12.414	32.09	35.36	30.37	34.82	30.05	38.04	30.03	39.86	29.66	49.69	37.77	43.34	35.39	52.63	49.49	38.55	46.41	51.64	49.52	33.56	43.08	37.18	60.63	43.73	61.23	53.92	69.11	38.9	72.97	51.05	81.22	46.84	84.92	57.41
361	12.448	32.21	35.33	30.5	34.78	30.29	37.95	29.92	39.85	29.86	49.47	37.28	43.47	35.48	52.48	48.42	39.21	46.71	51.53	48.63	34.22	43.62	36.78	60.25	43.68	61.15	53.8	69.04	38.68	73.03	50.77	81.42	47.13	85.13	57.41
362	12.483	32.15	35.34	30.43	34.84	30.28	37.95	29.85	39.94	29.97	49.44	37.15	43.53	35.57	52.34	48.14	39.17	46.72	51.26	48.27	34.34	43.77	36.67	60.18	43.67	61.2	53.72	68.94	38.79	72.98	50.83	81.45	46.98	85.19	57.32
363	12.517	32.06	35.39	30.32	34.94	30.2	38.01	29.63	40.11	29.83	49.51	36.83	43.7	35.37	52.33	47.77	39.56	46.52	51.21	48.1	34.86	43.74	36.74	59.86	43.83	60.94	53.83	68.7	39.16	72.81	51.03	81.29	47.02	85.1	57.26
364	12.552	31.9	35.33	30.16	34.89	30.05	37.97	29.37	40.08	29.58	49.51	36.53	43.63	35.01	52.41	47.59	39.14	46.24	51.08	47.89	34.7	43.48	36.72	59.45	43.84	60.5	53.96	68.49	39.13	72.65	51.17	81.09	47.12	84.96	57.44
365	12.586	31.83	35.41	30.09	34.93	29.95	38.07	29.39	40.02	29.48	49.61	36.58	43.56	34.94	52.43	47.65	39.45	46.22	51.43	48.1	34.79	43.34	37.03	59.68	43.88	60.61	54.05	68.72	39.19	72.75	51.26	81.36	47.31	85.09	57.55
366	12.621	31.88	35.45	30.17	34.94	29.92	38.17	29.59	39.96	29.43	49.75	36.83	43.56	34.93	52.59	47.75	39.28	46.17	51.61	48.05	34.3	43.18	37.12	59.82	43.98	60.56	54.19	68.81	39.28	72.79	51.33	81.27	47.44	85.04	57.6
367	12.655	31.8	35.58	30.13	35.04	29.82	38.31	29.73	40.02	29.44	49.88	36.93	43.62	35.02	52.67	47.73	39.15	46.18	51.55	48.11	34.38	43.36	37.18	59.9	44.1	60.64	54.34	68.86	39.41	72.91	51.59	81.43	47.41	85.25	57.68
368	12.69	32.23	35.25	30.72	34.29	29.97	37.71	31.3	38.86	30.22	49.01	37.32	43.77	36.69	52.88	46.14	38.87	46.79	52.15	47.78	34.33	44.0	38.7	60.19	44.0	61.43	54.04	68.5	40.48	71.98	51.11	80.85	49.62	81.74	58.75
369	12.724	31.8	35.6	30.11	35.04	29.79	38.33	29.62	40.03	29.35	49.97	36.81	43.55	34.94	52.88	47.71	39.25	46.1	51.96	48.51	34.96	43.47	37.22	59.92	44.13	60.71	54.51	68.72	39.42	72.89	51.74	81.26	47.46	85.14	57.83
370	12.759	31.85	35.76	30.15	35.2	29.85	38.48	29.66	40.14	29.42	50.04	36.86	43.7	34.99	52.85	47.83	39.4	46.07	51.77	48.55	34.99	43.47	37.2	59.85	44.18	60.65	54.45	68.67	39.64	72.85	51.84	81.17	47.51	85.09	57.81
371	12.793	31.95	35.74	30.26	35.14	29.94	38.41	29.67	40.05	29.37	49.93	36.97	43.64	34.83	52.9	48.26	39.47	46.06	51.95	49.09	35.11	43.46	37.2	59.99	44.19	60.65	54.48	68.66	39.39	72.79	51.52	81.18	47.82	85.07	57.87
372	12.828	31.94	35.83	30.25	35.23	29.9	38.53	29.75	40.13	29.36	50.08	37.11	43.62	34.88	52.95	48.33	39.38	46.02	52.08	49.23	35.04	43.34	37.38	60.08	44.14	60.68	54.43	68.72	39.31	72.81	51.35	81.04	47.95	84.97	57.93
373	12.862	31.96	35.71	30.25	35.07	29.96	38.36	29.49	39.99	29.25	49.92	36.9	43.44	34.67	52.97	48.56	39.31	45.91	52.23	49.89	35.1	43.31	37.25	59.81	44.04	60.53	54.44	68.6	38.89	72.99	51.01	80.98	48.03	85.34	57.95
374	12.897	32.03	35.83	30.3	35.2	29.99	38.49	29.55	40.14	29.29	50.1	37.09	43.56	34.79	53.13	48.9	39.27	45.95	52.3	50.03	35.06	43.1	37.37	59.99	44.2	60.69	54.53	68.49	38.76	72.82	50.74	80.74	48.02	84.97	57.92
375	12.931	32.02	35.84	30.35	35.19	29.98	38.49	29.78	40.08	29.39	50.04	37.4	43.48	34.94	53.14	49.31	39.05	46.09	52.43	50.51	35.1	42.96	37.66	60.3	44.24	60.89	54.58	68.82	38.58	72.99	50.56	81.08	48.12	85.12	57.9
376	12.966	32.09	35.82	30.41	35.18	30.02	38.43	29.83	40.09	29.4	49.96	37.47	43.68	35.0	53.12	49.33	39.52	46.18	52.5	50.88	35.4	43.01	37.77	60.41	44.31	61.0	54.46	68.78	38.58	72.96	50.08	80.62	48.19	84.83	57.58
377	13.0	32.07	35.77	30.39	35.1	30.03	38.35	29.76	39.99	29.37	49.85	37.44	43.64	34.89	53.18	49.33	39.54	46.16	52.85	51.11	35.41	43.12	38.02	60.49	44.27	61.03	54.47	68.87	38.47	72.98	49.91	80.63	48.27	84.84	57.42
378	13.034	32.01	35.68	30.34	35.04	29.99	38.25	29.72	39.93	29.37	49.71	37.29	43.6	34.96	53.0	49.12	39.3	46.23	52.41	51.23	35.24	43.15	38.08	60.33	44.15	61.0	54.27	68.81	38.41	72.93	49.8	80.61	48.13	84.78	57.25
379	13.069	31.99	35.58	30.36	34.95	29.94	38.17	29.81	39.83	29.31	49.65	37.33	43.4	34.91	52.94	49.04	39.04	46.1	52.55	51.21	34.97	43.16	38.27	60.31	44.03	60.92	54.2	68.55	38.22	72.76	49.7	80.31	47.87	84.59	57.12
380	13.103	31.89	35.51	30.25	34.86	29.81	38.11	29.75	39.7	29.2	49.6	37.43	43.11	34.87	52.85	49.46	38.54	46.1	52.59	51.76	34.89	42.99	38.34	60.41	43.79	60.98	54.02	68.6	38.24	72.91	49.68	80.24	47.69	84.73	56.91
381	13.138	32.01	35.61	30.37	34.93	29.92	38.17	29.8	39.73	29.21	49.59	37.43	43.26	34.8	52.89	49.37	39.06	45.95	52.83	51.76	35.12	42.78	38.76	60.43	43.74	60.94	53.91	68.63	38.43	72.84	49.72	80.24	47.74	84.69	56.77
382	13.172	32.03	35.54	30.39	34.89	29.98	38.09	29.8	39.7	29.29	49.49	37.41	43.23	34.87	52.77	49.43	39.01	46.12	52.59	51.78	35.1	42.88	38.4	60.48	43.78	61.04	53.94	68.85	38.35	73.04	49.67	80.45	47.78	84.82	56.82
383	13.207	31.87	35.6	30.22	34.95	29.82	38.17	29.67	39.75	29.19	49.58	37.43	43.25	34.85	52.74	49.68	39.07	46.09	52.47	51.85	35.04	42.74	38.26	60.48	43.77	61.04	53.9	68.74	38.29	73.03	49.6	80.36	47.82	84.84	56.88
384	13.241	31.73	35.53	30.06	34.87	29.66	38.15	29.59	39.64	29.09	49.59	37.33	43.11	34.81	52.64	49.35	38.99	45.93	52.46	51.46	34.88	42.78	38.04	60.47	43.53	61.04	53.71	68.73	38.21	73.0	49.54	80.36	47.78	84.77	56.86
385	13.276	31.77	35.43	30.1	34.82	29.7	38.05	29.49	39.75	28.99	49.6	37.22	43.37	34.68	52.66	49.33	39.06	46.13	51.87	51.1	35.1	42.78	37.81	60.11	43.82	60.67	53.86	68.52	38.4	72.8	49.62	80.27	48.06	84.79	57.13
386	13.31	31.73	35.5	30.05	34.87	29.63	38.13	29.43	39.8	28.87	49.74	37.23	43.34	34.57	52.8	49.38	39.13	45.94	52.19	51.01	34.96	42.63	37.68	60.22	43.92	60.71	54.06	68.55	38.33	72.79	49.63	80.23	48.03	84.65	57.2
387	13.345	31.31	35.69	29.7	35.03	29.16	38.32	29.68	39.98	29.11	49.9	37.05	43.58	34.95	52.89	48.64	39.15	46.35	52.38	50.96	35.35	42.73	38.88	59.98	44.0	60.66	53.95	68.13	39.32	72.5	49.75	80.15	49.15	84.55	57.68
388	13.379	31.24	35.72	29.65	35.06	29.11	38.35	29.65	39.97	29.12	49.86	36.92	43.61	35.02	52.79	48.45	39.35	46.47	52.17	50.98	35.56	42.95	38.73	59.69	44.07	60.49	53.95	67.78	39.32	72.38	49.76	79.81	49.17	84.54	57.7
389	13.414	31.29	35.73	29.67	35.04	29.17	38.39	29.55	39.91	29.03	49.93	36.91	43.59	34.82	52.91	48.6	39.3	46.38	52.3	51.06	35.55	42.78	38.82	59.75	44.13	60.36	54.09	68.11	39.39	72.25	49.84	80.37	49.57	84.44	57.85
390	13.448	31.2	35.78	29.61	35.09	29.04	38.42	29.62	39.94	28.98	49.94	36.98	43.49	34.88	52.8	48.76	39.28	46.4	52.34	51.47	35.5	42.65	38.76	59.6	44.02	60.27	53.92	67.75	39.48	72.21	49.82	79.82	49.39	84.45	57.72
391	13.483	31.39	35.88	29.81	35.16	29.29	38.43	29.6	39.98	29.12	49.82	36.72	43.48	34.95	52.81	48.52	39.26	46.51	52.28	51.8	35.64	42.54	38.91	59.37	44.16	60.25	54.07	67.6	39.36	72.1	49.83	79.85	49.43	84.27	57.78
392	13.517	31.89	35.66	30.19	34.93	29.84	38.2	29.11	39.78	28.76	49.66	36.77	43.37	34.41	52.85	49.4	39.05	46.19	51.73	52.33	35.7	42.25	37.94	59.58	43.99	60.26	54.06	68.13	38.85	72.49	49.94	79.75	48.63	84.35	57.2
393	13.552	31.93	35.86	30.17	35.12	29.93	38.38	28.98	39.87	28.89	49.71	36.79	43.53	34.54	52.8	49.85	39.29	46.23	51.58	52.45	36.22	42.07	38.12	59.18	44.08	59.97	53.97	67.82	39.48	72.31	50.23	79.22	48.96	84.14	57.2
394	13.586	32.59	36.26	31.02	36.02	30.97	38.56	30.81	41.1	31.15	49.13	37.35	45.65	35.95	52.86	45.53	41.51	46.8	51.86	43.72	37.57	42.74	39.36	60.03	44.49	60.55	53.59	70.07	38.99	72.27	49.78	81.35	49.49	83.37	57.86
395	13.621	32.54	36.47	30.99	36.15	30.94	38.72	30.96	41.12	31.3	49.2	37.52	45.8	36.08	53.19	45.52	42.09	46.63	52.91	43.77	38.14	42.76	40.14	60.18	44.73	60.69	53.9	70.22	39.51	72.41	50.3	81.38	49.83	83.4	58.06
396	13.655	32.24	36.43	30.46	35.82	30.17	39.0	29.51	40.58	29.36	50.26	36.38	44.86	35.05	53.22	45.85	41.93	46.25	53.18	43.85	38.2	42.03	39.64	59.02	44.95	60.02	54.6	67.49	41.16	71.89	51.33	79.56	49.32	84.11	57.75
397	13.69	32.35	36.61	30.57	35.98	30.24	39.23	29.77	40.68	29.48	50.49	36.77	45.05	35.17	53.45	46.25	42.41	46.4	53.84	43.81	38.63	42.13	40.34	59.46	45.34	60.23	54.98	67.86	41.41	71.97	51.47	79.93	49.91	84.22	58.17
398	13.724	32.54	36.72	30.8	36.05	30.36	39.33	30.06	40.74	29.57	50.63	36.92	45.07	35.22	53.73	46.21	42.51	46.39	54.47	43.86	38.71	42.23	40.53	59.58	45.49	60.28	55.23	67.79	41.46	71.95	51.57	79.96	50.1	84.19	58.39
399	13.759	32.53	36.84	30.79	36.15	30.31	39.46	30.18	40.77	29.54	50.77	37.04	45.17	35.22	53.99	46.19	42.73	46.43	55.07	43.49	39.1	42.09	41.14	59.85	45.6	60.41	55.43	68.1	41.73	72.08	51.89	80.2	50.38	84.18	58.65
400	13.793	32.43	37.06	30.69	36.32	30.25	39.71	30.08	40.86	29.58	51.02	36.71	45.12	35.29	54.3	45.49	42.53	46.39	55.77	43.25	39.36	42.2	41.9	59.65	45.56	60.44	55.6	68.02	41.79	72.09	52.16	80.29	50.38	84.22	58.68
401	13.828	32.53	37.16	30.81	36.43	30.36	39.81	30.19	40.98	29.69	51.13	36.68	45.17	35.35	54.43	45.15	42.38	46.37	55.96	43.1	39.13	42.26	42.13	59.75	45.51	60.57	55.61	68.25	41.79	72.21	52.19	80.6	50.4	84.36	58.66
402	13.862	32.2	37.17	30.52	36.52	30.04	39.74	30.15	41.16	29.55	50.94	36.87	45.62	35.25	54.12	45.45	44.0	46.15	56.06	43.45	39.36	42.01	42.01	59.91	45.71	60.57	55.42	68.23	42.39	72.1	52.24	80.45	50.3	84.42	58.36
403	13.897	32.47	37.27	30.81	36.58	30.23	39.84	30.34	41.15	29.55	51.04	36.89	45.59	35.33	54.23	45.1	43.78	46.2	55.96	42.58	39.5	41.48	41.98	59.89	45.84	60.58	55.6	68.2	42.42	72.09	52.3	80.55	50.34	84.38	58.42
404	13.931	32.0	37.19	30.43	36.38	29.66	40.03	30.55	40.88	29.35	51.83	38.0	43.73	35.35	55.39	49.37	37.43	46.38	56.5	49.81	35.4	42.22	42.14	60.62	45.1	61.04	56.13	68.45	40.68	72.68	52.57	80.73	49.52	84.71	58.97
405	13.966	31.68	37.32	30.08	36.66	29.42	40.11	30.28	41.45	29.38	51.86	37.25	45.14	35.43	55.11	47.68	40.48	46.31	56.16	48.57	34.44	42.78	41.81	60.18	45.61	61.04	56.0	68.25	41.05	72.69	52.4	80.76	49.17	84.98	58.67
406	14.0	31.85	37.57	30.25	36.91	29.59	40.42	30.53	41.54	29.62	52.06	37.31	45.06	35.6	55.07	46.99	40.2	46.27	56.23	46.7	33.92	42.36	41.54	60.05	45.68	60.9	56.1	68.12	41.11	72.54	52.5	80.57	48.98	84.85	58.67
407	14.034	32.1	37.79	30.39	37.23	29.93	40.47	30.03	42.14	29.56	52.06	36.73	46.01	35.33	55.06	45.68	42.11	46.28	55.31	44.4	35.11	42.33	38.91	59.84	46.25	60.82	56.28	67.87	41.45	72.28	52.2	80.0	49.33	84.51	58.64
408	14.069	32.17	38.02	30.48	37.47	30.01	40.71	30.08	42.29	29.53	52.18	36.67	46.07	35.28	54.91	44.81	42.51	46.12	55.09	42.36	35.58	41.65	38.29	59.88	46.37	60.74	56.35	68.09	41.56	72.2	52.13	80.41	49.49	84.41	58.53
409	14.103	32.63	38.28	30.99	38.09	30.9	40.66	31.15	43.16	31.33	51.44	37.6	47.45	36.54	55.25	44.62	43.51	46.7	55.26	42.02	36.38	41.65	39.25	61.16	46.19	61.87	55.57	70.54	40.43	72.42	51.25	81.23	50.15	82.74	58.95
410	14.138	32.59	38.19	30.87	37.94	30.82	40.62	30.92	42.88	31.22	51.5	37.16	47.22	36.6	55.35	43.46	43.31	46.7	55.88	40.98	36.93	41.73	41.01	61.17	46.09	62.16	55.7	70.61	40.41	72.68	51.29	81.29	50.17	82.87	58.99
411	14.172	32.86	38.12	31.17	37.89	30.98	40.63	31.28	42.95	31.19	51.69	37.93	47.19	36.58	55.36	44.73	43.06	46.75	55.36	40.7	37.56	40.96	40.64	61.46	46.13	61.99	55.66	70.79	40.27	72.79	51.05	81.45	50.33	82.98	59.15
412	14.207	33.0	38.11	31.3	37.84	31.04	40.6	31.44	42.89	31.13	51.7	38.33	47.35	36.62	55.44	45.54	43.89	46.99	55.79	41.24	38.43	40.97	41.28	61.83	46.05	62.14	55.45	70.93	40.33	72.85	50.83	81.39	50.45	82.86	59.01
413	14.241	32.52	38.07	30.78	37.42	30.1	40.89	30.33	42.17	29.19	52.61	37.24	46.35	35.29	55.19	45.15	43.59	46.23	55.59	40.45	37.87	40.61	40.57	60.19	46.53	60.66	56.37	68.16	41.9	72.15	51.96	80.29	50.17	84.15	58.78
414	14.276	32.42	38.16	30.7	37.54	30.01	40.96	30.35	42.28	29.2	52.6	37.13	46.39	35.33	55.02	44.7	43.72	46.16	55.56	39.98	36.91	40.49	40.28	59.99	46.49	60.55	56.24	68.03	42.16	72.05	52.14	80.06	50.13	84.02	58.89
415	14.31	32.41	38.18	30.66	37.54	30.13	41.04	30.14	42.2	29.41	52.68	36.67	46.06	35.38	55.2	43.88	42.46	46.2	55.82	39.76	36.33	40.92	40.96	59.59	46.44	60.41	56.5	67.97	42.02	72.01	52.32	80.13	50.37	84.06	59.02
416	14.345	32.36	38.23	30.61	37.62	30.05	41.02	30.14	42.3	29.34	52.57	36.73	46.24	35.33	55.05	44.25	43.17	46.14	55.74	40.21	36.71	40.75	40.73	59.59	46.44	60.38	56.31	67.78	42.18	71.89	52.31	79.81	50.27	83.95	59.01
417	14.379	32.41	38.33	30.64	37.67	30.1	41.14	30.08	42.25	29.33	52.67	36.5	46.12	35.3	55.14	43.81	43.03	46.16	56.06	40.24	36.74	41.03	41.27	59.45	46.38	60.33	56.37	67.81	42.23	71.94	52.39	79.88	50.37	83.98	58.96
418	14.414	32.91	38.39	31.25	38.07	31.11	40.8	31.29	42.89	31.47	51.57	37.32	47.06	36.6	55.51	43.56	42.94	46.48	56.57	41.23	36.98	41.76	42.32	60.64	46.16	61.55	55.81	70.09	40.64	72.28	51.43	80.73	50.77	82.47	59.44
419	14.448	32.38	38.22	30.67	37.6	30.09	40.98	30.19	42.26	29.4	52.45	36.67	46.17	35.35	54.93	43.99	43.31	46.1	55.8	40.26	36.82	40.82	40.9	59.57	46.52	60.39	56.37	67.76	42.13	71.82	52.22	79.9	50.19	83.92	58.85
420	14.483	32.85	38.32	31.2	38.04	31.07	40.73	31.26	42.97	31.41	51.54	37.41	47.12	36.49	55.44	43.82	43.06	46.37	56.28	41.25	36.98	41.46	41.52	60.78	46.14	61.59	55.74	70.22	40.56	72.38	51.31	80.82	50.59	82.6	59.28
421	14.517	32.52	38.17	30.84	37.63	30.26	40.95	30.38	42.45	29.59	52.48	36.84	46.24	35.38	54.96	44.42	43.1	46.11	55.51	40.88	37.16	40.77	40.62	59.56	46.59	60.3	56.4	67.78	42.25	71.77	52.42	80.15	50.24	84.09	59.0
422	14.552	32.41	38.15	30.72	37.58	30.17	40.94	30.24	42.34	29.53	52.47	36.7	46.14	35.32	55.06	44.28	42.98	46.19	55.85	40.65	36.74	40.93	40.55	59.64	46.68	60.4	56.62	67.86	42.29	71.8	52.62	80.35	50.36	84.14	59.12
423	14.586	32.23	38.26	30.49	37.59	29.99	41.13	30.03	42.2	29.46	52.73	36.33	45.91	35.35	55.32	43.54	42.36	46.29	56.74	40.56	36.48	41.87	42.45	59.3	46.62	60.29	56.81	67.48	42.43	71.69	52.94	79.91	50.49	84.09	59.28
424	14.621	32.37	38.3	30.63	37.68	30.1	41.15	30.19	42.36	29.53	52.74	36.57	46.08	35.38	55.35	43.87	42.56	46.14	56.49	40.68	36.48	41.41	41.67	59.42	46.71	60.31	56.82	67.59	42.54	71.73	52.96	79.7	50.4	83.91	59.33
425	14.655	32.35	38.31	30.61	37.66	30.09	41.19	30.18	42.32	29.56	52.84	36.48	46.01	35.45	55.46	43.65	42.25	46.29	56.65	40.4	36.4	41.73	41.96	59.41	46.67	60.38	56.89	67.68	42.49	71.91	53.08	79.93	50.43	84.13	59.39
426	14.69	32.4	38.36	30.65	37.74	30.13	41.19	30.16	42.46	29.55	52.81	36.55	46.21	35.43	55.49	43.89	42.82	46.27	56.69	40.58	37.05	41.53	41.63	59.51	46.8	60.45	56.9	67.71	42.7	71.92	53.03	79.74	50.69	84.0	59.53
427	14.724	32.46	38.36	30.71	37.75	30.18	41.2	30.27	42.46	29.62	52.81	36.65	46.22	35.54	55.4	43.96	42.9	46.28	56.59	40.6	37.17	41.46	41.66	59.6	46.8	60.54	56.84	67.74	42.81	71.97	53.05	79.78	50.64	84.08	59.48
428	14.759	32.31	38.34	30.54	37.64	30.05	41.26	30.09	42.18	29.56	52.88	36.32	45.86	35.53	55.44	43.35	42.16	46.33	56.91	40.59	36.88	42.1	42.82	59.32	46.57	60.4	56.85	67.7	42.76	71.91	53.26	79.92	50.67	84.07	59.44
429	14.793	32.23	38.32	30.48	37.63	29.97	41.25	30.14	42.18	29.55	52.88	36.43	45.86	35.58	55.44	43.58	41.91	46.43	56.81	40.86	36.3	42.16	42.79	59.39	46.6	60.43	56.87	67.8	42.68	71.96	53.24	80.04	50.55	84.12	59.37
430	14.828	32.3	38.26	30.57	37.6	30.04	41.14	30.16	42.2	29.53	52.73	36.48	45.89	35.48	55.31	43.82	42.07	46.36	56.51	40.91	36.37	41.92	42.2	59.29	46.64	60.26	56.81	67.6	42.79	71.77	53.27	79.82	50.61	83.98	59.46
431	14.862	32.5	38.45	30.76	37.84	30.22	41.29	30.22	42.51	29.57	52.87	36.49	46.19	35.4	55.37	43.82	42.48	46.18	56.24	40.96	36.31	41.7	41.4	59.34	46.78	60.28	56.84	67.64	42.79	71.73	53.12	79.87	50.51	83.93	59.4
432	14.897	32.46	38.47	30.77	37.83	30.18	41.25	30.42	42.44	29.63	52.71	36.72	46.15	35.46	55.29	44.19	42.72	46.22	56.58	41.63	36.13	41.94	41.91	59.58	46.82	60.42	56.86	67.87	42.78	71.9	53.16	80.04	50.57	83.97	59.48
433	14.931	32.53	38.52	30.9	37.99	30.28	41.21	30.69	42.7	29.83	52.57	37.0	46.51	35.6	55.13	44.76	43.3	46.24	56.1	42.33	36.1	41.66	40.97	59.92	46.88	60.69	56.69	68.35	42.79	72.19	52.99	80.77	50.42	84.43	59.3
434	14.966	32.46	38.44	30.85	37.91	30.27	41.16	30.7	42.66	29.99	52.56	36.92	46.36	35.73	55.24	44.62	42.44	46.34	56.08	42.95	35.36	42.14	41.14	59.85	46.83	60.75	56.77	68.34	42.57	72.23	53.04	80.75	50.34	84.45	59.33
435	15.0	32.58	38.34	31.0	37.76	30.36	41.14	30.98	42.45	30.15	52.6	37.32	46.0	35.8	55.35	45.54	41.48	46.37	56.2	44.03	34.77	42.25	41.29	59.9	46.66	60.65	56.78	68.39	42.36	72.32	53.14	80.95	50.23	84.7	59.36
436	15.034	32.61	38.38	31.08	37.72	30.29	41.21	31.26	42.25	30.08	52.66	37.6	45.77	35.86	55.48	46.09	41.1	46.39	56.73	44.95	35.0	42.2	42.56	60.0	46.49	60.63	56.71	68.4	42.36	72.31	53.18	81.06	50.4	84.67	59.45
437	15.069	32.75	38.33	31.29	37.54	30.3	41.29	31.71	41.87	30.12	52.9	38.11	45.02	35.94	55.8	47.01	39.01	46.26	57.22	46.55	33.61	41.96	43.53	60.11	46.22	60.53	56.85	68.45	42.23	72.39	53.49	81.27	50.53	84.86	59.68
438	15.103	32.91	38.28	31.39	37.45	30.47	41.25	31.68	41.72	30.28	52.89	38.3	44.63	36.06	55.96	47.64	38.16	46.23	57.33	47.39	34.12	42.19	43.31	60.37	46.04	60.84	56.9	68.56	41.79	72.56	53.31	81.16	50.35	84.86	59.67
439	15.138	32.88	38.13	31.34	37.36	30.52	41.02	31.42	41.82	30.3	52.64	37.88	45.0	36.08	55.78	47.37	39.3	46.33	57.03	48.2	34.54	42.42	43.39	60.19	46.12	60.96	56.75	68.41	41.84	72.49	53.24	81.18	50.13	84.82	59.38
440	15.172	32.99	37.95	31.45	37.24	30.64	40.76	31.39	41.83	30.26	52.34	37.79	45.21	36.01	55.5	47.33	40.32	46.47	56.66	48.09	35.1	42.58	42.72	60.21	46.22	60.98	56.61	68.28	41.8	72.36	53.01	80.98	50.13	84.58	59.34
441	15.207	32.97	37.96	31.4	37.26	30.63	40.77	31.24	41.88	30.21	52.37	37.61	45.29	35.98	55.48	47.11	40.49	46.54	56.52	47.8	35.22	42.65	42.54	60.25	46.17	61.1	56.57	68.41	41.7	72.52	52.93	81.14	50.03	84.72	59.28
442	15.241	32.93	38.01	31.36	37.3	30.58	40.85	31.33	41.85	30.26	52.44	37.8	45.2	36.04	55.53	47.42	40.11	46.44	56.59	47.87	34.54	42.49	42.46	60.32	46.2	61.11	56.65	68.41	41.59	72.52	52.93	81.22	49.94	84.8	59.3
443	15.276	32.91	38.19	31.33	37.53	30.57	41.03	31.39	42.04	30.31	52.49	37.82	45.49	36.11	55.26	46.94	40.97	46.49	56.48	46.47	34.68	42.44	42.35	60.32	46.17	61.05	56.38	68.48	42.09	72.45	53.09	81.22	50.0	84.79	59.28
444	15.31	33.22	38.16	31.62	37.63	30.91	40.84	31.39	42.45	30.41	52.27	37.79	46.12	36.0	55.05	46.3	42.52	46.53	55.67	44.31	35.16	42.24	39.63	60.39	46.65	61.05	56.49	68.17	42.25	72.29	52.84	80.46	49.88	84.46	59.3
445	15.345	33.38	38.31	31.76	37.73	31.06	41.07	31.43	42.46	30.41	52.51	37.67	46.18	35.92	55.12	45.42	42.53	46.4	55.69	42.36	35.47	42.0	39.79	60.13	46.79	60.72	56.7	68.22	42.54	72.32	53.02	80.87	50.35	84.85	59.46
446	15.379	33.4	38.39	31.83	37.85	30.92	41.16	31.68	42.65	30.1	52.7	38.34	46.51	35.86	55.16	46.11	43.0	46.37	55.38	41.13	35.54	40.92	39.47	60.54	47.03	60.73	56.69	68.32	42.9	72.32	52.97	80.74	50.65	84.76	59.65
447	15.414	33.15	38.48	31.45	37.68	30.56	41.34	31.14	42.18	29.53	53.0	38.13	46.38	35.55	55.52	45.72	43.32	46.18	56.43	39.8	37.52	40.59	41.68	60.45	46.87	60.52	56.74	68.36	43.46	72.23	53.21	80.72	51.6	84.73	59.9
448	15.448	33.86	38.06	32.18	37.15	31.34	40.75	31.39	41.46	30.07	52.06	37.68	45.81	35.5	55.28	45.8	44.13	46.3	57.49	43.12	40.91	41.84	44.05	60.13	46.44	60.35	56.44	68.23	43.05	72.0	52.93	80.83	52.39	84.43	60.12
449	15.483	33.96	38.42	32.36	37.58	31.54	41.0	31.75	41.95	30.51	52.11	37.99	46.25	35.78	55.44	46.23	44.7	46.52	57.77	44.26	41.66	42.68	44.62	60.34	46.64	60.55	56.47	68.34	43.02	72.02	52.86	80.9	52.48	84.4	60.2
450	15.517	33.95	38.44	32.36	37.61	31.53	40.99	31.76	41.96	30.49	52.05	38.06	46.35	35.86	55.34	46.4	45.18	46.71	57.64	44.23	41.89	42.62	44.64	60.41	46.8	60.64	56.51	68.25	42.99	71.98	52.79	80.73	52.47	84.28	60.24
451	15.552	34.19	38.29	32.59	37.44	31.65	40.92	32.1	41.81	30.59	52.12	38.42	46.19	36.11	55.29	46.62	45.02	46.81	57.58	43.89	41.74	42.35	44.51	60.48	46.66	60.68	56.34	68.13	42.93	72.05	52.71	80.49	52.18	84.36	60.16
452	15.586	34.44	38.32	32.88	37.43	31.78	41.03	32.54	41.77	30.65	52.35	38.8	46.13	36.19	55.43	46.74	45.03	46.7	57.85	43.77	41.73	42.12	44.7	60.6	46.7	60.57	56.43	68.17	43.01	71.99	52.79	80.67	52.28	84.38	60.27
453	15.621	34.84	38.26	33.25	37.42	32.03	41.11	33.0	42.0	30.92	52.79	39.41	46.42	36.59	55.66	47.28	45.22	46.89	57.85	44.46	41.6	42.44	44.62	61.07	46.63	60.89	56.22	68.6	42.96	72.1	52.38	80.87	52.29	84.29	60.33
454	15.655	34.69	38.9	32.96	38.04	31.91	41.92	32.7	42.48	30.99	53.69	39.34	46.64	36.92	56.02	47.18	45.43	47.0	58.2	44.22	42.17	42.48	45.56	60.98	46.49	61.07	56.14	68.67	42.94	72.2	52.38	80.86	52.21	84.31	60.17
455	15.69	34.54	39.33	32.75	38.5	31.69	42.33	32.59	42.96	30.68	54.11	39.51	47.35	36.92	56.09	47.34	47.47	47.02	58.5	43.58	42.91	42.0	45.7	61.44	46.62	61.43	55.97	68.96	43.35	72.4	52.38	80.97	52.15	84.33	60.01
456	15.724	34.48	39.43	32.6	38.59	31.69	42.46	32.21	43.05	30.66	54.32	39.16	47.31	36.9	56.4	47.2	46.86	47.21	58.69	43.72	42.58	42.3	45.69	61.43	46.6	61.63	56.14	69.02	43.15	72.52	52.31	80.94	52.18	84.32	59.97
457	15.759	34.38	39.5	32.42	38.65	31.64	42.61	31.97	43.15	30.73	54.64	39.01	47.3	37.12	56.82	46.9	46.1	47.43	58.97	43.36	40.87	42.51	44.83	61.6	46.9	62.06	56.71	69.26	43.08	72.82	52.48	81.04	52.09	84.45	60.03
458	15.793	34.25	39.75	32.29	38.82	31.49	43.01	31.96	43.15	30.72	55.14	38.94	46.9	37.28	57.11	46.58	44.62	47.47	59.04	43.02	40.49	42.5	45.5	61.39	46.76	62.0	56.92	69.11	42.89	72.87	52.78	81.02	51.77	84.58	59.97
459	15.828	34.12	39.64	32.2	38.62	31.2	43.1	32.14	42.83	30.46	55.53	39.06	46.35	37.22	57.41	46.02	42.91	47.43	59.47	41.71	38.44	42.34	45.89	61.47	46.75	61.9	57.33	69.12	42.84	72.94	53.15	81.23	51.48	84.82	60.02
460	15.862	34.07	39.47	32.13	38.48	31.22	42.67	31.75	42.74	30.26	54.78	38.76	46.66	36.86	56.93	46.9	45.32	47.39	59.34	43.85	41.52	42.46	45.71	61.41	46.7	61.87	56.88	69.06	42.93	72.82	52.81	81.03	51.92	84.57	60.03
461	15.897	34.16	39.42	32.23	38.37	31.17	42.79	32.12	42.56	30.28	55.11	39.19	46.3	37.08	57.07	46.99	43.98	47.41	59.03	43.26	40.44	42.41	45.16	61.5	46.71	61.81	57.09	69.02	42.74	72.81	52.94	80.92	51.53	84.48	60.06
462	15.931	34.1	39.24	32.15	38.06	31.09	42.6	31.84	42.06	30.03	54.85	38.79	45.95	36.88	56.95	46.52	44.0	47.33	59.06	43.11	41.35	42.41	45.37	61.25	46.64	61.63	57.15	68.92	42.6	72.7	52.88	81.0	52.17	84.4	60.37
463	15.966	33.52	39.69	31.29	38.51	30.79	42.85	30.07	42.32	29.18	54.86	37.46	46.19	36.13	56.74	45.1	44.23	46.45	58.43	41.38	40.23	41.89	43.96	61.09	46.45	61.95	57.23	70.09	42.71	73.86	53.65	81.39	51.86	84.57	60.81
464	16.0	33.16	39.44	31.09	38.28	30.22	43.02	30.65	42.31	29.21	55.61	37.63	45.93	36.23	57.19	44.21	42.14	46.83	58.46	39.29	37.24	41.74	44.0	60.54	46.84	61.21	57.72	68.56	42.8	72.76	53.3	80.8	51.66	84.88	60.08
465	16.034	32.85	39.44	30.85	38.42	29.98	42.95	30.71	42.67	29.25	55.5	37.94	46.42	36.3	57.03	44.92	42.71	46.93	58.12	40.24	37.08	42.18	44.04	60.77	46.96	61.31	57.5	68.69	43.08	72.71	53.3	80.85	51.58	84.83	60.01
466	16.069	32.64	39.63	30.65	38.7	29.86	43.09	30.41	43.14	29.15	55.63	37.52	46.79	36.16	57.13	44.27	43.11	46.77	57.91	39.53	37.05	41.75	43.36	60.44	47.1	61.19	57.55	68.35	43.17	72.58	53.37	80.4	51.45	84.66	60.02
467	16.103	32.74	39.92	30.61	38.89	30.02	43.14	29.98	42.97	28.86	55.35	37.52	46.84	36.09	56.98	44.98	43.37	46.68	57.7	41.18	37.71	42.32	43.7	61.13	46.76	61.9	57.32	69.94	42.98	73.7	53.82	81.11	51.56	84.47	60.77
468	16.138	32.78	39.99	30.65	39.02	30.04	43.23	30.01	43.18	28.89	55.5	37.52	46.93	36.08	57.11	44.88	42.86	46.88	57.66	40.73	36.9	42.53	43.87	61.1	46.77	61.87	57.37	69.97	43.04	73.68	53.98	81.16	51.37	84.51	60.88
469	16.172	32.76	40.01	30.64	38.97	30.03	43.39	29.97	43.08	28.93	55.91	37.08	46.37	36.01	57.75	43.93	40.8	46.89	58.76	40.38	35.74	43.18	45.13	60.78	46.55	61.74	57.8	69.84	42.65	73.71	54.24	81.55	51.46	84.76	61.16
470	16.207	32.76	40.12	30.62	39.08	29.92	43.52	30.08	43.14	28.76	56.08	37.39	46.51	35.96	57.87	44.44	40.89	46.91	58.91	40.3	34.39	42.71	45.0	60.95	46.75	61.69	57.93	69.79	43.09	73.57	54.57	81.12	51.44	84.37	61.24
471	16.241	32.75	39.99	30.68	39.01	29.97	43.35	30.35	43.2	29.02	55.91	37.65	46.54	36.1	57.94	44.82	40.75	46.87	59.13	40.82	34.15	42.45	44.7	61.07	46.68	61.77	57.84	69.8	43.23	73.57	54.76	80.98	51.58	84.31	61.52
472	16.276	32.34	39.95	30.38	39.0	29.3	43.55	30.82	43.49	28.77	56.55	38.23	46.97	36.09	58.07	45.46	41.87	47.18	59.58	40.47	33.28	41.76	45.76	61.36	47.16	61.68	57.94	68.89	43.95	72.94	54.52	80.98	51.4	85.08	60.69
473	16.31	31.75	39.49	29.81	38.53	28.8	43.11	30.26	43.09	28.47	56.25	37.67	46.4	35.82	58.2	45.53	40.55	47.06	60.05	41.9	33.32	41.89	46.7	60.82	47.07	61.39	58.22	68.5	43.66	72.82	54.67	80.59	51.47	84.94	60.94
474	16.345	31.92	39.06	29.98	38.09	29.25	42.17	29.93	42.62	28.56	54.73	37.43	46.64	35.64	57.8	46.23	41.85	46.64	60.29	44.61	34.5	42.57	46.32	61.1	47.02	61.79	58.0	69.58	43.59	73.4	54.97	80.59	51.98	83.89	61.72
475	16.379	32.24	39.19	30.5	38.17	29.7	42.26	30.71	42.35	29.32	54.45	37.83	45.4	35.96	57.9	46.69	38.56	46.61	60.97	45.57	33.46	42.53	47.44	60.69	46.71	61.38	58.25	69.28	43.23	73.18	55.48	80.54	51.86	83.84	61.93
476	16.414	31.77	39.41	30.01	38.58	29.16	42.55	30.48	43.19	29.13	54.93	37.44	46.65	35.87	58.0	46.8	41.99	47.01	60.96	46.26	35.77	41.76	47.21	60.94	47.21	61.8	58.12	68.67	43.6	72.78	54.61	80.9	51.49	84.76	60.74
477	16.448	32.08	39.5	30.32	38.69	29.58	42.52	30.51	43.32	29.43	54.71	37.45	46.72	35.83	57.83	47.3	41.95	46.75	60.41	47.38	35.23	41.94	46.54	60.63	47.37	61.54	58.14	68.44	43.47	72.53	54.51	80.58	51.75	84.37	60.96
478	16.483	32.04	39.58	30.32	38.76	29.51	42.51	30.42	43.39	29.19	54.6	37.34	46.86	35.51	57.71	47.33	42.82	46.4	60.24	48.04	36.18	41.46	45.89	60.67	47.48	61.44	58.11	68.48	43.63	72.43	54.4	80.65	51.94	84.33	60.92
479	16.517	31.91	39.77	30.3	38.96	29.36	42.61	30.55	43.49	29.02	54.44	37.47	46.95	35.24	57.52	47.5	43.41	46.06	60.02	47.96	36.64	41.04	45.35	60.52	47.82	61.03	58.3	68.18	43.93	72.14	54.62	80.42	51.99	84.15	60.89
480	16.552	32.06	39.87	30.43	39.05	29.6	42.75	30.42	43.54	29.14	54.5	37.22	46.9	35.15	57.49	47.09	43.35	46.06	59.79	47.72	37.19	41.36	45.17	60.09	47.9	60.63	58.41	68.04	44.01	71.91	54.67	80.49	52.53	84.02	61.03
481	16.586	32.26	40.0	30.65	39.18	29.85	42.92	30.6	43.62	29.45	54.63	37.34	46.76	35.52	57.49	47.1	43.03	46.51	59.75	47.7	37.83	41.73	45.76	60.06	47.86	60.76	58.4	67.98	44.09	72.12	54.86	80.56	52.54	84.44	60.99
482	16.621	32.24	40.04	30.54	39.16	29.83	42.98	30.3	43.55	29.31	54.77	37.05	46.82	35.3	57.82	46.88	42.95	46.28	60.21	47.65	38.13	41.77	46.38	59.96	47.91	60.71	58.64	67.96	44.06	72.06	54.92	80.5	52.69	84.33	61.1
483	16.655	32.44	40.24	30.74	39.32	30.01	43.18	30.46	43.69	29.44	54.97	37.28	46.96	35.38	58.03	47.18	43.11	46.33	60.48	47.76	38.33	41.66	46.8	59.98	48.07	60.64	58.76	67.95	44.08	71.86	54.85	80.52	53.02	84.08	61.28
484	16.69	32.62	40.45	30.88	39.54	30.15	43.43	30.55	43.9	29.52	55.27	37.47	47.14	35.46	58.22	47.47	43.18	46.36	60.54	47.59	38.41	41.72	46.88	60.07	48.14	60.67	58.81	67.93	44.21	71.8	54.91	80.53	53.13	84.07	61.48
485	16.724	32.69	40.54	30.98	39.61	30.22	43.54	30.65	43.96	29.6	55.39	37.45	47.16	35.48	58.33	47.18	42.94	46.32	60.56	47.38	38.53	41.89	47.08	59.94	48.13	60.54	58.85	67.91	44.35	71.79	55.09	80.6	53.25	84.14	61.56
486	16.759	32.55	40.63	30.83	39.72	30.12	43.61	30.48	44.07	29.56	55.4	37.24	47.27	35.43	58.29	46.92	43.23	46.32	60.56	47.38	38.66	41.99	47.21	59.82	48.23	60.5	58.9	67.77	44.32	71.64	55.04	80.54	53.24	84.03	61.54
487	16.793	32.45	40.65	30.73	39.69	30.02	43.65	30.37	43.98	29.44	55.45	37.16	47.11	35.33	58.42	46.89	42.96	46.24	60.86	47.43	38.66	41.82	47.51	59.74	48.18	60.43	59.0	67.74	44.26	71.66	55.13	80.47	53.27	84.05	61.54
488	16.828	32.39	40.63	30.67	39.68	29.99	43.62	30.3	43.97	29.45	55.39	37.05	47.07	35.31	58.41	46.76	42.97	46.24	60.93	47.47	38.68	41.89	47.5	59.75	48.17	60.47	59.03	67.8	44.15	71.65	55.1	80.57	53.23	84.01	61.53
489	16.862	32.48	40.6	30.77	39.65	30.05	43.56	30.38	43.97	29.42	55.37	37.07	47.1	35.24	58.48	46.67	43.01	46.16	61.0	47.4	38.78	41.77	47.31	59.82	48.37	60.49	59.23	67.86	44.24	71.71	55.12	80.47	53.33	83.96	61.65
490	16.897	32.54	40.69	30.85	39.73	30.11	43.64	30.45	43.97	29.49	55.37	37.1	46.93	35.25	58.46	46.66	42.67	46.07	61.06	47.55	38.64	41.68	47.28	59.72	48.29	60.38	59.21	67.76	44.23	71.6	55.16	80.37	53.26	83.92	61.59
491	16.931	32.88	40.66	31.17	39.7	30.56	43.33	30.51	43.67	29.48	54.57	37.44	46.79	35.19	58.05	47.27	43.04	45.57	61.09	47.75	38.57	41.92	46.69	60.2	48.14	60.77	59.09	68.79	44.03	72.49	55.74	80.35	52.86	83.61	62.1
492	16.966	32.39	40.54	30.66	39.56	30.01	43.47	30.17	43.78	29.4	55.15	36.83	46.93	35.19	58.39	46.68	42.89	46.26	61.16	47.78	38.71	41.69	47.25	59.71	48.23	60.5	59.15	67.92	44.42	71.84	55.25	80.65	53.81	84.25	61.8
493	17.0	32.49	40.64	30.86	39.63	30.13	43.56	30.62	43.75	29.6	55.09	37.15	46.99	35.29	58.31	46.76	42.71	46.12	60.79	47.88	38.51	41.89	47.37	59.67	48.0	60.32	58.86	67.82	44.45	71.73	55.45	80.73	53.55	84.35	61.56
494	17.034	32.51	40.6	30.86	39.6	30.16	43.49	30.54	43.72	29.54	54.99	37.28	46.88	35.2	58.22	47.56	42.77	46.11	60.63	48.63	38.52	41.75	46.88	59.77	47.86	60.33	58.7	67.84	44.23	71.71	55.32	80.72	53.47	84.22	61.55
495	17.069	33.14	40.52	31.48	39.55	30.89	43.11	30.77	43.58	29.72	54.23	37.89	46.78	35.27	57.77	48.64	43.13	45.78	60.41	49.25	38.22	42.36	45.78	60.36	48.1	60.77	58.88	68.7	43.9	72.41	55.7	80.66	53.04	83.81	62.19
496	17.103	32.64	40.61	30.96	39.68	30.3	43.42	30.51	43.93	29.65	54.9	37.33	47.07	35.32	57.98	47.66	43.01	46.26	59.93	48.81	38.48	42.25	45.9	60.08	48.09	60.68	58.74	68.04	44.06	71.83	54.96	80.72	53.41	84.05	61.64
497	17.138	32.68	40.57	30.96	39.62	30.36	43.4	30.42	43.88	29.67	54.94	37.36	47.05	35.28	58.12	47.87	42.84	46.25	60.04	48.93	38.51	42.33	45.85	60.22	48.15	60.77	58.88	68.23	44.13	71.97	55.05	80.88	53.73	84.2	61.85
498	17.172	32.56	40.46	30.86	39.51	30.17	43.36	30.43	43.77	29.46	54.99	37.4	46.91	35.23	58.08	48.06	42.62	46.35	59.93	49.12	38.17	42.16	45.91	60.13	48.06	60.64	58.79	68.04	44.12	71.87	55.1	80.73	53.75	84.14	61.94
499	17.207	32.51	40.45	30.77	39.47	30.11	43.39	30.31	43.73	29.36	55.14	37.65	46.77	35.15	58.29	49.01	42.15	46.4	60.0	49.83	38.38	42.11	45.79	60.43	47.89	60.79	58.79	68.32	43.92	72.11	55.08	80.98	53.9	84.35	62.1
500	17.241	32.44	40.51	30.68	39.53	30.04	43.43	30.16	43.73	29.22	55.13	37.51	46.79	35.01	58.27	49.09	42.31	46.32	60.03	50.0	38.07	41.92	45.87	60.34	47.94	60.72	58.84	68.25	43.96	72.09	55.17	80.98	53.91	84.37	62.11
501	17.276	32.41	40.56	30.69	39.57	30.0	43.5	30.23	43.75	29.2	55.21	37.45	46.7	35.01	58.34	48.75	42.12	46.3	60.05	49.85	38.42	41.82	45.92	60.23	48.0	60.6	58.97	68.17	43.93	72.02	55.23	80.9	54.03	84.3	62.24
502	17.31	32.26	40.52	30.57	39.54	29.82	43.46	30.19	43.75	29.06	55.19	37.42	46.65	34.92	58.29	48.67	41.98	46.23	60.07	49.85	38.27	41.72	46.1	60.07	48.04	60.41	58.97	67.91	43.97	71.78	55.17	80.58	54.02	84.08	62.24
503	17.345	32.12	40.5	30.46	39.53	29.68	43.43	30.12	43.8	28.95	55.18	37.27	46.73	34.85	58.35	48.42	42.25	46.27	60.21	49.87	38.72	41.71	46.16	60.0	48.14	60.38	59.07	67.91	44.05	71.81	55.23	80.58	54.1	84.1	62.27
504	17.379	32.08	40.44	30.43	39.51	29.7	43.33	30.08	43.83	29.02	55.03	37.25	46.8	34.83	58.19	48.51	42.34	46.24	59.89	49.89	38.72	41.82	45.84	59.92	48.18	60.3	59.01	67.82	44.08	71.75	55.24	80.5	54.07	84.08	62.3
505	17.414	31.94	40.38	30.26	39.51	29.66	43.26	29.88	43.92	29.11	54.95	36.98	46.85	34.88	58.07	48.25	42.47	46.31	59.8	49.89	38.74	41.89	45.78	59.84	48.01	60.43	58.84	68.09	44.15	72.03	55.37	80.84	53.83	84.42	62.12
506	17.448	31.98	40.41	30.29	39.56	29.7	43.28	29.84	44.02	29.13	54.98	36.97	46.96	34.91	58.1	48.27	42.58	46.36	59.74	49.92	38.89	41.95	45.72	59.89	48.14	60.51	58.92	68.07	44.12	72.03	55.26	80.81	53.86	84.37	62.13
507	17.483	32.03	40.64	30.34	39.69	29.65	43.54	29.93	43.94	28.95	55.22	37.12	46.81	34.73	58.36	48.54	42.35	46.14	60.16	49.93	39.0	41.75	45.99	59.94	48.3	60.35	59.29	68.08	44.13	72.02	55.48	80.79	54.19	84.32	62.52
508	17.517	31.97	40.64	30.32	39.72	29.65	43.5	29.89	44.04	28.97	55.14	36.92	47.02	34.68	58.35	48.11	42.8	46.09	60.11	50.07	39.24	41.79	45.99	59.84	48.36	60.31	59.27	68.07	44.2	71.97	55.47	80.8	54.26	84.28	62.47
509	17.552	31.9	40.69	30.22	39.74	29.53	43.58	29.77	44.01	28.8	55.26	36.98	46.94	34.55	58.44	48.46	42.73	46.0	60.27	50.21	39.02	41.4	46.01	59.94	48.41	60.33	59.37	68.09	44.17	71.98	55.45	80.85	54.31	84.35	62.47
510	17.586	31.91	40.72	30.21	39.77	29.52	43.6	29.8	44.03	28.79	55.28	37.1	46.98	34.61	58.45	48.75	42.75	46.13	60.26	50.29	39.1	41.53	46.07	60.14	48.33	60.49	59.29	68.27	44.21	72.14	55.47	81.02	54.38	84.44	62.54
511	17.621	31.85	40.76	30.14	39.76	29.44	43.68	29.78	43.92	28.69	55.37	37.2	46.86	34.46	58.56	49.02	42.6	45.87	60.43	50.42	39.08	41.26	46.2	60.13	48.32	60.35	59.4	68.27	44.11	72.18	55.55	81.01	54.32	84.56	62.52
512	17.655	31.93	40.81	30.26	39.83	29.51	43.66	29.86	44.05	28.63	55.29	37.37	47.01	34.32	58.49	49.6	43.12	45.8	60.3	50.91	39.24	40.84	45.96	60.0	48.39	60.09	59.31	68.05	44.2	72.0	55.53	80.73	54.35	84.41	62.55
513	17.69	31.92	40.77	30.27	39.78	29.49	43.6	29.88	44.03	28.56	55.23	37.46	47.07	34.23	58.49	49.91	43.28	45.78	60.29	51.46	39.39	40.72	46.17	59.98	48.4	59.97	59.26	68.04	44.13	71.88	55.38	80.68	54.39	84.28	62.47
514	17.724	31.9	40.82	30.24	39.81	29.49	43.64	29.84	44.05	28.62	55.27	37.38	47.14	34.37	58.54	49.57	43.3	45.81	60.34	51.32	39.21	40.72	46.38	60.01	48.46	60.13	59.3	68.13	44.17	71.93	55.31	80.79	54.41	84.3	62.36
515	17.759	31.88	40.84	30.24	39.8	29.46	43.69	29.86	44.0	28.6	55.32	37.36	47.04	34.39	58.56	49.37	43.29	45.75	60.52	51.3	39.12	40.74	46.47	59.86	48.45	59.99	59.31	67.85	44.06	71.67	55.2	80.4	54.24	83.98	62.19
516	17.793	32.01	40.78	30.38	39.74	29.58	43.62	30.07	43.95	28.76	55.26	37.58	47.07	34.48	58.52	49.34	43.39	45.86	60.73	51.09	38.82	41.09	46.89	59.95	48.46	59.98	59.25	67.93	43.92	71.51	54.97	80.44	54.14	83.77	62.06
517	17.828	31.95	40.76	30.33	39.71	29.56	43.56	30.02	43.87	28.75	55.1	37.45	47.02	34.53	58.43	49.15	43.48	45.93	60.84	50.91	39.01	41.09	47.42	59.88	48.34	59.99	59.12	68.0	43.76	71.39	54.87	80.51	54.15	83.43	62.05
518	17.862	31.91	40.66	30.33	39.6	29.54	43.39	30.01	43.79	28.73	54.87	37.33	46.97	34.46	58.35	48.92	43.7	45.91	60.79	50.98	39.35	41.18	47.19	59.86	48.34	60.0	59.13	67.87	43.22	71.28	54.5	80.44	53.93	83.29	61.99
519	17.897	31.84	40.65	30.24	39.63	29.47	43.39	29.93	43.87	28.67	54.93	37.3	46.97	34.43	58.42	48.93	43.73	45.91	60.92	50.93	39.61	41.14	47.25	60.05	48.24	60.22	59.11	68.04	42.85	71.57	54.27	80.41	53.54	83.44	61.8
520	17.931	31.73	40.51	30.17	39.5	29.34	43.26	29.91	43.71	28.53	54.81	37.07	46.69	34.35	58.34	48.54	43.38	45.86	60.85	50.7	39.38	41.06	47.25	59.85	48.21	60.12	59.19	67.67	42.26	71.4	54.03	80.22	53.06	83.29	61.62
521	17.966	31.74	40.41	30.16	39.38	29.35	43.18	29.78	43.6	28.52	54.79	36.98	46.53	34.33	58.44	48.52	43.26	45.8	61.07	50.73	39.18	40.92	47.29	59.67	48.31	60.03	59.38	67.24	41.46	71.06	53.42	79.74	52.89	82.82	61.58
522	18.0	31.64	40.49	30.03	39.43	29.2	43.35	29.64	43.61	28.28	55.06	36.97	46.32	34.08	58.58	48.67	43.26	45.5	61.31	50.72	39.35	40.46	47.26	59.43	48.15	59.66	59.36	66.88	40.62	70.65	52.85	79.25	52.41	82.23	61.31
523	18.034	31.49	40.49	29.87	39.41	29.08	43.33	29.49	43.55	28.25	55.01	36.66	46.22	34.01	58.64	48.39	43.07	45.36	61.37	50.81	39.43	40.97	47.79	58.99	47.84	59.45	59.2	66.31	39.91	70.49	52.73	78.66	51.54	82.05	61.11
524	18.069	31.41	40.39	29.74	39.32	28.92	43.23	29.26	43.56	28.03	55.04	36.39	46.23	33.86	58.75	48.35	43.15	45.01	61.33	50.93	39.41	40.51	47.13	58.54	48.16	59.21	59.49	65.16	39.35	69.84	52.26	77.19	50.74	81.25	60.87
525	18.103	31.39	40.42	29.68	39.31	28.84	43.29	29.19	43.48	27.93	55.14	36.39	46.16	33.82	58.96	48.6	43.04	44.77	61.55	50.78	39.38	40.09	47.16	58.43	48.04	59.16	59.48	64.68	38.95	69.5	52.19	76.64	50.04	80.78	60.59
526	18.138	31.47	40.32	29.77	39.22	28.83	43.27	29.57	43.42	28.08	55.25	36.82	46.0	34.06	58.92	48.96	42.56	44.82	61.65	50.91	38.68	40.29	47.91	58.61	47.65	59.26	59.08	64.43	38.54	69.37	51.94	76.11	49.48	80.54	60.58
527	18.172	31.37	40.36	29.61	39.32	28.81	43.23	29.22	43.6	28.06	55.15	36.49	46.23	34.05	58.88	48.82	42.79	44.92	61.34	50.99	39.11	40.55	47.57	58.45	47.87	59.35	59.19	64.26	38.7	69.41	51.98	75.63	49.32	80.41	60.48
528	18.207	31.35	40.14	29.59	39.13	28.81	43.0	29.12	43.51	28.04	54.96	36.25	46.05	34.02	58.75	48.63	42.6	44.97	61.06	51.02	39.22	40.68	46.78	58.21	47.65	59.25	59.01	63.92	38.58	69.29	52.01	75.4	48.95	80.4	60.37
529	18.241	31.3	40.12	29.54	39.12	28.75	43.07	29.26	43.45	28.06	55.07	36.59	45.88	34.12	58.65	49.08	42.31	45.09	60.89	51.22	38.8	40.62	46.8	58.38	47.47	59.26	58.84	64.21	38.69	69.44	52.21	75.49	48.78	80.47	60.21
530	18.276	31.22	40.01	29.45	39.05	28.72	42.94	29.06	43.46	28.06	54.98	36.19	45.94	34.12	58.67	48.55	42.31	45.19	60.86	51.07	39.09	40.72	47.08	58.34	47.47	59.46	58.92	64.43	38.5	69.77	52.2	75.87	48.39	80.79	59.96
531	18.31	31.26	40.0	29.52	39.03	28.81	42.97	29.16	43.36	28.14	54.92	36.23	45.76	34.06	58.52	48.69	42.39	45.2	60.92	50.99	38.99	40.81	47.55	58.41	47.36	59.43	58.96	64.73	38.39	70.0	52.6	76.81	47.93	81.44	59.75
532	18.345	31.25	40.09	29.51	39.1	28.83	43.03	29.12	43.4	28.14	54.95	36.15	45.66	34.08	58.54	48.84	42.41	45.24	60.95	51.1	39.3	40.66	47.43	58.46	47.32	59.6	59.06	64.86	38.36	70.39	52.93	77.22	47.53	81.99	59.64
533	18.379	31.36	40.07	29.63	39.13	29.01	43.0	29.15	43.53	28.37	54.94	35.99	45.79	34.24	58.45	48.47	42.65	45.3	60.79	50.92	39.28	40.84	47.27	58.52	47.32	59.86	59.03	65.03	38.1	70.62	52.69	77.93	46.91	82.51	59.08
534	18.414	31.38	40.14	29.59	39.2	29.04	43.05	29.03	43.56	28.38	54.96	35.88	45.78	34.33	58.38	48.5	42.85	45.31	60.82	50.87	39.53	40.69	47.61	58.84	47.1	60.3	58.87	65.51	37.68	70.99	52.46	78.51	45.44	82.59	57.86
535	18.448	31.32	40.16	29.54	39.21	28.95	43.06	29.07	43.52	28.29	54.98	36.02	45.69	34.37	58.36	48.76	43.0	45.38	60.9	50.94	39.56	40.69	47.59	59.46	47.07	60.86	58.97	66.07	37.41	71.56	52.52	79.28	44.59	83.09	57.31
536	18.483	31.47	40.18	29.7	39.24	29.15	43.1	29.16	43.6	28.48	55.06	36.03	45.67	34.47	58.35	48.55	42.83	45.52	60.8	50.85	39.5	41.07	47.29	59.6	47.02	60.99	58.99	66.6	37.3	71.84	52.44	80.15	44.77	83.5	57.34
537	18.517	31.53	40.12	29.79	39.22	29.18	43.06	29.35	43.63	28.48	55.05	36.29	45.73	34.46	58.28	48.71	42.91	45.56	60.71	50.56	39.12	40.85	47.17	59.88	46.97	61.06	58.87	67.05	37.49	72.03	52.47	80.64	45.14	83.73	57.55
538	18.552	31.58	40.2	29.86	39.27	29.2	43.18	29.56	43.62	28.55	55.16	36.51	45.69	34.46	58.26	48.82	42.78	45.53	60.89	50.4	38.71	40.87	47.44	59.84	46.82	60.8	58.71	67.42	37.68	71.94	52.53	81.11	46.02	83.58	58.21
539	18.586	31.51	40.19	29.81	39.27	29.13	43.19	29.57	43.65	28.52	55.2	36.65	45.83	34.41	58.36	48.82	42.73	45.63	60.96	50.17	38.63	40.89	47.36	60.07	47.06	60.82	58.92	67.9	38.45	72.08	53.01	81.54	47.28	83.74	58.98
540	18.621	31.43	40.31	29.74	39.32	29.02	43.28	29.6	43.56	28.43	55.19	36.86	45.97	34.31	58.39	49.01	42.89	45.48	61.25	50.04	38.84	40.58	47.83	60.29	47.43	60.81	59.2	68.29	39.35	72.22	53.35	81.9	48.66	84.05	59.65
541	18.655	31.38	40.47	29.8	39.58	29.14	43.34	29.75	43.88	28.74	54.97	36.79	46.42	34.37	58.25	48.32	43.05	45.59	60.92	49.61	38.97	41.1	47.63	59.96	47.67	60.4	59.12	68.44	40.48	71.91	53.86	81.95	50.17	83.85	60.43
542	18.69	31.33	40.41	29.74	39.46	29.02	43.26	29.76	43.68	28.63	54.86	36.9	46.47	34.44	58.18	48.3	43.11	45.7	60.96	49.48	39.07	41.02	47.9	59.94	47.88	60.35	59.15	68.17	41.38	71.69	54.18	81.35	51.18	83.66	60.94
543	18.724	31.34	40.43	29.71	39.48	29.01	43.3	29.71	43.73	28.63	54.94	36.92	46.62	34.48	58.24	48.32	43.19	45.66	60.98	49.29	38.93	40.92	47.64	59.89	47.88	60.32	59.06	68.05	41.97	71.68	54.41	80.99	51.93	83.63	61.48
544	18.759	31.23	40.23	29.57	39.31	28.92	43.11	29.57	43.62	28.63	54.79	36.81	46.65	34.59	58.06	48.16	43.25	45.76	60.78	49.14	38.89	41.04	47.26	59.89	47.98	60.44	59.02	67.96	42.33	71.69	54.41	80.75	52.25	83.55	61.54
545	18.793	31.25	40.21	29.57	39.3	28.94	43.08	29.5	43.69	28.64	54.81	36.85	46.78	34.6	58.07	48.29	43.27	45.74	60.56	49.04	38.79	41.0	46.87	59.82	48.12	60.39	59.07	67.78	42.51	71.64	54.38	80.48	52.61	83.57	61.79
546	18.828	31.27	40.32	29.56	39.33	28.89	43.24	29.6	43.55	28.54	54.96	37.21	46.68	34.55	58.2	48.97	42.99	45.66	60.87	48.89	38.69	40.9	47.59	59.9	48.0	60.24	59.02	67.83	42.66	71.58	54.59	80.46	52.69	83.5	61.92
547	18.862	31.18	40.37	29.52	39.47	28.85	43.29	29.64	43.82	28.66	55.03	36.95	47.0	34.68	58.18	48.0	43.24	45.8	60.57	48.52	38.74	41.3	47.33	59.74	48.11	60.23	59.0	67.78	42.89	71.54	54.62	80.52	52.79	83.59	61.9
548	18.897	31.22	40.47	29.54	39.55	28.86	43.35	29.63	43.87	28.61	55.03	37.08	47.02	34.66	58.09	48.29	43.65	45.69	60.52	48.66	38.83	40.94	46.87	59.91	48.14	60.36	58.94	67.71	42.91	71.54	54.48	80.27	52.78	83.52	61.84
549	18.931	31.29	40.49	29.63	39.65	29.0	43.3	29.58	44.12	28.75	54.96	36.83	47.2	34.74	58.0	47.86	43.81	45.92	59.99	48.78	39.25	41.42	45.86	59.83	48.26	60.45	58.96	67.73	42.9	71.61	54.39	80.28	52.73	83.56	61.84
550	18.966	32.07	40.41	30.34	39.55	29.85	43.03	29.88	43.88	29.0	54.43	37.54	47.15	34.87	57.78	48.94	43.82	45.61	59.87	49.11	38.82	42.34	45.21	60.35	48.1	60.82	58.82	68.65	42.7	72.51	54.91	80.11	52.38	83.46	62.48
551	19.0	32.23	40.52	30.53	39.72	30.04	43.16	30.01	44.12	29.22	54.57	37.29	47.21	35.09	57.9	48.05	43.71	45.83	60.01	48.86	38.51	42.33	45.06	60.16	48.19	60.88	58.92	68.52	42.81	72.51	54.96	79.87	52.32	83.4	62.37
552	19.034	31.99	41.02	30.26	40.3	29.72	43.86	29.9	44.87	29.29	55.52	36.81	47.79	35.2	58.15	47.18	43.76	46.27	59.15	47.88	38.47	41.93	44.79	59.77	48.57	60.69	59.05	67.71	43.07	71.79	54.28	80.03	52.61	83.68	61.84
553	19.069	32.22	41.11	30.44	40.42	30.06	43.98	29.9	44.97	29.67	55.57	36.64	47.72	35.49	58.13	46.82	43.29	46.63	58.97	47.46	38.2	42.29	44.51	59.4	48.4	60.56	58.89	67.63	43.07	71.61	54.29	79.95	52.78	83.46	61.9
554	19.103	32.42	41.26	30.57	40.52	30.24	44.16	29.89	45.01	29.79	55.77	36.76	47.71	35.55	58.29	46.96	43.2	46.58	59.07	47.25	38.43	42.46	44.34	59.43	48.37	60.56	58.91	67.53	43.1	71.47	54.33	79.76	52.9	83.29	61.97
555	19.138	32.66	41.33	30.8	40.57	30.4	44.3	30.13	44.97	29.9	55.99	36.85	47.54	35.76	58.45	46.64	42.8	46.63	59.27	46.88	38.37	42.57	44.51	59.63	48.27	60.86	58.99	67.61	42.83	71.91	54.26	79.63	52.57	83.6	61.88
556	19.172	32.82	41.4	30.95	40.63	30.54	44.4	30.23	45.06	29.92	56.17	36.98	47.62	35.74	58.63	46.71	42.7	46.67	59.2	46.69	38.28	42.53	44.4	59.74	48.26	60.86	59.02	67.67	42.62	71.83	54.1	79.81	52.65	83.51	61.9
557	19.207	33.04	41.63	31.16	40.86	30.7	44.72	30.55	45.26	30.15	56.55	37.42	47.71	36.03	58.79	47.11	42.66	46.73	59.14	46.58	38.51	42.68	44.23	59.82	48.2	60.85	58.92	67.62	42.67	71.79	54.16	79.69	52.58	83.44	61.99
558	19.241	33.06	41.75	31.16	40.96	30.76	44.88	30.49	45.34	30.23	56.73	37.27	47.71	36.08	58.85	46.64	42.61	46.74	59.18	46.22	38.57	42.78	44.34	59.61	48.18	60.71	58.94	67.49	42.62	71.62	54.12	79.64	52.67	83.29	61.98
559	19.276	33.07	42.04	31.15	41.26	30.7	45.25	30.64	45.64	30.25	57.19	37.45	47.99	36.25	59.12	46.61	42.87	46.79	59.41	45.82	38.48	42.91	44.48	59.76	48.25	60.86	59.0	67.46	42.77	71.8	54.24	79.41	52.55	83.35	62.0
560	19.31	33.13	42.12	31.25	41.38	30.73	45.33	30.85	45.85	30.26	57.34	37.53	48.34	36.27	59.32	46.26	43.16	46.81	59.58	45.4	37.38	42.52	44.8	59.91	48.43	60.94	59.1	67.61	42.8	71.85	54.2	79.4	52.56	83.28	62.04
561	19.345	33.01	42.19	31.21	41.4	30.59	45.54	31.23	45.83	30.45	57.76	37.92	47.96	36.54	59.65	45.74	41.09	46.69	59.74	44.35	34.7	42.52	44.51	60.05	48.26	61.01	59.29	67.71	42.44	72.0	54.3	79.49	52.31	83.48	62.09
562	19.379	33.17	42.38	31.39	41.41	30.58	45.97	31.66	45.49	30.42	58.35	38.36	47.25	36.76	59.84	45.03	38.67	46.72	59.83	41.87	30.96	42.28	44.98	60.13	47.92	60.88	59.36	67.72	42.27	72.12	54.6	79.7	52.25	83.74	62.18
563	19.414	33.16	42.45	31.26	41.34	30.66	46.01	30.88	45.2	30.19	58.33	37.24	46.96	36.49	59.95	42.88	38.03	46.69	60.13	40.03	30.02	42.58	45.32	59.6	48.0	60.8	59.77	67.63	42.08	72.0	54.47	79.75	52.74	83.65	62.15
564	19.448	33.45	42.32	31.43	41.25	30.85	45.9	30.81	45.25	30.08	58.4	37.38	47.22	36.54	59.82	42.68	39.2	46.89	60.17	38.4	30.82	42.8	45.59	60.05	48.03	61.14	59.6	67.77	42.25	72.03	54.16	79.41	53.07	83.33	62.51
565	19.483	33.85	42.02	31.78	40.84	31.43	45.1	30.36	44.49	29.87	56.9	36.78	47.07	35.92	59.27	42.74	40.14	46.12	59.96	39.7	33.2	42.81	45.41	59.88	47.6	61.02	59.22	68.47	41.65	72.55	54.06	79.07	53.15	82.43	62.9
566	19.517	33.6	41.95	31.45	40.81	31.18	44.94	29.92	44.55	29.55	56.69	36.55	47.56	35.68	59.05	42.96	42.22	46.04	60.05	40.04	34.8	42.66	45.58	60.0	47.71	61.18	59.02	68.44	41.9	72.63	53.93	78.56	53.07	82.36	62.8
567	19.552	32.9	42.07	30.77	40.92	30.37	45.44	29.87	44.81	29.39	57.65	36.34	47.47	35.84	59.26	41.78	41.69	46.63	60.3	37.61	33.45	42.91	46.41	59.77	47.99	61.05	59.37	67.39	42.31	72.11	54.1	78.64	52.79	83.36	62.21
568	19.586	32.62	41.76	30.5	40.54	30.04	45.26	29.62	44.33	29.04	57.67	35.99	46.79	35.54	59.46	41.49	39.87	46.66	60.6	37.91	32.33	43.53	46.79	59.33	47.83	60.62	59.65	67.07	41.9	71.91	54.19	78.56	52.71	83.25	62.27
569	19.621	32.15	41.58	30.14	40.44	29.61	45.08	29.75	44.28	29.06	57.41	36.29	46.72	35.69	59.23	42.24	39.32	46.84	60.41	38.94	31.9	43.5	47.32	59.31	47.91	60.53	59.59	67.11	42.1	71.8	54.36	78.65	52.45	83.26	62.14
570	19.655	32.14	41.28	30.34	40.19	29.64	44.72	30.47	44.05	29.47	56.91	36.94	46.21	35.91	59.11	43.54	38.17	46.7	60.71	41.37	31.55	43.32	47.76	59.17	47.72	60.25	59.46	66.75	42.12	71.69	54.68	78.32	52.06	83.32	62.0
571	19.69	32.07	41.04	30.34	40.18	29.6	44.39	30.69	44.37	29.64	56.51	37.16	46.62	36.02	58.67	44.97	39.59	46.81	59.95	44.22	33.67	42.85	46.61	59.25	47.78	60.29	58.99	66.83	42.44	71.54	54.54	78.31	51.59	83.11	61.62
572	19.724	32.08	40.96	30.4	40.17	29.69	44.14	30.59	44.43	29.6	56.0	36.95	46.95	35.87	58.33	45.42	41.12	46.87	59.46	45.76	35.58	43.13	46.18	59.15	47.87	60.27	58.75	66.73	42.45	71.49	54.35	78.37	51.63	83.15	61.41
573	19.759	32.03	40.91	30.31	40.14	29.74	43.98	30.14	44.49	29.52	55.78	36.52	47.06	35.69	58.3	45.44	41.47	46.89	59.11	46.44	36.62	43.13	45.46	59.23	47.94	60.52	58.82	66.93	42.07	71.48	53.98	78.83	51.58	83.14	61.2
574	19.793	31.96	40.93	30.29	40.17	29.68	43.94	30.24	44.5	29.49	55.64	36.58	47.08	35.67	58.14	45.4	41.71	46.86	58.99	46.46	36.36	43.08	45.55	59.4	47.89	60.64	58.72	67.15	41.61	71.6	53.66	79.1	51.31	83.17	61.09
575	19.828	32.15	40.94	30.5	40.15	29.87	44.01	30.56	44.37	29.77	55.69	36.9	46.76	35.75	58.17	45.76	40.64	46.62	58.89	46.27	34.79	42.73	45.88	59.39	47.46	60.55	58.52	67.22	40.67	71.63	53.42	79.68	50.14	83.5	60.48
576	19.862	32.38	41.03	30.71	40.19	30.14	44.18	30.52	44.3	29.85	55.88	36.65	46.42	35.59	58.16	45.46	40.33	46.27	58.72	45.47	33.78	42.2	45.36	59.21	47.15	60.42	58.57	67.24	39.5	71.63	53.19	80.66	48.5	83.8	59.44
577	19.897	32.31	40.71	30.43	39.92	30.08	43.95	29.97	44.13	29.81	55.92	35.92	45.71	35.73	58.06	44.71	39.68	45.94	58.2	43.76	32.34	43.05	42.86	59.07	46.36	61.03	58.36	65.85	36.66	71.47	52.41	79.37	42.9	82.97	56.66
578	19.931	32.23	40.89	30.3	40.11	29.95	44.22	29.93	44.25	29.77	56.27	35.74	45.44	35.9	58.12	44.53	39.52	45.95	58.38	43.29	32.38	43.01	43.49	59.08	45.78	61.36	58.05	65.31	35.84	71.8	52.52	78.7	40.33	83.12	55.35
579	19.966	32.2	41.12	30.16	40.33	29.84	44.51	29.71	44.44	29.62	56.62	35.57	45.81	35.94	58.4	44.19	40.08	45.87	58.71	43.49	32.86	42.89	44.09	59.0	45.85	61.46	57.95	64.64	35.86	71.56	51.99	77.24	39.02	82.64	53.81
580	20.0	32.36	41.15	30.27	40.33	29.93	44.64	29.82	44.36	29.67	56.84	35.66	45.56	36.02	58.6	44.51	39.99	45.73	59.21	44.07	33.61	42.53	44.55	58.82	45.82	61.28	58.06	64.27	35.97	71.13	52.27	76.69	38.64	81.87	53.64
581	20.034	32.41	41.23	30.41	40.41	29.98	44.74	30.12	44.47	29.69	56.99	36.22	45.48	36.02	58.78	45.57	39.73	45.98	59.55	44.47	34.36	42.2	45.44	59.14	45.72	61.26	58.05	64.95	36.31	71.53	52.65	77.65	40.72	82.51	55.35
582	20.069	32.7	41.25	30.78	40.42	30.29	44.75	30.5	44.56	30.0	57.02	36.69	45.79	36.15	58.84	45.94	39.88	46.18	59.75	44.96	34.9	42.2	46.45	59.43	46.13	61.22	58.24	65.72	37.41	71.53	52.89	79.09	42.86	83.15	56.31
583	20.103	32.57	41.4	30.75	40.55	30.17	44.82	30.53	44.68	29.87	56.99	36.74	46.17	35.82	59.05	45.73	40.33	46.25	60.47	45.52	36.14	42.16	47.66	59.46	46.6	60.85	58.6	66.97	38.91	71.72	53.4	80.65	46.66	83.85	58.58
584	20.138	32.57	41.61	30.83	40.73	30.1	44.94	30.98	44.92	30.0	57.03	37.46	47.05	36.04	59.31	45.91	40.49	46.49	60.96	45.28	35.59	41.97	48.1	59.8	47.41	60.72	58.79	67.63	41.92	71.58	54.34	80.34	50.62	83.55	60.68
585	20.172	33.27	41.75	31.47	40.76	30.68	44.86	31.4	44.74	30.07	56.79	38.11	47.41	36.47	59.46	46.01	40.38	46.15	61.16	45.17	34.4	41.81	48.29	60.32	47.68	61.13	58.84	68.7	43.08	72.31	55.08	79.41	52.12	82.16	62.21
586	20.207	32.89	41.75	31.12	40.69	30.25	44.86	31.33	44.53	29.75	56.78	38.2	47.1	36.28	59.44	45.87	40.08	45.72	61.88	44.35	33.51	40.97	49.15	60.61	47.29	61.27	58.64	68.99	42.81	72.62	54.9	79.49	51.69	82.36	61.83
587	20.241	32.61	41.88	30.8	40.7	29.89	45.07	30.92	44.34	29.17	57.05	38.0	46.87	35.76	59.7	46.07	39.98	45.24	62.2	44.11	33.45	39.78	49.41	60.34	47.22	60.85	58.82	68.89	42.2	72.51	54.59	79.41	51.48	82.15	61.52
588	20.276	32.54	41.77	30.67	40.61	29.86	44.99	30.5	44.36	29.0	57.12	37.4	46.92	35.52	59.8	45.22	39.85	45.25	61.92	43.46	33.38	40.11	48.92	59.94	47.43	60.65	59.16	68.5	42.0	72.36	54.64	79.17	51.3	82.18	61.56
589	20.31	32.4	41.59	30.47	40.46	29.79	44.97	30.18	44.27	29.02	57.23	37.06	46.81	35.59	59.51	44.86	39.88	45.55	61.03	43.47	33.52	40.87	47.61	59.73	47.37	60.59	59.11	68.55	42.27	72.44	55.07	79.61	51.61	82.6	61.9
590	20.345	32.25	41.69	30.34	40.62	29.66	45.03	30.21	44.44	29.04	57.21	37.12	46.91	35.78	59.37	44.95	40.03	45.76	60.94	43.48	34.01	40.78	47.71	59.81	47.54	60.73	59.1	68.54	42.91	72.4	55.37	79.6	52.04	82.6	62.22
591	20.379	32.47	41.54	30.63	40.53	29.81	44.84	30.58	44.46	29.11	57.02	37.49	47.0	35.83	59.23	45.55	40.29	45.98	60.58	44.18	34.34	40.85	47.31	59.89	47.69	60.62	59.05	68.54	42.88	72.28	55.16	79.48	52.0	82.32	62.21
592	20.414	32.35	41.41	30.49	40.42	29.75	44.72	30.42	44.4	29.16	56.95	37.26	46.88	35.86	59.35	45.38	40.15	46.19	61.15	44.43	35.24	41.63	48.2	59.88	47.68	60.77	59.21	68.51	42.85	72.41	55.34	79.54	52.11	82.59	62.44
593	20.448	32.5	41.37	30.64	40.36	29.92	44.71	30.58	44.28	29.38	56.86	37.39	46.86	35.93	59.35	45.69	40.09	46.36	61.3	45.06	35.52	42.33	49.42	59.75	47.71	60.61	59.24	68.36	42.86	72.29	55.5	79.66	52.17	82.83	62.47
594	20.483	32.76	41.41	30.97	40.55	30.22	44.65	30.87	44.67	29.66	56.72	37.67	47.19	36.17	59.17	46.16	40.61	46.62	60.45	45.36	36.72	42.15	47.83	59.86	47.94	60.73	59.12	68.2	43.03	72.13	55.32	79.42	52.31	82.64	62.58
595	20.517	32.07	41.61	30.32	40.78	29.54	45.03	30.5	45.09	29.41	57.32	37.01	47.33	35.85	59.32	45.33	41.06	46.87	60.55	44.85	37.18	42.38	47.68	59.3	47.89	60.31	59.08	67.08	43.3	71.53	55.12	79.44	52.27	83.57	61.87
596	20.552	32.5	41.43	30.65	40.58	30.04	44.58	30.35	44.85	29.45	56.67	37.06	47.68	36.01	59.46	45.47	41.57	46.78	60.63	45.33	37.64	42.93	47.29	59.91	48.21	61.06	59.41	68.33	42.98	72.41	55.32	79.31	52.16	82.67	62.43
597	20.586	32.41	41.39	30.59	40.55	29.97	44.56	30.36	44.87	29.44	56.68	37.06	47.76	35.98	59.51	45.42	41.61	46.75	60.61	45.29	37.78	42.93	47.26	59.78	48.41	60.89	59.6	68.22	43.22	72.31	55.6	79.26	52.26	82.69	62.55
598	20.621	32.22	41.25	30.35	40.38	29.72	44.5	30.08	44.73	29.1	56.83	36.98	47.64	35.79	59.62	45.59	41.55	46.73	60.68	45.41	37.98	42.97	47.27	59.95	48.49	61.01	59.81	68.29	43.02	72.44	55.5	79.44	52.22	82.85	62.53
599	20.655	32.0	41.16	30.09	40.27	29.52	44.44	29.84	44.59	28.97	56.81	36.88	47.48	35.76	59.55	45.76	41.26	46.72	60.63	45.75	38.07	42.88	47.71	59.99	48.26	61.12	59.67	68.48	43.11	72.68	55.7	79.59	52.16	83.11	62.48
600	20.69	32.02	40.99	30.16	40.18	29.56	44.18	29.94	44.66	28.99	56.51	37.05	47.67	35.72	59.33	46.22	42.07	46.65	60.43	46.21	38.27	42.62	46.85	60.18	48.35	61.24	59.54	68.62	43.11	72.86	55.48	79.6	52.03	83.24	62.34
601	20.724	32.41	40.64	30.64	39.8	29.99	43.75	30.42	44.27	29.3	55.89	37.55	47.37	35.78	59.0	47.02	42.22	46.49	60.73	46.89	38.2	42.58	47.38	60.13	48.1	60.96	59.17	68.4	43.26	72.52	55.54	79.65	52.24	83.1	62.25
602	20.759	31.96	40.74	30.16	39.92	29.45	43.97	30.1	44.58	29.09	56.33	37.21	47.63	35.59	59.01	47.12	42.97	46.91	60.57	47.16	38.78	42.49	47.81	59.85	48.21	60.73	59.03	67.47	43.65	71.88	54.97	79.33	52.64	83.49	61.85
603	20.793	32.02	40.78	30.17	39.98	29.54	44.0	29.91	44.7	29.1	56.4	36.99	47.63	35.56	59.07	47.01	43.05	47.05	60.6	47.37	39.05	42.6	47.34	59.81	48.23	60.79	59.06	67.45	43.63	71.86	54.87	79.24	52.82	83.38	61.89
604	20.828	32.58	40.85	30.74	40.03	30.19	43.81	30.18	44.58	29.25	55.85	37.43	47.74	35.69	59.01	47.53	43.3	46.73	60.76	47.43	39.13	42.76	47.02	60.35	48.41	61.25	59.29	68.47	43.49	72.68	55.48	79.44	52.51	83.09	62.42
605	20.862	32.25	40.93	30.45	40.12	29.76	44.15	30.23	44.8	29.26	56.48	37.26	47.74	35.55	59.1	47.12	42.95	46.88	60.46	47.11	39.09	42.49	47.44	59.81	48.38	60.59	59.16	67.45	43.89	71.75	55.06	79.37	52.88	83.46	61.95
606	20.897	32.72	40.86	30.89	40.06	30.34	43.83	30.26	44.63	29.39	55.88	37.34	47.76	35.75	59.07	47.12	43.01	46.73	60.48	47.16	39.03	42.79	46.73	60.14	48.46	61.14	59.35	68.17	43.28	72.52	55.39	79.13	52.32	82.98	62.39
607	20.931	32.28	40.88	30.51	40.04	29.73	44.11	30.38	44.67	29.24	56.47	37.41	47.59	35.6	59.12	47.15	42.83	46.77	60.63	46.99	38.8	41.91	47.12	59.96	48.43	60.68	59.26	67.39	43.76	71.7	54.91	79.3	52.99	83.35	61.98
608	20.966	32.7	40.89	30.89	40.06	30.29	43.9	30.33	44.57	29.42	55.99	37.36	47.55	35.77	59.2	46.93	42.47	46.61	60.84	47.04	39.0	42.51	47.08	60.1	48.51	61.08	59.55	68.15	43.37	72.43	55.53	79.14	52.35	82.93	62.44
609	21.0	32.65	41.03	30.81	40.21	30.25	44.03	30.26	44.73	29.44	56.11	37.24	47.68	35.91	59.25	46.79	42.62	46.77	60.83	47.11	38.98	42.47	47.26	60.1	48.57	61.24	59.56	68.17	43.4	72.51	55.52	79.06	52.26	82.9	62.39
610	21.034	32.67	41.13	30.82	40.33	30.29	44.18	30.17	44.87	29.47	56.31	37.12	47.73	35.93	59.37	46.64	42.47	46.73	60.66	47.05	39.15	42.17	46.88	59.98	48.61	61.21	59.64	68.12	43.44	72.49	55.56	79.11	52.27	82.96	62.34
611	21.069	32.97	41.31	31.12	40.55	30.55	44.34	30.51	45.1	29.7	56.42	37.56	47.93	36.13	59.34	47.03	42.91	46.83	60.57	46.9	39.41	42.11	46.35	60.31	48.72	61.38	59.57	68.31	43.65	72.53	55.46	79.11	52.42	82.91	62.4
612	21.103	33.2	41.37	31.33	40.6	30.67	44.47	30.83	45.17	29.82	56.65	38.07	48.04	36.33	59.42	47.71	43.21	46.91	60.62	47.21	39.44	42.23	46.22	60.65	48.73	61.53	59.49	68.42	43.69	72.52	55.38	79.15	52.4	82.85	62.48
613	21.138	33.19	41.58	31.39	40.85	30.82	44.59	30.88	45.4	30.03	56.54	38.06	48.12	36.3	59.28	47.81	43.3	46.73	60.38	47.51	39.32	41.97	46.03	60.39	48.64	61.3	59.33	68.46	43.67	72.56	55.46	79.38	52.49	83.04	62.4
614	21.172	33.18	41.74	31.41	41.02	30.77	44.76	31.02	45.56	30.02	56.7	38.2	48.21	36.32	59.4	47.98	43.3	46.71	60.44	47.63	39.3	41.68	46.08	60.55	48.8	61.39	59.48	68.46	43.76	72.56	55.57	79.44	52.48	83.1	62.49
615	21.207	33.19	41.56	31.42	40.88	30.66	44.68	31.14	45.57	29.89	56.88	38.43	48.24	36.33	59.48	48.41	43.19	46.82	60.25	47.76	39.19	41.39	45.79	60.66	48.86	61.37	59.52	68.54	43.74	72.67	55.53	79.51	52.48	83.21	62.68
616	21.241	33.13	41.51	31.35	40.79	30.61	44.67	31.1	45.44	29.88	56.93	38.49	48.03	36.37	59.52	48.68	42.87	46.87	60.53	48.06	39.04	41.47	46.23	60.65	48.66	61.37	59.42	68.55	43.61	72.69	55.55	79.58	52.56	83.28	62.79
617	21.276	33.19	41.67	31.4	40.95	30.63	44.88	31.09	45.57	29.85	57.2	38.52	47.96	36.36	59.71	48.98	42.39	46.91	60.59	48.37	38.88	41.22	46.5	60.63	48.71	61.36	59.56	68.54	43.57	72.68	55.57	79.78	52.78	83.38	63.02
618	21.31	33.16	41.83	31.32	41.14	30.67	45.01	30.91	45.78	29.91	57.25	38.36	48.27	36.3	59.86	49.03	42.86	46.93	60.68	48.25	39.18	41.32	46.14	60.47	49.01	61.27	59.81	68.43	43.68	72.62	55.66	79.55	52.86	83.32	63.11
619	21.345	33.14	41.95	31.29	41.23	30.61	45.16	30.92	45.77	29.81	57.38	38.46	48.24	36.25	59.87	49.13	42.92	46.92	60.76	47.93	39.23	41.32	46.23	60.56	48.94	61.24	59.74	68.42	43.8	72.5	55.73	79.51	52.99	83.15	63.19
620	21.379	33.12	42.36	31.27	41.6	30.64	45.56	30.88	46.05	29.83	57.67	38.41	48.51	36.21	60.07	48.99	43.21	46.89	60.79	47.82	39.33	41.34	46.37	60.54	49.17	61.19	59.97	68.42	43.99	72.5	55.98	79.65	53.13	83.28	63.15
621	21.414	33.15	42.61	31.3	41.83	30.66	45.77	30.85	46.25	29.77	57.84	38.41	48.84	36.1	60.31	49.06	43.69	46.89	60.91	47.87	39.54	41.36	46.16	60.72	49.42	61.32	60.21	68.57	44.05	72.66	56.0	79.82	53.31	83.5	63.18
622	21.448	33.38	42.58	31.57	41.86	30.85	45.73	31.25	46.43	30.01	57.85	38.75	49.02	36.3	60.3	49.27	43.93	46.99	60.9	47.89	39.66	41.72	46.15	60.93	49.59	61.45	60.28	68.59	44.13	72.72	56.07	79.81	52.94	83.59	63.17
623	21.483	33.32	42.88	31.51	42.13	30.77	46.09	31.23	46.62	29.96	58.26	38.6	49.11	36.26	60.65	48.92	43.86	46.95	61.3	47.87	39.6	41.76	46.5	60.94	49.55	61.47	60.4	68.67	44.18	72.8	56.28	79.99	53.16	83.71	63.36
624	21.517	33.35	43.0	31.53	42.25	30.91	46.14	31.12	46.72	30.1	58.17	38.36	49.23	36.24	60.75	48.67	44.12	46.96	61.54	48.04	39.68	42.3	46.73	60.88	49.61	61.57	60.54	68.66	44.02	72.88	56.39	80.28	53.08	83.99	63.31
625	21.552	33.27	42.84	31.46	42.1	30.85	46.02	31.22	46.54	30.25	58.04	38.43	49.17	36.38	60.54	48.43	44.05	46.78	61.61	48.0	39.47	42.25	47.57	60.62	49.44	61.31	60.28	68.74	44.5	72.68	56.62	80.37	53.44	83.82	63.45
626	21.586	33.36	42.77	31.56	42.07	30.9	45.96	31.34	46.65	30.28	58.11	38.6	49.24	36.44	60.66	48.74	43.99	46.98	61.62	48.15	39.67	42.47	47.26	60.87	49.64	61.49	60.49	68.89	44.55	72.87	56.7	80.43	53.37	83.93	63.57
627	21.621	33.36	43.1	31.56	42.36	30.86	46.34	31.4	46.8	30.28	58.46	38.61	49.18	36.52	60.83	48.63	43.64	46.95	61.69	48.16	39.67	42.29	47.64	60.86	49.67	61.54	60.64	68.88	44.58	72.96	56.9	80.43	53.26	84.07	63.61
628	21.655	33.42	43.0	31.64	42.3	30.93	46.24	31.44	46.86	30.28	58.42	38.62	49.27	36.4	60.91	48.74	43.74	46.98	61.85	48.13	39.86	42.42	47.64	60.72	49.83	61.31	60.77	68.76	44.58	72.81	56.82	80.39	53.61	84.0	63.88
629	21.69	33.44	42.95	31.68	42.21	30.91	46.15	31.5	46.73	30.19	58.32	38.73	49.21	36.3	60.93	48.92	44.18	46.82	62.2	48.29	40.0	42.28	47.44	60.93	49.99	61.41	60.96	68.7	44.57	72.82	56.85	80.29	53.54	84.0	63.88
630	21.724	33.57	43.3	31.81	42.56	31.04	46.48	31.63	47.04	30.34	58.57	38.71	49.44	36.35	61.11	48.7	44.24	46.75	62.2	48.38	40.18	42.59	47.7	60.84	50.13	61.38	61.11	68.62	44.63	72.86	57.02	80.05	53.45	83.95	63.97
631	21.759	33.69	43.39	31.94	42.65	31.09	46.59	31.74	47.14	30.28	58.76	38.75	49.55	36.37	61.27	48.62	44.32	46.84	62.27	48.24	40.33	42.63	47.75	60.88	50.3	61.37	61.28	68.56	44.84	72.81	57.15	79.99	53.56	83.86	64.06
632	21.793	33.44	43.63	31.64	42.86	30.84	46.89	31.44	47.29	30.07	59.08	38.62	49.67	36.24	61.39	48.7	44.45	46.74	62.3	48.33	40.43	42.39	48.25	60.74	50.34	61.23	61.31	68.49	44.92	72.64	57.22	79.88	53.65	83.67	64.1
633	21.828	33.31	43.61	31.5	42.85	30.74	46.87	31.22	47.3	29.95	59.08	38.3	49.68	36.12	61.41	48.4	44.43	46.73	62.1	48.25	40.45	42.27	47.84	60.54	50.33	61.16	61.36	68.37	44.82	72.69	57.24	79.83	53.53	83.82	64.06
634	21.862	33.33	43.62	31.54	42.84	30.72	46.88	31.27	47.25	29.91	59.07	38.38	49.56	36.1	61.37	48.53	44.26	46.66	62.05	48.28	40.37	42.04	47.54	60.53	50.32	61.1	61.36	68.27	44.88	72.58	57.29	79.77	53.41	83.7	63.96
635	21.897	33.28	43.52	31.5	42.73	30.64	46.78	31.29	47.13	29.77	58.96	38.46	49.55	35.96	61.27	48.7	44.44	46.64	61.84	48.21	40.45	42.1	47.11	60.44	50.4	60.87	61.37	68.14	44.91	72.43	57.27	79.69	53.51	83.64	63.98
636	21.931	33.3	43.51	31.52	42.72	30.63	46.79	31.34	47.11	29.76	59.02	38.61	49.38	36.01	61.33	49.07	43.96	46.7	61.85	48.51	40.44	42.12	47.04	60.56	50.24	60.96	61.31	68.24	44.84	72.57	57.33	79.72	53.38	83.68	64.01
637	21.966	33.63	43.27	31.8	42.51	31.09	46.56	31.39	47.0	30.25	58.78	38.77	49.27	36.27	61.1	49.27	43.97	46.74	61.53	48.5	40.32	42.59	46.19	60.53	50.12	61.0	61.12	68.21	44.48	72.38	56.94	79.95	53.63	83.67	64.03
638	22.0	33.91	43.28	32.1	42.56	31.34	46.5	31.66	47.08	30.46	58.69	38.79	49.45	36.65	61.1	49.05	44.15	47.22	61.7	48.57	40.17	43.01	47.33	60.66	50.22	61.35	61.11	68.29	44.59	72.58	56.92	80.0	53.56	83.67	64.01
639	22.034	33.79	43.18	31.94	42.48	31.22	46.39	31.4	47.09	30.22	58.64	38.66	49.52	36.35	61.14	49.35	44.31	47.18	61.54	48.74	40.49	43.16	46.55	60.61	50.17	61.23	61.07	68.2	44.44	72.59	56.79	79.9	53.54	83.72	64.02
640	22.069	33.98	43.12	32.13	42.44	31.35	46.28	31.46	47.14	30.15	58.56	38.68	49.63	36.28	61.22	49.57	44.5	47.34	61.56	48.97	40.56	43.14	46.37	60.83	50.22	61.42	61.11	68.43	44.35	72.81	56.64	80.05	53.52	83.81	64.03
641	22.103	33.82	43.12	31.97	42.43	31.22	46.25	31.31	47.11	30.05	58.52	38.49	49.65	36.18	61.16	49.32	44.71	47.16	61.57	49.04	40.59	42.98	46.36	60.88	50.02	61.53	60.93	68.56	44.27	72.95	56.56	80.16	53.43	83.92	63.92
642	22.138	33.79	43.01	31.96	42.34	31.22	46.13	31.39	47.04	30.18	58.33	38.69	49.63	36.36	60.97	49.54	44.59	47.31	61.13	48.81	40.52	42.82	45.94	60.87	50.1	61.49	60.86	68.45	44.17	72.72	56.38	80.2	53.56	83.8	63.97
643	22.172	33.67	42.92	31.83	42.25	31.13	46.06	31.22	46.95	30.08	58.31	38.62	49.46	36.28	60.95	49.71	44.35	47.36	61.03	49.01	40.54	42.82	45.71	60.94	49.99	61.58	60.86	68.56	43.99	72.85	56.44	80.31	53.35	83.9	63.85
644	22.207	33.57	42.9	31.69	42.18	31.04	46.08	31.03	46.83	29.98	58.36	38.52	49.29	36.24	60.9	49.62	44.26	47.36	61.03	48.88	40.46	42.92	45.48	60.94	49.85	61.59	60.78	68.55	43.87	72.82	56.33	80.26	53.45	83.8	63.85
645	22.241	33.68	42.82	31.81	42.09	31.11	46.0	31.14	46.76	29.98	58.31	38.66	49.31	36.19	60.91	49.8	44.38	47.31	60.99	48.87	40.54	42.79	45.26	60.99	49.93	61.53	60.85	68.56	43.72	72.78	56.16	80.28	53.49	83.79	63.9
646	22.276	33.88	42.82	32.04	42.16	31.24	46.02	31.42	46.93	30.03	58.43	38.84	49.38	36.25	61.01	49.84	44.16	47.32	61.01	49.0	40.35	42.76	45.53	61.12	49.91	61.58	60.81	68.57	43.8	72.81	56.17	80.13	53.29	83.68	63.83
647	22.31	33.69	42.76	31.84	42.04	31.12	45.95	31.22	46.68	30.01	58.28	38.63	49.03	36.2	60.96	49.59	43.71	47.27	61.29	49.01	40.19	42.79	45.7	61.02	49.79	61.57	60.86	68.61	43.65	72.83	56.19	80.18	53.43	83.69	63.87
648	22.345	33.5	42.78	31.64	42.04	30.96	45.95	31.01	46.63	29.9	58.2	38.51	49.02	36.1	60.89	49.58	43.87	47.18	61.34	49.07	40.27	42.72	45.83	61.01	49.72	61.58	60.77	68.59	43.6	72.79	56.1	80.03	53.36	83.55	63.73
649	22.379	33.51	42.83	31.67	42.13	31.03	46.02	31.13	46.73	30.09	58.21	38.5	49.09	36.25	60.7	49.3	43.95	47.18	61.09	49.23	40.13	42.96	46.1	60.84	49.64	61.45	60.55	68.6	43.59	72.68	56.0	80.12	53.35	83.51	63.63
650	22.414	33.59	42.82	31.76	42.08	31.07	45.99	31.19	46.67	30.05	58.2	38.63	48.97	36.23	60.78	49.53	43.81	47.19	61.34	49.36	39.93	42.84	46.25	60.97	49.63	61.51	60.58	68.54	43.42	72.61	55.85	79.83	53.5	83.21	63.82
651	22.448	33.47	42.93	31.6	42.19	30.99	46.08	30.97	46.76	29.94	58.26	38.42	49.15	36.16	60.82	49.36	44.0	47.26	61.23	49.38	39.79	42.81	46.29	60.96	49.47	61.55	60.37	68.61	43.46	72.57	55.8	79.82	53.38	83.09	63.54
652	22.483	33.53	42.83	31.63	42.08	31.04	45.98	31.01	46.7	29.97	58.23	38.76	49.09	36.22	60.9	50.21	43.9	47.32	61.41	49.96	39.67	43.04	46.24	61.23	49.41	61.71	60.33	68.72	43.32	72.61	55.73	79.76	53.37	82.95	63.64
653	22.517	33.82	42.69	31.93	41.94	31.29	45.82	31.27	46.55	30.13	58.08	39.03	48.83	36.39	60.75	50.42	43.53	47.37	61.26	50.15	39.54	42.87	46.07	61.56	49.17	62.02	60.14	69.04	43.08	72.95	55.47	79.91	53.27	83.1	63.57
654	22.552	33.83	42.55	31.94	41.84	31.33	45.67	31.19	46.54	30.19	57.95	38.7	48.93	36.4	60.68	49.59	43.67	47.39	61.09	49.53	39.74	43.07	45.8	61.41	49.24	62.03	60.17	68.92	43.17	72.92	55.47	79.89	53.19	83.2	63.46
655	22.586	33.77	42.54	31.89	41.84	31.26	45.69	31.21	46.56	30.16	58.02	38.68	48.88	36.43	60.62	49.49	43.53	47.43	60.88	49.64	39.73	43.14	45.67	61.32	49.14	61.97	60.06	68.92	43.18	72.99	55.47	79.82	53.16	83.24	63.45
656	22.621	34.17	42.6	32.39	41.95	31.58	45.74	31.78	46.74	30.35	58.09	39.07	48.96	36.52	60.74	49.66	43.33	47.54	60.93	49.5	39.63	43.21	45.77	61.48	49.16	61.91	60.05	68.89	43.15	72.92	55.43	79.86	53.14	83.16	63.52
657	22.655	33.9	42.51	32.05	41.84	31.36	45.67	31.39	46.63	30.23	58.05	38.79	48.87	36.48	60.66	49.41	43.32	47.5	60.92	49.36	39.64	43.24	45.83	61.28	49.2	61.88	60.12	68.8	43.09	72.91	55.38	79.56	53.04	83.05	63.45
658	22.69	34.0	42.6	32.16	41.97	31.45	45.78	31.45	46.85	30.27	58.23	38.78	49.09	36.51	60.84	49.23	43.38	47.51	60.94	49.22	39.55	43.11	45.85	61.2	49.42	61.82	60.29	68.74	43.3	72.79	55.48	79.46	53.16	82.91	63.53
659	22.724	33.69	42.59	31.76	41.94	31.22	45.78	30.94	46.85	30.15	58.27	38.5	49.22	36.47	60.8	49.22	43.71	47.48	60.69	49.11	39.76	43.04	45.37	60.97	49.54	61.77	60.34	68.52	43.32	72.63	55.45	79.23	53.12	82.83	63.47
660	22.759	33.47	42.72	31.5	42.04	31.03	45.93	30.72	46.9	30.09	58.4	38.41	49.45	36.54	60.91	49.21	44.09	47.58	60.67	49.1	39.93	43.11	45.33	60.98	49.64	61.88	60.4	68.61	43.35	72.69	55.46	79.37	53.31	82.93	63.53
661	22.793	33.4	42.69	31.49	41.94	31.01	45.82	30.76	46.64	30.11	58.07	38.36	49.26	36.35	60.79	49.14	44.11	47.26	60.95	49.01	39.85	42.97	45.13	60.85	49.75	61.65	60.59	68.68	43.52	72.67	55.73	79.8	53.51	83.21	63.51
662	22.828	33.37	42.75	31.48	41.96	30.96	45.92	30.86	46.55	30.15	58.16	38.43	49.05	36.51	60.91	49.01	43.78	47.33	61.45	48.98	39.65	42.9	45.83	60.85	49.64	61.71	60.59	68.58	43.48	72.6	55.77	79.69	53.52	83.11	63.49
663	22.862	33.18	42.86	31.27	42.07	30.76	46.03	30.7	46.71	29.98	58.34	38.23	49.4	36.41	61.17	48.79	44.18	47.41	61.75	48.65	39.84	43.02	46.44	60.93	49.81	61.84	60.78	68.67	43.5	72.76	55.83	79.91	53.55	83.36	63.61
664	22.897	32.99	42.64	31.09	41.89	30.61	45.78	30.54	46.65	29.89	58.13	38.09	49.5	36.35	61.06	48.81	44.32	47.5	61.54	48.66	39.98	43.07	46.29	60.83	49.79	61.81	60.69	68.61	43.59	72.8	55.85	79.91	53.61	83.52	63.63
665	22.931	32.92	42.49	30.99	41.78	30.58	45.63	30.28	46.64	29.82	58.0	37.77	49.54	36.2	61.02	48.53	44.46	47.57	61.38	48.47	40.21	43.29	45.74	60.51	50.06	61.57	60.93	68.42	43.69	72.64	55.92	79.65	53.74	83.37	63.76
666	22.966	32.76	42.12	30.85	41.38	30.38	45.24	30.25	46.25	29.64	57.67	37.72	49.32	36.12	60.91	48.5	44.3	47.6	61.58	48.38	40.34	43.37	46.13	60.53	49.95	61.59	60.89	68.36	43.74	72.7	56.04	79.62	53.6	83.47	63.75
667	23.0	32.69	42.0	30.79	41.22	30.28	45.15	30.24	46.03	29.55	57.61	37.67	49.08	36.07	60.88	48.22	44.07	47.49	61.82	48.16	40.07	43.16	46.47	60.43	49.84	61.47	60.88	68.25	43.73	72.55	56.11	79.56	53.7	83.35	63.85
668	23.034	32.73	41.94	30.81	41.19	30.27	45.12	30.32	46.01	29.55	57.64	37.76	49.0	36.23	60.7	48.12	43.74	47.5	61.31	48.0	39.74	42.71	46.17	60.6	49.52	61.68	60.48	68.46	43.74	72.75	55.96	79.51	53.24	83.31	63.42
669	23.069	32.66	41.73	30.74	40.97	30.28	44.88	30.22	45.78	29.65	57.33	37.63	48.89	36.31	60.52	47.87	43.64	47.51	61.3	47.71	39.68	42.82	46.46	60.5	49.44	61.72	60.39	68.38	43.65	72.7	55.88	79.42	53.15	83.26	63.32
670	23.103	32.66	41.7	30.75	40.95	30.3	44.84	30.37	45.72	29.81	57.24	37.8	48.74	36.55	60.33	47.82	43.18	47.51	61.13	47.51	39.12	42.58	46.92	60.56	49.27	61.83	60.18	68.52	43.56	72.8	55.79	79.33	52.94	83.15	63.18
671	23.138	32.9	41.62	31.02	40.92	30.51	44.71	30.62	45.76	29.87	57.06	38.05	48.78	36.52	60.09	48.13	43.48	47.53	60.63	47.32	39.2	42.49	45.71	60.76	49.21	61.83	59.96	68.54	43.51	72.75	55.58	79.19	52.85	82.92	63.16
672	23.172	33.1	41.64	31.17	40.95	30.7	44.74	30.61	45.74	29.93	57.07	38.16	48.76	36.56	59.99	48.42	43.62	47.52	60.55	47.28	39.04	42.33	45.96	60.77	49.18	61.83	59.87	68.57	43.4	72.75	55.38	79.14	52.85	82.86	63.1
673	23.207	33.19	41.73	31.26	41.04	30.85	44.76	30.67	45.86	30.04	56.96	38.29	49.0	36.42	59.99	48.72	43.89	47.41	60.3	47.25	38.94	42.87	44.96	60.78	49.14	61.68	59.77	68.79	43.07	72.87	55.02	79.34	52.83	82.95	62.95
674	23.241	33.18	41.76	31.21	41.06	30.83	44.78	30.58	45.89	30.0	57.02	38.28	49.1	36.46	60.01	48.67	44.01	47.45	60.18	47.15	38.94	42.77	44.74	60.87	49.2	61.81	59.76	68.74	42.99	72.87	54.75	78.87	52.83	82.66	62.89
675	23.276	33.17	41.8	31.15	41.12	30.8	44.87	30.47	45.98	29.95	57.19	38.29	49.17	36.48	60.12	48.79	44.04	47.46	60.12	47.14	39.0	42.73	44.26	60.98	49.17	61.89	59.71	68.74	42.94	72.72	54.58	78.62	52.81	82.16	62.82
676	23.31	33.36	41.82	31.37	41.15	30.98	44.82	30.7	46.07	30.11	57.12	38.49	49.31	36.53	60.22	48.82	44.25	47.39	60.35	47.18	39.18	42.74	44.27	61.1	49.22	61.94	59.69	68.69	42.84	72.63	54.32	78.39	52.74	81.98	62.71
677	23.345	33.45	42.05	31.5	41.38	31.12	45.02	30.83	46.29	30.29	57.22	38.62	49.37	36.61	60.31	48.68	44.38	47.34	60.33	47.12	39.29	42.72	43.28	61.16	49.29	61.96	59.76	68.79	42.58	72.61	54.02	78.51	52.94	82.0	62.71
678	23.379	33.27	42.2	31.32	41.48	30.92	45.19	30.75	46.22	30.18	57.33	38.44	49.38	36.58	60.42	48.41	44.2	47.23	60.86	47.04	39.12	42.64	45.53	60.95	49.27	61.85	59.81	68.66	42.66	72.6	54.21	78.52	53.01	82.09	62.79
679	23.414	33.28	42.21	31.34	41.5	30.96	45.15	30.78	46.27	30.26	57.24	38.43	49.43	36.63	60.36	48.37	44.41	47.28	60.79	47.11	39.13	42.82	45.02	61.06	49.25	62.01	59.77	68.75	42.58	72.73	54.15	78.6	52.83	82.21	62.67
680	23.448	33.37	42.32	31.46	41.56	31.0	45.25	31.01	46.2	30.27	57.27	38.7	49.35	36.67	60.41	48.66	44.29	47.22	61.19	47.22	38.98	42.62	45.93	61.16	49.21	61.96	59.71	68.68	42.61	72.56	54.09	78.42	52.77	81.93	62.54
681	23.483	33.37	42.29	31.44	41.51	30.98	45.23	31.01	46.17	30.28	57.3	38.75	49.41	36.67	60.57	48.78	44.33	47.19	61.6	47.31	38.94	42.67	46.44	61.19	49.18	61.99	59.72	68.62	42.69	72.54	54.16	78.3	52.8	81.92	62.6
682	23.517	33.33	42.2	31.43	41.44	30.98	45.18	30.92	46.15	30.23	57.32	38.5	49.25	36.56	60.58	48.32	44.28	47.23	61.66	47.28	39.12	42.53	46.13	61.02	49.31	61.84	59.94	68.63	42.66	72.45	54.22	78.45	53.01	81.91	62.73
683	23.552	33.26	42.2	31.41	41.36	30.83	45.17	31.01	45.89	29.98	57.2	38.61	49.0	36.29	60.41	48.59	44.08	46.94	61.86	47.43	38.78	42.21	47.12	60.94	49.18	61.52	59.83	68.48	42.79	72.28	54.35	78.4	52.9	81.83	62.53
684	23.586	33.21	42.22	31.38	41.4	30.79	45.18	31.08	45.91	30.08	57.16	38.62	48.94	36.44	60.33	48.5	43.89	46.94	61.91	47.63	38.81	42.04	47.67	60.88	49.1	61.55	59.7	68.48	43.04	72.24	54.49	78.32	52.93	81.73	62.53
685	23.621	33.29	42.07	31.47	41.26	30.92	45.05	31.18	45.75	30.27	56.99	38.63	48.82	36.59	60.16	48.39	43.73	47.15	61.69	47.6	38.93	42.4	47.68	60.87	48.98	61.56	59.59	68.56	43.11	72.15	54.69	78.77	53.24	81.91	62.78
686	23.655	33.13	42.29	31.26	41.47	30.75	45.34	31.1	45.9	30.33	57.33	38.49	48.78	36.78	60.31	48.03	43.47	47.11	62.09	47.63	38.91	42.79	48.27	60.9	48.77	61.79	59.48	68.53	43.33	72.26	54.93	78.7	52.99	81.99	62.67
687	23.69	33.07	42.23	31.22	41.42	30.67	45.34	31.14	45.86	30.32	57.41	38.6	48.58	36.83	60.3	48.1	43.02	47.1	62.13	47.68	38.84	42.62	48.45	60.95	48.73	61.79	59.5	68.53	43.24	72.21	54.84	78.68	52.97	81.92	62.65
688	23.724	33.09	42.19	31.2	41.4	30.64	45.33	31.14	45.9	30.26	57.49	38.74	48.7	36.83	60.36	48.46	43.3	47.1	62.19	47.83	39.09	42.65	48.43	61.09	48.77	61.86	59.49	68.59	43.31	72.26	54.78	78.63	53.07	81.92	62.79
689	23.759	33.12	42.19	31.22	41.42	30.69	45.29	31.07	45.99	30.26	57.46	38.62	48.87	36.78	60.36	48.34	43.81	47.12	62.25	47.84	39.29	42.82	48.3	61.09	48.9	61.9	59.54	68.5	43.32	72.21	54.7	78.53	53.12	81.86	62.83
690	23.793	33.06	42.13	31.2	41.34	30.61	45.26	31.13	45.86	30.23	57.43	38.71	48.55	36.77	60.39	48.5	42.97	47.09	62.32	48.09	39.14	42.67	48.69	61.05	48.86	61.85	59.66	68.56	43.25	72.4	54.8	78.63	53.17	82.16	62.92
691	23.828	33.1	42.25	31.24	41.4	30.56	45.39	31.28	45.77	30.13	57.54	38.94	48.47	36.79	60.42	48.79	43.11	47.09	62.63	48.26	39.35	42.63	49.3	61.28	48.78	61.93	59.6	68.73	43.11	72.47	54.62	78.76	53.28	82.13	62.97
692	23.862	33.1	42.23	31.25	41.39	30.54	45.4	31.29	45.75	30.11	57.57	38.87	48.35	36.76	60.37	48.57	42.87	47.06	62.42	48.16	39.39	42.55	48.93	61.18	48.84	61.83	59.69	68.61	43.19	72.4	54.71	78.67	53.32	82.13	62.99
693	23.897	33.16	42.09	31.31	41.31	30.66	45.24	31.19	45.83	30.19	57.46	38.66	48.55	36.72	60.35	48.36	43.19	47.07	62.19	48.14	39.52	42.71	48.5	60.95	48.99	61.73	59.77	68.4	43.13	72.36	54.67	78.49	53.22	82.21	62.98
694	23.931	33.18	42.06	31.31	41.26	30.65	45.26	31.22	45.76	30.15	57.54	38.83	48.42	36.71	60.38	48.76	42.99	47.1	62.21	48.38	39.48	42.77	48.41	61.11	48.9	61.78	59.73	68.5	43.06	72.37	54.65	78.66	53.31	82.22	63.06
695	23.966	33.12	42.25	31.24	41.45	30.65	45.42	31.12	45.86	30.22	57.55	38.64	48.56	36.74	60.37	48.43	43.17	47.07	62.25	48.4	39.48	43.05	48.93	61.03	48.85	61.8	59.65	68.5	43.14	72.29	54.72	78.73	53.26	82.14	62.91
696	24.0	33.14	42.38	31.22	41.55	30.68	45.55	31.0	45.9	30.2	57.67	38.47	48.58	36.7	60.41	48.28	43.15	47.09	62.18	48.29	39.52	43.12	49.02	60.95	48.77	61.81	59.64	68.6	43.07	72.46	54.77	78.86	53.33	82.33	63.03
697	24.034	33.3	42.27	31.45	41.44	30.79	45.45	31.32	45.84	30.23	57.59	38.75	48.61	36.6	60.47	48.43	43.37	47.01	62.4	48.31	39.56	43.15	48.7	61.02	48.88	61.6	59.72	68.58	43.22	72.21	54.85	79.04	53.6	82.25	63.13
698	24.069	33.24	42.4	31.4	41.58	30.77	45.57	31.29	46.01	30.29	57.68	38.72	48.83	36.64	60.61	48.4	43.66	47.04	62.54	48.33	39.57	43.19	48.82	61.11	49.13	61.74	59.97	68.64	43.2	72.32	54.9	79.22	53.61	82.47	63.15
699	24.103	33.18	42.31	31.32	41.49	30.69	45.5	31.23	45.92	30.23	57.68	38.79	48.74	36.59	60.61	48.69	43.48	46.96	62.62	48.37	39.49	43.05	48.9	61.13	49.06	61.71	59.92	68.61	43.17	72.32	54.84	79.1	53.48	82.46	63.08
700	24.138	33.1	42.29	31.25	41.47	30.63	45.47	31.22	45.85	30.23	57.6	38.73	48.57	36.67	60.56	48.57	43.01	47.05	62.64	48.3	39.27	43.04	49.29	61.08	48.99	61.75	59.9	68.5	43.15	72.29	54.92	78.94	53.3	82.33	62.99
701	24.172	33.03	42.11	31.12	41.35	30.6	45.23	30.75	45.84	30.0	57.35	38.13	48.65	36.5	60.19	47.98	43.46	47.08	61.67	48.12	39.44	42.59	47.71	60.85	49.03	61.76	59.76	68.52	43.24	72.34	54.71	78.85	53.21	82.25	62.72
702	24.207	33.02	41.9	31.09	41.11	30.51	45.11	30.85	45.57	29.95	57.36	38.66	48.26	36.55	60.18	49.2	42.91	47.11	61.81	48.45	39.41	42.05	47.46	61.08	48.96	61.77	59.79	68.59	43.13	72.31	54.67	78.98	53.25	82.3	62.86
703	24.241	33.14	41.87	31.17	41.12	30.63	45.08	30.84	45.69	30.03	57.39	38.76	48.4	36.65	60.14	49.48	43.16	47.31	61.67	48.26	39.52	42.33	47.21	61.15	49.1	61.83	59.81	68.53	43.17	72.23	54.58	78.91	53.24	82.16	62.88
704	24.276	33.11	42.01	31.21	41.24	30.65	45.21	30.92	45.71	30.1	57.39	38.48	48.31	36.64	60.07	48.4	42.81	47.14	61.53	47.7	39.34	42.24	47.55	60.83	48.96	61.63	59.73	68.38	43.23	72.13	54.76	78.85	53.12	82.16	62.71
705	24.31	33.11	41.97	31.2	41.23	30.71	45.12	30.84	45.82	30.18	57.33	38.39	48.67	36.7	60.11	48.09	43.23	47.18	61.39	47.46	39.12	42.5	47.52	60.9	49.06	61.79	59.71	68.51	43.14	72.24	54.53	78.84	53.15	82.19	62.71
706	24.345	33.31	41.9	31.37	41.11	30.73	45.14	31.16	45.65	30.08	57.5	39.0	48.42	36.77	60.22	49.15	42.75	47.36	61.58	47.3	38.9	42.42	47.48	61.26	48.81	61.85	59.56	68.72	42.96	72.36	54.43	79.01	53.09	82.15	62.86
707	24.379	33.23	41.84	31.31	41.1	30.66	45.08	31.1	45.75	30.05	57.54	38.73	48.63	36.71	60.37	48.82	42.87	47.44	61.42	47.31	39.08	42.49	47.0	61.17	48.81	61.85	59.59	68.72	42.79	72.39	54.41	79.26	53.05	82.31	63.0
708	24.414	33.17	42.03	31.31	41.28	30.59	45.22	31.25	45.85	30.02	57.55	38.75	48.69	36.64	60.43	48.77	42.84	47.37	61.57	47.26	39.01	42.56	47.29	61.15	48.74	61.77	59.56	68.67	42.79	72.49	54.51	79.25	52.93	82.41	62.97
709	24.448	33.58	42.08	31.73	41.37	31.13	45.18	31.41	45.99	30.39	57.31	38.91	48.75	36.66	60.16	48.84	43.39	47.22	61.22	47.26	39.15	42.34	46.57	60.83	48.89	61.41	59.52	68.66	43.22	72.36	54.83	78.91	53.33	82.21	63.15
710	24.483	33.49	42.14	31.64	41.35	30.98	45.26	31.43	45.83	30.26	57.38	39.08	48.6	36.61	60.33	49.37	43.08	47.22	61.75	47.33	38.92	42.37	47.49	60.92	48.8	61.41	59.57	68.58	43.01	72.37	54.83	78.99	53.21	82.28	63.17
711	24.517	33.52	42.08	31.66	41.28	31.04	45.19	31.35	45.82	30.26	57.35	39.01	48.68	36.57	60.35	49.22	43.34	47.19	61.7	47.29	39.04	42.43	47.15	60.9	48.94	61.4	59.68	68.5	43.06	72.28	54.84	78.96	53.27	82.29	63.16
712	24.552	33.4	42.24	31.69	41.54	30.9	45.26	31.73	46.22	30.26	57.36	39.21	49.14	36.58	60.55	49.46	43.4	47.4	61.54	47.42	39.05	42.3	46.62	61.12	49.07	61.47	59.68	68.68	43.17	72.4	54.8	79.3	53.54	82.4	63.39
713	24.586	33.57	42.0	31.75	41.27	31.17	45.05	31.43	45.96	30.45	57.17	39.04	48.92	36.67	60.29	49.04	43.68	47.28	61.5	47.31	39.11	42.41	46.52	60.97	49.19	61.48	59.78	68.7	43.29	72.22	54.84	79.23	53.59	82.25	63.2
714	24.621	33.56	42.08	31.72	41.34	31.15	45.15	31.4	45.98	30.43	57.25	38.99	48.91	36.65	60.33	49.06	43.62	47.25	61.56	47.31	39.2	42.4	46.74	60.99	49.12	61.53	59.75	68.75	43.39	72.34	54.99	79.28	53.45	82.42	63.11
715	24.655	33.41	42.02	31.57	41.28	31.11	45.05	31.14	45.88	30.43	57.05	38.62	48.8	36.58	60.1	48.49	43.45	47.14	61.21	47.2	39.05	42.42	46.74	60.73	49.13	61.44	59.79	68.69	43.39	72.33	55.09	79.3	53.39	82.5	63.01
716	24.69	33.54	41.97	31.72	41.22	31.17	45.04	31.28	45.82	30.42	57.1	38.64	48.68	36.58	60.14	48.31	43.32	47.12	61.24	47.19	39.04	42.46	46.49	60.68	49.21	61.34	59.91	68.58	43.36	72.2	55.1	79.2	53.42	82.31	63.1
717	24.724	33.51	42.1	31.65	41.35	31.14	45.18	31.17	45.95	30.36	57.23	38.64	48.81	36.55	60.12	48.52	43.56	47.15	61.03	47.24	39.23	42.55	46.4	60.65	49.22	61.31	59.85	68.5	43.37	72.17	55.05	79.12	53.42	82.32	63.09
718	24.759	33.51	42.12	31.63	41.4	31.14	45.21	31.14	46.07	30.35	57.33	38.64	48.93	36.53	60.17	48.52	43.73	47.14	61.11	47.13	39.07	42.57	46.25	60.73	49.27	61.36	59.86	68.53	43.52	72.16	55.1	79.06	53.33	82.26	63.02
719	24.793	33.49	41.98	31.58	41.23	31.05	45.1	31.0	45.87	30.14	57.3	38.51	48.77	36.42	60.11	48.45	43.75	47.16	61.09	47.19	39.12	42.44	46.24	60.81	49.29	61.46	59.95	68.51	43.36	72.27	54.97	79.02	53.25	82.37	62.98
720	24.828	33.33	42.06	31.43	41.34	30.94	45.16	30.96	46.01	30.21	57.34	38.47	48.84	36.55	60.15	48.33	43.72	47.21	61.23	47.12	39.06	42.45	46.49	60.78	49.34	61.55	59.98	68.48	43.55	72.32	55.16	78.85	53.32	82.32	63.14
721	24.862	33.39	42.02	31.48	41.28	31.01	45.13	30.97	45.94	30.25	57.32	38.4	48.9	36.54	60.27	48.23	43.73	47.15	61.24	47.2	39.04	42.61	46.09	60.92	49.2	61.73	59.95	68.68	43.45	72.61	55.19	79.25	53.24	82.77	63.02
722	24.897	33.35	42.0	31.45	41.27	30.96	45.1	30.94	45.95	30.23	57.31	38.35	48.87	36.54	60.27	48.16	43.67	47.14	61.22	47.18	39.06	42.61	45.94	60.89	49.29	61.76	60.06	68.61	43.51	72.7	55.3	79.26	53.25	82.99	63.09
723	24.931	33.31	41.94	31.41	41.24	30.93	45.08	30.82	45.98	30.14	57.36	38.17	48.82	36.43	60.27	47.97	43.41	47.12	60.94	47.1	39.13	42.42	45.62	60.65	49.24	61.56	60.04	68.44	43.67	72.57	55.5	79.2	53.22	83.0	63.08
724	24.966	33.31	42.0	31.42	41.28	30.91	45.16	30.9	45.94	30.12	57.39	38.31	48.71	36.39	60.19	48.19	43.38	47.0	60.92	47.12	39.21	42.32	45.84	60.55	49.18	61.35	59.98	68.3	43.71	72.4	55.61	79.08	53.11	82.84	63.05
725	25.0	33.23	42.01	31.35	41.31	30.8	45.22	30.9	46.01	30.07	57.55	38.29	48.7	36.43	60.31	48.07	43.14	47.11	60.97	47.07	39.15	42.35	45.83	60.56	49.23	61.38	60.07	68.31	43.69	72.4	55.63	79.08	53.15	82.8	63.12
726	25.034	33.32	42.12	31.46	41.41	30.88	45.31	31.0	46.12	30.12	57.63	38.33	48.8	36.41	60.44	47.99	43.15	47.01	61.07	47.09	39.12	42.28	45.91	60.55	49.41	61.32	60.26	68.28	43.75	72.32	55.66	79.01	53.23	82.68	63.2
727	25.069	33.07	42.04	31.2	41.31	30.67	45.24	30.77	45.98	30.04	57.56	38.05	48.61	36.44	60.37	47.63	42.85	47.03	61.19	46.96	38.88	42.16	46.23	60.4	49.31	61.37	60.25	68.16	43.74	72.34	55.78	78.89	52.96	82.7	63.04
728	25.103	33.12	42.02	31.25	41.28	30.75	45.22	30.79	45.93	30.1	57.5	38.03	48.56	36.44	60.35	47.59	42.8	47.01	61.25	46.92	38.9	42.2	46.48	60.34	49.24	61.31	60.21	68.21	43.84	72.32	55.94	79.02	53.01	82.72	63.07
729	25.138	33.22	42.16	31.33	41.45	30.82	45.38	30.82	46.13	30.12	57.69	38.1	48.73	36.43	60.44	47.77	42.98	47.0	61.15	46.98	39.05	42.2	46.4	60.36	49.33	61.3	60.25	68.15	43.82	72.31	55.92	78.96	52.93	82.78	63.12
730	25.172	33.21	42.18	31.32	41.47	30.81	45.4	30.81	46.14	30.1	57.72	38.09	48.72	36.42	60.45	47.84	42.95	47.02	61.19	47.02	39.02	42.22	46.54	60.29	49.35	61.24	60.29	68.14	43.91	72.32	56.06	78.91	52.94	82.77	63.21
731	25.207	33.18	42.38	31.25	41.66	30.82	45.59	30.69	46.32	30.14	57.86	38.02	48.94	36.44	60.58	47.85	43.31	47.02	61.25	46.98	39.15	42.32	46.26	60.33	49.43	61.35	60.35	68.16	44.04	72.39	56.16	78.92	52.86	82.86	63.07
732	25.241	33.13	42.26	31.18	41.51	30.79	45.47	30.57	46.2	30.09	57.78	37.98	48.96	36.34	60.62	48.02	43.46	46.95	61.4	47.07	39.16	42.44	46.42	60.27	49.51	61.27	60.46	68.09	44.1	72.37	56.3	79.05	52.95	83.02	63.18
733	25.276	33.32	42.38	31.42	41.65	30.87	45.59	30.9	46.3	30.08	57.87	38.24	49.12	36.29	60.55	48.1	43.94	46.91	61.34	46.81	39.71	42.47	46.34	60.36	49.69	61.1	60.49	68.05	44.4	72.1	56.3	79.26	53.13	82.93	63.19
734	25.31	33.27	42.4	31.37	41.65	30.83	45.65	30.88	46.28	30.09	57.97	38.21	49.01	36.33	60.69	47.99	43.62	46.94	61.58	46.78	39.64	42.58	46.6	60.39	49.61	61.18	60.54	68.07	44.31	72.16	56.42	79.33	53.07	83.0	63.24
735	25.345	33.35	42.24	31.48	41.47	30.87	45.46	31.17	46.07	30.19	57.75	38.57	48.84	36.47	60.55	48.33	43.47	46.97	61.69	46.77	39.63	42.4	46.98	60.65	49.49	61.31	60.39	68.26	44.26	72.27	56.32	79.47	53.11	83.05	63.3
736	25.379	33.43	42.23	31.58	41.48	30.99	45.4	31.12	46.12	30.18	57.64	38.44	48.93	36.37	60.52	48.21	43.66	47.01	61.33	46.65	39.84	42.47	46.02	60.62	49.66	61.29	60.55	68.26	44.16	72.31	56.29	79.49	53.22	83.12	63.41
737	25.414	33.33	42.27	31.48	41.51	30.93	45.47	31.05	46.1	30.25	57.68	38.3	48.84	36.42	60.53	48.04	43.38	47.07	61.53	46.72	39.52	42.65	46.78	60.45	49.58	61.23	60.54	68.23	44.12	72.31	56.4	79.67	53.22	83.28	63.42
738	25.448	33.39	42.22	31.55	41.45	30.95	45.44	31.24	46.03	30.29	57.69	38.53	48.81	36.47	60.55	48.17	43.28	47.0	61.7	46.72	39.21	42.64	47.14	60.58	49.48	61.25	60.44	68.32	44.17	72.32	56.38	79.62	53.14	83.2	63.36
739	25.483	33.43	42.19	31.57	41.43	31.02	45.37	31.14	46.04	30.28	57.58	38.43	48.88	36.41	60.45	48.09	43.59	47.03	61.47	46.68	39.45	42.72	46.54	60.57	49.62	61.25	60.5	68.32	44.13	72.3	56.26	79.52	53.21	83.11	63.37
740	25.517	33.45	42.18	31.62	41.43	30.98	45.4	31.31	46.05	30.24	57.68	38.7	48.76	36.41	60.47	48.47	43.22	47.0	61.51	46.75	39.26	42.46	46.89	60.65	49.55	61.17	60.44	68.32	44.12	72.25	56.24	79.47	53.27	83.01	63.48
741	25.552	33.29	42.21	31.44	41.45	30.88	45.42	31.08	46.0	30.2	57.62	38.39	48.68	36.39	60.41	48.11	43.08	47.03	61.6	46.67	39.12	42.5	47.39	60.47	49.47	61.16	60.42	68.25	44.09	72.26	56.29	79.46	53.26	83.06	63.45
742	25.586	33.42	41.96	31.6	41.21	31.01	45.12	31.21	45.83	30.23	57.32	38.55	48.59	36.34	60.3	48.37	43.06	47.07	61.51	46.69	39.06	42.42	47.01	60.61	49.47	61.18	60.39	68.35	43.97	72.26	56.13	79.54	53.37	83.03	63.51
743	25.621	33.47	41.94	31.68	41.2	31.05	45.05	31.27	45.83	30.22	57.2	38.56	48.63	36.28	60.21	48.32	43.21	47.0	61.38	46.7	39.11	42.36	46.85	60.59	49.5	61.12	60.35	68.28	43.99	72.2	56.07	79.44	53.34	82.98	63.44
744	25.655	33.38	41.91	31.57	41.12	30.96	45.03	31.17	45.64	30.18	57.14	38.44	48.4	36.32	60.15	48.16	43.11	46.95	61.68	46.65	39.08	42.27	47.27	60.57	49.42	61.21	60.37	68.25	43.88	72.22	56.06	79.39	53.25	82.91	63.43
745	25.69	33.38	41.81	31.57	41.09	30.96	44.93	31.18	45.72	30.2	57.06	38.38	48.57	36.37	59.97	47.91	43.55	47.05	61.21	46.26	39.34	42.23	46.36	60.62	49.4	61.32	60.21	68.39	44.08	72.43	56.09	79.61	53.16	83.24	63.3
746	25.724	33.41	41.67	31.59	40.9	31.01	44.75	31.14	45.5	30.25	56.87	38.22	48.48	36.45	60.02	47.59	43.47	47.18	61.55	46.22	39.41	42.45	46.9	60.65	49.39	61.47	60.3	68.47	44.05	72.54	56.15	79.65	53.18	83.27	63.3
747	25.759	33.3	41.66	31.49	40.94	30.89	44.77	31.13	45.63	30.18	56.97	38.29	48.57	36.45	60.05	47.73	43.58	47.22	61.51	46.33	39.3	42.49	46.77	60.72	49.48	61.51	60.33	68.41	44.05	72.49	56.12	79.57	53.08	83.22	63.32
748	25.793	33.3	41.63	31.48	40.9	30.9	44.73	31.05	45.58	30.15	56.92	38.24	48.52	36.36	60.0	47.75	43.5	47.14	61.4	46.34	39.21	42.35	46.49	60.69	49.45	61.46	60.32	68.48	44.04	72.5	56.09	79.63	53.13	83.24	63.27
749	25.828	33.2	41.73	31.36	40.97	30.84	44.82	30.91	45.57	30.16	56.96	37.97	48.54	36.35	60.1	47.32	43.43	47.09	61.69	46.34	39.14	42.58	47.2	60.53	49.4	61.47	60.37	68.43	44.12	72.57	56.3	79.59	53.15	83.35	63.33
750	25.862	33.16	41.7	31.3	40.92	30.79	44.77	30.81	45.5	30.07	56.89	37.9	48.5	36.28	60.04	47.3	43.52	47.06	61.7	46.34	39.28	42.64	47.14	60.55	49.38	61.47	60.34	68.42	44.12	72.54	56.21	79.54	53.17	83.27	63.27
751	25.897	33.16	41.75	31.3	40.98	30.78	44.83	30.86	45.58	30.09	56.97	38.07	48.64	36.32	60.06	47.59	43.71	47.07	61.63	46.35	39.37	42.75	47.21	60.66	49.44	61.51	60.33	68.43	44.27	72.51	56.32	79.71	53.24	83.4	63.35
752	25.931	33.21	41.79	31.34	41.04	30.83	44.88	30.89	45.67	30.15	57.03	38.05	48.68	36.36	60.11	47.48	43.66	47.05	61.67	46.35	39.28	42.71	47.21	60.62	49.45	61.49	60.33	68.45	44.3	72.49	56.31	79.65	53.24	83.32	63.34
753	25.966	33.09	41.75	31.23	41.01	30.68	44.86	30.79	45.69	29.98	57.09	37.98	48.67	36.24	60.13	47.49	43.63	47.06	61.58	46.38	39.39	42.63	46.92	60.59	49.55	61.44	60.45	68.32	44.28	72.44	56.31	79.49	53.08	83.27	63.27
754	26.0	33.07	41.78	31.22	41.02	30.66	44.89	30.74	45.66	29.93	57.1	37.83	48.6	36.2	60.12	47.23	43.53	47.07	61.54	46.28	39.38	42.61	46.89	60.53	49.49	61.43	60.45	68.37	44.29	72.51	56.36	79.6	53.09	83.35	63.23
755	26.034	33.06	41.85	31.18	41.09	30.66	44.98	30.65	45.69	29.92	57.19	37.75	48.64	36.18	60.21	47.19	43.55	47.07	61.58	46.25	39.4	42.63	46.78	60.51	49.5	61.44	60.5	68.38	44.26	72.54	56.4	79.62	53.09	83.4	63.24
756	26.069	33.03	41.89	31.16	41.15	30.65	45.02	30.67	45.77	29.96	57.21	37.79	48.68	36.21	60.19	47.23	43.61	47.04	61.52	46.29	39.45	42.58	46.58	60.52	49.5	61.46	60.47	68.4	44.26	72.55	56.39	79.64	53.08	83.42	63.25
757	26.103	33.21	41.83	31.39	41.07	30.93	44.88	30.85	45.64	30.23	56.86	37.84	48.58	36.24	60.0	47.38	43.58	46.99	61.53	46.55	39.47	42.78	46.93	60.2	49.36	61.15	60.27	68.22	44.12	72.32	56.3	79.63	53.2	83.27	63.23
758	26.138	33.17	41.77	31.35	41.03	30.83	44.82	30.83	45.67	30.06	56.9	37.95	48.64	36.15	60.05	47.7	43.69	46.99	61.43	46.53	39.46	42.44	46.58	60.42	49.45	61.26	60.32	68.19	43.96	72.34	56.08	79.56	53.09	83.29	63.18
759	26.172	33.23	41.76	31.4	41.04	30.87	44.84	30.91	45.72	30.13	56.98	38.1	48.69	36.27	60.13	47.87	43.44	47.06	61.47	46.55	39.37	42.39	47.11	60.44	49.41	61.26	60.26	68.29	44.0	72.33	56.04	79.5	53.09	83.12	63.15
760	26.207	33.22	41.76	31.4	41.02	30.86	44.83	30.95	45.67	30.17	56.95	38.06	48.61	36.32	60.17	47.64	43.24	47.06	61.59	46.55	39.24	42.49	47.23	60.43	49.41	61.31	60.32	68.28	43.95	72.4	56.07	79.45	53.07	83.15	63.16
761	26.241	33.25	41.72	31.46	40.99	30.87	44.78	31.05	45.66	30.13	56.93	38.13	48.55	36.3	60.18	47.62	43.11	47.07	61.55	46.53	39.2	42.51	47.07	60.44	49.45	61.26	60.39	68.26	43.81	72.41	55.99	79.26	53.14	82.99	63.33
762	26.276	33.16	41.61	31.39	40.86	30.74	44.67	31.02	45.55	29.99	56.86	38.1	48.48	36.23	60.2	47.61	43.16	47.12	61.74	46.5	39.14	42.52	47.11	60.56	49.47	61.37	60.45	68.31	43.73	72.54	55.94	79.37	53.13	83.14	63.33
763	26.31	33.21	41.59	31.43	40.87	30.81	44.67	31.04	45.59	30.1	56.89	38.11	48.53	36.37	60.17	47.57	43.06	47.25	61.51	46.4	39.04	42.51	46.95	60.59	49.44	61.46	60.4	68.4	43.78	72.63	55.98	79.53	53.12	83.31	63.32
764	26.345	33.32	41.7	31.54	40.98	30.88	44.8	31.19	45.72	30.13	57.05	38.34	48.71	36.42	60.24	47.87	43.24	47.26	61.4	46.41	39.1	42.3	46.99	60.66	49.58	61.43	60.43	68.37	43.89	72.53	55.94	79.55	53.2	83.28	63.33
765	26.379	33.33	41.79	31.53	41.08	30.87	44.89	31.18	45.82	30.09	57.17	38.42	48.85	36.39	60.33	47.99	43.49	47.22	61.6	46.41	39.12	42.3	47.15	60.82	49.61	61.52	60.42	68.48	43.96	72.58	55.85	79.47	53.24	83.18	63.31
766	26.414	33.3	41.81	31.49	41.08	30.88	44.89	31.08	45.8	30.09	57.11	38.31	48.84	36.32	60.32	47.89	43.59	47.17	61.64	46.38	39.2	42.37	47.14	60.72	49.69	61.45	60.53	68.43	43.99	72.54	55.95	79.47	53.23	83.2	63.26
767	26.448	33.18	41.7	31.38	40.95	30.76	44.77	30.95	45.63	29.98	56.98	38.17	48.66	36.25	60.21	47.67	43.43	47.15	61.61	46.34	39.17	42.46	47.04	60.65	49.6	61.4	60.49	68.35	43.9	72.46	55.89	79.42	53.25	83.12	63.23
768	26.483	33.28	41.69	31.52	40.9	30.83	44.79	31.23	45.51	30.11	57.0	38.33	48.4	36.4	60.25	47.55	42.84	47.24	61.8	46.28	38.98	42.67	47.41	60.78	49.45	61.5	60.47	68.43	43.77	72.54	55.96	79.58	53.13	83.23	63.23
769	26.517	33.21	41.71	31.42	40.95	30.82	44.87	31.09	45.55	30.16	57.05	38.31	48.39	36.38	60.15	47.62	42.9	47.12	61.46	46.2	39.12	42.61	46.71	60.54	49.43	61.26	60.41	68.28	44.03	72.27	56.24	79.48	53.22	83.08	63.28
770	26.552	33.2	41.79	31.4	41.04	30.81	44.94	31.07	45.66	30.17	57.13	38.29	48.47	36.41	60.22	47.58	42.94	47.12	61.46	46.18	39.16	42.59	46.69	60.61	49.46	61.35	60.45	68.34	44.02	72.33	56.24	79.51	53.18	83.09	63.28
771	26.586	33.13	41.68	31.34	40.94	30.73	44.86	31.04	45.62	30.1	57.13	38.25	48.42	36.39	60.2	47.51	42.78	47.18	61.42	46.15	39.09	42.62	46.92	60.54	49.43	61.3	60.42	68.26	43.95	72.31	56.21	79.41	53.05	83.07	63.23
772	26.621	33.15	41.7	31.36	40.94	30.76	44.88	31.03	45.54	30.12	57.09	38.22	48.36	36.42	60.13	47.5	42.73	47.17	61.4	46.23	39.08	42.71	47.36	60.49	49.33	61.28	60.33	68.25	43.94	72.3	56.25	79.54	52.98	83.11	63.15
773	26.655	33.16	41.61	31.34	40.9	30.76	44.75	30.95	45.64	30.05	57.03	38.19	48.6	36.36	60.08	47.62	43.25	47.19	61.23	46.29	39.17	42.73	46.87	60.55	49.43	61.33	60.29	68.27	43.99	72.31	56.09	79.44	52.94	83.03	63.09
774	26.69	33.24	41.52	31.48	40.85	30.77	44.66	31.27	45.66	30.09	56.99	38.6	48.59	36.44	60.02	48.04	43.07	47.22	61.21	46.49	39.0	42.63	47.12	60.72	49.33	61.3	60.07	68.37	44.03	72.25	55.87	79.35	52.93	82.81	62.98
775	26.724	33.19	41.6	31.43	40.93	30.78	44.7	31.19	45.68	30.14	56.89	38.53	48.58	36.47	59.96	48.11	43.13	47.26	61.14	46.52	39.05	42.38	46.93	60.71	49.36	61.37	60.08	68.39	43.93	72.33	55.84	79.38	52.93	82.92	62.97
776	26.759	33.15	41.59	31.36	40.86	30.72	44.69	31.06	45.52	29.98	56.87	38.44	48.49	36.35	59.93	48.22	43.28	47.28	61.31	46.53	39.07	42.4	47.31	60.7	49.33	61.34	60.11	68.36	43.94	72.37	55.91	79.37	52.97	82.97	63.0
777	26.793	33.13	41.54	31.35	40.81	30.7	44.65	31.11	45.45	30.01	56.83	38.44	48.31	36.38	59.94	48.14	43.01	47.25	61.57	46.59	39.03	42.51	47.56	60.64	49.29	61.29	60.13	68.2	43.89	72.2	55.94	79.24	52.94	82.77	63.04
778	26.828	33.24	41.61	31.45	40.9	30.87	44.67	31.09	45.55	30.17	56.75	38.45	48.42	36.42	59.83	48.29	43.18	47.2	61.25	46.79	39.25	42.5	47.18	60.6	49.26	61.31	60.01	68.28	43.87	72.25	55.84	79.29	52.94	82.84	62.98
779	26.862	33.1	41.6	31.32	40.88	30.71	44.68	31.02	45.49	30.06	56.78	38.3	48.26	36.4	59.78	48.01	42.99	47.18	61.2	46.74	39.27	42.4	47.14	60.6	49.18	61.37	60.01	68.36	43.79	72.4	55.85	79.39	52.83	82.95	62.96
780	26.897	33.18	41.54	31.35	40.84	30.8	44.65	30.83	45.54	30.03	56.86	38.06	48.27	36.34	59.85	47.78	42.76	47.24	60.82	46.58	39.32	42.4	46.24	60.49	49.21	61.36	60.1	68.37	43.75	72.45	55.86	79.47	52.84	83.03	62.97
781	26.931	33.23	41.71	31.45	41.0	30.85	44.76	31.02	45.61	30.1	56.8	38.19	48.5	36.29	59.8	47.96	43.36	47.17	61.03	46.71	39.48	42.51	46.77	60.55	49.26	61.31	60.05	68.52	43.89	72.6	55.89	79.76	53.02	83.4	63.0
782	26.966	33.38	41.7	31.62	40.96	30.98	44.74	31.26	45.53	30.25	56.75	38.35	48.32	36.41	59.81	47.83	43.12	47.07	61.37	46.69	39.46	42.54	47.09	60.67	49.19	61.41	60.04	68.53	43.84	72.64	55.83	79.64	52.89	83.33	62.93
783	27.0	33.25	41.73	31.49	41.04	30.89	44.79	31.17	45.64	30.3	56.82	38.26	48.31	36.49	59.81	47.62	42.76	47.14	61.19	46.61	39.27	42.63	46.96	60.6	49.22	61.43	60.08	68.54	43.81	72.59	55.83	79.64	52.88	83.25	62.93
784	27.034	33.34	41.74	31.61	41.0	30.96	44.81	31.33	45.54	30.36	56.83	38.28	48.14	36.5	59.85	47.41	42.46	47.06	61.39	46.59	39.17	42.73	47.16	60.63	49.12	61.43	60.1	68.52	43.81	72.59	55.95	79.74	52.84	83.32	62.93
785	27.069	33.34	41.72	31.58	40.97	30.96	44.78	31.25	45.5	30.33	56.8	38.23	48.11	36.5	59.85	47.45	42.53	47.08	61.46	46.65	39.13	42.7	47.06	60.65	49.13	61.47	60.12	68.57	43.82	72.6	55.94	79.75	52.93	83.23	62.97
786	27.103	33.25	41.68	31.5	40.92	30.89	44.74	31.19	45.43	30.35	56.76	38.12	48.03	36.57	59.85	47.28	42.3	47.14	61.48	46.68	39.06	42.71	47.27	60.62	49.06	61.56	60.1	68.55	43.76	72.65	55.99	79.81	52.88	83.33	62.96
787	27.138	33.31	41.67	31.58	40.91	30.93	44.72	31.34	45.43	30.36	56.72	38.39	48.0	36.58	59.79	47.61	42.47	47.11	61.52	46.74	39.2	42.59	47.16	60.78	49.09	61.57	60.06	68.58	43.71	72.57	55.83	79.75	52.97	83.17	63.02
788	27.172	33.21	41.58	31.47	40.82	30.82	44.66	31.24	45.31	30.27	56.69	38.29	47.93	36.52	59.78	47.56	42.3	47.15	61.54	46.65	39.09	42.64	47.46	60.7	49.07	61.49	60.09	68.58	43.76	72.56	55.96	79.84	53.02	83.25	63.08
789	27.207	33.24	41.54	31.51	40.79	30.83	44.64	31.28	45.3	30.24	56.69	38.33	47.92	36.49	59.74	47.62	42.26	47.13	61.37	46.67	39.09	42.48	47.26	60.7	49.05	61.45	60.06	68.57	43.78	72.55	55.97	79.88	52.96	83.31	63.03
790	27.241	33.27	41.53	31.54	40.79	30.88	44.62	31.29	45.33	30.27	56.68	38.33	47.97	36.53	59.72	47.64	42.38	47.2	61.27	46.71	39.16	42.42	47.19	60.68	49.1	61.45	60.06	68.54	43.72	72.51	55.88	79.8	52.96	83.2	63.02
791	27.276	33.29	41.49	31.56	40.73	30.86	44.57	31.33	45.23	30.22	56.61	38.36	47.9	36.47	59.68	47.67	42.45	47.12	61.5	46.78	39.07	42.48	47.43	60.75	49.0	61.46	59.99	68.65	43.81	72.62	55.92	79.86	52.95	83.29	62.97
792	27.31	33.27	41.51	31.51	40.77	30.85	44.64	31.25	45.31	30.22	56.76	38.37	47.93	36.51	59.71	47.72	42.29	47.16	61.27	46.72	39.05	42.52	47.35	60.73	48.94	61.47	59.92	68.71	43.73	72.65	55.83	79.9	52.95	83.27	62.98
793	27.345	33.44	41.6	31.69	40.87	31.01	44.73	31.3	45.44	30.27	56.84	38.37	48.07	36.49	59.7	47.65	42.29	47.22	60.71	46.62	39.04	42.56	46.54	60.57	49.15	61.31	60.05	68.6	43.61	72.61	55.64	79.8	53.05	83.33	63.01
794	27.379	33.46	41.58	31.72	40.84	31.01	44.67	31.34	45.4	30.25	56.76	38.4	48.02	36.44	59.72	47.69	42.37	47.11	60.98	46.71	39.01	42.53	46.6	60.64	49.15	61.34	60.07	68.53	43.56	72.56	55.58	79.67	53.08	83.22	63.07
795	27.414	33.49	41.63	31.77	40.91	31.03	44.73	31.43	45.52	30.26	56.84	38.47	48.18	36.49	59.75	47.75	42.65	47.23	61.02	46.67	39.13	42.56	46.83	60.62	49.2	61.28	60.02	68.42	43.72	72.42	55.62	79.62	53.11	83.11	63.04
796	27.448	33.47	41.64	31.76	40.94	31.03	44.74	31.42	45.57	30.27	56.83	38.45	48.29	36.47	59.71	47.79	42.86	47.25	60.85	46.64	39.31	42.56	46.75	60.52	49.3	61.19	60.07	68.37	43.8	72.4	55.71	79.74	53.08	83.25	63.0
797	27.483	33.49	41.62	31.76	40.94	31.04	44.7	31.39	45.63	30.24	56.82	38.47	48.41	36.42	59.72	47.94	43.12	47.23	60.86	46.73	39.41	42.58	46.61	60.52	49.35	61.17	60.04	68.3	43.79	72.34	55.57	79.53	53.18	83.12	63.07
798	27.517	33.49	41.67	31.75	40.98	31.06	44.73	31.34	45.68	30.24	56.83	38.41	48.51	36.4	59.85	48.0	43.23	47.28	61.03	46.7	39.53	42.72	46.92	60.39	49.56	61.08	60.27	68.15	43.88	72.26	55.78	79.4	53.13	83.08	63.16
799	27.552	33.32	41.68	31.54	40.99	30.92	44.74	31.1	45.7	30.14	56.85	38.24	48.62	36.37	59.92	47.89	43.36	47.29	61.05	46.64	39.56	42.69	46.92	60.43	49.52	61.22	60.26	68.28	43.97	72.42	55.88	79.35	53.09	83.13	63.11
800	27.586	33.27	41.69	31.5	40.99	30.82	44.8	31.1	45.69	30.02	57.0	38.25	48.56	36.31	60.04	47.86	43.14	47.24	61.24	46.66	39.37	42.69	47.23	60.46	49.46	61.2	60.28	68.28	43.92	72.43	55.88	79.45	53.11	83.17	63.16
801	27.621	33.26	41.65	31.49	40.96	30.85	44.71	31.08	45.69	30.07	56.85	38.19	48.59	36.3	59.93	47.84	43.3	47.27	61.11	46.69	39.39	42.67	46.97	60.46	49.5	61.23	60.27	68.3	44.0	72.43	55.96	79.47	53.18	83.18	63.24
802	27.655	33.15	41.66	31.34	40.94	30.75	44.73	30.88	45.62	30.02	56.89	38.06	48.53	36.35	59.96	47.66	43.34	47.32	61.35	46.63	39.42	42.76	47.31	60.57	49.52	61.45	60.35	68.33	43.91	72.47	55.88	79.52	53.16	83.19	63.17
803	27.69	33.23	41.63	31.45	40.9	30.82	44.66	31.06	45.56	30.11	56.75	38.24	48.42	36.4	59.88	47.85	43.4	47.23	61.46	46.94	39.31	42.71	46.95	60.78	49.47	61.59	60.29	68.44	43.78	72.54	55.75	79.56	53.06	83.16	63.1
804	27.724	33.23	41.6	31.46	40.88	30.81	44.64	31.08	45.54	30.09	56.75	38.22	48.42	36.37	59.91	47.78	43.32	47.24	61.47	46.9	39.3	42.69	46.99	60.79	49.51	61.58	60.36	68.45	43.8	72.56	55.8	79.59	53.11	83.24	63.18
805	27.759	33.22	41.66	31.43	40.99	30.85	44.75	31.05	45.66	30.23	56.84	38.17	48.5	36.52	59.77	47.87	43.3	47.41	61.07	47.11	39.31	42.5	47.09	60.54	49.48	61.44	60.18	68.44	43.89	72.46	55.73	79.63	53.12	83.17	63.01
806	27.793	32.9	41.61	31.07	40.91	30.53	44.72	30.71	45.5	29.98	56.84	37.89	48.41	36.42	59.8	47.64	43.34	47.48	61.45	47.04	39.3	42.68	47.66	60.58	49.48	61.55	60.27	68.4	43.91	72.46	55.76	79.53	53.16	83.12	63.03
807	27.828	33.05	41.62	31.28	40.97	30.69	44.69	31.01	45.73	30.17	56.81	38.23	48.62	36.58	59.78	47.8	43.56	47.49	61.15	46.91	39.53	42.69	47.03	60.76	49.64	61.65	60.27	68.43	43.93	72.48	55.65	79.43	53.15	83.08	63.09
808	27.862	32.96	41.7	31.15	41.04	30.62	44.79	30.81	45.78	30.13	56.95	37.94	48.68	36.55	59.96	47.5	43.34	47.55	61.25	46.9	39.43	42.73	47.22	60.57	49.7	61.62	60.42	68.38	43.99	72.49	55.82	79.44	53.19	83.15	63.15
809	27.897	32.96	41.76	31.21	41.09	30.61	44.85	31.03	45.79	30.19	56.97	38.13	48.63	36.58	60.03	47.54	43.04	47.42	61.46	46.83	39.19	42.52	47.6	60.62	49.57	61.56	60.33	68.45	44.15	72.52	55.99	79.45	53.18	83.16	63.12
810	27.931	33.04	41.68	31.29	41.04	30.69	44.75	31.12	45.82	30.24	56.89	38.32	48.67	36.6	59.94	47.82	43.26	47.41	61.34	46.88	39.35	42.62	47.29	60.8	49.63	61.64	60.31	68.54	44.08	72.55	55.86	79.45	53.1	83.1	63.1
811	27.966	32.99	41.66	31.26	41.0	30.59	44.76	31.13	45.75	30.1	56.96	38.29	48.58	36.48	59.93	47.64	43.18	47.28	61.29	46.79	39.47	42.47	47.18	60.78	49.53	61.55	60.26	68.44	44.08	72.51	55.84	79.36	53.19	83.12	63.15
812	28.0	32.86	41.63	31.11	40.94	30.44	44.77	31.0	45.61	29.96	56.99	38.19	48.39	36.39	59.99	47.59	42.82	47.22	61.5	46.98	39.23	42.57	47.6	60.77	49.45	61.54	60.33	68.44	44.05	72.54	55.95	79.42	53.14	83.19	63.14
813	28.034	32.87	41.62	31.12	40.95	30.42	44.76	31.04	45.66	29.92	57.01	38.33	48.48	36.37	59.89	47.91	43.0	47.18	61.26	47.11	39.25	42.24	47.36	60.85	49.43	61.54	60.19	68.63	44.22	72.66	55.89	79.63	53.26	83.38	63.11
814	28.069	32.83	41.6	31.06	40.9	30.34	44.76	31.03	45.59	29.85	57.05	38.42	48.46	36.37	59.95	48.19	43.06	47.14	61.51	47.3	39.26	42.37	47.89	60.93	49.38	61.6	60.18	68.57	44.19	72.69	55.96	79.67	53.12	83.5	63.11
815	28.103	32.82	41.63	31.07	40.96	30.36	44.79	31.04	45.72	29.88	57.1	38.4	48.57	36.35	59.98	48.23	43.11	47.16	61.39	47.43	39.28	42.36	47.78	60.86	49.38	61.54	60.14	68.51	44.28	72.67	56.04	79.55	53.04	83.46	63.06
816	28.138	32.75	41.45	31.0	40.78	30.3	44.55	30.9	45.57	29.74	56.82	38.19	48.54	36.19	59.86	48.02	43.47	47.17	61.34	47.3	39.46	42.43	47.14	60.84	49.44	61.54	60.19	68.42	44.13	72.67	55.93	79.44	53.03	83.43	63.05
817	28.172	32.79	41.47	31.04	40.73	30.32	44.57	31.02	45.38	29.81	56.77	38.38	48.35	36.28	59.85	48.44	43.47	47.24	61.8	47.57	39.27	42.66	47.91	61.03	49.29	61.69	60.15	68.63	44.15	72.87	56.17	79.8	53.1	83.69	63.25
818	28.207	32.6	41.42	30.85	40.73	30.16	44.49	30.79	45.47	29.62	56.7	38.17	48.54	36.11	59.8	48.42	43.87	47.2	61.44	47.51	39.71	42.49	47.05	60.89	49.45	61.58	60.22	68.45	44.12	72.74	56.08	79.76	53.1	83.66	63.24
819	28.241	32.62	41.44	30.86	40.75	30.19	44.49	30.75	45.53	29.62	56.7	38.14	48.7	36.13	59.87	48.43	44.22	47.32	61.48	47.41	39.91	42.54	47.04	60.94	49.57	61.66	60.3	68.45	44.22	72.73	56.18	79.79	53.1	83.68	63.23
820	28.276	32.61	41.47	30.87	40.74	30.15	44.52	30.78	45.48	29.53	56.74	38.12	48.58	35.98	59.97	48.39	43.88	47.12	61.76	47.7	39.62	42.46	47.48	60.89	49.5	61.54	60.35	68.44	44.33	72.71	56.35	79.72	53.07	83.63	63.23
821	28.31	32.59	41.53	30.96	40.84	30.12	44.6	31.08	45.64	29.61	56.85	38.37	48.67	36.01	60.13	48.5	43.73	47.13	61.82	47.83	39.51	42.28	47.52	60.85	49.79	61.36	60.63	68.32	44.45	72.56	56.6	79.83	53.19	83.76	63.42
822	28.345	32.55	41.67	30.9	40.97	30.09	44.76	31.05	45.75	29.63	57.0	38.36	48.82	35.97	60.34	48.61	43.57	47.05	62.06	47.94	39.51	42.45	48.37	60.63	49.85	61.14	60.71	68.17	44.69	72.4	56.88	79.67	53.39	83.63	63.65
823	28.379	32.49	41.84	30.84	41.11	30.01	44.98	31.08	45.79	29.64	57.21	38.38	48.8	36.04	60.45	48.64	43.37	47.07	62.25	47.98	39.52	42.49	49.2	60.55	49.82	61.08	60.75	68.13	44.82	72.45	57.13	79.75	53.31	83.78	63.63
824	28.414	32.44	41.86	30.75	41.16	30.0	44.99	30.93	45.89	29.64	57.22	38.33	48.89	36.01	60.42	48.78	43.57	47.05	62.18	48.02	39.85	42.56	48.96	60.53	49.9	61.09	60.77	68.15	44.8	72.47	57.01	79.68	53.4	83.77	63.69
825	28.448	32.59	41.9	30.89	41.23	30.11	45.05	31.06	46.05	29.73	57.39	38.55	48.98	36.14	60.5	49.16	43.66	47.13	62.2	48.29	39.9	42.69	48.92	60.75	49.97	61.29	60.81	68.23	44.72	72.56	56.92	79.7	53.33	83.74	63.77
826	28.483	32.56	41.97	30.86	41.26	30.04	45.13	31.06	45.99	29.63	57.45	38.54	48.93	36.08	60.55	49.17	43.58	47.05	62.28	48.36	39.79	42.57	49.19	60.72	50.01	61.22	60.89	68.18	44.76	72.49	57.01	79.65	53.33	83.65	63.79
827	28.517	32.62	41.91	30.96	41.2	30.07	45.07	31.24	45.94	29.65	57.41	38.65	48.82	36.08	60.56	49.17	43.4	47.02	62.39	48.39	39.69	42.52	49.08	60.77	49.94	61.19	60.86	68.17	44.74	72.48	56.99	79.55	53.28	83.59	63.78
828	28.552	32.57	41.89	30.89	41.17	30.01	45.06	31.15	45.92	29.55	57.43	38.61	48.77	35.98	60.56	49.17	43.49	46.99	62.48	48.34	39.78	42.56	48.81	60.85	49.92	61.24	60.88	68.18	44.7	72.53	56.96	79.54	53.22	83.63	63.74
829	28.586	32.75	41.82	31.08	41.1	30.27	44.92	31.18	45.8	29.77	57.1	38.46	48.84	36.01	60.31	48.9	43.77	46.82	62.08	48.51	39.49	42.36	48.48	60.55	49.87	61.06	60.71	68.24	44.6	72.54	56.73	79.76	53.44	83.78	63.65
830	28.621	32.71	41.93	31.03	41.16	30.18	45.06	31.24	45.76	29.74	57.27	38.54	48.7	36.12	60.44	48.98	43.42	46.91	62.49	48.61	39.19	42.34	49.5	60.63	49.67	61.16	60.6	68.24	44.61	72.58	56.86	79.69	53.35	83.74	63.67
831	28.655	32.71	41.74	31.08	40.95	30.2	44.88	31.35	45.49	29.8	57.05	38.72	48.27	36.12	60.3	49.3	42.58	46.93	62.5	48.66	39.03	42.45	49.56	60.64	49.41	61.05	60.46	68.19	44.54	72.39	56.97	80.01	53.41	83.78	63.71
832	28.69	32.61	41.58	30.98	40.77	30.13	44.65	31.27	45.28	29.75	56.74	38.72	48.14	36.06	60.17	49.26	42.55	46.97	62.58	48.33	39.0	42.46	49.2	60.81	49.42	61.18	60.49	68.29	44.54	72.44	56.91	79.86	53.33	83.68	63.61
833	28.724	32.63	41.47	31.02	40.68	30.15	44.49	31.33	45.27	29.75	56.58	38.82	48.15	36.11	60.03	49.31	42.82	46.99	62.38	48.18	38.9	42.24	48.44	60.97	49.43	61.31	60.39	68.28	44.47	72.42	56.73	79.69	53.23	83.49	63.55
834	28.759	32.47	41.47	30.84	40.76	30.06	44.44	31.09	45.5	29.72	56.51	38.51	48.65	36.03	60.04	48.99	43.88	47.0	62.23	48.01	39.53	42.35	47.97	60.8	49.64	61.29	60.42	68.21	44.58	72.4	56.74	79.65	53.18	83.55	63.46
835	28.793	32.19	41.35	30.55	40.6	29.85	44.34	30.84	45.33	29.6	56.43	38.26	48.58	35.95	60.07	48.61	43.63	46.94	62.5	47.81	39.03	42.6	48.58	60.53	49.45	61.12	60.33	68.12	44.79	72.32	57.02	79.5	53.23	83.44	63.44
836	28.828	32.13	41.21	30.5	40.48	29.86	44.14	30.65	45.25	29.59	56.18	37.81	48.56	35.88	59.96	47.85	43.69	46.89	62.32	47.58	38.85	42.54	48.21	60.38	49.6	61.18	60.52	68.13	44.67	72.4	57.02	79.67	53.12	83.58	63.35
837	28.862	31.89	41.06	30.26	40.37	29.67	43.97	30.39	45.23	29.45	56.06	37.45	48.59	35.8	59.95	47.35	43.55	46.96	62.17	47.45	38.56	42.56	47.87	60.29	49.65	61.25	60.61	68.19	44.46	72.53	56.85	79.62	53.07	83.56	63.29
838	28.897	31.89	41.14	30.26	40.47	29.64	44.03	30.5	45.4	29.49	56.13	37.64	48.89	35.94	59.98	47.55	44.16	47.0	62.31	47.36	38.61	42.61	47.98	60.42	49.75	61.36	60.53	68.2	44.53	72.53	56.65	79.47	52.98	83.42	63.2
839	28.931	31.47	41.14	29.81	40.44	29.27	44.06	30.1	45.33	29.3	56.18	37.24	48.85	35.79	60.05	47.06	43.94	46.84	62.38	47.26	38.75	42.78	47.97	60.2	49.69	61.28	60.61	68.13	44.46	72.53	56.73	79.48	52.94	83.5	63.15
840	28.966	31.19	40.88	29.55	40.12	28.89	43.87	30.14	44.92	29.02	56.09	37.46	48.48	35.74	59.99	47.43	43.4	46.88	62.78	47.3	38.25	42.82	49.14	60.33	49.44	61.23	60.46	68.09	44.33	72.48	56.68	79.36	53.01	83.28	63.29
841	29.0	31.61	40.72	29.93	39.98	29.27	43.7	30.28	44.83	29.17	55.96	37.55	48.52	35.78	59.84	47.57	43.42	46.92	62.12	47.27	37.99	42.84	48.07	60.32	49.43	61.21	60.34	68.18	44.15	72.48	56.39	79.48	52.8	83.28	63.14
842	29.034	31.44	40.64	29.77	39.85	29.07	43.64	30.22	44.64	29.01	55.94	37.62	48.26	35.76	59.76	47.81	43.02	46.96	62.18	47.34	37.73	42.77	48.19	60.4	49.29	61.23	60.27	68.14	44.18	72.43	56.47	79.44	52.67	83.18	63.05
843	29.069	31.43	40.62	29.77	39.85	29.01	43.64	30.35	44.68	29.03	56.01	37.79	48.32	35.86	59.82	47.86	42.92	47.02	62.15	47.34	37.34	42.81	48.06	60.54	49.36	61.32	60.3	68.16	44.16	72.43	56.4	79.34	52.63	83.11	63.11
844	29.103	31.39	40.56	29.74	39.76	28.91	43.64	30.45	44.58	28.97	56.1	38.01	48.22	35.93	59.9	48.11	42.61	47.11	62.28	47.28	37.16	42.78	48.43	60.73	49.29	61.42	60.29	68.3	44.2	72.58	56.49	79.47	52.63	83.25	63.15
845	29.138	31.37	40.53	29.71	39.7	28.86	43.62	30.44	44.47	28.89	56.13	37.93	48.1	35.82	59.95	47.86	42.47	46.99	62.55	47.21	37.05	42.95	48.71	60.74	49.31	61.38	60.43	68.38	44.19	72.63	56.55	79.54	52.69	83.29	63.22
846	29.172	31.39	40.54	29.71	39.71	28.87	43.63	30.38	44.5	28.86	56.14	37.88	48.12	35.82	59.95	47.77	42.56	47.04	62.44	47.07	37.17	42.83	48.18	60.83	49.29	61.5	60.41	68.46	44.17	72.72	56.49	79.58	52.62	83.36	63.1
847	29.207	31.48	40.53	29.79	39.72	28.99	43.57	30.26	44.56	28.84	56.07	37.66	48.24	35.71	59.99	47.57	42.89	47.03	62.42	47.1	37.3	42.86	47.94	60.81	49.49	61.55	60.62	68.52	44.07	72.77	56.42	79.68	52.72	83.4	63.22
848	29.241	31.4	40.65	29.69	39.82	28.92	43.73	30.11	44.58	28.72	56.22	37.52	48.26	35.54	60.08	47.61	43.06	46.93	62.67	47.08	37.35	42.85	48.34	60.7	49.57	61.41	60.78	68.48	44.22	72.79	56.67	79.92	52.8	83.67	63.24
849	29.276	31.3	40.73	29.61	39.86	28.78	43.84	30.11	44.55	28.62	56.36	37.44	48.2	35.49	60.29	47.31	42.76	46.85	63.15	46.99	37.38	42.58	49.34	60.63	49.51	61.34	60.83	68.45	44.3	72.72	56.79	79.83	52.88	83.54	63.25
850	29.31	31.42	40.8	29.76	39.94	28.9	43.89	30.32	44.59	28.77	56.34	37.59	48.14	35.56	60.27	47.33	42.46	46.82	63.11	46.84	37.34	42.54	49.5	60.5	49.47	61.17	60.78	68.26	44.42	72.54	56.94	79.59	52.87	83.38	63.32
851	29.345	31.59	40.68	29.9	39.82	29.05	43.77	30.38	44.48	28.81	56.23	37.69	48.05	35.54	60.13	47.49	42.43	46.78	62.86	46.77	37.32	42.6	48.99	60.53	49.37	61.12	60.65	68.32	44.33	72.55	56.76	79.56	52.87	83.32	63.28
852	29.379	31.69	40.66	30.0	39.81	29.15	43.75	30.43	44.51	28.85	56.22	37.77	48.08	35.56	60.09	47.6	42.59	46.81	62.73	46.75	37.46	42.67	48.72	60.62	49.43	61.17	60.68	68.39	44.32	72.59	56.74	79.62	52.8	83.31	63.26
853	29.414	31.76	40.56	30.1	39.82	29.23	43.61	30.52	44.75	28.96	56.14	37.83	48.28	35.72	59.91	47.62	42.83	46.96	62.04	46.76	37.34	42.42	47.34	60.59	49.38	61.26	60.39	68.21	44.22	72.57	56.37	79.36	52.56	83.32	63.05
854	29.448	31.72	40.6	30.05	39.87	29.23	43.68	30.43	44.79	28.99	56.21	37.74	48.26	35.72	59.9	47.49	42.6	46.89	61.83	46.81	37.23	42.42	47.29	60.45	49.4	61.17	60.41	68.16	44.2	72.49	56.4	79.3	52.65	83.25	63.14
855	29.483	31.57	40.67	29.91	39.91	29.05	43.78	30.33	44.79	28.82	56.35	37.56	48.23	35.56	60.08	47.3	42.49	46.88	62.13	46.7	37.31	42.5	47.45	60.41	49.45	61.1	60.62	68.1	44.28	72.47	56.66	79.43	52.64	83.34	63.22
856	29.517	31.76	40.82	30.09	40.04	29.2	43.94	30.53	44.81	28.95	56.46	37.74	48.15	35.7	60.13	47.38	42.31	46.91	62.39	46.71	37.27	42.43	48.24	60.5	49.34	61.19	60.53	68.12	44.35	72.53	56.72	79.26	52.49	83.27	63.14
857	29.552	31.76	41.02	30.09	40.23	29.2	44.1	30.52	44.97	28.93	56.56	37.71	48.34	35.67	60.23	47.26	42.76	46.86	62.79	46.59	37.48	42.22	48.81	60.57	49.54	61.25	60.68	68.22	44.38	72.62	56.55	79.13	52.61	83.22	63.12
858	29.586	31.75	41.23	30.07	40.48	29.29	44.28	30.44	45.28	29.1	56.66	37.58	48.58	35.72	60.31	47.08	42.97	46.73	62.61	46.5	37.81	41.95	48.48	60.35	49.68	61.16	60.76	68.13	44.71	72.56	56.97	79.03	52.47	83.23	63.07
859	29.621	31.79	41.18	30.14	40.45	29.33	44.19	30.41	45.3	29.03	56.58	37.47	48.55	35.6	60.24	46.97	43.03	46.63	62.45	46.59	37.87	41.65	48.03	60.25	49.74	61.05	60.8	68.05	44.76	72.45	56.93	79.0	52.56	83.13	63.1
860	29.655	31.83	41.36	30.17	40.62	29.37	44.4	30.48	45.45	29.1	56.78	37.53	48.71	35.61	60.42	46.97	43.02	46.56	62.62	46.52	37.84	41.73	48.5	60.27	49.75	61.03	60.83	68.14	44.9	72.42	57.11	79.16	52.53	83.13	63.07
861	29.69	31.91	41.29	30.24	40.56	29.42	44.31	30.54	45.37	29.1	56.66	37.66	48.66	35.68	60.21	47.19	43.25	46.68	62.37	46.42	37.94	41.63	48.02	60.4	49.8	61.11	60.78	68.15	44.96	72.41	57.07	79.11	52.43	83.05	63.0
862	29.724	31.8	41.28	30.12	40.53	29.35	44.31	30.39	45.28	29.1	56.64	37.46	48.54	35.65	60.25	46.92	42.97	46.64	62.49	46.42	37.99	41.84	48.21	60.31	49.7	61.13	60.81	68.15	44.92	72.44	57.18	79.19	52.48	83.19	63.08
863	29.759	31.77	41.38	30.07	40.6	29.32	44.44	30.3	45.3	29.06	56.76	37.29	48.56	35.61	60.36	46.68	42.95	46.66	62.57	46.47	38.02	42.13	48.39	60.18	49.58	61.07	60.76	68.15	44.89	72.46	57.27	79.27	52.49	83.24	63.09
864	29.793	31.61	41.44	29.89	40.69	29.21	44.46	30.13	45.47	29.06	56.81	37.15	48.76	35.68	60.43	46.53	43.07	46.68	62.65	46.53	38.16	42.3	48.59	60.21	49.64	61.26	60.77	68.18	44.95	72.59	57.21	79.14	52.41	83.25	63.03
865	29.828	31.89	41.31	30.23	40.58	29.53	44.33	30.42	45.39	29.3	56.61	37.22	48.73	35.64	60.38	46.53	42.83	46.62	62.57	46.6	37.78	42.33	48.75	59.84	49.59	60.79	60.68	67.93	44.78	72.25	57.04	79.3	52.81	83.22	63.22
866	29.862	31.91	41.42	30.28	40.69	29.54	44.44	30.56	45.4	29.43	56.62	37.38	48.63	35.85	60.28	46.65	42.57	46.82	62.4	46.56	37.98	42.38	49.02	59.91	49.66	60.9	60.7	67.77	44.69	72.12	56.94	79.21	52.86	83.15	63.26
867	29.897	31.94	41.32	30.29	40.59	29.56	44.3	30.47	45.31	29.35	56.47	37.29	48.53	35.84	60.13	46.62	42.74	46.87	62.24	46.51	38.27	42.27	48.7	60.01	49.52	61.06	60.56	67.87	44.69	72.28	56.96	79.28	52.71	83.22	63.18
868	29.931	32.0	41.39	30.36	40.66	29.62	44.4	30.62	45.35	29.47	56.57	37.45	48.46	35.96	60.11	46.72	42.65	46.9	62.31	46.59	38.13	42.31	48.95	60.12	49.44	61.14	60.5	67.93	44.66	72.35	57.02	79.3	52.6	83.28	63.19
869	29.966	32.07	41.37	30.42	40.62	29.7	44.34	30.67	45.32	29.58	56.49	37.46	48.44	36.06	60.13	46.61	42.57	46.94	62.31	46.82	38.07	42.62	48.78	60.19	49.38	61.3	60.46	67.93	44.49	72.43	56.93	79.15	52.36	83.28	63.04
870	30.0	31.99	41.36	30.35	40.59	29.62	44.36	30.62	45.23	29.49	56.49	37.45	48.33	35.97	60.08	46.76	42.56	46.91	62.37	46.88	38.07	42.57	49.03	60.17	49.28	61.22	60.4	67.96	44.47	72.42	57.01	79.39	52.36	83.4	63.0
871	30.034	31.9	41.24	30.25	40.45	29.48	44.29	30.54	45.09	29.29	56.52	37.44	48.18	35.91	60.08	46.84	42.5	46.94	62.37	46.92	38.33	42.42	49.11	60.16	49.25	61.17	60.43	67.88	44.42	72.36	57.02	79.31	52.43	83.3	63.09
872	30.069	31.92	41.26	30.24	40.5	29.53	44.3	30.39	45.21	29.29	56.55	37.29	48.33	35.86	60.12	46.74	42.91	46.89	62.33	46.91	38.8	42.45	48.75	60.1	49.33	61.19	60.46	67.81	44.37	72.32	56.93	79.21	52.38	83.24	63.06
873	30.103	32.04	41.23	30.4	40.49	29.63	44.26	30.56	45.26	29.34	56.52	37.43	48.32	35.88	60.14	46.89	42.84	46.95	62.26	46.96	38.86	42.23	48.32	60.11	49.48	61.14	60.58	67.72	44.39	72.22	56.9	79.16	52.42	83.2	63.09
874	30.138	32.05	41.23	30.43	40.48	29.62	44.24	30.61	45.27	29.32	56.52	37.45	48.4	35.85	60.14	46.78	42.99	46.9	62.18	46.93	38.94	42.34	48.09	60.09	49.51	61.07	60.57	67.76	44.46	72.22	56.88	79.21	52.46	83.19	63.07
875	30.172	31.8	41.13	30.16	40.34	29.33	44.2	30.41	45.07	29.05	56.56	37.32	48.23	35.7	60.16	46.76	42.76	46.81	62.43	46.93	38.64	42.26	48.75	60.0	49.49	60.97	60.66	67.65	44.61	72.17	57.12	79.17	52.39	83.2	63.07
876	30.207	31.67	41.23	30.03	40.46	29.28	44.27	30.28	45.21	29.08	56.54	37.14	48.36	35.66	60.11	46.62	42.94	46.77	62.31	46.92	38.79	42.31	48.73	59.82	49.43	60.86	60.56	67.59	44.66	72.11	57.2	79.2	52.38	83.24	63.04
877	30.241	31.82	40.99	30.17	40.27	29.38	44.06	30.3	45.18	28.99	56.49	37.22	48.41	35.42	60.11	46.82	42.91	46.37	62.0	47.02	38.66	41.9	47.79	59.68	49.29	60.55	60.36	67.54	44.54	71.97	56.81	79.06	52.35	83.06	62.84
878	30.276	31.57	41.0	29.9	40.27	29.16	44.06	29.97	45.15	28.81	56.46	36.86	48.34	35.29	60.03	46.5	42.99	46.37	61.87	46.91	38.76	41.93	47.53	59.51	49.34	60.52	60.47	67.37	44.45	71.96	56.89	78.95	52.35	83.12	62.94
879	30.31	31.6	40.95	29.97	40.19	29.15	44.03	30.11	45.01	28.73	56.43	37.03	48.21	35.23	60.09	46.73	42.72	46.42	62.01	46.92	38.4	41.76	47.79	59.6	49.34	60.47	60.53	67.37	44.4	71.93	56.95	79.04	52.34	83.14	62.93
880	30.345	31.49	40.88	29.86	40.13	29.06	43.94	30.01	44.94	28.67	56.29	36.93	48.25	35.25	59.86	46.59	43.2	46.47	61.75	46.72	38.72	41.62	47.51	59.65	49.38	60.55	60.45	67.42	44.49	71.93	56.94	79.13	52.31	83.13	62.82
881	30.379	31.37	40.85	29.74	40.1	28.94	43.92	29.94	44.92	28.6	56.28	36.87	48.26	35.22	59.87	46.53	43.18	46.5	61.76	46.7	38.71	41.71	47.51	59.62	49.36	60.53	60.44	67.41	44.54	71.89	56.97	79.19	52.37	83.14	62.83
882	30.414	31.43	40.88	29.79	40.12	28.97	43.96	29.98	44.92	28.58	56.34	36.94	48.27	35.19	59.91	46.62	43.27	46.48	61.8	46.63	38.85	41.7	47.38	59.64	49.39	60.49	60.47	67.42	44.51	71.89	56.91	79.17	52.41	83.12	62.85
883	30.448	31.3	40.86	29.69	40.1	28.84	43.95	29.99	44.91	28.53	56.35	37.09	48.21	35.16	59.88	46.92	42.95	46.46	61.79	46.77	38.45	41.63	47.51	59.69	49.32	60.44	60.4	67.47	44.5	71.9	56.9	79.18	52.45	83.11	62.9
884	30.483	31.18	40.92	29.56	40.13	28.7	43.99	29.98	44.92	28.46	56.41	37.14	48.23	35.18	60.03	46.94	42.82	46.49	62.21	46.8	38.23	41.75	48.17	59.85	49.37	60.6	60.52	67.62	44.76	72.12	57.16	79.04	52.46	83.18	63.0
885	30.517	31.19	40.9	29.57	40.1	28.68	44.0	29.99	44.89	28.4	56.47	37.22	48.25	35.07	60.17	47.03	42.91	46.36	62.49	46.86	38.2	41.82	48.27	59.96	49.39	60.59	60.58	67.59	44.75	72.02	57.15	79.07	52.54	83.17	63.02
886	30.552	31.16	40.9	29.51	40.1	28.69	44.0	29.87	44.89	28.43	56.47	37.08	48.24	35.09	60.19	46.87	42.9	46.41	62.59	46.83	38.34	42.07	48.49	59.93	49.38	60.65	60.63	67.63	44.7	72.04	57.17	79.13	52.6	83.17	63.06
887	30.586	31.19	40.91	29.56	40.15	28.77	44.0	29.89	45.04	28.53	56.49	37.03	48.36	35.14	60.24	46.71	42.92	46.44	62.52	46.83	38.43	42.22	48.43	59.88	49.47	60.66	60.68	67.63	44.7	72.06	57.16	79.09	52.58	83.17	63.08
888	30.621	31.17	41.01	29.52	40.24	28.72	44.11	29.85	45.11	28.48	56.62	36.99	48.42	35.18	60.31	46.67	43.01	46.51	62.54	46.8	38.46	42.14	48.41	59.86	49.54	60.7	60.74	67.56	44.67	72.06	57.12	78.95	52.58	83.09	63.12
889	30.655	31.23	40.97	29.67	40.17	28.73	44.01	30.05	45.01	28.36	56.44	37.13	48.4	34.96	60.2	46.91	43.2	46.33	62.47	46.95	38.59	41.61	48.53	59.79	49.66	60.42	60.78	67.41	44.51	71.88	56.86	79.03	52.83	83.12	63.23
890	30.69	31.13	41.01	29.55	40.2	28.67	44.05	29.95	45.01	28.43	56.46	37.09	48.38	35.03	60.33	46.95	43.05	46.34	62.83	47.01	38.48	41.81	48.98	59.88	49.64	60.6	60.88	67.56	44.64	72.03	57.17	79.29	52.72	83.35	63.18
891	30.724	31.0	41.02	29.4	40.18	28.52	44.09	29.8	44.99	28.24	56.59	37.01	48.45	34.95	60.47	46.96	43.04	46.41	62.91	46.95	38.43	41.82	49.09	59.88	49.69	60.6	60.97	67.5	44.68	72.1	57.2	79.23	52.71	83.47	63.15
892	30.759	31.07	41.13	29.51	40.31	28.51	44.25	30.04	45.14	28.26	56.81	37.28	48.41	35.06	60.51	47.15	42.76	46.39	62.84	47.03	38.38	41.55	49.2	59.96	49.66	60.58	60.9	67.36	44.69	71.97	57.13	79.04	52.62	83.29	63.09
893	30.793	30.91	41.24	29.31	40.38	28.33	44.39	29.88	45.13	28.12	56.98	37.14	48.44	35.0	60.66	46.99	42.67	46.3	63.15	47.07	38.21	41.71	49.95	59.91	49.64	60.6	60.95	67.28	44.71	71.99	57.19	78.75	52.55	83.18	63.14
894	30.828	30.85	41.21	29.21	40.36	28.28	44.36	29.66	45.12	28.0	56.97	36.95	48.45	34.87	60.61	46.88	42.89	46.31	63.06	46.93	38.4	41.72	49.67	59.8	49.59	60.52	60.89	67.26	44.77	71.96	57.19	78.79	52.57	83.21	63.05
895	30.862	30.72	41.25	29.08	40.41	28.17	44.4	29.6	45.23	27.98	57.06	36.93	48.61	34.92	60.72	46.81	42.86	46.28	63.05	47.01	38.34	41.62	49.9	59.77	49.66	60.55	60.93	67.3	44.84	72.04	57.21	78.69	52.6	83.22	63.06
896	30.897	30.53	41.25	28.87	40.4	27.99	44.45	29.41	45.2	27.86	57.17	36.76	48.52	34.9	60.84	46.68	42.6	46.4	63.33	46.93	38.24	41.74	50.34	59.71	49.54	60.56	60.94	67.3	44.8	72.06	57.28	78.66	52.67	83.22	63.16
897	30.931	30.33	41.18	28.61	40.32	27.78	44.42	29.12	45.11	27.66	57.21	36.53	48.47	34.71	60.85	46.55	42.62	46.26	63.47	46.81	38.35	41.8	50.73	59.55	49.45	60.42	60.91	67.15	44.87	71.93	57.39	78.56	52.62	83.15	63.14
898	30.966	30.31	41.24	28.61	40.36	27.73	44.49	29.16	45.11	27.58	57.27	36.64	48.42	34.68	60.9	46.79	42.62	46.26	63.49	46.84	38.3	41.48	50.21	59.64	49.49	60.42	60.95	67.15	44.89	71.84	57.4	78.55	52.67	82.99	63.16
899	31.0	30.4	41.21	28.73	40.32	27.79	44.42	29.27	45.09	27.55	57.2	36.7	48.46	34.59	60.9	46.84	42.83	46.23	63.55	46.85	38.42	41.44	50.22	59.68	49.56	60.38	61.02	67.23	44.86	71.94	57.41	78.7	52.74	83.15	63.27
900	31.034	30.46	41.25	28.78	40.4	27.87	44.45	29.31	45.25	27.64	57.23	36.71	48.57	34.69	60.91	46.84	43.02	46.32	63.55	46.75	38.61	41.49	49.94	59.68	49.65	60.43	61.05	67.22	45.05	71.95	57.51	78.5	52.7	82.99	63.29
901	31.069	30.66	41.23	29.06	40.44	28.1	44.41	29.55	45.32	27.77	57.08	36.85	48.73	34.56	60.77	47.02	43.0	46.18	62.72	46.72	38.4	41.33	49.15	59.36	49.75	59.91	61.01	67.09	44.92	71.58	57.46	78.91	52.81	83.0	63.28
902	31.103	30.59	41.31	29.0	40.5	28.02	44.49	29.57	45.41	27.75	57.22	36.88	48.78	34.56	61.0	46.96	42.9	46.11	63.21	46.79	38.35	41.34	49.79	59.46	49.82	60.0	61.16	67.15	44.97	71.69	57.55	78.73	52.73	82.97	63.31
903	31.138	30.51	41.33	28.9	40.53	27.96	44.5	29.44	45.43	27.7	57.22	36.79	48.82	34.51	61.02	46.94	42.9	46.09	63.18	46.78	38.32	41.3	49.74	59.45	49.83	60.04	61.18	67.16	44.97	71.75	57.57	78.67	52.65	83.0	63.24
904	31.172	30.51	41.36	28.88	40.56	27.97	44.51	29.34	45.44	27.66	57.19	36.69	48.86	34.51	60.96	46.9	43.12	46.11	63.0	46.77	38.45	41.16	49.5	59.54	49.85	60.18	61.17	67.25	44.91	71.78	57.5	78.84	52.61	83.02	63.19
905	31.207	30.39	41.27	28.75	40.49	27.88	44.41	29.26	45.4	27.66	57.08	36.63	48.81	34.59	60.85	46.79	43.05	46.26	62.92	46.64	38.61	41.3	49.32	59.61	49.85	60.33	61.15	67.35	44.9	71.9	57.46	78.81	52.55	83.02	63.15
906	31.241	30.29	41.26	28.65	40.48	27.84	44.41	29.13	45.35	27.7	57.05	36.53	48.68	34.61	60.77	46.66	42.82	46.3	62.82	46.62	38.72	41.56	49.45	59.57	49.8	60.37	61.18	67.35	44.85	71.97	57.56	78.94	52.54	83.27	63.15
907	31.276	30.22	41.21	28.56	40.41	27.74	44.39	29.03	45.26	27.55	57.07	36.44	48.56	34.51	60.78	46.64	42.81	46.3	62.95	46.61	38.73	41.46	49.48	59.55	49.74	60.33	61.18	67.33	44.79	71.96	57.55	78.93	52.6	83.25	63.2
908	31.31	30.2	41.33	28.53	40.55	27.75	44.5	28.97	45.41	27.6	57.15	36.35	48.72	34.55	60.83	46.56	42.91	46.34	62.88	46.62	38.77	41.44	49.56	59.48	49.79	60.35	61.19	67.32	44.8	71.92	57.53	79.01	52.6	83.26	63.16
909	31.345	30.26	41.24	28.61	40.47	27.81	44.4	29.07	45.39	27.64	57.1	36.49	48.74	34.6	60.84	46.69	42.94	46.38	62.89	46.58	38.79	41.37	49.49	59.53	49.86	60.36	61.22	67.28	44.82	71.9	57.47	78.91	52.63	83.21	63.18
910	31.379	30.24	41.25	28.62	40.51	27.8	44.41	29.17	45.44	27.74	57.06	36.6	48.78	34.68	60.77	46.82	42.87	46.43	62.78	46.59	38.69	41.42	49.44	59.53	49.9	60.32	61.18	67.28	44.93	71.85	57.52	78.89	52.68	83.18	63.22
911	31.414	30.14	41.29	28.54	40.51	27.67	44.46	29.2	45.38	27.66	57.09	36.68	48.73	34.63	60.8	46.92	42.76	46.36	62.9	46.7	38.49	41.34	49.58	59.56	49.87	60.28	61.19	67.3	44.88	71.84	57.49	78.98	52.78	83.24	63.29
912	31.448	30.04	41.2	28.41	40.44	27.55	44.41	29.05	45.39	27.49	57.18	36.61	48.78	34.57	60.85	46.91	42.82	46.43	62.78	46.64	38.5	41.46	49.18	59.59	49.79	60.31	61.1	67.28	44.98	71.85	57.52	78.9	52.68	83.2	63.2
913	31.483	30.2	41.09	28.58	40.38	27.75	44.26	29.15	45.45	27.66	56.99	36.66	48.88	34.62	60.73	47.02	43.16	46.44	62.56	46.7	38.66	41.34	48.98	59.47	49.74	60.2	60.92	67.21	44.85	71.71	57.38	78.85	52.7	83.01	63.25
914	31.517	30.18	41.0	28.58	40.32	27.68	44.17	29.19	45.49	27.56	57.03	36.7	48.97	34.61	60.82	47.06	43.21	46.53	62.52	46.58	38.79	41.22	48.52	59.61	49.83	60.3	61.01	67.25	44.97	71.78	57.45	79.0	52.62	83.13	63.18
915	31.552	29.98	40.94	28.35	40.23	27.47	44.15	29.01	45.35	27.43	57.03	36.63	48.86	34.6	60.79	47.1	43.19	46.59	62.68	46.62	38.74	41.33	48.84	59.59	49.78	60.31	60.99	67.17	44.95	71.72	57.45	78.86	52.65	83.05	63.24
916	31.586	29.92	40.9	28.3	40.16	27.39	44.13	29.02	45.25	27.34	57.06	36.56	48.76	34.52	60.91	46.98	43.09	46.63	63.1	46.63	38.73	41.6	49.32	59.59	49.74	60.29	61.08	67.11	44.84	71.73	57.47	78.88	52.75	83.12	63.39
917	31.621	29.92	40.92	28.27	40.17	27.4	44.16	28.94	45.27	27.35	57.12	36.47	48.76	34.51	60.97	46.86	43.06	46.61	63.21	46.55	38.74	41.73	49.3	59.51	49.72	60.26	61.09	67.07	44.84	71.7	57.49	78.84	52.77	83.09	63.42
918	31.655	29.96	40.93	28.34	40.18	27.4	44.2	29.14	45.28	27.43	57.19	36.7	48.72	34.67	60.98	47.05	42.91	46.74	63.31	46.63	38.74	41.85	49.7	59.7	49.67	60.39	61.03	67.12	44.87	71.72	57.52	78.93	52.76	83.11	63.49
919	31.69	30.0	40.94	28.38	40.19	27.43	44.24	29.23	45.31	27.51	57.26	36.78	48.74	34.73	61.06	47.09	42.75	46.76	63.37	46.55	38.62	41.8	49.85	59.59	49.73	60.27	61.1	67.06	44.96	71.64	57.58	78.92	52.85	83.09	63.54
920	31.724	30.02	40.92	28.4	40.15	27.45	44.2	29.26	45.24	27.55	57.19	36.84	48.66	34.78	61.0	47.15	42.73	46.76	63.51	46.65	38.43	41.89	50.13	59.73	49.64	60.41	61.01	67.12	44.99	71.69	57.62	78.91	52.7	83.09	63.41
921	31.759	29.82	41.03	28.19	40.27	27.3	44.3	29.06	45.33	27.46	57.26	36.69	48.87	34.71	61.11	46.99	43.08	46.71	63.73	46.59	38.58	41.93	50.74	59.7	49.77	60.47	61.14	67.11	44.94	71.76	57.58	78.97	52.72	83.28	63.4
922	31.793	29.92	40.99	28.29	40.25	27.36	44.28	29.2	45.42	27.48	57.34	36.87	48.96	34.79	61.09	47.11	43.16	46.77	63.5	46.56	38.59	41.77	50.33	59.87	49.82	60.56	61.1	67.27	45.03	71.88	57.51	79.0	52.65	83.33	63.3
923	31.828	29.89	41.0	28.24	40.26	27.31	44.32	29.09	45.43	27.38	57.44	36.77	48.96	34.71	61.16	47.08	43.11	46.74	63.57	46.54	38.53	41.8	50.5	59.86	49.73	60.56	61.06	67.27	45.05	71.93	57.55	78.97	52.64	83.34	63.31
924	31.862	29.95	41.03	28.31	40.3	27.39	44.31	29.15	45.49	27.48	57.37	36.75	48.99	34.73	61.15	46.94	43.29	46.7	63.66	46.49	38.73	41.87	50.1	59.83	49.78	60.56	61.1	67.19	45.06	71.92	57.53	78.84	52.55	83.32	63.24
925	31.897	30.18	40.95	28.57	40.27	27.65	44.2	29.32	45.46	27.63	57.15	36.85	48.81	34.78	60.77	47.02	43.3	46.76	63.18	46.5	38.78	41.83	49.52	59.77	49.65	60.42	60.84	67.26	44.9	71.75	57.21	78.91	52.78	82.97	63.28
926	31.931	30.12	40.93	28.51	40.21	27.54	44.19	29.31	45.37	27.49	57.21	36.84	48.71	34.73	60.88	46.99	43.1	46.79	63.39	46.53	38.66	41.84	49.72	59.92	49.57	60.55	60.86	67.29	44.78	71.88	57.2	78.86	52.6	83.05	63.23
927	31.966	30.09	40.91	28.48	40.18	27.51	44.19	29.31	45.33	27.52	57.23	36.78	48.62	34.76	60.89	46.89	42.95	46.77	63.56	46.56	38.64	41.88	50.34	59.88	49.48	60.57	60.85	67.28	44.78	71.91	57.35	78.95	52.5	83.18	63.29
928	32.0	30.14	40.95	28.5	40.21	27.56	44.21	29.2	45.35	27.46	57.23	36.65	48.65	34.67	60.92	46.8	43.12	46.74	63.63	46.47	38.81	41.88	50.27	59.87	49.6	60.58	60.98	67.25	44.79	71.91	57.32	78.9	52.55	83.16	63.3
929	32.034	29.96	40.86	28.29	40.13	27.41	44.12	28.93	45.27	27.32	57.16	36.41	48.63	34.54	60.88	46.6	43.16	46.64	63.53	46.48	38.89	41.82	50.12	59.75	49.59	60.54	60.99	67.19	44.77	71.88	57.34	78.77	52.5	83.12	63.24
930	32.069	30.2	40.8	28.59	40.08	27.67	44.02	29.26	45.25	27.58	56.98	36.69	48.62	34.67	60.83	46.84	43.09	46.67	63.55	46.5	38.74	41.83	49.97	59.82	49.61	60.52	60.97	67.23	44.93	71.86	57.44	78.92	52.64	83.19	63.29
931	32.103	29.99	40.76	28.38	40.06	27.51	43.98	29.1	45.25	27.52	56.92	36.6	48.65	34.6	60.77	46.92	43.14	46.59	63.5	46.58	38.71	41.67	49.99	59.6	49.64	60.32	60.96	67.09	44.99	71.71	57.53	78.91	52.76	83.16	63.37
932	32.138	29.91	40.69	28.33	39.98	27.4	43.95	29.2	45.19	27.49	56.95	36.73	48.62	34.61	60.84	47.0	42.97	46.57	63.68	46.64	38.59	41.78	50.49	59.62	49.61	60.27	60.95	67.09	44.93	71.68	57.5	78.95	52.77	83.18	63.4
933	32.172	29.75	40.66	28.16	39.93	27.19	43.95	29.12	45.11	27.36	57.05	36.72	48.6	34.68	60.99	47.1	42.69	46.81	63.82	46.7	38.44	41.88	50.78	59.66	49.54	60.37	60.93	67.0	44.81	71.65	57.4	78.81	52.79	83.06	63.46
934	32.207	29.69	40.57	28.1	39.81	27.15	43.84	29.04	44.96	27.3	56.88	36.62	48.46	34.59	60.86	46.99	42.71	46.7	63.75	46.72	38.51	41.86	50.59	59.61	49.6	60.32	61.03	66.95	44.84	71.66	57.52	78.76	52.73	83.12	63.41
935	32.241	29.48	40.55	27.87	39.77	26.95	43.84	28.78	44.92	27.09	56.93	36.43	48.5	34.46	60.88	46.86	42.82	46.66	63.68	46.69	38.57	41.94	50.44	59.54	49.58	60.28	61.03	66.97	44.9	71.67	57.59	78.83	52.78	83.17	63.43
936	32.276	29.37	40.47	27.73	39.71	26.87	43.75	28.64	44.92	27.08	56.86	36.37	48.56	34.46	60.87	46.89	42.87	46.7	63.7	46.69	38.5	41.95	50.47	59.56	49.57	60.34	60.99	67.04	44.9	71.68	57.52	78.86	52.79	83.15	63.37
937	32.31	29.18	40.62	27.51	39.88	26.69	43.94	28.36	45.11	26.87	57.11	36.12	48.68	34.3	60.96	46.62	43.06	46.63	63.69	46.47	38.8	41.76	50.35	59.38	49.6	60.19	61.04	67.13	45.02	71.71	57.52	78.82	52.88	83.06	63.34
938	32.345	29.24	40.75	27.59	40.02	26.78	44.05	28.43	45.21	26.97	57.14	36.15	48.71	34.36	61.01	46.61	43.0	46.67	63.74	46.51	38.76	41.75	50.36	59.42	49.64	60.25	61.07	67.1	45.01	71.71	57.53	78.77	52.9	83.07	63.32
939	32.379	29.13	40.71	27.43	39.94	26.63	44.04	28.28	45.12	26.84	57.24	36.13	48.71	34.37	61.2	46.74	42.88	46.8	64.03	46.49	38.68	41.8	50.98	59.55	49.68	60.44	61.22	67.19	44.92	71.91	57.56	78.78	52.93	83.23	63.48
940	32.414	28.99	40.73	27.31	39.95	26.5	44.04	28.22	45.09	26.77	57.2	36.08	48.71	34.34	61.17	46.76	42.96	46.78	64.03	46.54	38.77	41.66	50.87	59.48	49.72	60.38	61.24	67.13	44.95	71.82	57.58	78.78	52.94	83.18	63.43
941	32.448	28.95	40.74	27.27	39.94	26.42	44.06	28.22	45.04	26.67	57.23	36.07	48.69	34.26	61.19	46.7	42.82	46.72	64.04	46.55	38.67	41.79	51.22	59.49	49.66	60.35	61.21	67.13	44.9	71.86	57.55	78.73	52.87	83.19	63.44
942	32.483	28.87	40.75	27.16	39.94	26.36	44.06	28.01	45.02	26.57	57.2	35.86	48.7	34.2	61.13	46.56	43.04	46.77	63.96	46.49	38.83	41.75	50.95	59.41	49.65	60.34	61.18	67.1	44.97	71.82	57.6	78.71	52.92	83.14	63.45
943	32.517	28.85	40.77	27.16	39.96	26.32	44.08	28.11	45.02	26.58	57.2	35.95	48.68	34.24	61.11	46.62	43.02	46.81	63.94	46.47	38.83	41.76	50.83	59.46	49.66	60.34	61.18	67.11	45.07	71.78	57.72	78.74	52.91	83.11	63.47
944	32.552	28.82	40.68	27.12	39.84	26.25	44.0	28.05	44.88	26.45	57.18	35.87	48.51	34.15	61.09	46.44	42.84	46.69	63.96	46.42	38.93	41.82	50.81	59.38	49.62	60.25	61.21	66.95	45.13	71.71	57.82	78.46	52.89	82.97	63.55
945	32.586	28.77	40.72	27.08	39.89	26.23	44.04	28.02	44.93	26.47	57.19	35.83	48.55	34.12	61.09	46.47	42.79	46.67	63.92	46.49	38.85	41.8	50.96	59.32	49.54	60.2	61.14	66.98	45.14	71.71	57.9	78.61	52.88	83.06	63.54
946	32.621	28.7	40.71	27.0	39.9	26.15	44.05	27.96	44.99	26.43	57.23	35.83	48.6	34.14	61.08	46.51	42.86	46.73	63.77	46.49	38.9	41.73	50.62	59.35	49.65	60.25	61.2	66.96	45.09	71.71	57.78	78.57	52.95	83.05	63.59
947	32.655	28.71	40.73	27.01	39.89	26.15	44.06	27.93	44.95	26.38	57.24	35.78	48.58	34.12	61.12	46.5	42.84	46.72	63.83	46.47	38.94	41.6	50.7	59.3	49.62	60.21	61.18	66.96	45.12	71.72	57.79	78.55	52.92	83.02	63.5
948	32.69	28.64	40.78	26.92	39.92	26.07	44.11	27.81	44.97	26.24	57.33	35.65	48.61	33.99	61.24	46.42	42.86	46.67	64.05	46.48	38.89	41.6	50.94	59.28	49.63	60.17	61.25	66.93	45.05	71.65	57.72	78.5	53.07	82.9	63.66
949	32.724	28.91	40.72	27.25	39.92	26.4	44.04	28.21	45.0	26.62	57.14	36.11	48.53	34.2	60.9	46.86	42.73	46.57	63.48	46.58	38.55	41.34	50.59	59.15	49.59	59.92	61.01	66.85	45.23	71.49	57.81	78.37	53.07	82.81	63.63
950	32.759	28.92	40.7	27.28	39.92	26.37	44.08	28.35	45.05	26.63	57.28	36.26	48.55	34.24	61.04	46.96	42.51	46.64	63.65	46.55	38.44	41.33	50.88	59.22	49.58	59.9	61.04	66.82	45.31	71.45	57.92	78.46	53.12	82.86	63.68
951	32.793	28.91	40.75	27.28	39.96	26.36	44.11	28.34	45.08	26.61	57.3	36.24	48.58	34.23	61.07	46.98	42.56	46.65	63.69	46.57	38.52	41.31	50.91	59.25	49.62	59.94	61.09	66.83	45.31	71.48	57.92	78.49	53.15	82.91	63.69
952	32.828	28.97	40.72	27.34	39.97	26.43	44.05	28.34	45.16	26.64	57.23	36.2	48.67	34.22	61.02	46.92	42.77	46.65	63.45	46.47	38.77	41.2	50.24	59.26	49.76	59.99	61.18	66.9	45.38	71.61	57.95	78.53	53.04	83.01	63.64
953	32.862	28.71	40.63	27.04	39.82	26.14	44.01	28.07	44.94	26.38	57.28	36.03	48.52	34.11	61.08	46.84	42.59	46.64	63.66	46.5	38.72	41.32	50.68	59.28	49.67	60.04	61.21	66.89	45.23	71.65	57.87	78.55	53.07	83.1	63.66
954	32.897	28.74	40.66	27.08	39.87	26.16	44.04	28.11	45.01	26.39	57.29	36.08	48.64	34.09	61.07	46.94	42.69	46.69	63.57	46.48	38.69	41.39	50.67	59.31	49.68	60.03	61.16	66.92	45.26	71.7	57.83	78.63	53.12	83.26	63.66
955	32.931	28.57	40.66	26.84	39.82	25.99	44.06	27.82	44.88	26.22	57.32	35.84	48.53	34.01	61.09	46.73	42.66	46.62	63.76	46.52	38.49	41.45	50.79	59.31	49.58	60.13	61.15	66.92	45.15	71.74	57.78	78.51	52.97	83.21	63.51
956	32.966	28.56	40.7	26.84	39.85	25.97	44.09	27.88	44.88	26.25	57.34	35.96	48.5	34.09	61.06	46.89	42.49	46.7	63.7	46.57	38.26	41.4	51.04	59.38	49.52	60.19	61.07	66.94	45.17	71.76	57.78	78.42	52.94	83.14	63.51
957	33.0	28.62	40.65	26.87	39.8	26.03	44.04	27.79	44.85	26.23	57.31	35.83	48.51	34.03	61.08	46.78	42.64	46.69	63.72	46.5	38.57	41.48	50.85	59.32	49.55	60.17	61.12	66.93	45.14	71.75	57.77	78.48	52.94	83.16	63.51
958	33.034	28.63	40.63	26.88	39.83	26.1	44.0	27.75	44.95	26.35	57.24	35.72	48.67	34.11	61.0	46.55	42.86	46.73	63.52	46.48	38.69	41.71	50.7	59.29	49.64	60.25	61.12	66.95	45.2	71.79	57.75	78.46	52.95	83.17	63.53
959	33.069	28.49	40.62	26.68	39.8	25.99	43.99	27.46	44.89	26.25	57.25	35.49	48.65	34.06	61.04	46.48	42.94	46.73	63.49	46.55	38.76	41.62	50.33	59.24	49.64	60.33	61.18	66.99	45.03	71.86	57.67	78.43	52.97	83.22	63.54
960	33.103	28.54	40.58	26.73	39.75	26.02	43.95	27.52	44.83	26.25	57.19	35.58	48.57	34.07	60.97	46.57	42.96	46.73	63.45	46.53	38.78	41.55	50.14	59.34	49.63	60.37	61.17	67.07	45.02	71.88	57.64	78.5	52.97	83.2	63.53
961	33.138	28.55	40.59	26.77	39.81	26.03	43.96	27.6	44.96	26.22	57.21	35.57	48.65	33.97	60.94	46.5	43.1	46.64	63.44	46.41	38.74	41.61	50.05	59.25	49.58	60.21	61.09	67.1	45.2	71.87	57.8	78.57	52.98	83.11	63.56
962	33.172	28.83	40.65	27.11	39.91	26.3	44.0	27.99	45.1	26.5	57.24	35.93	48.69	34.21	60.92	46.66	43.01	46.77	63.31	46.33	38.81	41.55	49.91	59.4	49.64	60.29	61.05	67.09	45.16	71.84	57.63	78.52	52.97	83.1	63.54
963	33.207	28.82	40.8	27.12	39.95	26.17	44.17	28.12	44.94	26.28	57.41	36.0	48.43	34.06	61.08	46.67	42.86	46.54	64.08	46.38	38.71	41.17	50.92	59.44	49.42	60.18	61.01	67.03	45.15	71.82	57.7	78.47	52.94	83.01	63.51
964	33.241	28.7	40.65	27.0	39.77	26.02	44.05	28.05	44.74	26.17	57.33	35.9	48.3	33.97	61.07	46.46	42.77	46.44	64.3	46.42	38.71	41.25	51.35	59.45	49.44	60.17	61.12	67.01	45.18	71.8	57.8	78.5	52.88	83.07	63.51
965	33.276	28.72	40.79	27.0	39.92	26.06	44.18	27.94	44.88	26.18	57.44	35.78	48.29	33.96	61.08	46.41	42.72	46.4	64.13	46.4	38.84	41.15	50.9	59.42	49.5	60.22	61.21	67.02	44.99	71.86	57.65	78.52	52.78	83.09	63.49
966	33.31	28.64	40.84	26.91	39.97	25.97	44.18	27.8	44.93	26.05	57.41	35.65	48.36	33.83	61.03	46.31	43.06	46.27	64.04	46.33	39.02	40.82	50.19	59.4	49.55	60.21	61.2	67.08	45.05	71.87	57.55	78.47	52.84	83.01	63.46
967	33.345	28.75	40.63	27.04	39.78	26.07	43.98	28.04	44.81	26.22	57.24	35.87	48.38	33.97	60.98	46.44	43.03	46.3	63.99	46.37	38.93	40.95	50.16	59.56	49.64	60.3	61.25	67.12	45.2	71.83	57.69	78.6	52.75	83.04	63.43
968	33.379	28.71	40.6	26.99	39.76	26.05	43.91	27.96	44.8	26.23	57.11	35.79	48.43	33.99	60.83	46.35	43.23	46.31	63.7	46.31	39.14	40.97	49.62	59.54	49.72	60.34	61.23	67.12	45.24	71.8	57.62	78.51	52.82	82.97	63.47
969	33.414	28.63	40.54	26.9	39.65	25.95	43.89	27.97	44.63	26.2	57.15	35.91	48.22	34.05	60.86	46.6	42.94	46.36	64.07	46.48	38.8	40.91	50.37	59.68	49.62	60.43	61.23	67.28	45.2	71.88	57.67	78.74	52.86	83.01	63.53
970	33.448	28.75	40.64	27.01	39.78	26.1	44.01	27.96	44.78	26.28	57.27	35.85	48.33	34.06	61.01	46.53	42.95	46.44	64.22	46.48	38.82	41.06	50.58	59.64	49.62	60.43	61.25	67.27	45.23	71.91	57.7	78.67	52.79	83.01	63.4
971	33.483	28.73	40.87	26.97	39.98	26.12	44.22	27.89	44.89	26.35	57.38	35.73	48.36	34.09	61.07	46.41	42.96	46.38	64.38	46.57	38.75	41.12	51.0	59.52	49.58	60.42	61.25	67.17	45.12	71.87	57.66	78.55	52.75	82.94	63.35
972	33.517	29.07	40.85	27.33	39.97	26.45	44.17	28.13	44.89	26.51	57.29	35.83	48.35	34.11	60.99	46.4	43.15	46.36	64.16	46.48	39.09	41.11	50.46	59.54	49.63	60.39	61.27	67.15	45.13	71.86	57.7	78.63	52.75	82.98	63.42
973	33.552	29.19	40.86	27.42	39.98	26.6	44.18	28.15	44.84	26.65	57.23	35.82	48.27	34.11	60.87	46.31	43.11	46.14	64.09	46.51	39.06	41.06	50.62	59.34	49.5	60.19	61.11	67.12	45.1	71.75	57.63	78.49	52.84	82.81	63.44
974	33.586	29.35	40.94	27.6	40.08	26.75	44.21	28.29	44.95	26.74	57.18	35.9	48.4	34.14	60.81	46.38	43.39	46.12	63.8	46.55	39.24	40.92	49.99	59.47	49.6	60.31	61.15	67.2	45.14	71.87	57.67	78.66	52.68	83.03	63.32
975	33.621	29.32	41.17	27.56	40.3	26.73	44.46	28.22	45.07	26.75	57.37	35.74	48.45	34.21	60.91	46.14	43.49	46.19	64.04	46.52	39.5	40.93	50.64	59.35	49.56	60.31	61.13	67.09	45.24	71.78	57.77	78.55	52.63	82.87	63.24
976	33.655	29.2	41.21	27.42	40.29	26.6	44.49	28.13	44.98	26.65	57.36	35.68	48.46	34.12	60.88	46.07	43.55	46.01	63.98	46.64	39.52	41.07	50.71	59.36	49.59	60.29	61.15	67.08	45.15	71.72	57.69	78.52	52.63	82.8	63.21
977	33.69	29.28	41.3	27.51	40.36	26.69	44.57	28.22	44.95	26.73	57.34	35.79	48.42	34.13	60.83	46.24	43.52	45.98	64.09	46.68	39.31	41.15	51.38	59.36	49.61	60.23	61.17	67.05	45.21	71.65	57.81	78.52	52.64	82.76	63.22
978	33.724	29.59	41.41	27.85	40.49	27.01	44.62	28.43	45.15	26.89	57.34	35.91	48.58	34.11	60.88	46.31	43.84	45.9	64.11	46.84	39.31	41.1	51.08	59.42	49.67	60.23	61.17	67.04	45.15	71.7	57.66	78.42	52.63	82.76	63.17
979	33.759	29.96	41.56	28.27	40.61	27.32	44.76	28.94	45.15	27.13	57.37	36.38	48.53	34.23	60.85	46.67	43.88	45.71	64.22	46.86	39.15	40.59	51.22	59.55	49.63	60.15	61.09	67.15	45.26	71.67	57.68	78.53	52.59	82.75	63.08
980	33.793	30.19	41.56	28.51	40.65	27.61	44.74	29.16	45.23	27.49	57.28	36.49	48.53	34.47	60.76	46.63	43.77	45.78	63.98	46.86	39.2	40.83	50.86	59.59	49.68	60.26	61.09	67.18	45.2	71.71	57.71	78.63	52.52	82.84	63.11
981	33.828	30.34	41.61	28.64	40.67	27.72	44.79	29.23	45.16	27.52	57.3	36.48	48.51	34.44	60.77	46.49	43.81	45.67	63.99	46.84	39.03	40.87	50.78	59.51	49.69	60.17	61.12	67.09	45.29	71.67	57.81	78.43	52.41	82.77	63.05
982	33.862	30.23	41.71	28.5	40.7	27.62	44.89	29.1	45.05	27.44	57.33	36.45	48.46	34.41	60.76	46.53	43.76	45.54	64.16	46.97	39.0	40.75	51.51	59.55	49.67	60.19	61.12	67.19	45.42	71.63	57.88	78.46	52.57	82.64	63.06
983	33.897	30.42	41.59	28.69	40.6	27.86	44.71	29.07	45.0	27.55	57.06	36.29	48.5	34.33	60.56	46.34	44.14	45.41	63.65	47.12	39.47	40.79	50.47	59.41	49.74	60.11	61.1	67.08	45.3	71.53	57.73	78.45	52.55	82.7	62.97
984	33.931	30.37	41.59	28.61	40.67	27.78	44.73	28.96	45.18	27.41	57.16	36.38	48.65	34.21	60.51	46.85	44.48	45.47	63.22	47.44	39.68	40.68	49.04	59.57	49.85	60.14	61.1	67.24	45.45	71.62	57.66	78.5	52.69	82.74	63.05
985	33.966	30.63	41.71	28.83	40.68	27.95	44.82	28.97	45.0	27.27	57.19	36.54	48.52	34.01	60.53	47.55	44.97	45.22	63.63	48.0	40.09	40.28	49.76	59.88	49.69	60.28	61.01	67.48	45.2	71.79	57.44	79.02	52.96	83.08	63.2
986	34.0	30.65	41.75	28.92	40.88	28.0	44.82	29.09	45.44	27.26	57.18	36.7	48.85	33.9	60.35	47.91	45.59	45.33	62.97	47.99	40.67	40.23	48.4	59.9	50.02	60.13	61.09	67.44	45.29	71.8	57.28	78.99	53.03	83.18	63.23
987	34.034	30.87	41.77	29.15	40.91	28.33	44.85	29.26	45.44	27.7	57.11	36.78	48.66	34.18	60.36	48.05	44.9	45.54	62.88	48.56	40.4	40.89	48.68	59.79	49.91	60.17	61.08	67.37	45.1	71.82	57.44	79.08	53.0	83.31	63.27
988	34.069	31.18	41.75	29.48	40.91	28.65	44.83	29.5	45.45	27.97	57.04	36.91	48.64	34.39	60.34	48.1	45.12	45.77	62.82	48.94	40.87	41.15	48.1	59.88	50.01	60.28	61.13	67.35	45.14	71.78	57.42	79.16	53.21	83.33	63.25
989	34.103	31.14	41.76	29.4	40.94	28.65	44.84	29.44	45.47	28.12	57.03	36.9	48.53	34.67	60.32	48.01	44.68	46.07	62.76	48.6	40.9	41.35	48.0	59.97	50.07	60.54	61.21	67.42	45.18	71.88	57.45	78.98	53.14	83.17	63.3
990	34.138	30.98	41.7	29.24	40.89	28.5	44.8	29.37	45.46	28.05	57.03	36.83	48.58	34.62	60.3	47.87	44.81	45.98	62.85	48.4	40.8	41.41	48.06	59.86	50.11	60.44	61.23	67.22	45.26	71.77	57.54	78.72	52.94	83.06	63.21
991	34.172	30.92	41.83	29.16	41.0	28.42	44.99	29.38	45.51	28.07	57.29	36.95	48.47	34.65	60.48	48.09	44.16	45.91	63.12	48.23	40.24	41.2	48.46	59.82	49.95	60.36	61.18	67.17	45.23	71.68	57.6	78.62	52.87	82.97	63.28
992	34.207	31.02	41.93	29.25	41.1	28.49	45.14	29.53	45.62	28.2	57.51	37.13	48.41	34.79	60.59	48.14	43.65	45.83	63.1	48.06	39.9	40.97	48.52	59.82	49.95	60.35	61.24	67.14	45.26	71.69	57.69	78.51	52.79	82.98	63.4
993	34.241	30.93	41.84	29.18	41.05	28.48	45.04	29.46	45.63	28.27	57.37	37.06	48.41	34.8	60.45	48.11	43.59	45.85	62.87	48.14	39.87	41.12	48.44	59.68	49.88	60.27	61.11	67.05	45.14	71.61	57.58	78.52	52.82	82.99	63.4
994	34.276	30.93	41.93	29.13	41.12	28.41	45.15	29.3	45.67	28.05	57.54	36.95	48.49	34.66	60.54	48.07	43.83	45.84	62.85	48.08	39.99	40.95	48.09	59.67	49.95	60.24	61.16	67.03	45.26	71.62	57.52	78.3	52.87	82.9	63.34
995	34.31	30.93	41.94	29.16	41.12	28.4	45.18	29.45	45.65	28.11	57.57	37.22	48.4	34.73	60.61	48.46	43.39	45.9	62.88	48.06	39.83	40.9	48.18	59.8	49.99	60.26	61.26	67.14	45.18	71.7	57.55	78.48	52.98	83.01	63.46
996	34.345	31.09	42.03	29.33	41.2	28.53	45.24	29.56	45.7	28.09	57.58	37.22	48.56	34.65	60.62	48.39	44.02	45.78	62.89	48.17	40.08	40.8	47.97	59.77	50.06	60.18	61.25	67.04	45.28	71.67	57.57	78.32	52.97	82.97	63.41
997	34.379	31.15	42.21	29.42	41.44	28.71	45.37	29.63	45.95	28.33	57.51	37.32	48.66	34.67	60.42	48.56	44.15	45.69	62.37	48.35	40.45	41.24	47.39	59.67	50.0	60.01	61.07	67.1	45.17	71.53	57.51	78.36	52.98	82.73	63.38
998	34.414	31.4	41.97	29.67	41.17	28.89	45.11	29.77	45.74	28.32	57.36	37.39	48.58	34.64	60.45	48.68	44.32	45.76	62.54	48.69	40.55	41.4	47.23	59.82	49.94	60.11	61.06	67.12	45.13	71.57	57.48	78.43	52.95	82.77	63.36
999	34.448	31.45	42.04	29.71	41.28	28.97	45.22	29.77	45.89	28.44	57.51	37.3	48.62	34.71	60.55	48.48	44.0	45.82	62.5	48.42	40.12	41.46	47.15	59.75	49.96	60.12	61.13	67.13	45.13	71.54	57.59	78.59	52.85	82.83	63.37
1000	34.483	31.5	42.16	29.79	41.42	29.04	45.31	29.92	46.05	28.58	57.54	37.41	48.82	34.8	60.52	48.46	44.35	45.78	62.34	48.5	40.3	41.51	47.17	59.82	50.05	60.18	61.11	67.15	45.12	71.57	57.57	78.65	52.77	82.91	63.35
1001	34.517	31.55	42.27	29.81	41.48	29.04	45.47	29.91	46.02	28.55	57.74	37.31	48.71	34.86	60.63	48.11	44.05	45.77	62.46	48.28	40.13	41.39	47.55	59.75	50.0	60.19	61.17	67.1	45.18	71.54	57.71	78.58	52.72	82.84	63.38
1002	34.552	31.61	42.43	29.85	41.64	29.04	45.72	30.01	46.15	28.59	58.11	37.46	48.59	35.0	60.87	48.15	43.38	45.82	62.6	48.16	39.97	41.29	47.56	59.9	49.98	60.34	61.29	67.19	45.14	71.63	57.76	78.61	52.6	82.82	63.39
1003	34.586	31.63	42.55	29.86	41.8	29.12	45.8	29.93	46.4	28.65	58.15	37.23	48.96	34.98	60.89	47.71	44.0	45.8	62.49	48.13	39.99	41.59	47.4	59.76	49.98	60.33	61.16	67.16	45.21	71.67	57.69	78.5	52.43	82.86	63.15
1004	34.621	31.74	42.67	29.98	41.92	29.25	45.92	30.01	46.5	28.78	58.23	37.32	49.03	35.08	60.95	47.81	44.02	45.84	62.41	48.14	40.29	41.66	47.44	59.79	49.99	60.37	61.16	67.16	45.18	71.64	57.71	78.56	52.46	82.85	63.19
1005	34.655	31.74	42.77	29.97	42.04	29.26	46.02	29.96	46.67	28.76	58.35	37.28	49.18	35.04	61.01	47.82	44.22	45.84	62.35	48.13	40.32	41.66	47.23	59.78	50.04	60.36	61.17	67.18	45.22	71.65	57.71	78.58	52.46	82.84	63.14
1006	34.69	31.76	42.76	29.98	42.03	29.27	46.03	29.99	46.63	28.82	58.37	37.33	49.07	35.16	60.98	47.87	43.78	45.95	62.16	48.16	39.99	41.68	47.13	59.81	50.1	60.44	61.26	67.24	45.31	71.74	57.86	78.6	52.52	82.9	63.29
1007	34.724	31.76	42.83	29.98	42.1	29.29	46.1	29.94	46.63	28.81	58.32	37.37	49.0	35.06	60.65	48.07	43.71	45.67	61.31	48.27	40.12	41.32	46.59	59.74	50.11	60.28	61.16	67.18	45.22	71.64	57.79	78.65	52.45	83.0	63.31
1008	34.759	31.49	42.96	29.68	42.27	29.16	46.12	29.44	46.87	28.66	58.18	36.83	49.44	34.55	60.46	47.47	44.25	44.97	60.71	48.28	40.18	41.97	46.12	59.29	50.15	59.86	61.06	66.92	45.45	71.36	57.89	78.46	52.28	83.03	63.14
1009	34.793	31.2	43.24	29.37	42.56	29.0	46.48	29.38	47.19	29.25	58.48	36.44	49.53	35.19	60.14	46.32	44.01	45.48	59.59	48.08	40.1	42.38	45.66	58.86	50.05	59.92	60.69	66.81	45.33	71.32	56.84	78.62	53.34	83.32	63.07
1010	34.828	31.06	43.24	29.15	42.48	28.81	46.52	28.9	46.93	28.73	58.53	36.1	49.22	34.59	60.14	46.44	44.25	44.84	59.6	47.97	40.41	41.31	44.74	58.82	49.98	59.75	60.87	66.77	45.09	71.37	56.87	78.86	53.35	83.58	63.02
1011	34.862	31.13	42.98	29.24	42.29	28.84	46.17	28.73	46.73	28.17	58.11	36.38	49.04	33.87	59.94	47.56	44.72	43.93	60.06	48.47	40.54	40.72	44.67	59.03	49.97	59.51	60.97	66.91	44.97	71.38	57.51	78.73	52.27	83.31	63.04
1012	34.897	31.22	43.13	29.41	42.4	28.81	46.26	29.04	46.84	28.0	58.22	36.59	49.23	33.74	60.26	47.58	45.05	43.76	60.79	48.52	40.47	40.13	45.28	59.27	50.1	59.55	61.08	66.86	45.07	71.33	57.38	78.56	52.29	83.17	62.87
1013	34.931	30.95	43.18	29.13	42.42	28.51	46.29	28.75	46.8	27.67	58.27	36.32	49.24	33.52	60.44	47.45	45.19	43.63	61.18	48.66	40.57	39.86	45.52	59.4	50.02	59.73	61.14	66.88	44.87	71.45	57.28	78.61	52.23	83.29	62.85
1014	34.966	31.02	43.12	29.19	42.35	28.62	46.24	28.83	46.71	27.83	58.17	36.47	49.13	33.62	60.34	47.71	45.09	43.7	61.19	48.67	40.73	40.13	45.69	59.31	49.99	59.61	61.08	66.77	44.77	71.28	57.2	78.58	52.38	83.15	62.95
1015	35.0	31.28	43.26	29.44	42.49	28.94	46.34	28.98	46.79	28.2	58.12	36.48	49.22	33.91	60.35	47.42	45.32	43.88	61.27	48.75	40.94	40.64	45.61	59.32	49.98	59.79	61.03	66.81	44.77	71.28	57.14	78.58	52.52	83.08	62.91
1016	35.034	31.38	43.22	29.52	42.48	29.07	46.26	28.98	46.85	28.3	58.04	36.46	49.37	33.96	60.31	47.52	45.43	44.01	60.79	49.0	41.17	40.91	45.16	59.27	50.02	59.8	60.99	66.86	44.75	71.39	57.14	78.52	52.56	83.14	63.0
1017	35.069	31.55	43.31	29.65	42.58	29.25	46.44	28.99	47.05	28.4	58.37	36.48	49.59	34.09	60.54	47.57	45.51	44.5	60.59	48.81	41.42	41.57	44.99	59.36	49.96	59.9	60.95	66.96	44.67	71.52	57.18	78.72	52.57	83.27	63.0
1018	35.103	31.51	43.42	29.55	42.58	29.2	46.54	28.86	46.91	28.36	58.48	36.43	49.59	34.06	60.93	47.59	45.58	44.53	61.52	48.62	41.49	42.01	45.47	59.51	50.01	60.07	61.24	67.1	44.64	71.65	57.34	78.88	52.75	83.38	63.16
1019	35.138	31.39	43.47	29.39	42.63	29.12	46.62	28.75	46.87	28.5	58.54	36.12	49.48	34.29	60.93	46.94	45.16	44.71	61.51	48.06	41.46	42.24	45.36	59.27	50.12	60.11	61.45	66.98	44.81	71.68	57.6	78.71	52.75	83.38	63.3
1020	35.172	31.68	43.53	29.78	42.73	29.4	46.66	29.18	47.05	28.69	58.53	36.2	49.69	34.33	60.88	45.98	45.63	44.61	61.35	46.9	41.57	42.26	45.02	59.22	50.2	59.95	61.41	66.9	44.86	71.59	57.54	78.59	52.75	83.3	63.22
1021	35.207	31.44	43.61	29.55	42.89	29.29	46.71	28.93	47.19	28.68	58.4	35.91	49.86	34.18	60.6	45.41	45.64	44.42	60.92	46.02	41.6	41.91	45.22	58.77	50.22	59.53	61.28	66.99	45.07	71.38	57.49	78.77	53.02	83.23	63.22
1022	35.241	31.45	43.57	29.58	42.83	29.28	46.67	29.07	47.07	28.73	58.33	35.93	49.66	34.23	60.53	45.06	45.07	44.35	60.93	45.52	40.63	41.94	45.19	58.91	50.08	59.67	61.25	67.09	45.11	71.53	57.73	78.91	52.66	83.43	63.11
1023	35.276	31.4	43.59	29.43	42.81	29.19	46.81	28.85	47.0	28.6	58.67	35.92	49.49	34.25	60.67	44.99	44.74	44.43	61.06	44.3	41.08	41.93	45.05	59.07	50.08	59.8	61.44	67.25	45.1	71.67	57.81	79.19	52.76	83.58	63.27
1024	35.31	32.15	44.18	30.52	43.69	30.31	46.95	30.58	48.05	30.49	57.96	36.85	50.38	35.41	61.11	43.52	43.6	44.19	61.11	43.29	40.52	41.9	46.29	60.0	49.94	60.7	60.91	69.58	43.54	72.21	56.5	80.21	53.42	82.39	63.47
1025	35.345	31.4	43.78	29.34	42.94	29.31	47.04	28.39	46.98	28.63	58.82	35.44	49.21	34.18	60.68	44.44	43.67	44.43	60.63	43.77	40.79	42.01	45.38	58.55	49.87	59.56	61.42	67.09	44.79	71.54	57.82	79.11	52.69	83.54	63.2
1026	35.379	32.18	44.15	30.45	43.69	30.3	46.95	30.26	48.21	30.14	58.13	37.19	50.59	35.04	61.06	44.8	44.07	44.39	60.3	43.38	41.09	42.15	45.09	60.24	50.06	60.53	60.86	69.59	43.4	72.03	56.2	80.01	53.51	82.18	63.56
1027	35.414	32.12	44.08	30.34	43.64	30.32	46.84	29.88	48.27	30.09	58.02	36.82	50.71	34.99	60.78	44.62	44.3	44.52	59.39	43.32	41.78	42.17	44.55	60.06	49.94	60.59	60.62	69.55	43.29	72.23	56.06	80.16	53.36	82.59	63.44
1028	35.448	32.1	44.04	30.3	43.62	30.25	46.84	29.92	48.27	30.02	58.04	36.99	50.78	34.96	60.58	44.85	44.45	44.49	58.89	43.11	41.77	42.26	44.22	60.09	50.01	60.48	60.57	69.77	43.41	72.38	56.04	80.32	53.29	82.76	63.43
1029	35.483	32.05	44.01	30.28	43.59	30.22	46.82	30.05	48.22	30.13	58.01	37.21	50.72	35.12	60.54	45.08	43.97	44.61	58.66	43.49	41.08	42.55	44.0	60.18	49.92	60.51	60.44	69.71	43.35	72.19	55.97	80.2	53.22	82.56	63.36
1030	35.517	31.76	44.09	30.1	43.63	29.99	46.93	30.21	48.07	30.4	58.02	36.81	50.12	35.66	60.49	43.91	42.55	44.98	58.82	43.5	40.53	42.76	44.08	59.87	49.49	60.75	60.3	69.62	42.88	72.4	56.05	80.3	52.74	82.63	63.23
1031	35.552	31.45	43.55	29.4	42.9	29.48	46.63	28.46	47.25	28.95	58.23	35.83	49.72	34.78	59.74	45.31	44.48	45.08	58.01	44.36	39.97	42.48	42.08	58.76	49.8	60.0	60.56	67.1	44.6	71.55	57.11	78.64	51.95	83.05	62.56
1032	35.586	31.54	43.51	29.52	42.85	29.6	46.53	28.57	47.28	29.11	58.13	35.77	49.85	34.96	59.85	45.09	44.33	45.31	58.03	45.14	39.58	43.08	42.45	58.82	49.82	60.22	60.55	67.2	44.53	71.64	57.06	78.66	51.89	83.02	62.5
1033	35.621	31.59	43.44	29.63	42.8	29.68	46.45	28.67	47.33	29.21	58.07	35.73	50.11	34.99	59.91	45.12	44.4	45.4	57.6	45.9	39.4	43.56	42.47	58.7	50.12	60.14	60.78	67.22	44.47	71.62	57.12	79.04	51.93	83.19	62.53
1034	35.655	31.43	43.32	29.46	42.68	29.47	46.36	28.67	47.25	29.12	58.07	35.92	50.06	35.05	60.03	45.71	44.47	45.57	58.1	46.39	39.83	43.59	42.86	58.89	50.12	60.28	60.78	67.17	44.6	71.59	57.22	78.9	52.02	83.17	62.7
1035	35.69	30.86	43.45	28.91	42.84	28.84	46.54	28.28	47.55	28.78	58.36	35.17	50.24	34.78	59.91	44.84	45.36	46.05	58.18	46.32	40.37	43.46	43.09	58.42	50.26	59.91	60.64	66.6	44.91	71.24	56.25	78.85	53.16	83.39	62.5
1036	35.724	30.79	43.48	28.83	42.86	28.73	46.6	28.25	47.54	28.67	58.46	35.25	50.11	34.72	60.0	45.12	45.25	46.03	58.62	46.66	40.2	43.37	43.23	58.51	50.17	59.92	60.62	66.65	44.98	71.28	56.23	78.72	53.32	83.31	62.56
1037	35.759	30.82	43.61	28.85	42.94	28.8	46.75	28.25	47.56	28.82	58.61	35.12	50.08	34.79	60.32	44.85	44.89	46.06	59.2	46.87	40.21	43.62	43.98	58.42	50.19	59.96	60.84	66.69	45.04	71.35	56.49	78.85	53.47	83.5	62.72
1038	35.793	30.89	43.53	28.92	42.87	28.87	46.65	28.29	47.53	28.87	58.53	35.15	50.11	34.85	60.3	44.84	45.05	46.14	59.22	46.77	40.38	43.61	43.94	58.52	50.22	60.08	60.83	66.75	45.02	71.4	56.42	78.9	53.58	83.51	62.78
1039	35.828	30.78	43.46	28.86	42.78	28.74	46.58	28.27	47.48	28.71	58.53	34.91	50.21	34.69	60.44	44.25	45.16	46.04	59.62	46.53	40.29	43.29	44.89	58.32	50.34	59.9	61.01	66.71	45.19	71.32	56.57	79.05	53.65	83.59	62.78
1040	35.862	31.03	43.26	29.02	42.59	29.1	46.29	27.94	47.24	28.54	58.17	34.89	50.14	34.38	60.61	44.89	45.17	45.65	59.76	46.69	40.66	43.62	44.29	58.58	50.19	60.14	61.22	67.16	44.72	71.76	57.5	79.14	52.65	83.58	63.01
1041	35.897	31.11	43.21	29.13	42.56	29.15	46.24	28.13	47.25	28.62	58.12	35.09	50.15	34.57	60.51	45.2	45.28	45.89	59.74	46.75	40.52	43.5	44.29	58.66	50.22	60.22	61.13	67.15	44.76	71.75	57.4	79.14	52.67	83.51	63.03
1042	35.931	31.09	43.33	29.13	42.65	29.08	46.41	28.2	47.3	28.59	58.36	35.03	50.18	34.56	60.82	45.02	44.94	45.87	60.22	46.99	40.4	43.51	45.24	58.56	50.24	60.14	61.28	67.16	44.89	71.77	57.6	79.26	52.66	83.62	63.01
1043	35.966	30.89	43.47	29.05	42.74	28.68	46.7	28.81	47.36	28.69	58.79	35.34	49.9	34.9	60.82	44.88	44.5	46.38	60.56	47.37	40.1	43.1	46.64	58.63	50.09	60.09	61.0	66.86	45.05	71.6	56.83	79.39	53.59	83.84	63.0
1044	36.0	31.08	43.69	29.18	42.88	28.78	46.93	28.9	47.29	28.65	59.01	35.72	49.68	34.91	60.98	45.85	44.41	46.18	61.06	48.02	40.32	42.95	47.18	59.06	49.97	60.38	61.05	67.06	44.79	71.82	56.73	79.41	53.55	83.78	63.11
1045	36.034	31.76	43.22	29.76	42.44	29.58	46.3	28.8	46.77	28.79	58.15	36.16	49.27	34.7	60.71	47.46	44.53	45.95	61.44	48.63	40.99	42.9	46.64	59.31	49.83	60.42	61.01	67.36	44.28	71.94	56.89	79.01	52.84	83.35	62.91
1046	36.069	32.02	43.43	30.02	42.64	29.84	46.53	28.88	46.91	28.95	58.34	36.02	49.25	34.85	60.71	47.03	44.46	45.92	61.03	48.88	41.34	42.87	46.24	59.02	49.77	60.31	60.94	67.2	44.14	71.95	56.74	78.74	52.77	83.23	62.76
1047	36.103	32.42	43.73	30.38	42.98	30.15	46.86	29.14	47.24	29.15	58.69	35.89	49.67	35.22	60.77	45.18	45.19	45.98	60.63	45.38	43.04	42.69	46.29	59.06	49.81	60.6	60.87	67.06	43.64	72.09	56.07	78.44	52.42	83.22	62.63
1048	36.138	32.6	43.86	30.54	43.08	30.32	46.97	29.2	47.37	29.27	58.86	35.84	49.94	35.3	61.21	45.08	45.24	45.99	61.01	45.0	43.75	42.6	46.96	59.03	49.91	60.69	61.07	67.07	43.23	72.1	55.84	78.66	52.32	83.26	62.66
1049	36.172	32.41	43.9	30.3	43.14	30.15	47.05	28.83	47.49	29.13	59.1	35.34	49.96	35.23	61.66	44.58	44.85	45.91	61.23	44.86	44.0	42.48	47.32	58.85	49.93	60.85	61.39	66.8	42.0	72.09	55.29	78.53	51.29	83.12	62.3
1050	36.207	32.36	43.89	30.15	43.1	30.1	47.05	28.54	47.53	29.11	59.24	35.05	49.88	35.38	61.91	44.4	44.76	45.84	61.4	45.31	43.77	42.83	46.8	58.54	49.57	60.9	61.1	65.79	41.09	71.32	54.68	76.94	49.74	81.6	61.43
1051	36.241	32.44	43.94	30.19	43.13	30.17	47.09	28.39	47.54	29.13	59.32	34.66	49.71	35.37	62.11	43.92	44.6	45.66	61.69	45.22	43.94	42.68	46.94	58.36	49.49	61.03	61.26	65.29	40.28	71.28	54.41	76.46	48.57	81.46	60.88
