Frame	Time	Nose_X	Nose_Y	L_Eye_X	L_Eye_Y	R_Eye_X	R_Eye_Y	L_Ear_X	L_Ear_Y	R_Ear_X	R_Ear_Y	L_Shoulder_X	L_Shoulder_Y	R_Shoulder_X	R_Shoulder_Y	L_Elbow_X	L_Elbow_Y	R_Elbow_X	R_Elbow_Y	L_Wrist_X	L_Wrist_Y	R_Wrist_X	R_Wrist_Y	L_Hip_X	L_Hip_Y	R_Hip_X	R_Hip_Y	L_Knee_X	L_Knee_Y	R_Knee_X	R_Knee_Y	L_Ankle_X	L_Ankle_Y	R_Ankle_X	R_Ankle_Y
1	0.033	74.4	50.47	75.41	48.38	72.85	47.4	63.69	41.04	64.15	47.1	59.45	49.41	59.52	57.15	59.22	57.54	58.43	68.28	67.57	64.38	64.83	74.86	36.57	51.2	37.64	61.44	29.77	53.29	26.92	67.77	18.56	49.65	17.4	57.3
2	0.067	74.38	50.48	75.36	48.4	72.86	47.45	63.55	40.96	64.15	47.1	59.33	49.19	59.38	56.93	59.07	57.4	58.1	68.0	67.28	64.37	64.53	74.89	36.41	50.95	37.48	61.16	29.52	53.24	26.68	67.67	18.31	49.57	17.15	57.26
3	0.1	74.32	50.48	75.33	48.39	72.82	47.42	63.51	40.92	64.07	47.02	59.2	49.06	59.3	56.88	59.04	57.34	58.16	68.13	67.23	64.31	64.76	74.88	36.23	50.76	37.31	61.03	29.32	53.14	26.55	67.6	18.08	49.54	16.96	57.09
4	0.133	74.33	50.33	75.26	48.29	72.85	47.34	63.21	41.0	64.13	47.18	59.01	49.18	59.25	57.05	59.07	57.45	58.22	68.22	67.31	64.18	65.01	74.63	36.06	50.79	37.25	61.06	29.26	52.85	26.5	67.29	18.05	49.3	16.91	56.86
5	0.167	74.23	50.45	75.16	48.42	72.84	47.41	63.02	41.02	64.2	47.1	58.78	49.2	59.27	57.08	58.85	57.6	58.37	68.48	67.31	63.98	65.34	74.52	35.85	50.89	37.2	61.2	29.25	52.82	26.56	67.26	18.13	49.41	16.99	56.84
6	0.2	74.36	50.13	75.15	48.08	72.97	47.18	62.66	40.54	64.24	46.95	58.53	48.61	59.08	56.69	58.6	56.98	58.01	67.85	67.04	63.42	65.25	74.06	35.63	50.28	37.06	60.68	28.94	52.25	26.19	66.83	17.71	48.79	16.53	56.56
7	0.233	74.12	49.45	74.92	47.42	72.7	46.52	62.55	40.23	64.07	46.48	58.6	48.61	59.09	56.51	58.94	57.25	58.37	68.13	67.41	63.18	65.97	73.56	35.88	50.52	37.23	60.84	28.69	52.21	26.0	66.7	17.38	48.64	16.16	56.16
8	0.267	74.04	48.95	74.82	46.91	72.62	46.03	62.45	39.8	63.96	46.1	58.48	48.32	59.0	56.43	59.08	56.91	58.46	68.18	67.35	63.07	66.01	73.69	35.67	49.93	37.01	60.36	28.44	51.73	25.74	66.32	17.3	47.75	15.98	55.17
9	0.3	73.86	48.47	74.62	46.47	72.45	45.57	62.18	39.59	63.78	45.81	58.25	48.27	58.85	56.16	59.14	57.1	58.91	68.04	67.53	62.88	66.77	73.19	35.39	49.7	36.73	60.03	28.14	51.26	25.33	65.69	17.18	47.37	15.64	54.62
10	0.333	73.78	47.9	74.47	45.83	72.36	45.03	61.94	38.86	63.68	45.36	58.12	47.78	58.61	56.04	58.95	56.53	58.41	67.91	67.36	62.63	66.16	73.37	35.15	49.28	36.43	59.8	27.96	51.13	24.97	65.87	16.81	46.69	15.13	54.31
11	0.367	73.58	47.34	74.26	45.26	72.11	44.48	61.86	38.54	63.43	44.95	58.08	47.66	58.54	55.61	58.98	56.73	58.47	67.66	67.4	63.06	66.59	73.62	35.4	49.14	36.63	59.45	28.13	51.37	25.17	65.85	16.87	46.79	15.0	54.35
12	0.4	73.75	46.0	74.3	44.04	72.32	43.45	62.23	37.84	63.69	44.54	58.47	47.7	58.38	55.45	60.05	57.3	58.51	68.03	67.64	63.67	67.26	75.12	35.1	46.2	35.79	56.43	26.8	51.08	23.41	65.51	16.52	44.87	13.63	52.56
13	0.433	73.82	45.22	74.33	43.35	72.31	42.76	62.38	37.57	63.77	44.24	58.83	47.64	58.6	55.23	60.3	57.17	58.6	67.71	67.74	63.54	67.15	74.79	35.63	46.18	36.26	56.27	27.14	50.74	23.76	65.04	16.84	44.67	13.99	52.37
14	0.467	73.86	44.94	74.39	43.1	72.34	42.47	62.54	37.42	63.8	44.0	58.97	47.52	58.63	55.03	60.33	56.96	58.6	67.48	67.57	63.45	67.17	74.87	35.8	46.05	36.33	56.09	27.29	50.68	23.9	64.89	16.95	44.42	14.1	52.02
15	0.5	73.82	44.57	74.31	42.77	72.28	42.16	62.56	37.34	63.91	43.87	59.29	47.56	58.87	55.01	60.88	56.86	59.06	67.5	67.87	63.33	67.61	74.58	36.1	46.2	36.55	56.19	27.55	50.54	24.08	64.74	17.21	44.52	14.23	52.06
16	0.533	73.74	44.42	74.12	42.56	72.17	42.04	62.19	37.09	63.82	43.86	59.08	47.6	58.98	55.17	60.99	57.04	59.62	67.73	68.13	63.18	68.15	74.34	35.81	46.35	36.49	56.43	27.26	50.44	23.82	64.79	16.88	44.3	13.82	52.05
17	0.567	73.61	44.23	74.05	42.29	71.99	41.81	62.35	36.8	63.6	43.58	59.21	47.5	58.81	55.07	61.13	57.09	59.65	67.8	68.27	63.18	68.34	74.31	35.84	46.15	36.28	56.28	27.27	50.55	23.7	64.99	16.82	44.26	13.76	52.1
18	0.6	73.63	44.14	74.09	42.14	72.02	41.68	62.35	36.48	63.59	43.37	59.2	47.27	58.79	55.18	61.32	56.79	59.72	68.08	68.47	63.04	68.64	74.26	35.61	45.92	36.05	56.27	27.16	50.46	23.63	65.19	16.57	44.01	13.53	51.93
19	0.633	73.61	44.08	74.05	42.08	72.02	41.62	62.24	36.42	63.6	43.32	59.12	47.28	58.79	55.25	61.33	56.75	59.91	68.13	68.55	63.0	68.88	74.22	35.43	45.96	35.91	56.36	27.06	50.47	23.47	65.28	16.41	44.01	13.3	51.94
20	0.667	73.58	44.13	74.05	42.13	71.99	41.66	62.31	36.45	63.59	43.32	59.21	47.26	58.78	55.25	61.49	56.62	59.86	68.13	68.58	63.0	68.84	74.18	35.49	46.01	35.9	56.42	27.03	50.55	23.43	65.36	16.41	44.14	13.28	51.97
21	0.7	73.62	44.2	74.06	42.23	72.04	41.76	62.25	36.59	63.65	43.45	59.09	47.24	58.82	55.17	61.38	56.55	59.86	67.94	68.48	63.01	68.87	74.21	35.44	45.84	35.94	56.2	26.95	50.35	23.44	65.09	16.49	44.03	13.35	51.82
22	0.733	73.66	44.23	74.14	42.32	72.04	41.82	62.44	36.82	63.59	43.62	59.28	47.37	58.85	55.17	61.55	56.51	59.77	67.73	68.51	62.97	68.53	74.25	35.67	45.89	36.09	56.15	26.96	50.34	23.43	64.91	16.54	44.16	13.4	51.83
23	0.767	73.72	44.45	74.23	42.52	72.09	42.03	62.61	36.93	63.65	43.72	59.37	47.39	58.98	55.11	61.64	56.57	59.87	67.68	68.43	63.0	68.67	74.33	35.78	45.81	36.21	56.03	27.0	50.39	23.5	64.87	16.72	44.21	13.47	51.81
24	0.8	73.65	44.55	74.2	42.65	72.02	42.11	62.64	37.16	63.57	43.83	59.33	47.62	58.91	55.28	61.53	56.86	59.93	67.93	68.45	63.11	68.71	74.44	35.79	45.91	36.19	56.09	27.11	50.37	23.61	64.8	16.88	44.25	13.69	51.77
25	0.833	73.63	44.69	74.2	42.75	71.99	42.23	62.68	37.16	63.49	43.86	59.28	47.58	58.83	55.31	61.47	56.77	59.76	67.95	68.46	63.01	68.52	74.44	35.77	45.86	36.16	56.1	27.1	50.33	23.64	64.81	16.85	44.17	13.74	51.72
26	0.867	73.67	44.72	74.24	42.76	72.02	42.27	62.8	37.16	63.55	43.9	59.43	47.58	58.97	55.33	61.61	56.65	59.93	67.84	68.39	62.91	68.54	74.34	35.97	45.88	36.35	56.1	27.25	50.36	23.82	64.82	17.1	44.23	14.04	51.79
27	0.9	73.75	44.8	74.25	42.81	72.12	42.37	62.59	37.09	63.63	44.0	59.23	47.51	58.98	55.53	61.54	56.55	60.07	68.05	68.41	62.83	68.64	74.31	35.75	45.95	36.29	56.32	27.33	50.26	23.94	64.94	17.07	44.05	14.12	51.78
28	0.933	73.77	44.74	74.25	42.79	72.13	42.37	62.57	37.14	63.67	44.06	59.3	47.42	58.99	55.27	61.63	56.53	60.07	67.71	68.35	62.88	68.42	74.25	35.8	45.93	36.32	56.17	27.26	50.13	23.85	64.66	17.04	44.08	14.11	51.8
29	0.967	73.85	44.66	74.35	42.7	72.18	42.28	62.72	37.07	63.69	43.96	59.46	47.31	59.0	55.11	61.8	56.56	60.18	67.7	68.52	62.92	68.63	74.32	35.93	45.75	36.34	55.99	27.36	49.96	23.84	64.49	17.08	43.95	14.09	51.69
30	1.0	73.8	44.56	74.29	42.57	72.13	42.18	62.68	36.95	63.67	43.9	59.43	47.28	59.01	55.15	61.86	56.51	60.33	67.77	68.54	62.94	68.89	74.49	35.83	45.61	36.25	55.91	27.32	49.82	23.78	64.42	17.24	43.72	14.16	51.52
31	1.033	73.69	44.41	74.16	42.4	71.99	42.05	62.67	36.82	63.55	43.78	59.46	47.24	58.99	54.96	61.75	56.48	60.16	67.5	68.31	62.93	68.67	74.55	36.05	45.7	36.43	55.87	27.45	50.11	23.93	64.56	17.35	43.82	14.23	51.66
32	1.067	73.69	44.28	74.15	42.25	71.96	41.92	62.7	36.68	63.49	43.7	59.56	47.33	59.0	55.13	61.94	56.61	60.4	67.76	68.44	62.92	69.02	74.59	35.99	45.67	36.3	55.92	27.42	50.11	23.79	64.69	17.14	43.63	13.93	51.55
33	1.1	73.64	44.15	74.06	42.11	71.93	41.81	62.53	36.48	63.49	43.59	59.43	47.11	58.92	55.0	61.78	56.39	60.1	67.61	68.38	62.96	68.66	74.78	35.86	45.56	36.22	55.84	27.33	50.11	23.71	64.76	16.91	43.66	13.7	51.72
34	1.133	73.67	44.17	74.13	42.14	71.96	41.79	62.63	36.54	63.51	43.54	59.45	47.22	58.94	54.97	61.65	56.57	60.03	67.57	68.26	62.98	68.51	74.64	35.92	45.89	36.28	56.09	27.36	50.49	23.79	65.01	17.02	44.08	13.9	52.04
35	1.167	73.73	44.12	74.14	42.14	72.06	41.76	62.53	36.64	63.67	43.6	59.41	47.27	59.01	55.0	61.69	56.55	59.94	67.55	68.26	63.02	68.43	74.57	35.89	46.03	36.34	56.19	27.36	50.62	23.89	65.07	17.15	44.32	14.0	52.18
36	1.2	73.79	44.3	74.25	42.29	72.13	41.91	62.66	36.57	63.74	43.55	59.45	47.1	59.09	54.81	61.6	56.37	59.95	67.3	68.26	62.85	68.33	74.42	35.83	46.0	36.3	56.19	27.12	50.55	23.62	65.06	16.85	44.42	13.72	52.34
37	1.233	73.94	44.38	74.41	42.4	72.32	41.97	62.65	36.61	63.86	43.56	59.34	47.08	59.09	54.77	61.43	56.45	60.01	67.27	68.3	62.84	68.27	74.4	35.53	45.92	36.12	56.13	26.98	50.37	23.47	64.89	16.6	44.5	13.52	52.4
38	1.267	74.19	44.66	74.69	42.69	72.59	42.22	62.85	36.82	64.14	43.65	59.5	47.11	59.43	54.52	61.47	56.58	60.36	66.98	68.51	62.82	68.52	74.26	35.7	46.44	36.4	56.54	26.83	50.7	23.33	65.08	16.39	45.22	13.31	53.0
39	1.3	74.46	44.87	75.0	42.97	72.9	42.4	63.1	37.18	64.43	43.82	59.67	47.37	59.52	54.63	61.5	56.92	60.27	67.1	68.53	62.94	68.48	74.11	35.91	46.69	36.53	56.72	27.09	50.88	23.67	65.14	16.78	45.58	13.92	53.18
40	1.333	74.64	44.92	75.22	43.02	73.07	42.44	63.32	37.19	64.53	43.77	59.83	47.25	59.56	54.38	61.55	57.06	60.31	67.08	68.57	63.02	68.67	74.23	36.05	46.87	36.58	56.87	27.04	51.14	23.59	65.34	16.57	46.0	13.71	53.54
41	1.367	74.63	44.92	75.2	43.05	73.06	42.44	63.28	37.29	64.54	43.84	59.79	47.36	59.6	54.47	61.47	57.13	60.35	67.13	68.54	63.14	68.7	74.31	36.0	46.91	36.59	56.89	27.06	51.21	23.65	65.4	16.52	46.13	13.67	53.65
42	1.4	74.68	44.94	75.27	43.02	73.13	42.43	63.3	37.07	64.59	43.68	59.69	47.12	59.61	54.26	61.34	57.09	60.25	67.05	68.53	63.16	68.66	74.29	35.8	46.9	36.46	56.93	26.79	51.4	23.42	65.65	16.3	46.32	13.38	53.9
43	1.433	74.67	44.88	75.2	42.99	73.13	42.4	63.12	37.14	64.6	43.78	59.61	47.35	59.57	54.41	61.22	57.29	60.12	66.96	68.51	63.11	68.39	73.95	35.73	47.23	36.46	57.18	26.81	51.53	23.46	65.68	16.36	46.31	13.54	53.97
44	1.467	74.46	44.81	75.0	42.89	72.88	42.34	63.06	37.08	64.43	43.76	59.64	47.39	59.53	54.46	61.25	57.28	60.02	67.03	68.45	63.23	68.29	74.21	35.76	47.17	36.45	57.1	26.81	51.65	23.47	65.81	16.3	46.44	13.43	54.18
45	1.5	74.37	44.74	74.89	42.81	72.81	42.27	62.92	36.94	64.41	43.66	59.56	47.23	59.52	54.3	61.26	57.1	60.08	66.86	68.51	63.21	68.45	74.34	35.47	46.98	36.2	56.94	26.43	51.47	22.98	65.69	15.85	46.24	12.75	54.04
46	1.533	74.41	44.66	74.96	42.76	72.87	42.18	62.97	36.96	64.48	43.6	59.58	47.29	59.62	54.5	61.43	57.1	60.34	67.24	68.63	63.04	68.84	74.02	35.43	46.81	36.17	56.88	26.48	51.25	23.06	65.59	15.85	45.9	12.68	53.52
47	1.567	74.37	44.59	74.89	42.7	72.83	42.13	62.89	36.98	64.42	43.61	59.54	47.3	59.58	54.48	61.44	57.18	60.43	67.29	68.67	63.07	68.97	74.06	35.58	46.89	36.31	56.92	26.68	51.3	23.28	65.58	16.01	46.0	12.89	53.6
48	1.6	74.33	44.63	74.83	42.73	72.8	42.17	62.81	36.92	64.38	43.59	59.43	47.16	59.5	54.45	61.46	57.04	60.46	67.33	68.75	62.99	69.16	74.01	35.44	46.61	36.21	56.71	26.67	51.06	23.3	65.42	15.94	45.68	12.82	53.29
49	1.633	74.17	44.79	74.63	42.87	72.69	42.37	62.49	36.92	64.28	43.69	59.05	46.92	59.3	54.37	61.19	56.7	60.31	67.16	68.61	62.88	69.06	74.01	35.17	46.44	36.07	56.58	26.7	50.98	23.44	65.4	15.98	45.64	12.99	53.37
50	1.667	74.16	44.84	74.61	42.87	72.67	42.41	62.43	36.76	64.2	43.67	58.89	46.71	59.25	54.43	61.05	56.38	60.21	67.2	68.41	62.82	68.8	74.15	34.9	46.15	35.89	56.46	26.35	50.79	23.08	65.43	15.59	45.37	12.51	53.18
51	1.7	73.92	44.79	74.34	42.75	72.37	42.41	62.3	36.64	63.93	43.7	58.89	46.64	59.1	54.39	61.35	56.38	60.2	67.21	68.46	62.86	68.74	74.24	34.96	46.14	35.86	56.41	26.26	50.83	22.95	65.43	15.84	45.45	12.68	53.31
52	1.733	73.64	44.46	74.03	42.45	72.06	42.12	62.13	36.52	63.73	43.54	58.88	46.61	59.14	54.17	61.35	56.39	60.3	67.07	68.46	62.72	68.91	74.26	35.22	46.22	36.15	56.33	26.42	51.09	23.17	65.51	15.76	45.73	12.49	53.59
53	1.767	73.42	44.09	73.83	41.94	71.77	41.68	62.12	35.95	63.37	43.01	58.85	46.66	59.04	54.1	61.42	56.7	60.5	67.19	68.6	62.48	68.99	74.14	35.22	46.47	36.08	56.55	26.36	51.68	23.11	66.07	15.66	45.94	12.42	53.86
54	1.8	73.44	43.61	73.77	41.52	71.72	41.25	61.93	35.81	63.19	42.94	58.64	47.01	58.9	54.2	61.05	57.14	60.42	66.96	68.29	62.59	68.7	74.11	34.96	46.58	35.89	56.49	26.25	52.0	23.04	66.18	15.63	45.96	12.45	54.05
55	1.833	73.39	43.3	73.7	41.23	71.7	40.94	61.82	35.53	63.23	42.65	58.53	46.75	58.95	54.04	60.82	56.78	60.39	66.78	68.15	62.51	68.48	74.08	34.93	46.48	36.0	56.41	26.49	51.99	23.36	66.21	15.66	46.06	12.58	54.21
56	1.867	73.46	43.2	73.76	41.23	71.8	40.84	61.85	35.73	63.4	42.65	58.62	47.0	59.03	53.97	60.85	56.93	60.34	66.44	68.17	62.42	68.31	73.8	34.9	46.63	35.96	56.37	26.36	52.05	23.25	66.0	15.74	46.04	12.66	54.0
57	1.9	73.66	43.31	73.91	41.38	72.05	40.99	61.73	35.85	63.67	42.86	58.53	46.99	59.11	54.02	60.83	56.91	60.34	66.41	68.18	62.33	68.2	73.65	34.5	46.62	35.7	56.42	25.94	51.85	22.8	65.88	15.4	45.96	12.25	53.99
58	1.933	73.71	43.38	73.97	41.47	72.15	41.05	61.7	35.86	63.79	42.85	58.47	46.93	59.02	53.91	60.52	57.02	60.09	66.35	67.96	62.46	68.09	73.88	34.29	46.67	35.49	56.46	25.72	51.82	22.5	65.86	15.17	45.99	12.03	54.08
59	1.967	73.78	43.46	74.12	41.54	72.25	41.05	61.99	35.79	63.91	42.61	58.55	46.71	59.14	53.44	60.25	56.77	59.81	65.7	67.73	62.29	67.77	73.69	34.39	46.51	35.6	56.19	25.68	52.01	22.53	65.86	15.14	46.34	11.98	54.33
60	2.0	73.83	43.73	74.2	41.78	72.33	41.27	61.98	35.83	63.98	42.67	58.44	46.7	59.2	53.58	60.06	56.71	59.86	65.81	67.69	62.06	67.77	73.17	34.31	46.71	35.64	56.48	25.75	52.05	22.65	66.03	15.15	46.54	12.06	54.53
61	2.033	73.97	43.88	74.37	41.91	72.51	41.41	62.06	35.77	64.11	42.67	58.44	46.49	59.21	53.52	59.89	56.53	59.76	65.76	67.63	62.09	67.85	73.21	34.26	46.59	35.61	56.48	25.7	51.89	22.56	66.03	14.96	46.42	11.91	54.52
62	2.067	74.03	43.95	74.51	42.0	72.55	41.45	62.37	35.88	64.11	42.64	58.62	46.43	59.28	53.28	60.04	56.5	59.79	65.58	67.78	62.0	67.97	73.15	34.5	46.62	35.75	56.44	25.73	52.0	22.62	65.99	15.07	46.72	12.0	54.62
63	2.1	74.08	43.97	74.56	42.07	72.63	41.46	62.33	36.03	64.18	42.7	58.56	46.6	59.28	53.4	59.9	56.59	59.71	65.59	67.73	62.04	67.86	73.01	34.44	46.71	35.73	56.5	25.67	52.09	22.6	66.05	14.98	46.79	11.93	54.6
64	2.133	74.06	44.0	74.53	42.14	72.62	41.49	62.28	36.16	64.21	42.74	58.55	46.69	59.35	53.45	59.89	56.56	59.83	65.57	67.76	62.07	68.04	72.9	34.5	46.75	35.82	56.51	25.74	52.05	22.65	65.97	14.94	46.8	11.82	54.5
65	2.167	74.11	43.91	74.57	42.06	72.7	41.39	62.22	36.11	64.26	42.67	58.47	46.65	59.24	53.49	59.9	56.6	59.73	65.76	67.77	62.12	68.05	73.08	34.39	46.82	35.7	56.63	25.71	52.15	22.63	66.1	15.13	47.0	12.07	54.65
66	2.2	74.24	44.0	74.69	42.17	72.85	41.49	62.29	36.21	64.42	42.74	58.55	46.62	59.3	53.55	60.04	56.56	59.78	65.93	67.8	62.05	68.16	73.09	34.6	46.84	35.89	56.69	25.98	51.87	22.91	65.84	15.51	46.77	12.56	54.33
67	2.233	74.28	44.21	74.69	42.39	72.87	41.74	62.18	36.47	64.39	43.11	58.53	46.77	59.3	53.9	60.2	56.49	59.86	66.16	67.88	61.97	68.1	72.88	34.65	46.84	35.99	56.76	26.15	51.61	23.12	65.67	15.53	46.58	12.68	54.16
68	2.267	74.3	44.37	74.71	42.54	72.91	41.88	62.12	36.52	64.43	43.17	58.45	46.83	59.36	53.93	60.05	56.53	59.9	66.08	67.89	61.91	68.14	72.72	34.5	46.87	35.94	56.8	25.97	51.71	23.0	65.8	15.23	46.63	12.38	54.27
69	2.3	74.18	44.44	74.59	42.63	72.82	41.96	62.08	36.66	64.38	43.22	58.36	46.93	59.27	53.91	59.9	56.52	59.74	65.87	67.76	61.92	67.85	72.76	34.58	46.85	36.0	56.68	26.17	51.77	23.2	65.7	15.66	46.65	12.85	54.22
70	2.333	74.08	44.55	74.49	42.76	72.74	42.07	62.02	36.77	64.4	43.23	58.36	46.97	59.35	53.75	59.74	56.5	59.72	65.57	67.69	61.91	67.9	72.49	34.74	47.04	36.2	56.75	26.28	52.0	23.28	65.81	15.54	46.94	12.58	54.49
71	2.367	74.04	44.65	74.46	42.8	72.72	42.12	62.0	36.64	64.4	43.11	58.34	46.87	59.33	53.71	59.48	56.47	59.65	65.6	67.55	61.9	67.99	72.36	34.86	47.24	36.31	57.01	26.38	52.19	23.36	66.12	15.39	47.22	12.53	54.86
72	2.4	74.14	44.55	74.51	42.74	72.77	42.05	62.11	36.8	64.47	43.19	58.61	47.28	59.47	53.78	59.85	56.93	59.96	65.56	67.71	62.06	68.32	72.4	35.11	47.54	36.46	57.11	26.5	52.44	23.46	66.12	15.61	47.3	12.71	54.86
73	2.433	74.28	44.29	74.57	42.52	72.91	41.84	62.0	36.77	64.63	43.21	58.71	47.45	59.66	54.01	60.19	56.78	60.38	65.54	67.9	62.02	68.5	72.35	35.13	47.81	36.55	57.37	26.71	52.75	23.69	66.45	15.78	47.54	12.98	55.12
74	2.467	74.55	44.05	74.84	42.37	73.22	41.57	62.12	36.76	65.0	42.96	58.73	47.39	60.06	53.75	60.1	56.7	60.89	65.35	67.98	61.83	69.24	72.33	35.31	47.98	36.94	57.47	26.95	52.67	24.1	66.21	16.1	47.84	13.29	55.18
75	2.5	74.68	43.74	74.96	42.09	73.34	41.28	62.19	36.51	65.05	42.71	58.76	47.16	60.05	53.35	60.05	56.73	60.95	65.04	68.12	61.56	69.94	71.98	35.4	48.01	37.01	57.42	27.12	52.63	24.32	66.06	16.13	47.82	13.38	55.21
76	2.533	74.77	43.58	75.05	41.91	73.36	41.13	62.38	36.47	65.07	42.65	59.0	47.19	60.19	53.24	60.43	57.1	61.36	65.31	68.45	61.8	70.64	72.38	35.81	48.03	37.31	57.38	27.52	52.73	24.76	66.07	16.67	47.87	13.93	55.28
77	2.567	74.71	43.41	74.98	41.72	73.31	40.93	62.3	36.27	65.07	42.43	58.96	47.01	60.16	53.15	60.2	56.95	61.15	65.33	68.29	61.87	70.42	72.52	35.97	47.94	37.47	57.33	27.7	52.58	24.95	65.99	16.83	47.84	14.19	55.31
78	2.6	74.81	43.16	75.06	41.53	73.39	40.7	62.36	36.32	65.12	42.38	59.06	47.31	60.22	53.29	60.43	57.41	61.4	65.63	68.39	62.09	70.71	72.72	36.03	48.2	37.47	57.51	27.72	52.94	24.98	66.21	17.07	47.97	14.35	55.29
79	2.633	74.72	42.85	74.94	41.27	73.31	40.38	62.2	36.25	65.11	42.22	58.95	47.36	60.14	53.26	60.13	57.49	61.15	65.54	68.12	62.43	70.41	72.93	35.88	48.13	37.36	57.36	27.69	52.85	24.95	66.04	17.06	47.87	14.33	55.21
80	2.667	74.62	42.58	74.85	40.99	73.21	40.08	62.16	35.97	65.06	41.94	58.94	47.32	60.18	53.16	59.84	57.49	61.06	65.41	67.9	62.51	70.22	72.89	35.93	48.23	37.44	57.42	27.76	53.02	25.01	66.21	16.93	47.97	14.23	55.43
81	2.7	74.72	42.08	74.92	40.49	73.25	39.6	62.14	35.59	65.0	41.65	59.01	47.22	60.16	53.21	59.99	57.25	61.11	65.38	68.19	62.31	70.44	72.44	35.85	48.19	37.34	57.5	27.66	53.14	24.88	66.53	16.42	47.88	13.68	55.46
82	2.733	74.77	41.82	74.95	40.26	73.32	39.33	62.03	35.45	65.07	41.51	58.89	47.31	60.33	53.45	59.91	57.05	61.36	65.42	68.34	62.08	70.47	71.96	35.69	48.33	37.4	57.7	27.71	53.13	25.08	66.63	16.31	47.91	13.7	55.49
83	2.767	74.91	41.37	75.12	39.82	73.43	38.85	62.23	35.1	65.06	41.1	58.96	47.08	60.46	53.24	60.14	57.22	61.94	65.77	68.72	61.68	71.42	71.87	35.86	48.21	37.55	57.66	27.92	52.94	25.38	66.47	16.51	47.71	13.93	55.15
84	2.8	74.95	40.97	75.12	39.45	73.4	38.49	62.24	34.98	65.03	40.98	58.96	47.18	60.61	53.25	60.27	57.58	62.21	66.0	68.85	61.51	71.61	71.59	35.97	48.09	37.76	57.47	28.15	52.89	25.82	66.31	16.88	47.53	14.35	54.97
85	2.833	75.01	40.81	75.17	39.3	73.5	38.32	62.2	34.88	65.24	40.88	59.03	47.14	60.8	53.35	60.38	57.35	62.05	66.09	68.95	61.52	71.32	71.7	35.83	48.25	37.72	57.72	27.89	52.8	25.66	66.35	16.55	47.5	14.02	54.94
86	2.867	75.17	40.89	75.27	39.43	73.67	38.52	62.15	34.97	65.39	41.06	59.09	46.5	60.58	52.63	60.54	57.0	62.23	65.59	68.97	61.43	72.43	72.04	36.03	47.7	37.7	57.14	28.06	51.99	25.48	65.48	16.92	47.19	14.18	54.71
87	2.9	75.29	40.9	75.32	39.51	73.77	38.64	61.98	35.16	65.49	41.35	59.02	46.19	60.81	52.52	60.85	56.55	62.81	65.6	69.46	61.11	73.17	72.2	36.38	47.96	38.24	57.47	28.45	51.95	25.94	65.48	17.24	47.65	14.44	55.15
88	2.933	75.49	40.98	75.52	39.54	73.89	38.74	62.13	35.16	65.51	41.52	59.27	46.18	60.91	52.81	61.53	56.73	63.54	66.32	69.92	61.34	74.03	72.26	36.38	48.51	38.12	58.25	28.25	52.1	25.57	65.97	16.83	48.01	13.94	55.5
89	2.967	75.8	41.2	75.77	39.82	74.21	39.04	62.12	35.42	65.73	41.95	59.34	46.32	60.95	53.19	61.87	56.65	63.8	66.48	69.97	61.17	74.33	71.79	36.06	48.54	37.83	58.42	28.13	51.8	25.31	65.85	16.5	47.69	13.52	55.18
90	3.0	75.95	41.64	75.83	40.29	74.4	39.53	61.82	35.78	65.9	42.41	59.14	46.43	60.92	53.44	62.13	56.65	63.84	66.65	70.14	61.03	74.46	71.44	35.64	48.91	37.59	58.82	27.83	52.09	25.05	66.16	16.16	48.14	13.12	55.5
91	3.033	76.26	42.57	76.16	41.3	74.91	40.43	61.81	36.46	66.42	42.9	58.82	46.49	60.95	53.1	61.53	56.69	63.44	65.79	69.89	60.82	74.49	70.86	35.21	48.58	37.42	58.31	27.68	51.62	24.98	65.35	16.3	47.87	13.24	55.07
92	3.067	76.26	43.43	76.15	42.09	75.04	41.27	61.59	36.88	66.75	43.46	58.6	46.46	61.19	53.37	61.3	56.66	63.72	66.16	69.56	61.05	74.43	71.46	34.93	48.57	37.48	58.45	27.65	51.36	25.0	65.26	16.34	47.89	13.37	55.12
93	3.1	76.59	43.98	76.48	42.77	75.37	41.86	61.77	37.68	66.98	44.17	58.73	47.12	61.29	53.94	61.06	57.08	63.62	66.29	69.41	61.36	74.25	71.39	35.13	49.17	37.68	59.01	27.91	51.81	25.21	65.64	16.33	48.27	13.51	55.43
94	3.133	76.8	44.39	76.73	43.21	75.61	42.31	62.04	38.07	67.17	44.59	58.79	47.11	61.39	54.18	61.38	56.55	63.87	66.08	69.48	61.06	74.33	70.96	35.2	49.09	37.75	59.04	28.04	51.31	25.47	65.19	17.1	47.9	14.56	54.83
95	3.167	76.79	44.76	76.73	43.58	75.62	42.69	62.03	38.32	67.15	44.85	58.79	47.07	61.23	54.15	61.5	56.45	63.47	66.01	69.52	61.22	74.34	71.02	35.13	49.04	37.59	59.01	27.75	51.28	25.14	65.17	16.84	48.07	14.12	54.95
96	3.2	76.8	44.9	76.72	43.79	75.61	42.88	61.93	38.66	67.09	45.2	58.76	47.4	61.21	54.37	61.55	56.47	63.58	65.78	69.85	61.3	74.51	71.01	35.01	48.96	37.48	58.88	27.52	50.94	24.77	64.79	16.57	47.73	13.72	54.63
97	3.233	76.85	44.91	76.76	43.78	75.72	42.85	61.82	38.43	67.17	45.02	58.55	47.1	61.15	54.03	61.29	56.27	63.45	65.41	69.91	61.39	74.64	71.45	34.61	48.55	37.18	58.51	27.13	50.68	24.35	64.56	16.2	47.44	13.28	54.45
98	3.267	76.84	44.97	76.76	43.79	75.69	42.93	61.78	38.31	67.08	45.09	58.58	46.86	60.91	54.11	61.69	56.11	63.32	65.7	70.3	61.33	74.86	71.12	34.26	48.29	36.65	58.5	26.49	50.24	23.53	64.46	15.65	47.04	12.56	54.16
99	3.3	76.93	44.82	76.8	43.58	75.74	42.8	61.74	38.15	67.09	45.09	58.72	46.94	61.22	54.59	62.46	56.0	64.34	66.39	70.59	61.03	75.26	70.76	34.27	48.38	36.75	58.8	26.54	49.9	23.61	64.41	15.66	46.9	12.64	53.89
100	3.333	76.89	44.53	76.71	43.35	75.71	42.54	61.56	38.12	67.06	45.03	58.64	46.94	61.13	54.73	62.64	55.7	64.39	66.38	70.67	61.01	75.33	70.79	34.1	48.08	36.59	58.55	26.54	49.56	23.55	64.12	15.75	46.47	12.6	53.35
101	3.367	77.02	44.33	76.8	43.17	75.86	42.34	61.45	38.01	67.18	44.9	58.53	46.85	61.13	54.65	62.83	55.72	64.77	66.45	70.94	60.97	75.94	70.85	33.77	47.87	36.29	58.4	26.33	49.13	23.32	63.72	15.86	45.95	12.68	52.8
102	3.4	76.96	44.22	76.76	43.14	75.82	42.24	61.56	38.17	67.23	44.84	58.62	46.9	61.2	54.51	62.74	55.66	64.77	66.3	70.6	60.84	75.81	70.99	34.09	47.7	36.55	58.08	26.62	48.94	23.59	63.31	16.37	45.74	13.05	52.37
103	3.433	77.05	44.04	76.82	43.09	75.89	42.1	61.57	38.47	67.32	44.97	58.73	47.3	61.39	54.79	63.05	55.56	64.98	66.18	70.87	61.13	75.97	71.02	34.27	48.11	36.79	58.38	26.8	49.31	23.81	63.5	16.53	46.06	13.13	52.37
104	3.467	77.28	44.18	77.08	43.23	76.12	42.23	61.78	38.55	67.54	45.04	58.92	47.27	61.65	54.71	63.16	55.71	65.29	66.3	71.05	60.89	76.24	70.88	34.46	48.11	37.04	58.4	26.97	49.29	23.99	63.5	16.44	46.31	13.05	52.61
105	3.5	77.44	44.26	77.23	43.34	76.21	42.37	62.0	38.85	67.55	45.31	59.12	47.66	61.96	54.83	63.65	56.32	66.05	66.56	71.58	60.97	76.79	71.11	34.76	48.49	37.4	58.64	27.18	49.51	24.23	63.49	16.83	46.35	13.33	52.51
106	3.533	77.51	45.21	77.35	44.24	76.34	43.24	62.12	39.55	67.74	45.89	59.1	48.16	62.18	55.28	63.64	56.4	66.58	66.53	71.86	61.23	77.5	71.37	34.87	48.6	37.61	58.77	27.64	49.43	24.79	63.39	17.51	46.2	14.17	52.36
107	3.567	77.72	45.51	77.62	44.53	76.52	43.55	62.48	39.82	67.8	46.15	59.33	48.25	62.23	55.17	63.97	56.86	66.71	66.68	72.15	61.55	77.95	71.78	35.12	48.63	37.71	58.75	27.69	49.66	24.81	63.49	17.89	46.37	14.4	52.46
108	3.6	77.62	46.15	77.59	45.2	76.48	44.2	62.59	40.41	67.81	46.54	59.27	48.37	62.18	55.11	64.08	56.99	66.61	66.67	72.26	61.73	78.2	71.98	35.2	48.67	37.75	58.68	27.68	49.96	24.9	63.56	18.21	46.7	14.63	52.43
109	3.633	77.79	47.49	77.79	46.61	76.81	45.53	62.49	41.51	68.08	47.53	58.93	48.64	62.15	55.56	63.78	56.79	66.57	66.79	72.17	61.91	78.72	72.48	34.86	48.55	37.55	58.71	27.55	49.89	24.77	63.56	18.26	47.01	14.49	52.51
110	3.667	78.1	48.07	78.17	47.22	77.17	46.08	62.85	41.89	68.4	47.81	59.06	48.55	62.29	55.43	63.69	56.73	66.29	66.78	72.08	61.97	78.85	72.93	34.91	48.25	37.57	58.46	27.53	49.94	24.78	63.61	18.24	47.1	14.28	52.48
111	3.7	78.27	50.38	78.49	49.35	77.26	47.9	62.72	43.0	68.0	48.75	58.53	49.24	62.23	56.46	62.91	55.83	66.45	66.26	73.38	62.24	78.91	73.34	34.11	49.02	37.2	59.68	28.03	49.97	25.53	64.16	17.61	48.06	14.29	53.72
112	3.733	78.44	50.63	78.69	49.59	77.47	48.11	62.89	43.02	68.18	48.81	58.61	49.13	62.3	56.56	62.98	55.39	66.47	66.1	73.47	62.2	79.19	73.48	33.89	48.72	36.98	59.55	27.89	49.79	25.4	64.17	17.5	47.52	14.23	53.24
113	3.767	78.72	50.34	78.98	49.42	77.81	47.84	63.06	42.97	68.58	48.55	58.83	48.81	62.36	56.17	63.07	54.87	66.2	65.64	73.25	61.92	78.66	72.88	33.88	48.65	36.86	59.43	27.78	49.71	25.18	64.04	17.24	47.6	13.92	53.04
114	3.8	78.85	50.04	79.12	49.1	77.9	47.51	63.2	42.66	68.56	48.24	58.83	48.74	62.5	56.05	62.95	54.97	66.4	65.67	73.2	61.48	78.63	72.67	34.08	48.69	37.15	59.45	28.1	49.7	25.51	64.0	17.37	47.65	13.98	53.09
115	3.833	79.25	49.71	79.58	48.84	78.34	47.17	63.67	42.44	68.98	47.87	59.15	48.31	62.75	55.65	63.39	54.46	66.61	65.49	73.63	61.03	79.09	72.42	34.23	48.35	37.21	59.19	28.44	49.37	25.87	63.74	17.74	47.48	14.25	52.75
116	3.867	79.46	49.62	79.77	48.73	78.55	47.06	63.76	42.29	69.2	47.69	59.19	48.08	63.17	55.59	63.9	54.48	67.53	66.09	74.39	60.59	79.86	72.46	34.32	48.41	37.52	59.4	28.87	48.94	26.46	63.47	18.12	47.71	14.61	52.87
117	3.9	78.72	47.97	78.54	46.76	77.98	46.14	63.47	40.58	69.84	47.59	59.94	47.39	63.16	55.48	65.2	55.85	67.91	66.68	74.14	61.04	79.87	71.75	33.94	47.12	36.82	57.79	26.4	48.46	22.82	63.14	17.58	45.04	13.14	51.79
118	3.933	79.39	50.0	79.67	49.09	78.51	47.4	63.62	42.51	69.2	47.85	59.05	48.2	63.21	55.62	63.7	54.64	67.81	66.07	74.27	60.72	80.05	72.28	34.34	48.56	37.64	59.5	28.97	48.87	26.43	63.36	18.23	47.99	14.62	53.08
119	3.967	79.22	50.27	79.57	49.4	78.37	47.69	63.71	42.8	69.13	47.98	59.13	48.16	63.1	55.39	63.7	54.59	67.53	65.8	74.24	60.93	79.73	72.24	34.48	48.31	37.67	59.12	28.94	48.68	26.31	62.99	18.3	47.81	14.6	52.72
120	4.0	79.34	50.66	79.71	49.8	78.49	48.08	63.75	43.09	69.15	48.32	59.12	48.33	62.99	55.62	63.8	54.6	67.42	65.78	74.48	61.14	79.76	72.08	34.3	48.4	37.45	59.25	28.83	48.68	26.19	63.06	18.14	47.65	14.56	52.58
121	4.033	79.27	50.86	79.62	49.96	78.46	48.26	63.46	43.19	69.14	48.53	58.86	48.5	62.99	56.1	63.92	54.64	67.82	66.21	74.7	61.11	80.43	71.58	33.71	48.52	37.04	59.56	28.46	48.46	25.97	63.08	17.71	47.43	14.3	52.34
122	4.067	79.43	50.83	79.77	49.92	78.59	48.22	63.57	43.08	69.2	48.45	59.02	48.42	63.1	55.92	64.12	54.76	68.06	66.2	74.96	60.88	80.71	71.22	33.8	48.55	37.08	59.6	28.27	48.51	25.66	63.17	17.45	47.59	13.87	52.54
123	4.1	79.29	50.75	79.61	49.81	78.43	48.17	63.49	42.94	69.09	48.39	59.03	48.11	63.13	55.87	64.23	54.09	68.04	66.02	74.91	60.82	80.69	71.22	33.94	48.38	37.22	59.53	28.48	48.28	25.94	63.09	17.41	47.44	13.84	52.43
124	4.133	78.8	49.89	79.07	48.98	77.85	47.45	63.05	42.74	68.46	48.27	58.64	48.42	62.73	56.04	63.99	54.22	67.86	65.85	74.27	60.24	80.19	70.72	33.99	48.65	37.29	59.53	28.5	48.14	26.19	62.59	17.69	47.21	14.41	52.14
125	4.167	78.15	49.2	78.4	48.08	77.01	46.78	62.74	41.97	67.49	47.81	58.38	48.54	62.34	55.99	64.1	54.95	68.02	65.92	74.4	59.87	80.06	69.89	34.1	48.72	37.34	59.43	28.35	47.97	26.18	62.24	17.86	46.43	14.86	51.66
126	4.2	77.85	48.12	77.97	46.97	76.63	45.82	62.18	41.25	67.13	47.49	58.16	48.49	62.06	56.3	64.18	54.77	68.02	66.0	74.64	60.07	80.25	69.8	33.85	48.79	37.14	59.6	28.23	47.5	26.16	61.98	17.54	45.56	15.01	51.21
127	4.233	77.38	47.1	77.45	45.83	76.13	44.83	61.9	40.17	66.85	46.66	58.03	47.8	62.04	55.84	63.69	54.29	67.8	65.72	73.72	59.48	79.39	69.81	33.99	48.19	37.32	59.07	27.98	47.12	25.9	61.72	17.72	44.84	15.18	50.84
128	4.267	77.37	46.3	77.44	45.0	76.04	44.06	62.17	39.5	66.82	46.02	58.35	47.53	62.15	55.36	63.64	54.49	67.76	65.59	73.04	59.42	78.69	69.88	34.45	48.18	37.65	58.89	28.1	46.97	26.0	61.4	18.13	44.17	15.65	50.21
129	4.3	77.34	45.27	77.33	43.93	75.9	43.08	62.34	38.71	66.7	45.32	58.64	47.5	62.28	55.17	63.65	54.74	67.83	65.55	72.46	59.79	78.21	70.48	35.05	47.93	38.11	58.5	28.38	46.93	26.17	61.23	18.76	43.24	16.1	49.43
130	4.333	77.43	45.25	77.33	43.92	76.0	43.08	62.13	38.79	66.75	45.53	58.5	47.72	62.14	55.72	63.63	54.57	67.69	65.77	72.6	59.72	77.96	70.61	34.99	47.86	38.04	58.59	28.55	46.62	26.31	61.13	19.39	42.56	16.9	48.96
131	4.367	77.42	45.22	76.68	43.36	75.98	43.73	62.19	37.6	67.53	46.6	59.35	47.11	62.37	56.5	65.11	56.58	69.0	68.22	72.5	60.73	78.69	71.57	34.01	45.69	36.86	56.7	27.29	45.78	23.45	61.28	19.62	40.19	15.49	49.04
132	4.4	77.63	45.71	76.98	43.94	76.22	44.23	62.51	38.08	67.73	46.92	59.46	46.93	62.41	56.22	65.36	56.45	68.98	68.12	72.98	60.78	79.15	71.8	34.07	45.64	36.83	56.69	27.15	45.77	23.28	61.24	19.46	40.39	15.1	48.98
133	4.433	77.58	46.42	77.01	44.74	76.25	44.95	62.62	38.87	67.82	47.45	59.5	47.12	62.49	56.19	65.43	56.39	68.98	67.92	73.0	60.77	79.31	71.7	34.27	45.72	37.01	56.64	27.16	45.88	23.33	61.1	19.48	40.62	14.95	48.82
134	4.467	76.94	48.31	76.93	46.42	75.54	46.06	63.2	40.04	66.61	47.3	59.79	48.08	61.56	56.81	63.47	54.47	65.28	65.52	73.88	60.12	74.94	69.28	37.05	48.86	39.3	59.2	32.96	47.68	30.06	62.07	23.3	42.76	22.06	50.84
135	4.5	77.39	47.97	76.93	46.35	76.28	46.47	62.37	39.95	67.92	48.3	59.0	47.04	62.06	56.1	64.7	55.63	67.81	67.11	72.9	60.33	78.69	70.94	34.0	45.86	36.8	56.78	26.78	46.06	23.03	61.26	18.83	41.43	14.51	49.41
136	4.533	77.42	47.97	77.43	46.92	76.53	46.04	62.23	41.1	67.62	47.49	58.42	47.62	61.74	55.75	64.66	54.39	67.45	66.36	72.99	59.57	79.86	70.19	34.61	46.61	37.28	57.4	28.06	46.98	25.35	61.37	19.4	43.41	15.97	48.76
137	4.567	77.3	48.08	76.84	46.43	76.25	46.55	62.09	39.77	67.86	48.17	58.52	46.73	61.78	55.82	63.95	55.31	67.33	66.64	72.6	60.08	78.28	70.64	33.23	45.69	36.21	56.7	25.93	45.8	22.12	61.16	17.96	41.41	13.58	49.62
138	4.6	77.21	48.7	77.33	47.51	76.11	46.44	61.86	41.3	66.79	47.61	57.74	47.78	61.3	55.82	63.17	53.47	66.76	64.88	72.84	58.83	79.0	70.0	34.02	47.63	36.97	58.49	27.79	46.4	25.49	60.8	18.49	43.46	16.1	49.16
139	4.633	77.2	48.1	77.32	46.85	76.05	45.83	61.85	40.65	66.72	47.13	57.81	47.39	61.38	55.54	63.17	53.32	66.82	64.82	72.8	58.53	79.08	69.7	33.94	47.6	36.89	58.56	27.42	46.37	25.12	60.94	17.78	43.39	15.35	49.27
140	4.667	77.15	47.6	77.26	46.36	75.93	45.4	62.08	40.32	66.64	46.74	58.01	47.1	61.46	54.93	63.15	53.18	66.48	64.3	72.47	58.18	78.2	69.65	34.58	47.65	37.47	58.33	28.06	46.49	25.92	60.73	18.32	43.49	15.97	49.4
141	4.7	77.13	47.51	77.28	46.23	75.94	45.25	62.13	40.1	66.67	46.44	57.97	46.86	61.58	54.6	62.94	53.21	66.83	64.21	72.45	58.1	78.3	69.78	34.59	47.54	37.56	58.19	28.22	46.39	25.99	60.6	18.41	43.89	16.01	49.79
142	4.733	76.8	47.41	76.81	45.37	75.38	45.1	62.87	38.6	66.45	46.17	59.4	46.92	61.58	55.5	62.98	54.21	65.25	64.56	73.64	58.61	74.73	67.58	36.07	48.61	38.63	59.01	31.0	47.48	28.16	62.0	20.86	43.09	19.46	51.43
143	4.767	76.79	47.5	76.8	45.46	75.38	45.19	62.95	38.68	66.52	46.17	59.55	46.9	61.76	55.47	63.06	54.01	65.25	64.54	73.67	58.6	74.81	67.58	36.5	48.81	39.1	59.16	31.44	47.66	28.71	62.12	21.08	43.4	19.7	51.64
144	4.8	76.84	47.53	76.86	45.56	75.47	45.23	62.92	38.84	66.64	46.27	59.53	46.83	61.76	55.42	63.18	53.87	65.26	64.51	73.8	58.64	74.96	67.49	36.22	48.57	38.85	58.95	31.06	47.52	28.28	62.0	20.6	43.5	19.02	51.56
145	4.833	77.32	47.83	77.56	46.59	76.15	45.55	62.48	40.4	66.95	46.53	58.25	46.74	62.08	54.35	63.58	53.08	67.52	64.24	73.19	58.2	79.09	69.39	34.78	47.89	37.96	58.5	28.57	46.39	26.43	60.52	18.24	44.93	15.58	50.39
146	4.867	77.07	47.99	77.14	46.08	75.73	45.71	63.12	39.38	66.89	46.72	59.75	47.09	61.71	55.64	63.54	54.02	65.35	64.63	74.32	58.8	75.81	67.13	36.07	48.55	38.55	58.96	31.19	47.48	28.25	61.99	20.64	43.71	18.96	51.69
147	4.9	77.66	47.19	77.28	45.51	76.48	45.61	62.68	38.9	67.99	47.34	59.25	46.32	62.19	55.05	64.45	55.41	67.49	66.21	73.35	59.54	78.83	70.16	33.9	45.65	36.69	56.56	25.98	46.23	22.11	61.54	17.19	42.01	12.74	50.42
148	4.933	77.73	47.38	77.33	45.69	76.57	45.81	62.56	39.02	68.06	47.52	59.12	46.34	62.12	55.13	64.48	55.48	67.5	66.34	73.3	59.31	78.74	69.92	33.49	45.7	36.33	56.67	25.55	46.14	21.68	61.53	16.85	42.09	12.42	50.52
149	4.967	77.21	48.57	77.27	46.71	75.93	46.3	63.06	39.98	67.07	47.33	59.67	47.47	61.54	55.95	63.38	54.25	64.97	64.57	74.07	58.81	75.51	66.98	35.47	48.69	37.93	59.06	30.84	47.85	27.93	62.31	20.34	44.35	18.87	52.44
150	5.0	77.32	48.76	77.41	46.91	76.04	46.48	63.23	40.15	67.21	47.41	59.83	47.57	61.77	55.96	63.68	54.13	65.32	64.5	74.14	58.78	76.16	67.23	35.49	48.67	37.98	59.0	30.83	48.07	28.1	62.43	20.31	44.74	18.9	52.64
151	5.033	77.27	48.58	77.35	46.74	76.0	46.31	63.21	40.03	67.27	47.23	59.87	47.39	61.98	55.61	63.69	53.93	65.45	64.21	73.89	58.71	76.38	67.72	35.88	48.66	38.44	58.86	30.84	48.31	28.21	62.45	20.6	45.06	19.07	52.78
152	5.067	77.23	48.31	77.29	46.49	75.97	46.07	63.22	39.8	67.24	47.01	59.84	47.04	62.02	55.49	63.62	53.51	65.65	64.2	73.57	58.21	76.19	67.55	36.3	48.37	38.88	58.63	31.39	47.92	28.7	62.09	21.26	44.62	19.7	52.21
153	5.1	77.21	47.95	77.24	46.16	75.93	45.74	63.22	39.69	67.23	46.82	59.87	47.14	62.22	55.47	63.86	53.63	66.4	64.19	73.78	58.31	76.68	67.38	36.45	48.29	39.13	58.46	31.65	47.9	29.01	61.96	21.58	44.5	20.0	51.92
154	5.133	77.34	47.71	77.41	45.9	76.02	45.49	63.52	39.44	67.29	46.6	60.15	47.0	62.3	55.47	64.09	53.61	66.49	64.4	74.02	58.09	76.64	67.22	36.88	48.28	39.39	58.56	32.02	47.63	29.23	61.83	22.27	44.38	20.67	51.88
155	5.167	77.37	47.55	77.4	45.75	76.09	45.32	63.32	39.32	67.41	46.46	60.0	46.91	62.47	55.33	64.16	53.5	66.83	64.28	74.36	57.66	76.87	66.92	36.61	48.27	39.33	58.56	31.82	47.47	29.1	61.66	22.02	44.39	20.37	51.84
156	5.2	77.23	47.41	77.24	45.68	76.03	45.18	63.13	39.34	67.52	46.28	59.84	46.83	62.47	55.0	63.54	53.52	66.82	63.87	73.74	57.57	76.65	66.62	36.58	48.2	39.38	58.33	31.8	47.24	28.93	61.27	22.04	44.45	20.24	51.83
157	5.233	77.18	47.05	77.15	45.38	76.02	44.84	63.06	39.22	67.72	46.01	59.88	46.86	62.81	54.66	63.34	53.69	67.24	63.5	73.41	57.75	77.07	66.55	36.58	48.22	39.54	58.15	31.65	47.52	28.94	61.3	21.83	44.85	20.02	52.13
158	5.267	77.22	46.92	77.24	45.26	76.09	44.7	63.18	39.01	67.82	45.83	60.0	46.49	62.79	54.45	63.34	53.28	66.91	63.32	73.15	57.63	76.84	66.48	36.56	47.95	39.42	57.99	31.41	47.45	28.64	61.36	21.57	45.01	19.71	52.28
159	5.3	77.34	46.79	77.38	45.12	76.24	44.55	63.28	38.74	67.97	45.59	60.02	46.11	62.74	54.16	63.1	53.03	66.39	63.16	72.85	57.67	76.37	66.65	36.48	47.72	39.3	57.83	31.17	47.37	28.41	61.38	21.43	45.11	19.64	52.46
160	5.333	77.46	47.0	77.51	45.3	76.38	44.72	63.32	38.7	68.07	45.61	59.98	45.96	62.81	54.11	63.09	52.91	66.45	63.1	72.96	57.8	76.67	66.66	36.4	47.55	39.29	57.76	31.09	47.24	28.33	61.37	21.3	44.97	19.42	52.36
161	5.367	77.79	47.32	77.9	45.65	76.72	45.0	63.67	38.97	68.34	45.8	60.24	46.09	63.01	54.27	63.34	52.81	66.44	63.17	73.11	57.96	76.77	66.67	36.38	47.54	39.26	57.8	31.14	47.4	28.52	61.57	21.11	45.24	19.35	52.47
162	5.4	78.03	47.75	78.23	46.1	77.01	45.34	64.01	39.26	68.66	45.9	60.61	46.1	63.31	54.26	63.86	52.79	66.89	63.35	73.77	57.98	77.58	66.75	36.42	47.26	39.19	57.63	31.06	47.47	28.36	61.76	20.93	45.65	19.04	52.71
163	5.433	78.29	47.91	78.51	46.32	77.27	45.47	64.17	39.49	68.83	46.05	60.74	46.29	63.34	54.4	64.01	52.77	66.86	63.31	74.2	58.11	77.97	66.94	36.31	47.29	38.99	57.72	31.09	47.64	28.27	61.99	20.71	45.86	18.66	52.91
164	5.467	78.4	47.98	78.74	46.37	77.32	45.45	64.75	39.45	68.89	45.89	61.2	46.17	63.75	54.21	64.33	52.73	67.21	63.42	74.41	58.05	78.45	67.22	36.91	47.03	39.49	57.51	31.4	47.68	28.62	62.05	21.1	46.21	18.83	53.14
165	5.5	78.46	48.01	78.77	46.42	77.34	45.54	64.67	39.65	68.82	46.14	61.23	46.49	63.69	54.43	64.54	52.87	67.47	63.29	74.77	58.31	78.76	67.0	36.75	47.18	39.29	57.59	31.18	47.8	28.24	62.14	20.81	46.42	18.45	53.38
166	5.533	78.44	48.26	78.78	46.66	77.38	45.72	64.59	39.67	68.85	46.16	61.06	46.45	63.42	54.61	64.13	52.97	66.71	63.69	74.39	58.13	77.99	66.8	36.38	47.34	38.91	57.89	30.84	47.96	27.88	62.46	20.42	46.26	18.19	53.25
167	5.567	78.99	48.52	79.36	47.66	78.16	46.07	63.67	41.24	69.16	46.49	59.44	46.59	63.39	53.85	64.41	52.98	68.67	64.26	74.96	57.89	81.01	68.02	35.17	47.82	38.35	58.63	28.92	47.03	26.19	61.42	18.21	47.74	14.74	52.44
168	5.6	78.91	48.46	79.25	47.55	78.09	45.98	63.54	41.07	69.12	46.36	59.32	46.6	63.39	53.93	64.07	53.09	68.64	64.4	74.62	57.99	80.73	68.16	35.16	47.89	38.42	58.74	28.81	47.32	26.04	61.79	18.14	47.8	14.66	52.59
169	5.633	78.73	48.31	79.04	47.39	77.94	45.83	63.26	40.87	69.04	46.21	59.17	46.45	63.24	53.9	63.91	52.82	68.3	64.3	74.5	57.95	80.75	68.01	34.97	47.89	38.24	58.8	28.54	47.36	25.83	61.92	17.54	47.46	14.15	52.29
170	5.667	78.75	47.92	79.01	47.01	77.94	45.47	63.21	40.65	69.07	46.04	59.27	46.43	63.3	54.03	64.03	52.77	68.19	64.57	74.44	58.18	80.43	68.25	35.16	48.05	38.41	59.0	28.81	47.67	26.07	62.32	17.66	47.63	14.15	52.5
171	5.7	78.63	47.59	78.84	46.68	77.86	45.15	62.98	40.36	69.12	45.8	59.12	46.27	63.31	53.94	63.77	52.77	68.03	64.61	74.02	58.11	79.95	68.19	35.01	48.09	38.39	59.02	28.76	47.79	26.11	62.43	17.57	47.75	14.17	52.67
172	5.733	78.85	46.97	79.05	46.09	78.0	44.57	63.19	40.01	69.13	45.48	59.3	46.15	63.36	53.8	63.91	52.6	68.0	64.35	74.01	57.88	79.82	67.77	35.3	48.07	38.58	58.99	28.91	47.94	26.24	62.57	17.81	47.72	14.33	52.67
173	5.767	78.78	46.6	78.95	45.74	77.9	44.27	63.14	39.86	69.06	45.39	59.31	46.1	63.4	53.73	63.9	52.57	67.77	64.3	73.57	57.91	78.83	67.94	35.45	48.04	38.78	58.85	28.96	48.18	26.35	62.69	18.05	48.02	14.49	52.94
174	5.8	78.67	46.26	78.82	45.37	77.75	43.93	63.02	39.57	68.9	45.17	59.19	46.05	63.31	53.76	63.86	52.61	67.77	64.45	73.42	57.81	78.82	68.16	35.33	48.17	38.68	59.01	28.61	48.34	26.1	62.84	17.99	47.95	14.55	52.88
175	5.833	78.5	45.43	78.64	44.54	77.48	43.1	62.95	39.14	68.54	44.75	59.17	46.32	63.07	53.93	63.73	53.12	67.75	64.73	73.14	57.9	78.82	68.11	35.39	48.39	38.57	59.14	28.7	48.46	26.11	62.87	18.02	47.79	14.63	52.78
176	5.867	78.17	45.15	78.26	44.21	77.11	42.86	62.55	38.86	68.17	44.62	58.89	46.33	62.86	53.85	63.45	53.27	67.63	64.55	72.8	57.75	78.59	67.87	35.18	48.46	38.43	59.1	28.31	48.52	25.81	62.83	17.57	47.46	14.35	52.61
177	5.9	77.88	44.77	77.95	43.76	76.73	42.54	62.38	38.54	67.77	44.49	58.84	46.36	62.79	53.82	63.73	53.37	67.96	64.43	72.98	57.67	78.95	67.41	35.08	48.41	38.33	58.98	28.16	48.26	25.77	62.53	17.36	46.97	14.27	52.28
178	5.933	77.48	44.48	77.51	43.42	76.3	42.29	62.15	38.27	67.48	44.28	58.74	46.23	62.72	53.68	63.76	53.27	67.95	64.36	72.93	57.74	78.84	67.62	35.25	48.34	38.53	58.84	28.29	48.3	26.03	62.48	17.7	46.79	14.65	52.19
179	5.967	77.38	44.4	77.42	43.37	76.21	42.25	62.12	38.26	67.43	44.24	58.7	46.15	62.67	53.42	63.68	53.44	67.87	64.23	72.76	57.73	78.65	67.71	35.27	48.42	38.56	58.77	28.1	48.41	25.83	62.38	17.67	46.85	14.56	52.13
180	6.0	77.22	44.15	77.26	43.09	76.03	41.98	62.11	38.01	67.26	44.0	58.68	46.04	62.49	53.3	63.47	53.45	67.47	64.19	72.52	57.73	78.41	67.72	35.4	48.38	38.57	58.72	28.16	48.42	25.88	62.36	17.85	46.47	14.75	51.84
181	6.033	77.11	43.91	77.13	42.88	75.91	41.75	62.02	37.99	67.17	43.88	58.57	46.02	62.42	53.14	63.39	53.47	67.58	64.08	72.34	57.69	78.49	68.11	35.49	48.42	38.65	58.65	28.21	48.39	25.93	62.13	18.35	46.52	15.19	51.77
182	6.067	77.14	43.79	77.1	42.76	75.97	41.65	61.85	37.85	67.25	43.77	58.4	45.88	62.39	53.07	63.37	53.49	67.68	64.2	72.32	57.46	78.44	68.21	35.4	48.31	38.64	58.55	28.43	48.18	26.2	61.9	18.75	46.3	15.67	51.56
183	6.1	77.26	43.62	77.18	42.6	76.11	41.46	61.74	37.75	67.36	43.66	58.3	45.91	62.47	53.09	63.36	53.65	67.77	64.4	72.31	57.29	78.42	68.25	35.2	48.29	38.57	58.56	28.14	48.18	25.99	61.89	18.67	46.32	15.59	51.55
184	6.133	77.28	43.45	77.14	42.48	76.16	41.35	61.47	37.7	67.39	43.7	58.09	45.63	62.38	53.15	63.44	52.88	67.68	64.14	72.28	56.78	78.45	67.86	35.04	48.11	38.52	58.49	28.19	47.91	26.17	61.75	18.63	46.26	15.7	51.43
185	6.167	77.28	43.35	77.1	42.39	76.23	41.22	61.31	37.61	67.61	43.56	58.05	45.66	62.51	53.16	63.22	53.01	67.73	64.35	72.04	56.82	78.43	68.4	34.91	48.11	38.49	58.52	27.96	48.03	25.85	61.88	18.43	46.27	15.36	51.44
186	6.2	77.21	43.24	77.0	42.28	76.19	41.14	61.15	37.53	67.62	43.53	58.0	45.48	62.52	53.23	63.31	52.62	67.82	64.4	72.14	56.75	78.48	68.4	34.95	48.08	38.58	58.6	28.13	47.89	25.98	61.89	18.45	46.31	15.38	51.49
187	6.233	77.11	42.92	76.87	41.97	76.08	40.82	61.06	37.36	67.55	43.3	58.0	45.45	62.5	53.12	63.26	52.64	68.09	64.37	72.13	56.46	78.62	68.39	35.07	47.84	38.66	58.32	28.27	47.55	26.02	61.52	18.62	46.16	15.53	51.38
188	6.267	76.99	42.63	76.75	41.68	75.93	40.54	61.07	37.12	67.41	43.0	58.02	45.2	62.38	52.73	63.3	52.49	68.06	64.08	71.95	56.39	78.66	68.34	35.24	47.61	38.69	57.97	28.4	47.59	26.12	61.42	18.9	46.14	15.77	51.3
189	6.3	76.84	42.35	76.58	41.41	75.8	40.29	60.87	36.9	67.36	42.82	57.91	44.97	62.31	52.53	63.2	52.36	67.89	63.96	71.8	56.39	78.63	68.26	35.07	47.52	38.59	57.87	28.08	47.34	25.88	61.16	18.57	45.77	15.51	50.93
190	6.333	76.55	41.96	76.2	41.03	75.53	39.94	60.44	36.71	67.26	42.7	57.73	44.8	62.13	52.62	63.08	51.94	67.67	63.97	71.59	56.44	78.42	68.48	35.04	47.48	38.58	57.89	28.25	47.34	26.1	61.24	18.83	45.67	15.92	50.95
191	6.367	76.24	42.79	75.96	41.49	75.18	40.41	60.58	36.09	66.77	42.37	57.34	44.42	61.55	52.78	61.03	51.53	65.44	63.66	71.87	56.8	76.01	67.63	34.79	47.88	38.45	58.62	30.41	47.37	28.7	61.99	20.11	45.8	18.53	52.63
192	6.4	76.36	43.1	76.11	41.81	75.29	40.71	60.65	36.34	66.8	42.62	57.29	44.62	61.62	52.93	61.07	51.64	65.7	63.67	71.94	57.09	76.54	67.9	34.59	48.01	38.32	58.75	30.3	47.46	28.62	62.04	20.02	45.77	18.35	52.51
193	6.433	76.35	43.13	76.11	41.84	75.3	40.72	60.73	36.38	66.87	42.58	57.39	44.7	61.65	52.89	60.99	51.78	65.66	63.63	71.85	57.2	76.49	67.86	34.63	48.05	38.3	58.75	30.33	47.58	28.58	62.12	20.02	45.71	18.31	52.44
194	6.467	76.37	43.35	76.18	42.07	75.32	40.94	60.75	36.53	66.8	42.73	57.4	44.73	61.47	52.9	61.13	51.74	65.58	63.53	72.08	57.14	76.77	67.69	34.51	48.09	38.07	58.8	30.18	47.5	28.38	62.02	19.76	45.64	18.09	52.32
195	6.5	76.35	43.65	76.12	42.39	75.36	41.25	60.57	36.73	66.86	42.94	57.25	44.68	61.31	52.96	61.08	51.71	65.34	63.64	72.26	57.11	76.65	67.71	34.33	48.06	37.92	58.83	30.18	47.47	28.37	62.05	19.82	45.62	18.27	52.32
196	6.533	76.31	44.02	76.09	42.81	75.38	41.63	60.6	37.12	66.98	43.24	57.22	44.71	61.29	53.05	60.87	51.57	65.18	63.66	72.01	56.94	76.49	67.57	34.43	48.0	37.98	58.79	30.29	47.53	28.46	62.12	20.17	45.78	18.63	52.41
197	6.567	76.29	44.79	76.12	43.66	75.47	42.37	60.65	37.8	67.16	43.72	57.21	44.83	61.21	53.18	60.79	51.22	64.89	63.49	72.05	56.77	76.59	67.58	34.27	47.8	37.74	58.64	30.2	47.83	28.29	62.43	19.91	46.17	18.25	52.6
198	6.6	76.27	45.27	76.09	44.19	75.56	42.81	60.58	38.17	67.37	43.93	57.16	44.76	61.16	53.07	60.67	51.11	64.79	63.43	72.27	56.96	76.78	67.65	34.12	47.74	37.61	58.58	30.42	47.75	28.36	62.34	19.79	46.32	18.09	52.62
199	6.633	76.73	45.61	76.62	44.51	75.96	43.14	60.85	38.29	67.44	44.17	57.28	44.81	61.13	53.34	61.05	50.98	64.86	63.58	72.78	56.7	76.93	67.19	34.01	47.87	37.44	58.88	30.53	47.3	28.46	62.12	19.59	45.9	18.02	52.26
200	6.667	76.76	45.78	76.68	44.68	75.99	43.3	60.92	38.43	67.46	44.29	57.35	44.81	61.16	53.37	61.2	50.67	64.73	63.35	72.86	56.6	76.79	67.02	33.91	47.63	37.35	58.64	30.44	47.15	28.46	61.98	19.22	45.92	17.71	52.22
201	6.7	76.67	45.92	76.59	44.85	75.9	43.46	60.96	38.59	67.42	44.39	57.37	44.81	61.18	53.36	61.06	50.55	64.57	63.27	72.49	56.47	76.47	66.92	34.16	47.47	37.59	58.43	30.7	47.1	28.75	61.87	19.53	45.88	17.98	52.14
202	6.733	76.45	46.42	76.31	45.38	75.77	43.97	60.77	39.0	67.53	44.77	57.32	44.85	61.14	53.45	60.87	50.63	64.43	63.44	72.48	56.82	76.36	67.16	34.23	47.23	37.64	58.22	31.04	47.28	28.92	62.12	19.88	46.05	18.22	52.39
203	6.767	75.98	47.37	75.85	46.38	75.43	44.9	60.39	39.81	67.42	45.31	57.04	45.15	60.83	53.39	60.52	51.03	64.23	63.37	72.19	56.67	76.43	66.89	34.02	47.16	37.38	57.92	30.89	47.52	28.6	62.02	19.81	46.2	18.02	52.26
204	6.8	76.3	46.74	76.18	45.66	75.55	44.31	60.62	39.25	67.15	45.07	57.27	45.13	60.8	53.45	60.99	51.08	64.27	63.3	72.74	56.7	76.41	66.88	34.28	47.1	37.49	57.94	30.88	47.49	28.51	62.14	19.74	45.9	17.81	52.34
205	6.833	76.34	47.31	76.25	46.26	75.6	44.85	60.69	39.69	67.12	45.48	57.15	45.29	60.71	53.64	60.64	51.23	64.19	63.47	72.46	56.72	76.41	67.15	34.12	46.95	37.34	57.85	30.93	47.36	28.45	62.04	19.76	45.92	17.79	52.36
206	6.867	76.13	47.5	76.03	46.45	75.41	45.07	60.44	39.8	66.98	45.65	56.96	45.14	60.55	53.54	60.49	51.23	63.9	63.44	72.35	56.8	76.14	67.04	34.01	46.64	37.28	57.51	30.96	47.01	28.46	61.67	19.85	45.69	17.84	52.18
207	6.9	76.55	48.25	76.52	47.21	75.81	45.81	60.8	40.21	67.16	46.24	57.11	45.12	60.53	53.94	60.33	50.8	63.35	63.57	72.03	56.19	75.33	66.99	33.87	46.36	37.08	57.51	30.84	46.77	28.26	61.8	19.58	45.66	17.67	52.39
208	6.933	76.41	49.59	76.35	48.6	75.85	47.13	60.69	41.05	67.47	46.96	57.11	44.91	60.45	53.9	60.43	50.36	63.27	63.61	72.65	56.15	75.89	67.2	33.67	46.12	36.81	57.44	31.08	46.9	28.26	62.11	19.77	45.96	17.7	52.67
209	6.967	76.45	50.58	76.41	49.58	75.9	48.14	60.78	41.71	67.45	47.74	57.1	45.15	60.38	54.51	60.5	50.07	63.24	63.91	72.81	56.15	75.98	67.48	33.57	46.19	36.68	57.73	31.35	47.01	28.41	62.52	20.02	46.16	17.95	53.02
210	7.0	76.39	51.6	76.39	50.61	75.9	49.15	60.81	42.5	67.51	48.53	57.07	45.59	60.3	55.12	60.34	50.02	62.79	64.14	72.84	56.04	75.39	67.45	33.36	46.31	36.51	57.92	31.41	46.89	28.5	62.53	20.08	46.09	18.23	53.07
211	7.033	76.71	51.95	76.74	51.02	76.22	49.49	61.18	42.81	67.68	48.81	57.26	45.67	60.34	55.39	60.39	49.65	62.67	64.14	72.91	56.09	75.21	67.81	33.6	46.37	36.66	58.1	31.72	46.9	28.77	62.69	20.37	46.26	18.67	53.21
212	7.067	76.62	52.64	76.74	51.69	76.12	50.14	61.5	43.28	67.62	49.09	57.49	45.8	60.42	55.28	60.58	49.91	62.81	64.21	73.25	56.81	75.45	68.27	33.96	46.41	36.91	58.01	32.23	47.03	29.2	62.68	20.82	46.55	18.97	53.42
213	7.1	76.35	53.41	76.44	52.44	75.95	50.88	61.15	43.77	67.63	49.52	57.27	45.98	60.38	55.5	60.71	50.1	63.01	64.46	73.93	58.11	75.95	68.66	33.57	46.48	36.71	58.1	32.16	46.98	29.16	62.69	20.47	46.6	18.76	53.33
214	7.133	76.24	54.31	76.31	53.34	75.88	51.79	61.14	44.32	67.65	50.06	57.33	46.03	60.37	55.52	60.75	50.16	62.86	64.52	74.12	58.26	75.98	68.82	33.61	46.33	36.67	57.96	32.19	47.03	29.07	62.79	20.5	46.63	18.63	53.46
215	7.167	75.82	56.28	75.86	55.35	75.66	53.76	60.84	45.71	67.77	51.27	57.15	46.2	60.22	55.83	60.69	49.93	62.66	64.78	74.56	58.66	76.04	69.06	33.42	46.18	36.5	57.87	32.59	47.1	29.3	62.98	20.82	46.87	18.95	53.62
216	7.2	76.11	56.51	76.25	55.49	75.8	53.92	61.05	45.78	67.49	51.53	57.16	46.62	59.94	56.44	60.82	50.18	62.36	65.1	74.71	58.62	75.86	68.91	33.11	46.35	36.08	58.17	32.42	46.91	29.12	62.98	20.45	46.75	18.79	53.74
217	7.233	75.98	57.14	76.17	56.11	75.69	54.53	61.17	46.2	67.37	51.92	57.23	46.66	59.68	56.69	60.74	49.9	61.88	65.29	74.65	58.42	75.6	69.05	33.28	46.27	36.02	58.18	32.92	46.86	29.46	63.1	20.89	46.83	19.26	53.98
218	7.267	75.88	57.32	76.04	56.3	75.58	54.72	61.08	46.34	67.25	52.09	57.17	46.71	59.55	56.73	60.58	50.13	61.64	65.4	74.47	58.69	75.3	68.98	33.31	46.32	36.0	58.22	32.88	47.0	29.38	63.23	20.84	46.85	19.22	54.05
219	7.3	76.05	56.92	76.09	55.84	75.93	54.61	59.52	46.47	67.49	52.73	56.11	47.25	59.96	57.3	62.64	50.06	64.07	64.74	75.04	58.66	78.07	69.06	32.18	47.15	35.7	59.0	28.35	46.65	25.73	62.35	17.52	46.47	15.66	52.18
220	7.333	76.17	57.04	76.22	56.0	76.08	54.72	59.65	46.57	67.68	52.75	56.26	47.13	60.15	57.23	62.82	49.82	64.28	64.7	75.15	58.79	78.39	69.13	32.22	46.99	35.75	58.89	28.46	46.59	25.79	62.36	17.44	46.53	15.44	52.14
221	7.367	76.42	57.0	76.44	55.99	76.33	54.67	59.71	46.54	67.89	52.74	56.35	47.12	60.23	57.19	62.85	49.89	64.47	64.63	75.3	58.95	78.82	69.1	32.14	47.08	35.62	59.05	28.29	46.71	25.5	62.57	17.32	46.5	15.22	52.16
222	7.4	76.8	56.98	76.84	56.02	76.76	54.63	59.97	46.48	68.3	52.59	56.55	46.85	60.41	56.95	62.88	49.62	64.51	64.5	75.21	58.63	78.92	68.96	32.15	46.81	35.57	58.86	28.39	46.67	25.52	62.62	17.35	46.57	15.17	52.19
223	7.433	76.84	57.34	76.88	56.38	76.83	54.96	60.14	46.55	68.49	52.58	56.78	46.54	60.66	56.55	62.96	49.47	64.83	64.29	75.31	58.6	79.24	68.91	32.21	46.47	35.63	58.53	28.5	46.71	25.58	62.69	17.3	46.66	15.01	52.29
224	7.467	76.94	57.11	77.03	56.24	76.99	54.69	60.24	46.57	68.68	52.4	56.76	46.57	60.69	56.67	62.78	49.24	64.57	64.33	74.96	58.66	78.79	68.69	32.16	46.59	35.62	58.68	28.48	46.65	25.61	62.65	17.21	46.83	15.0	52.15
225	7.5	76.79	57.52	76.88	56.66	76.9	55.06	60.26	46.8	68.78	52.48	56.86	46.48	60.82	56.56	62.75	49.07	64.9	64.4	74.91	58.52	79.19	69.11	32.21	46.26	35.63	58.39	28.6	46.62	25.6	62.64	17.33	46.87	14.98	52.1
226	7.533	76.41	57.18	76.53	56.3	76.5	54.77	60.18	46.58	68.52	52.24	56.98	46.38	60.71	56.25	62.87	49.36	64.61	64.45	75.07	58.77	78.91	69.28	32.51	46.22	35.8	58.19	28.66	46.59	25.6	62.47	17.27	46.66	14.75	51.93
227	7.567	75.91	57.63	75.98	56.77	76.12	55.21	59.9	46.83	68.62	52.34	56.86	46.08	60.85	56.01	62.66	48.96	64.63	64.36	74.71	58.29	78.84	68.86	32.35	46.1	35.77	58.07	28.79	46.68	25.9	62.54	17.49	46.85	15.06	52.02
228	7.6	75.04	58.44	75.14	57.67	75.46	55.94	59.82	47.49	68.76	52.48	56.93	46.04	61.02	55.85	61.91	48.62	64.1	64.4	73.42	57.81	77.81	68.71	32.5	45.7	35.94	57.51	29.06	46.75	26.17	62.44	17.85	47.04	15.36	51.82
229	7.633	75.89	58.03	75.95	57.23	76.19	55.61	60.1	47.21	69.08	52.59	57.15	46.06	61.4	56.23	62.59	48.51	64.66	64.58	74.18	58.31	78.52	68.74	32.72	45.9	36.32	57.96	29.2	46.47	26.4	62.52	17.94	47.09	15.4	52.13
230	7.667	76.09	57.0	76.28	56.13	76.13	54.57	60.64	46.44	68.52	51.88	57.39	46.01	61.31	55.7	62.93	48.87	65.04	64.0	74.49	58.75	79.22	68.95	33.26	45.83	36.6	57.67	29.18	46.29	26.24	62.02	18.02	46.72	15.16	51.73
231	7.7	76.33	56.67	76.5	55.98	76.45	54.27	60.75	46.74	69.06	51.9	57.5	46.29	61.67	55.77	62.6	48.97	65.12	64.04	73.62	58.07	78.81	68.71	33.25	46.01	36.69	57.74	28.95	46.5	26.09	62.02	17.83	46.91	14.92	51.59
232	7.733	76.77	56.97	76.96	56.41	76.99	54.58	61.18	47.19	69.79	52.14	57.85	46.55	62.43	55.94	62.68	49.07	65.7	64.19	73.34	57.63	78.59	67.77	33.15	46.16	36.87	57.87	28.68	46.62	25.95	62.14	17.45	47.35	14.46	51.64
233	7.767	77.26	56.52	77.51	56.03	77.46	54.08	61.56	46.97	70.05	51.74	57.98	46.54	62.37	55.53	62.32	49.29	64.9	63.64	72.91	57.56	77.69	67.33	33.23	46.2	36.83	57.72	28.58	46.73	25.89	61.99	17.32	47.28	14.39	51.51
234	7.8	76.6	56.78	76.83	56.34	76.91	54.37	61.23	47.27	69.94	51.78	57.89	46.45	62.32	55.03	62.15	49.19	65.14	63.09	72.72	57.55	78.35	66.93	33.28	45.92	36.84	57.15	28.76	46.79	25.95	61.71	17.46	47.23	14.33	51.27
235	7.833	77.53	56.48	77.74	56.1	77.94	54.03	61.94	46.94	71.13	51.32	58.45	46.13	63.42	54.97	62.35	48.91	66.3	63.56	72.52	57.33	78.74	67.46	33.44	46.0	37.31	57.49	29.02	46.51	26.26	61.79	17.62	47.48	14.51	51.34
236	7.867	77.96	55.68	78.21	55.31	78.29	53.25	62.3	46.37	71.25	50.79	58.59	45.86	63.53	54.54	62.37	48.92	66.12	63.17	72.05	57.27	78.2	67.17	33.56	46.03	37.39	57.41	28.87	46.28	26.3	61.4	17.78	47.35	14.7	51.18
237	7.9	78.39	54.8	78.69	54.44	78.67	52.35	62.75	45.75	71.48	50.15	58.94	45.59	63.77	54.38	62.59	48.65	66.57	63.19	72.2	56.61	78.75	66.55	33.91	46.26	37.62	57.78	28.99	46.09	26.28	61.4	17.69	47.29	14.5	51.08
238	7.933	77.77	53.1	77.82	52.01	77.86	50.86	63.14	43.07	71.15	49.12	60.8	44.52	63.31	54.39	63.83	49.12	64.95	63.79	75.59	56.2	76.63	66.72	34.89	45.06	37.71	56.57	30.65	46.92	26.81	62.74	19.48	45.51	16.8	52.26
239	7.967	78.07	52.15	78.14	51.06	78.03	49.96	63.33	42.56	71.07	48.71	60.97	44.63	63.46	54.13	64.33	49.29	65.41	63.19	75.74	56.38	76.95	66.7	34.98	45.17	37.78	56.48	30.09	46.71	26.31	62.23	19.24	45.56	16.49	52.19
240	8.0	78.35	51.05	78.37	49.96	78.21	48.86	63.25	41.92	70.97	48.22	60.76	44.74	63.27	54.22	64.17	49.86	65.39	63.38	75.34	56.58	77.07	66.64	34.63	45.19	37.43	56.51	29.73	46.8	26.04	62.25	19.15	45.25	16.49	51.96
241	8.033	78.3	50.59	78.33	49.48	78.12	48.4	63.16	41.68	70.75	48.0	60.57	44.76	63.12	54.26	63.98	49.87	65.31	63.3	74.87	56.27	76.95	66.15	34.74	45.12	37.54	56.37	29.86	46.47	26.24	61.82	19.46	44.9	16.77	51.56
242	8.067	78.43	50.43	78.45	49.31	78.22	48.26	63.19	41.56	70.77	47.89	60.56	44.65	63.26	54.1	64.32	49.68	65.71	63.11	75.21	56.29	77.34	66.1	34.73	45.12	37.64	56.34	29.75	46.5	26.37	61.79	19.31	45.06	16.75	51.57
243	8.1	78.27	50.36	78.25	49.22	78.03	48.24	63.06	41.54	70.58	47.95	60.51	44.76	63.16	54.22	64.3	49.98	65.8	63.3	75.26	56.65	77.49	66.08	34.9	45.23	37.78	56.42	30.1	46.57	26.66	61.84	19.65	44.98	17.09	51.6
244	8.133	78.43	50.47	78.44	49.35	78.2	48.31	63.18	41.62	70.69	47.96	60.59	44.9	63.12	54.28	64.32	50.11	65.6	63.32	75.41	56.76	77.37	66.08	34.82	45.3	37.65	56.48	30.03	46.6	26.51	61.87	19.46	44.96	16.88	51.54
245	8.167	78.58	50.72	78.64	49.57	78.32	48.52	63.46	41.67	70.74	48.02	60.76	44.93	63.26	54.31	64.46	50.31	65.71	63.49	75.37	56.8	77.47	65.92	34.93	45.3	37.72	56.5	30.12	46.79	26.63	62.08	19.53	44.97	16.91	51.53
246	8.2	78.72	50.9	78.81	49.71	78.42	48.64	63.65	41.69	70.74	48.03	60.88	44.97	63.33	54.29	64.61	50.65	65.81	63.73	75.45	56.81	77.57	65.69	34.98	45.32	37.74	56.52	30.17	46.96	26.77	62.24	19.44	45.04	16.92	51.55
247	8.233	78.69	50.86	78.75	49.64	78.37	48.62	63.42	41.63	70.61	48.13	60.64	45.12	63.19	54.57	64.4	50.8	65.52	63.9	75.22	56.72	77.03	65.41	34.68	45.57	37.56	56.79	29.89	47.05	26.58	62.39	19.1	45.0	16.71	51.63
248	8.267	78.6	50.51	78.63	49.21	78.18	48.31	63.21	41.3	70.18	48.02	60.38	44.98	62.9	54.52	64.39	50.71	65.5	63.76	75.04	56.56	77.02	65.45	34.76	45.58	37.6	56.8	29.89	46.85	26.63	62.17	19.19	44.65	16.8	51.43
249	8.3	78.41	50.13	78.38	48.82	77.97	47.95	62.76	41.09	69.89	47.93	59.87	45.01	62.47	54.7	64.05	50.7	65.01	63.78	74.97	56.43	76.73	65.46	34.51	45.81	37.43	57.05	29.91	46.68	26.81	61.98	19.34	44.3	17.27	51.26
250	8.333	78.28	49.89	78.19	48.56	77.8	47.78	62.43	40.94	69.58	47.94	59.52	44.98	62.09	54.68	63.68	50.68	64.6	63.56	74.61	56.29	76.28	65.21	34.42	45.72	37.36	56.91	29.81	46.52	26.71	61.78	19.27	44.07	17.21	51.2
251	8.367	78.25	49.63	78.11	48.29	77.74	47.57	62.14	40.79	69.44	47.97	59.23	44.98	62.01	54.88	63.75	50.49	64.47	63.68	74.78	55.7	76.01	65.39	34.21	45.89	37.33	57.15	29.56	46.46	26.67	61.74	19.14	43.93	17.19	51.14
252	8.4	78.26	49.17	78.1	47.78	77.68	47.13	62.1	40.43	69.28	47.74	59.23	44.98	61.98	54.88	63.83	50.52	64.49	63.67	74.77	55.65	75.81	65.4	34.25	46.13	37.37	57.36	29.35	46.52	26.44	61.8	18.89	44.0	16.94	51.27
253	8.433	78.17	49.13	77.96	47.76	77.61	47.12	61.93	40.44	69.23	47.75	59.03	44.96	61.86	54.88	63.18	50.47	64.21	63.52	74.09	55.74	75.2	65.39	34.26	46.06	37.45	57.24	29.53	46.3	26.56	61.59	18.98	43.82	17.08	51.26
254	8.467	78.04	48.74	77.79	47.33	77.44	46.75	61.76	40.07	69.07	47.5	58.92	44.79	61.88	54.79	63.28	50.49	64.24	63.63	74.16	55.82	75.13	65.34	34.35	46.26	37.65	57.44	29.5	46.27	26.69	61.57	18.93	43.75	17.12	51.2
255	8.5	78.12	48.61	77.94	47.2	77.49	46.58	62.02	39.96	69.07	47.31	59.12	44.76	61.97	54.69	63.46	50.56	64.18	63.69	74.14	55.82	75.04	65.3	34.54	46.18	37.75	57.35	29.47	46.29	26.71	61.53	18.89	43.75	17.03	51.03
256	8.533	78.04	48.6	77.79	47.22	77.45	46.62	61.71	40.05	69.04	47.44	58.85	44.79	61.78	54.79	63.22	50.51	64.21	63.65	74.07	55.96	75.12	65.26	34.26	46.18	37.55	57.35	29.46	46.04	26.61	61.32	18.88	43.6	17.04	50.95
257	8.567	77.99	48.47	77.77	47.08	77.36	46.48	61.83	39.96	68.93	47.32	58.91	44.88	61.79	54.84	63.19	50.53	64.32	63.65	73.88	55.84	75.01	65.2	34.38	46.24	37.62	57.38	29.48	46.03	26.56	61.29	18.93	43.56	17.04	50.86
258	8.6	78.01	48.49	77.78	47.04	77.36	46.52	61.73	39.81	68.83	47.39	58.77	44.76	61.74	55.16	63.45	50.19	64.57	63.94	74.06	55.83	74.93	65.08	33.99	46.29	37.31	57.67	29.18	45.85	26.31	61.44	18.7	43.59	16.97	50.95
259	8.633	77.97	48.4	77.72	46.93	77.34	46.42	61.61	39.65	68.83	47.28	58.64	44.59	61.6	54.99	63.23	50.35	64.28	63.94	73.96	55.86	74.83	65.01	33.78	46.09	37.09	57.49	29.08	45.74	26.16	61.36	18.69	43.28	16.9	50.81
260	8.667	78.04	48.43	77.8	46.97	77.43	46.44	61.61	39.65	68.94	47.27	58.63	44.56	61.73	55.06	63.29	50.1	64.3	63.98	74.03	55.65	74.9	65.12	33.85	46.21	37.26	57.64	29.17	45.78	26.39	61.42	18.7	43.39	16.99	50.83
261	8.7	78.01	48.23	77.76	46.78	77.4	46.25	61.66	39.53	68.97	47.02	58.72	44.56	61.88	54.66	63.39	50.47	64.8	63.79	74.13	55.95	75.71	65.16	33.82	46.14	37.21	57.42	28.84	45.84	25.93	61.29	18.33	43.32	16.23	50.63
262	8.733	78.11	48.12	77.88	46.63	77.45	46.13	61.79	39.38	68.92	46.93	58.8	44.64	62.03	54.82	63.65	50.51	65.05	64.05	74.24	55.59	75.94	64.92	33.95	46.35	37.39	57.67	28.85	45.83	26.11	61.32	18.25	43.28	16.24	50.48
263	8.767	78.1	48.2	77.92	46.72	77.43	46.2	61.94	39.48	68.89	46.97	58.85	44.83	62.03	54.83	63.66	50.78	65.17	63.97	74.04	55.6	75.82	64.86	33.96	46.46	37.35	57.66	28.8	45.9	26.01	61.22	18.42	43.43	16.43	50.52
264	8.8	78.01	48.27	77.83	46.73	77.31	46.25	61.86	39.42	68.7	47.02	58.71	44.93	61.83	55.08	63.48	50.88	64.72	64.15	73.83	55.59	75.12	64.55	33.91	46.68	37.31	57.92	28.74	45.99	26.02	61.39	18.36	43.32	16.58	50.51
265	8.833	77.84	48.23	77.67	46.63	77.13	46.19	61.79	39.22	68.53	46.88	58.63	44.78	61.71	54.92	63.46	50.9	64.51	64.02	73.92	55.75	74.81	64.58	33.97	46.61	37.35	57.83	28.75	45.91	26.07	61.29	18.44	43.07	16.78	50.36
266	8.867	77.75	47.58	77.52	45.95	76.98	45.57	61.65	38.75	68.35	46.49	58.56	44.64	61.68	54.79	63.58	50.88	64.47	63.97	74.01	55.84	74.74	64.52	34.15	46.78	37.56	57.95	28.82	46.12	26.32	61.46	18.56	43.17	17.03	50.49
267	8.9	77.47	46.62	77.18	44.99	76.65	44.66	61.36	38.13	68.13	45.9	58.45	44.39	61.69	54.55	63.87	50.87	64.77	64.14	74.23	56.0	75.33	64.69	34.24	46.88	37.72	58.02	28.78	46.26	26.48	61.53	18.66	43.28	17.1	50.51
268	8.933	77.39	46.29	77.1	44.69	76.51	44.37	61.41	38.0	67.96	45.75	58.51	44.4	61.76	54.39	63.96	50.89	65.01	63.95	73.92	55.64	75.38	64.38	34.32	46.81	37.79	57.82	28.52	46.24	26.26	61.32	18.46	43.32	16.77	50.38
269	8.967	77.2	46.0	76.81	44.37	76.3	44.13	60.97	37.83	67.75	45.75	58.06	44.42	61.57	54.62	63.48	50.77	64.58	64.01	73.4	55.37	74.37	64.28	34.01	46.9	37.72	57.92	28.45	46.07	26.41	61.2	18.58	43.02	17.14	50.31
270	9.0	76.94	45.84	76.45	44.17	76.03	44.02	60.42	37.64	67.43	45.77	57.52	44.34	61.23	54.7	63.19	50.84	64.19	64.13	73.39	55.26	73.78	64.25	33.62	47.0	37.52	58.03	28.22	46.04	26.34	61.2	18.43	42.91	17.2	50.39
271	9.033	76.77	45.57	76.27	43.86	75.84	43.74	60.26	37.32	67.23	45.51	57.36	44.12	60.99	54.47	63.02	50.82	63.79	63.99	73.51	55.28	73.55	64.31	33.73	46.9	37.57	57.93	28.39	46.09	26.53	61.26	18.66	42.82	17.49	50.51
272	9.067	76.64	45.25	76.08	43.56	75.71	43.45	60.14	37.22	67.24	45.34	57.43	44.08	61.04	54.24	63.07	50.85	63.89	63.8	73.61	55.66	73.64	64.51	33.96	46.92	37.78	57.81	28.61	46.16	26.67	61.18	18.96	42.89	17.61	50.57
273	9.1	76.72	44.63	76.12	43.02	75.83	42.84	60.07	36.9	67.41	44.88	57.36	43.83	61.08	53.83	62.82	50.72	63.72	63.45	73.41	55.73	73.46	64.6	33.86	46.73	37.78	57.52	28.69	46.22	26.9	61.07	19.12	42.87	17.83	50.51
274	9.133	76.65	44.65	76.08	43.03	75.75	42.85	60.15	36.91	67.39	44.85	57.49	43.79	61.14	53.79	63.02	50.62	63.7	63.47	73.46	55.66	73.46	64.62	34.03	46.77	37.9	57.55	28.64	46.22	26.91	61.05	19.06	43.02	17.81	50.56
275	9.167	76.7	44.63	76.16	43.0	75.81	42.79	60.27	36.83	67.46	44.74	57.56	43.72	61.27	53.68	63.05	50.65	63.85	63.46	73.29	55.36	73.7	64.49	34.12	46.63	37.99	57.41	28.73	46.04	27.02	60.83	19.24	42.77	17.95	50.26
276	9.2	76.97	44.83	76.49	43.19	76.04	42.97	60.62	36.92	67.58	44.82	57.76	43.77	61.55	53.73	63.5	50.65	64.26	63.52	73.63	55.37	74.32	64.27	34.14	46.66	38.03	57.49	28.48	45.95	26.97	60.78	18.96	42.76	17.73	50.05
277	9.233	77.24	44.77	76.71	43.15	76.37	42.89	60.5	36.84	67.83	44.8	57.61	43.61	61.54	53.92	63.45	50.23	64.21	63.68	73.78	55.12	74.22	64.18	33.83	46.66	37.87	57.72	28.45	45.64	26.97	60.71	18.96	42.52	17.84	49.82
278	9.267	77.26	44.67	76.79	43.08	76.39	42.74	60.78	36.84	67.88	44.58	57.91	43.77	61.66	53.76	63.66	50.66	64.4	63.72	73.69	55.32	74.49	64.03	34.12	46.5	37.98	57.4	28.65	45.83	27.06	60.69	19.17	42.49	17.86	49.54
279	9.3	77.22	44.49	76.85	42.93	76.34	42.5	61.19	36.79	68.0	44.26	58.36	43.81	62.0	53.45	63.83	50.7	64.53	63.46	73.47	55.03	74.06	63.89	34.7	46.35	38.45	57.04	28.99	45.82	27.41	60.4	19.51	42.62	18.2	49.44
280	9.333	77.29	44.43	76.94	42.84	76.37	42.42	61.41	36.68	68.04	44.15	58.62	43.79	62.19	53.35	63.96	50.79	64.75	63.41	73.41	55.08	74.1	63.85	34.96	46.44	38.62	57.11	29.06	45.92	27.39	60.51	19.5	42.66	18.07	49.51
281	9.367	77.38	43.69	76.88	42.42	76.63	42.06	61.44	36.74	68.72	44.18	58.97	43.16	62.23	52.83	65.09	50.45	65.71	63.58	73.24	55.46	75.6	63.71	35.23	45.45	38.53	56.16	28.24	45.35	25.73	60.11	19.15	42.55	16.6	48.89
282	9.4	77.53	43.96	77.08	42.7	76.83	42.28	61.64	36.94	68.94	44.23	59.11	43.31	62.41	52.94	65.19	50.53	66.1	63.72	73.32	55.5	75.98	63.65	35.27	45.5	38.53	56.25	28.31	45.21	25.68	60.02	19.21	42.55	16.59	48.72
283	9.433	77.57	43.77	77.11	42.51	76.86	42.08	61.68	36.77	68.95	44.01	59.13	43.25	62.38	52.72	65.1	50.64	66.21	63.55	73.26	55.56	76.24	63.58	35.27	45.46	38.47	56.14	28.29	45.26	25.6	60.0	19.23	42.56	16.57	48.76
284	9.467	77.65	43.51	77.18	42.29	76.89	41.87	61.82	36.75	68.94	43.98	59.26	43.29	62.46	52.6	65.29	50.84	66.5	63.49	73.31	55.58	76.32	63.67	35.43	45.47	38.6	56.04	28.5	45.28	25.8	59.85	19.63	42.53	16.93	48.69
285	9.5	77.71	43.41	77.24	42.14	76.91	41.75	61.88	36.55	68.88	43.89	59.25	43.24	62.42	52.69	65.43	50.89	66.56	63.65	73.4	55.67	76.5	63.68	35.4	45.32	38.53	55.99	28.53	45.01	25.86	59.69	19.91	42.11	17.27	48.34
286	9.533	77.69	43.31	77.21	42.0	76.91	41.62	61.81	36.37	68.86	43.74	59.13	43.21	62.38	52.64	65.31	50.98	66.55	63.61	73.29	55.56	76.41	63.43	35.23	45.38	38.42	56.06	28.42	45.02	25.81	59.68	19.95	41.99	17.36	48.26
287	9.567	77.63	43.28	77.12	41.96	76.84	41.6	61.72	36.38	68.8	43.73	59.13	43.26	62.37	52.65	65.51	50.99	66.67	63.64	73.5	55.66	76.49	63.64	35.28	45.29	38.45	55.94	28.34	44.77	25.72	59.39	20.01	41.68	17.37	47.87
288	9.6	77.35	43.15	76.84	41.89	76.59	41.49	61.58	36.41	68.67	43.63	59.02	43.12	62.17	52.36	65.29	50.9	66.51	63.42	73.29	55.57	76.35	63.64	35.22	44.9	38.32	55.44	28.41	44.4	25.63	58.9	20.12	41.38	17.29	47.54
289	9.633	77.29	43.2	76.8	41.95	76.55	41.52	61.61	36.53	68.68	43.65	59.12	43.23	62.23	52.42	65.33	50.86	66.47	63.42	73.24	55.47	76.19	63.58	35.45	44.93	38.52	55.41	28.66	44.56	25.95	58.96	20.33	41.57	17.6	47.62
290	9.667	77.44	43.31	76.94	42.05	76.68	41.63	61.65	36.57	68.75	43.75	59.16	43.29	62.28	52.52	65.38	50.96	66.53	63.47	73.35	55.46	76.31	63.52	35.45	45.04	38.55	55.56	28.59	44.54	25.89	58.99	20.16	41.59	17.54	47.71
291	9.7	77.57	43.27	77.08	42.02	76.85	41.54	61.68	36.52	68.93	43.61	59.19	43.26	62.37	52.5	65.43	50.93	66.54	63.5	73.51	55.57	76.57	63.53	35.47	45.13	38.57	55.69	28.67	44.77	26.02	59.24	20.26	41.74	17.65	47.77
292	9.733	77.65	43.33	77.17	42.14	76.98	41.59	61.55	36.63	69.06	43.71	59.01	43.15	62.33	52.53	65.16	50.63	66.24	63.4	73.49	55.33	76.48	63.46	35.27	45.07	38.48	55.73	28.52	44.71	25.93	59.28	20.05	41.79	17.51	47.82
293	9.767	77.68	43.36	77.17	42.18	77.02	41.65	61.44	36.7	69.08	43.84	58.95	43.13	62.4	52.71	65.31	50.44	66.65	63.52	73.65	55.45	77.05	63.49	35.17	45.08	38.46	55.85	28.51	44.58	25.91	59.29	19.93	41.74	17.35	47.74
294	9.8	77.62	43.24	77.11	42.06	76.91	41.55	61.5	36.63	68.97	43.78	59.0	43.14	62.41	52.56	65.15	50.51	66.42	63.3	73.56	55.2	76.64	63.31	35.43	45.07	38.71	55.72	28.68	44.69	26.12	59.27	20.02	41.73	17.45	47.84
295	9.833	77.46	43.03	76.94	41.84	76.68	41.38	61.55	36.53	68.75	43.69	59.03	43.23	62.37	52.3	65.11	50.98	66.56	63.21	73.28	55.33	76.54	63.71	35.46	45.07	38.66	55.52	28.5	44.61	25.87	58.92	20.2	41.61	17.46	47.74
296	9.867	77.37	42.55	76.78	41.38	76.59	40.95	61.37	36.23	68.7	43.37	58.95	42.96	62.38	52.05	65.31	50.73	67.17	63.12	73.59	55.43	77.25	63.76	35.33	44.92	38.6	55.36	28.53	44.35	25.87	58.69	20.21	41.44	17.42	47.52
297	9.9	77.14	42.1	76.51	40.99	76.3	40.57	61.21	36.09	68.39	43.23	58.9	42.95	62.1	51.8	65.22	50.82	66.69	62.78	73.46	55.19	76.64	63.54	35.4	44.73	38.54	54.97	28.45	44.22	25.73	58.3	20.22	41.04	17.36	47.17
298	9.933	77.27	42.08	76.65	40.91	76.32	40.58	61.37	35.98	68.31	43.34	59.06	43.1	62.28	51.86	65.6	51.18	67.17	62.88	73.75	55.0	77.21	63.48	35.36	44.89	38.52	55.11	28.18	44.4	25.5	58.47	19.98	41.1	17.12	47.41
299	9.967	77.23	41.67	76.52	40.5	76.25	40.24	61.09	35.68	68.23	43.21	58.89	42.76	62.18	51.85	65.78	50.73	67.3	62.92	74.02	54.95	77.22	63.44	35.21	44.55	38.45	54.93	28.23	43.89	25.58	58.18	20.13	40.67	17.32	47.1
300	10.0	77.28	41.94	76.52	40.74	76.34	40.51	60.87	35.8	68.29	43.48	58.67	42.76	62.13	52.2	65.73	50.39	67.13	63.06	74.04	54.61	76.81	63.37	34.95	44.3	38.35	54.83	28.17	43.46	25.66	57.93	20.18	40.17	17.65	46.71
301	10.033	77.61	42.04	76.79	40.81	76.77	40.58	60.46	35.52	68.57	43.45	58.14	42.01	61.97	51.94	65.4	49.61	67.48	62.79	74.27	54.63	78.46	63.59	33.78	43.49	37.35	54.52	27.15	43.1	24.42	58.2	18.92	39.78	16.01	46.64
302	10.067	77.89	42.67	77.11	41.47	77.15	41.15	60.58	35.92	68.92	43.79	58.2	42.19	62.13	52.36	65.49	49.11	67.2	62.7	74.24	54.27	77.98	63.18	33.77	43.74	37.44	54.9	27.05	42.88	24.43	58.09	18.86	39.73	16.15	46.35
303	10.1	77.9	42.88	77.08	41.74	77.25	41.4	60.33	36.2	69.06	44.1	57.99	42.02	62.05	52.87	65.66	48.22	66.95	63.09	74.58	54.35	77.62	63.34	33.52	43.67	37.36	55.16	27.08	42.33	24.5	57.97	18.69	39.67	16.03	46.17
304	10.133	77.78	43.06	77.02	42.03	77.24	41.55	60.39	36.63	69.31	44.15	58.26	42.08	62.23	52.72	66.09	48.23	67.08	63.11	74.76	55.16	77.79	63.68	33.76	43.57	37.51	54.92	27.27	42.23	24.54	57.64	18.85	39.81	15.86	45.75
305	10.167	78.03	43.81	77.36	42.75	77.51	42.3	60.71	36.98	69.5	44.58	58.41	42.01	62.39	52.69	66.2	47.96	67.09	62.84	75.1	54.98	78.03	63.69	33.87	43.69	37.61	55.14	27.12	42.19	24.35	57.73	18.5	39.95	15.51	45.95
306	10.2	78.0	44.5	77.38	43.42	77.67	42.89	60.5	37.38	69.74	44.84	58.12	42.05	62.25	53.02	66.36	47.83	67.01	63.26	75.73	55.16	78.57	63.77	33.25	43.59	37.09	55.29	26.85	42.16	24.13	57.91	18.46	39.94	15.48	45.7
307	10.233	78.14	45.1	77.63	44.0	77.77	43.49	60.97	37.66	69.82	45.17	58.38	42.03	62.49	53.08	66.36	47.53	67.06	63.17	75.57	54.86	78.5	64.0	33.68	43.74	37.47	55.53	26.93	41.89	24.15	57.76	18.39	40.05	15.38	45.82
308	10.267	78.21	45.25	77.66	44.18	77.87	43.67	60.93	37.89	69.95	45.31	58.33	42.18	62.71	53.14	66.37	47.37	67.72	62.94	75.57	54.92	79.09	63.76	33.66	43.85	37.61	55.58	27.09	41.88	24.36	57.7	18.51	40.09	15.49	45.72
309	10.3	78.21	45.09	77.74	44.07	77.88	43.5	61.21	37.86	70.02	45.16	58.64	42.17	62.76	52.98	66.52	47.41	67.52	62.85	75.5	54.63	78.79	63.56	33.86	43.56	37.63	55.2	27.18	41.78	24.37	57.48	18.59	40.03	15.53	45.57
310	10.333	78.21	44.74	77.79	43.71	77.81	43.12	61.64	37.56	70.03	44.64	59.02	42.38	63.04	52.18	66.29	48.56	68.1	62.35	75.05	54.76	79.13	63.36	34.16	43.77	37.78	54.92	27.12	41.91	24.06	57.05	18.59	39.92	15.23	45.46
311	10.367	78.09	44.58	77.66	43.49	77.71	42.91	61.55	37.34	70.0	44.41	58.89	42.45	62.9	52.07	65.94	49.02	67.72	62.34	74.59	55.0	78.24	63.45	33.71	43.4	37.34	54.44	26.82	41.96	23.68	56.98	18.54	39.62	15.07	45.32
312	10.4	78.24	44.0	77.75	42.89	77.77	42.38	61.47	36.81	69.89	44.17	58.78	42.29	62.84	52.21	66.13	49.0	67.92	62.67	74.7	54.79	78.39	63.33	33.1	43.12	36.8	54.36	26.18	41.77	23.05	57.1	17.96	39.28	14.4	45.2
313	10.433	78.12	43.45	77.57	42.31	77.63	41.86	61.14	36.2	69.66	43.8	58.27	41.85	62.51	52.18	65.47	48.61	67.73	62.77	74.54	54.7	77.97	63.59	32.28	42.47	36.11	54.0	25.69	41.15	22.37	56.97	17.36	38.64	13.55	45.06
314	10.467	78.49	44.12	78.41	43.19	77.79	41.74	61.49	36.79	68.79	42.92	57.63	42.31	62.53	51.85	63.62	47.17	67.79	61.6	74.78	54.52	79.54	65.81	33.02	43.58	37.04	55.43	28.63	42.32	26.42	58.01	17.79	41.52	15.32	46.95
315	10.5	77.9	42.51	77.22	41.3	77.25	40.99	60.83	35.44	69.18	43.25	57.83	41.81	62.49	51.92	64.84	49.09	68.44	62.77	73.91	54.67	78.38	63.77	31.79	42.59	35.88	53.99	25.27	41.58	22.12	57.31	17.13	38.67	13.19	45.47
316	10.533	78.2	42.36	77.91	41.54	77.55	40.39	60.87	36.05	68.76	42.53	57.6	42.55	62.51	51.81	64.75	47.96	68.65	61.59	73.8	53.98	80.26	64.18	32.92	43.02	36.83	54.46	27.16	42.58	24.84	57.73	17.8	41.03	14.83	46.11
317	10.567	78.05	42.16	77.72	41.25	77.32	40.21	60.79	35.77	68.49	42.36	57.53	42.53	62.45	51.62	64.76	48.4	68.83	61.65	73.92	54.02	80.39	64.23	33.17	43.17	37.09	54.49	27.31	42.56	25.06	57.59	18.12	41.06	15.27	46.3
318	10.6	77.84	42.3	77.47	41.4	77.14	40.38	60.43	35.92	68.36	42.57	57.26	42.42	62.23	51.59	64.5	48.17	68.35	61.51	73.58	53.89	79.97	64.04	32.97	42.84	36.96	54.14	27.1	42.25	24.93	57.25	17.92	40.92	15.08	46.21
319	10.633	77.61	42.32	77.24	41.46	76.9	40.44	60.3	36.1	68.19	42.63	57.2	42.47	62.08	51.38	64.56	48.29	68.14	61.31	73.56	54.18	80.14	63.84	32.95	43.16	36.9	54.27	27.05	42.75	24.95	57.52	17.82	41.62	14.87	46.76
320	10.667	77.21	42.09	76.29	40.81	76.3	40.85	59.93	35.27	68.09	43.67	57.21	41.58	61.8	51.77	64.46	49.17	67.55	62.58	73.4	54.54	77.22	63.7	32.15	43.12	36.36	54.25	25.55	42.34	22.73	57.84	17.14	39.51	13.53	46.89
321	10.7	76.61	42.74	75.79	41.35	75.76	41.23	59.42	35.65	67.42	43.56	56.71	41.97	61.11	51.59	62.9	49.01	65.48	61.38	73.36	54.22	74.92	63.61	32.82	44.61	37.12	55.23	27.09	43.08	24.89	57.73	18.08	40.07	15.82	47.32
322	10.733	76.58	42.78	75.77	41.36	75.72	41.24	59.44	35.62	67.38	43.51	56.72	42.05	61.22	51.71	63.08	49.18	66.02	61.67	73.66	54.42	75.7	63.47	32.81	44.82	37.14	55.5	27.15	43.32	24.92	58.06	18.03	40.46	15.67	47.64
323	10.767	76.53	42.79	75.73	41.43	75.74	41.24	59.3	35.76	67.45	43.55	56.62	42.11	61.07	51.72	62.8	49.12	65.63	61.5	73.56	54.39	75.4	63.42	32.72	44.79	37.01	55.45	27.11	43.29	24.83	58.0	18.04	40.45	15.77	47.63
324	10.8	76.59	42.91	75.82	41.57	75.81	41.35	59.45	35.85	67.51	43.59	56.76	42.13	61.12	51.76	63.02	48.93	65.64	61.45	73.71	54.11	75.46	63.29	32.85	44.86	37.06	55.54	27.1	43.32	24.76	58.03	18.01	40.54	15.71	47.6
325	10.833	76.61	43.08	75.82	41.72	75.85	41.51	59.33	35.97	67.54	43.75	56.66	42.15	60.99	51.91	62.99	48.9	65.31	61.47	73.77	54.24	75.12	63.08	32.71	44.78	36.95	55.52	27.05	43.15	24.79	57.94	18.03	40.25	15.89	47.37
326	10.867	77.52	44.23	77.35	43.21	76.75	41.94	60.57	36.83	67.79	43.08	56.98	42.36	61.89	51.46	63.13	47.34	66.32	60.86	74.15	53.99	77.99	64.48	33.27	44.15	37.43	55.5	28.16	42.94	26.59	58.01	17.51	42.77	15.48	48.25
327	10.9	77.29	44.13	77.03	43.08	76.52	41.89	60.14	36.86	67.62	43.19	56.67	42.43	61.82	51.66	63.35	47.22	66.57	60.96	74.5	53.93	77.99	64.53	33.16	44.35	37.51	55.68	28.24	43.03	26.78	58.05	17.8	42.79	15.83	48.21
328	10.933	77.03	42.4	76.15	41.06	76.24	41.08	59.73	35.31	68.06	43.65	56.99	41.41	61.43	51.79	64.66	48.71	66.94	62.37	73.65	53.43	77.19	62.33	32.11	43.18	36.2	54.42	25.5	42.14	22.96	57.64	17.63	39.18	14.59	46.35
329	10.967	77.31	43.06	77.09	42.04	76.46	40.86	60.31	36.15	67.45	42.44	56.72	42.12	61.75	51.25	63.48	46.88	66.8	60.55	73.98	52.9	78.07	63.86	33.3	43.9	37.47	55.15	28.08	42.62	26.52	57.5	18.11	41.83	15.92	47.05
330	11.0	77.02	42.77	76.83	41.78	76.1	40.63	60.32	36.08	67.08	42.33	56.75	42.22	61.64	50.87	63.31	47.04	66.65	59.79	73.5	52.85	78.12	63.01	33.53	43.88	37.63	54.8	27.74	42.44	26.3	56.87	17.84	41.39	15.66	46.46
331	11.033	76.71	42.21	76.54	41.15	75.71	40.09	60.34	35.5	66.71	41.81	56.85	41.92	61.39	50.32	63.17	47.25	66.28	59.47	73.11	52.79	77.85	62.72	33.78	43.7	37.66	54.45	27.55	42.33	26.04	56.59	17.71	40.8	15.58	46.0
332	11.067	76.57	42.09	76.35	41.02	75.55	40.02	60.06	35.45	66.53	41.93	56.71	41.98	61.23	50.54	63.09	47.14	66.21	59.43	73.13	52.72	77.85	62.51	33.79	43.77	37.69	54.55	27.6	42.05	26.1	56.4	17.62	40.44	15.69	45.85
333	11.1	76.6	40.55	76.26	39.62	75.71	38.8	60.36	34.54	67.08	41.16	57.41	41.29	61.21	49.95	64.38	47.49	66.66	60.1	72.79	52.27	78.27	61.74	34.25	42.34	37.46	53.08	27.47	41.89	25.07	56.29	18.56	39.74	15.59	45.03
334	11.133	76.58	40.5	76.24	39.55	75.65	38.74	60.47	34.51	67.03	41.09	57.53	41.41	61.26	49.87	64.27	47.81	66.7	60.14	72.64	52.28	78.14	61.92	34.48	42.3	37.62	52.93	27.72	42.13	25.3	56.43	18.74	39.8	15.76	45.21
335	11.167	76.52	40.57	76.17	39.6	75.62	38.78	60.34	34.51	67.08	41.07	57.42	41.36	61.29	49.89	64.04	47.73	66.62	60.19	72.42	52.27	78.03	62.02	34.46	42.08	37.68	52.75	27.92	42.2	25.59	56.55	18.87	40.0	15.94	45.49
336	11.2	76.43	40.51	76.09	39.53	75.56	38.73	60.28	34.4	67.07	40.96	57.36	41.15	61.34	49.72	63.94	47.53	66.72	60.12	72.39	52.23	78.16	62.12	34.54	41.99	37.85	52.66	28.09	42.22	25.8	56.59	18.83	40.1	15.9	45.59
337	11.233	76.54	40.5	76.13	39.49	75.65	38.75	60.16	34.35	67.08	41.05	57.25	41.13	61.46	49.94	64.1	47.46	67.17	60.33	72.5	52.17	78.33	62.08	34.58	42.1	38.03	52.88	28.15	42.2	25.94	56.7	18.98	40.16	16.19	45.65
338	11.267	76.47	40.5	76.11	39.55	75.6	38.73	60.25	34.46	67.12	40.96	57.31	41.22	61.52	49.68	63.95	47.67	67.21	60.15	72.4	52.31	78.42	62.3	34.53	41.96	37.97	52.57	28.09	42.19	25.83	56.47	18.81	40.22	15.83	45.6
339	11.3	76.25	41.28	76.0	40.16	75.21	39.21	59.95	34.65	66.41	41.1	56.77	41.46	61.49	49.92	62.79	47.06	66.5	59.33	72.7	52.79	77.61	62.9	34.3	43.18	38.3	53.86	28.15	42.11	26.66	56.43	17.81	40.78	15.79	46.34
340	11.333	76.18	41.28	75.94	40.2	75.18	39.21	59.86	34.66	66.43	41.04	56.72	41.42	61.34	49.63	62.51	47.21	66.1	59.02	72.42	52.74	77.26	62.77	34.11	43.16	38.06	53.71	27.64	42.04	26.03	56.2	17.25	40.73	15.18	46.25
341	11.367	76.3	41.42	76.06	40.32	75.29	39.34	59.83	34.73	66.45	41.25	56.63	41.51	61.3	50.04	62.64	47.2	66.2	59.4	72.57	52.77	77.42	62.75	33.74	43.22	37.72	53.98	27.3	42.02	25.73	56.44	17.02	40.81	15.08	46.38
342	11.4	76.45	41.4	76.22	40.34	75.42	39.31	59.9	34.89	66.52	41.33	56.6	41.81	61.45	50.19	62.66	47.54	66.62	59.5	72.74	53.3	77.83	63.03	33.6	43.31	37.71	54.0	27.38	42.09	25.9	56.41	17.09	41.12	15.18	46.58
343	11.433	76.56	41.12	76.39	40.09	75.52	39.01	60.19	34.73	66.57	41.05	56.73	41.72	61.53	49.94	62.63	47.57	66.58	59.31	72.56	53.27	77.68	62.8	33.7	43.36	37.77	53.97	27.38	42.24	25.97	56.42	17.16	41.38	15.3	46.66
344	11.467	76.8	40.95	76.65	39.92	75.75	38.84	60.4	34.5	66.69	40.9	56.84	41.53	61.55	49.91	62.69	47.42	66.48	59.26	72.67	53.27	77.53	62.56	33.75	43.22	37.78	53.94	27.56	42.0	26.13	56.33	17.29	40.99	15.53	46.37
345	11.5	76.85	40.58	76.67	39.53	75.78	38.47	60.47	34.18	66.74	40.6	56.93	41.39	61.53	49.8	62.67	47.5	66.53	59.43	72.58	53.13	77.54	62.94	34.06	42.9	37.97	53.62	28.19	41.75	26.65	56.09	18.09	40.43	16.31	45.96
346	11.533	77.03	40.03	76.82	38.88	75.87	37.9	60.68	33.63	66.77	40.21	57.15	41.33	61.96	49.99	62.92	47.41	67.41	59.85	73.0	53.06	77.85	63.72	34.47	42.87	38.51	53.77	28.84	41.67	27.32	56.29	18.66	40.5	16.94	46.33
347	11.567	76.92	39.18	76.67	37.98	75.77	37.07	60.62	32.86	66.82	39.49	57.17	40.64	62.14	49.62	62.91	46.73	67.64	59.9	72.48	52.31	77.81	64.02	34.75	42.48	38.82	53.52	29.07	41.4	27.61	56.17	19.07	40.18	17.29	46.03
348	11.6	77.04	37.92	76.82	36.67	75.78	35.78	61.01	31.87	66.88	38.58	57.55	40.51	62.68	49.5	63.17	46.77	68.5	60.1	72.42	51.78	78.25	64.01	34.83	42.25	38.94	53.38	29.06	41.45	27.58	56.38	19.18	40.06	17.05	46.04
349	11.633	77.17	36.67	76.86	35.36	75.83	34.6	60.99	30.69	66.91	37.7	57.78	39.69	62.96	49.05	63.66	46.08	69.04	59.97	72.68	51.37	78.63	63.75	35.22	42.08	39.38	53.43	29.1	40.9	27.56	56.15	19.08	39.52	16.86	45.68
350	11.667	77.13	36.17	76.8	34.76	75.78	34.04	60.83	29.9	66.8	37.05	57.69	39.31	62.8	48.77	63.6	46.16	68.89	60.06	72.82	51.16	78.64	63.34	34.93	41.83	39.06	53.28	28.77	40.78	27.19	56.2	18.55	38.85	16.43	45.22
351	11.7	77.12	35.12	76.81	33.73	75.7	33.04	61.11	29.15	66.72	36.26	58.04	38.7	62.86	48.2	64.11	45.53	68.74	59.75	73.03	50.81	78.27	63.08	35.52	41.52	39.45	52.93	29.2	41.21	27.59	56.59	18.92	39.25	16.53	45.48
352	11.733	76.92	35.33	76.63	33.93	75.56	33.24	61.02	29.21	66.71	36.25	58.03	38.63	62.76	48.08	64.18	45.43	68.94	59.6	73.07	50.86	78.71	62.84	35.39	41.34	39.19	52.74	28.99	41.01	27.27	56.42	18.73	38.74	16.35	44.92
353	11.767	76.84	35.4	76.55	34.0	75.47	33.31	60.97	29.29	66.61	36.37	58.12	38.77	62.55	48.28	64.1	45.13	68.37	59.27	72.88	50.4	78.12	61.74	35.4	41.53	39.04	52.94	28.92	41.1	27.12	56.57	18.3	38.51	16.06	44.8
354	11.8	76.77	35.9	76.56	34.54	75.43	33.74	61.09	29.78	66.63	36.61	58.19	39.22	62.52	48.46	63.95	45.64	68.22	59.44	72.83	50.28	77.87	61.27	35.38	41.95	38.93	53.24	28.79	41.66	26.81	56.98	18.09	39.17	15.63	45.26
355	11.833	76.64	36.72	76.57	35.37	75.34	34.51	61.5	30.45	66.7	36.89	58.46	39.5	62.64	47.99	63.84	46.41	68.3	59.25	72.88	50.4	77.78	61.25	35.77	42.47	39.15	53.39	28.95	42.31	26.77	57.16	18.19	39.93	15.45	45.78
356	11.867	77.04	37.44	77.03	36.16	76.05	35.3	62.17	30.81	67.59	37.19	58.89	39.68	62.46	47.96	64.48	47.38	67.77	60.08	73.16	50.63	78.28	61.49	35.13	40.95	37.97	51.88	28.41	42.3	25.57	57.17	18.36	38.95	14.73	44.79
357	11.9	77.36	38.0	77.37	36.7	76.41	35.83	62.24	31.05	67.75	37.51	58.72	39.73	62.48	48.04	64.26	47.48	68.15	59.9	73.26	50.75	78.77	61.28	34.82	40.97	37.83	51.97	28.3	42.22	25.57	57.16	18.17	38.93	14.95	44.81
358	11.933	77.15	39.14	77.3	37.86	76.11	36.77	61.94	31.94	67.31	38.08	58.21	39.5	62.46	47.9	63.38	46.56	67.94	59.09	73.06	50.95	78.36	61.33	34.9	42.52	38.35	53.54	28.44	41.89	26.17	56.7	17.79	40.15	15.18	45.53
359	11.967	77.1	39.57	77.36	38.43	76.21	37.18	62.0	32.43	67.47	38.26	58.05	39.31	62.18	47.84	63.31	45.81	67.3	58.74	72.9	50.63	77.96	60.81	34.65	42.56	38.02	53.62	28.16	41.78	25.95	56.51	17.77	40.28	15.33	45.08
360	12.0	77.27	40.54	77.64	39.43	76.51	38.05	62.26	33.03	67.83	38.68	58.14	39.16	62.19	48.0	63.12	45.22	67.07	58.83	72.81	50.51	77.97	61.2	34.4	42.14	37.68	53.47	28.05	41.55	25.66	56.59	17.61	40.25	15.11	44.93
361	12.033	77.46	41.56	77.89	40.43	76.78	38.98	62.59	33.5	68.1	39.01	58.23	38.96	62.35	47.82	63.01	45.09	66.88	58.9	72.71	50.66	77.65	61.57	34.67	42.06	37.99	53.42	28.4	41.77	26.04	56.81	17.98	40.77	15.38	45.27
362	12.067	77.41	43.0	78.02	41.1	76.66	40.04	64.52	32.37	68.57	38.62	60.32	38.2	62.6	47.51	61.95	46.73	64.34	59.47	71.72	50.97	74.72	59.93	35.83	41.11	38.26	52.25	31.36	42.33	28.4	57.57	21.01	39.75	19.02	46.72
363	12.1	77.44	43.4	78.13	41.56	76.72	40.39	64.87	32.74	68.77	38.78	60.62	38.23	62.91	47.33	62.07	46.84	64.47	59.47	71.59	51.04	74.93	60.34	35.92	40.78	38.33	51.84	31.28	42.4	28.45	57.48	21.04	39.96	19.03	46.73
364	12.133	77.42	43.5	78.06	41.67	76.7	40.54	64.71	32.96	68.8	39.04	60.55	38.43	62.99	47.55	62.52	46.79	64.78	59.56	72.2	51.25	75.36	60.56	35.69	40.92	38.23	51.98	31.13	42.39	28.47	57.44	20.91	39.93	18.96	46.62
365	12.167	77.43	43.45	78.08	41.64	76.67	40.53	64.83	33.05	68.73	39.16	60.72	38.54	62.92	47.66	62.73	46.92	64.78	59.68	72.32	51.1	75.38	60.4	35.8	40.99	38.18	52.04	31.23	42.38	28.49	57.44	21.09	39.84	19.16	46.6
366	12.2	77.41	43.26	78.0	41.46	76.64	40.39	64.7	33.04	68.7	39.23	60.68	38.62	62.82	47.73	62.35	47.06	64.41	59.72	72.05	50.88	74.97	60.31	36.15	41.14	38.53	52.13	31.87	42.3	29.05	57.31	21.65	39.66	19.77	46.71
367	12.233	77.81	42.5	78.24	41.44	77.07	39.95	63.07	34.55	68.36	39.93	58.71	39.54	62.65	48.24	63.48	45.46	67.04	59.22	73.28	50.81	77.57	61.66	35.03	41.84	38.19	53.19	29.08	41.7	26.53	56.79	18.7	41.27	15.6	45.89
368	12.267	77.42	42.35	77.97	40.45	76.45	39.52	64.49	32.54	68.13	39.06	60.41	39.01	62.54	48.51	62.64	47.02	64.74	60.07	72.56	50.86	75.08	60.18	36.1	41.66	38.46	52.83	31.84	41.99	29.09	57.28	21.56	39.04	19.9	46.32
369	12.3	77.52	41.12	77.94	39.9	76.6	38.61	62.9	33.36	67.66	39.11	58.64	39.32	62.36	48.12	63.88	45.62	67.1	59.2	73.64	51.05	77.71	61.01	35.11	41.91	38.18	53.25	28.75	41.31	26.39	56.45	18.28	40.38	15.55	45.21
370	12.333	77.18	40.62	77.55	39.37	76.23	38.15	62.49	32.96	67.28	38.78	58.3	39.26	62.12	47.9	63.75	45.77	67.28	58.9	73.61	51.16	78.3	60.68	35.09	42.03	38.22	53.21	28.73	40.95	26.49	55.88	18.24	39.76	15.73	44.59
371	12.367	77.22	39.73	77.55	38.37	76.14	37.32	62.61	32.1	67.12	38.22	58.52	38.95	62.25	47.56	64.01	45.86	67.51	58.74	73.62	50.95	78.32	60.46	35.3	41.73	38.38	52.9	28.77	40.72	26.56	55.69	18.31	39.22	15.78	44.4
372	12.4	77.17	38.78	77.42	37.42	75.95	36.43	62.49	31.54	66.78	37.78	58.5	39.04	62.06	47.56	63.94	46.02	67.47	58.65	73.31	50.72	78.07	60.27	35.58	41.69	38.53	52.75	29.02	40.88	26.75	55.74	18.65	38.98	16.12	44.34
373	12.433	77.09	38.07	77.26	36.68	75.8	35.74	62.28	31.05	66.56	37.4	58.36	39.12	61.93	47.54	63.71	46.19	67.34	58.53	72.99	50.11	77.79	59.96	35.56	41.6	38.52	52.54	29.13	40.91	26.97	55.65	18.75	38.7	16.4	44.32
374	12.467	76.82	37.32	76.89	35.89	75.46	35.08	61.97	30.47	66.33	37.06	58.29	38.87	61.87	47.32	63.73	46.0	67.28	58.26	72.73	49.94	77.71	59.92	35.5	41.46	38.48	52.36	28.81	40.87	26.82	55.6	18.57	38.4	16.35	44.32
375	12.5	76.66	36.36	76.65	34.8	75.16	34.17	61.75	29.47	65.91	36.47	58.24	38.51	61.72	47.24	64.07	45.65	67.39	58.05	73.01	49.54	77.72	59.21	35.44	41.35	38.39	52.35	28.58	40.79	26.72	55.74	18.33	37.94	16.41	44.25
376	12.533	76.34	35.47	76.25	33.88	74.78	33.33	61.35	28.86	65.55	35.99	58.09	38.47	61.58	47.28	64.14	45.72	67.64	58.17	73.05	49.5	77.52	58.82	35.24	41.4	38.23	52.38	28.3	40.5	26.49	55.51	18.07	37.51	16.43	43.95
377	12.567	76.16	34.96	76.03	33.3	74.55	32.87	61.25	28.31	65.42	35.61	58.03	38.12	61.75	46.99	64.36	45.5	68.14	58.05	73.12	49.03	77.95	58.59	35.14	41.25	38.25	52.24	28.23	40.69	26.68	55.71	18.08	37.51	16.52	44.1
378	12.6	76.28	34.67	76.12	33.0	74.61	32.62	61.33	27.98	65.41	35.39	58.19	37.95	61.76	46.72	64.69	45.53	68.21	57.87	73.37	48.71	78.31	58.01	35.18	41.2	38.19	52.16	27.98	41.04	26.37	56.06	17.79	37.59	16.04	44.27
379	12.633	76.14	34.56	75.95	32.89	74.46	32.55	61.22	27.92	65.3	35.37	58.1	37.86	61.75	46.6	64.64	45.57	68.29	57.86	73.26	48.64	78.26	58.03	35.21	41.1	38.3	52.0	28.06	40.85	26.54	55.78	17.87	37.54	16.2	44.23
380	12.667	76.06	34.63	75.81	32.9	74.34	32.63	61.0	27.91	65.18	35.53	57.94	37.93	61.85	46.98	64.79	45.24	68.7	57.98	73.46	48.84	78.46	58.23	35.15	41.29	38.44	52.31	28.31	40.75	26.95	55.87	17.98	37.6	16.51	44.39
381	12.7	76.04	34.79	75.81	33.01	74.3	32.78	61.1	27.9	65.1	35.6	58.0	37.88	61.83	47.03	64.81	45.05	68.63	57.94	73.31	48.61	78.29	58.19	35.18	41.07	38.41	52.15	28.32	40.71	26.96	55.92	17.92	37.58	16.47	44.48
382	12.733	75.93	34.81	75.72	33.04	74.14	32.82	61.17	28.04	64.98	35.64	58.11	38.06	61.92	46.93	64.9	45.38	68.95	57.91	73.4	48.94	78.72	58.33	35.49	41.33	38.7	52.24	28.57	40.97	27.19	55.95	18.11	37.83	16.53	44.64
383	12.767	75.91	34.82	75.72	33.09	74.12	32.83	61.23	28.15	64.96	35.67	58.19	38.09	61.74	46.85	64.87	45.38	68.57	57.75	73.25	49.22	78.52	58.38	35.57	41.35	38.59	52.19	28.46	40.99	26.93	55.89	18.1	37.77	16.38	44.49
384	12.8	76.06	34.85	75.9	33.08	74.28	32.82	61.38	28.0	65.04	35.58	58.21	38.03	61.76	46.74	64.81	45.36	68.61	57.5	73.34	48.92	78.82	58.27	35.29	41.17	38.28	52.06	28.03	40.9	26.49	55.86	17.93	37.47	16.22	44.34
385	12.833	76.06	34.71	75.91	32.87	74.26	32.66	61.49	27.72	65.0	35.33	58.21	37.83	61.77	46.53	64.84	45.13	68.52	57.16	73.49	48.58	78.5	57.97	35.49	41.04	38.47	51.92	28.39	40.95	26.97	55.87	18.48	37.33	16.94	44.31
386	12.867	76.1	34.73	75.9	32.83	74.3	32.67	61.26	27.6	64.94	35.38	57.95	37.81	61.82	46.78	64.91	44.87	69.0	57.19	73.83	48.37	79.24	57.79	35.28	40.96	38.44	52.02	28.4	40.86	27.13	56.01	18.52	37.11	17.12	44.22
387	12.9	76.25	34.67	76.04	32.8	74.48	32.61	61.25	27.54	65.07	35.33	57.84	37.72	61.79	46.59	64.5	45.11	68.77	57.12	73.33	48.34	79.04	57.92	35.01	40.81	38.22	51.84	27.9	40.75	26.64	55.83	18.25	36.95	16.85	44.09
388	12.933	76.27	34.7	76.02	32.89	74.55	32.68	61.15	27.66	65.2	35.42	57.83	37.69	61.8	46.58	64.43	44.96	68.7	57.05	73.15	48.3	78.79	58.0	35.08	40.59	38.29	51.63	27.91	40.29	26.51	55.35	18.37	36.61	16.84	43.66
389	12.967	76.4	34.68	76.1	32.88	74.71	32.67	61.09	27.68	65.41	35.48	57.8	37.74	62.07	46.83	64.55	44.8	69.15	57.27	73.17	48.25	79.14	58.36	34.96	40.44	38.36	51.59	28.04	40.16	26.69	55.36	18.64	36.6	16.96	43.67
390	13.0	76.53	34.62	76.23	32.88	74.87	32.63	61.1	27.72	65.56	35.53	57.8	37.65	61.99	46.87	64.49	44.5	68.77	57.15	72.93	48.31	78.89	58.36	34.82	40.44	38.2	51.64	27.93	40.18	26.61	55.4	18.58	36.65	16.99	43.66
391	13.033	76.62	34.65	76.38	33.0	75.06	32.62	61.18	27.83	65.78	35.51	57.74	37.54	61.77	46.84	64.16	44.12	68.1	56.87	72.44	48.01	78.74	58.14	34.49	39.99	37.74	51.25	27.61	39.9	26.25	55.14	18.74	36.36	17.13	43.24
392	13.067	76.56	35.15	76.33	33.5	75.03	33.12	61.14	28.21	65.77	35.83	57.71	37.66	61.68	46.92	64.24	44.3	68.18	56.98	72.55	48.45	78.86	58.1	34.54	40.01	37.74	51.24	27.72	39.67	26.25	54.87	18.8	36.22	17.2	42.97
393	13.1	76.52	35.26	76.26	33.61	75.01	33.25	60.96	28.31	65.75	35.96	57.59	37.64	61.64	46.98	64.37	44.3	68.34	57.09	72.92	48.49	79.06	57.96	34.43	40.06	37.7	51.32	27.66	39.57	26.17	54.83	18.64	36.29	17.07	43.03
394	13.133	76.55	35.25	76.29	33.54	75.02	33.23	61.03	28.15	65.76	35.83	57.65	37.49	61.87	46.79	64.46	44.37	68.71	57.24	73.11	48.07	79.34	58.22	34.71	39.94	38.09	51.21	27.91	39.61	26.46	54.87	18.75	36.59	17.06	43.36
395	13.167	76.52	35.18	76.3	33.5	74.99	33.19	61.18	28.14	65.72	35.76	57.75	37.3	61.79	46.61	64.62	44.16	68.47	57.17	73.16	47.86	79.08	57.96	34.92	39.68	38.17	50.94	28.12	39.44	26.67	54.66	18.96	36.47	17.24	43.14
396	13.2	76.34	35.13	76.1	33.46	74.81	33.17	61.02	28.18	65.62	35.78	57.65	37.25	61.7	46.45	64.68	44.15	68.55	57.03	73.29	47.9	79.22	58.1	34.85	39.55	38.1	50.72	28.06	39.15	26.63	54.26	19.12	36.26	17.42	42.91
397	13.233	76.33	34.78	76.08	33.12	74.76	32.87	61.07	27.97	65.57	35.61	57.68	37.12	61.87	46.2	64.83	44.15	68.81	56.89	73.33	47.75	79.46	58.34	34.86	39.29	38.16	50.4	27.86	39.32	26.52	54.32	19.19	36.44	17.25	43.09
398	13.267	76.13	34.58	75.88	32.94	74.56	32.68	60.99	27.82	65.42	35.38	57.73	37.06	61.57	45.96	64.88	44.28	68.56	56.69	73.33	47.8	79.13	57.63	34.81	39.4	37.9	50.38	27.6	39.34	26.08	54.24	18.87	36.17	17.03	42.74
399	13.3	75.98	34.43	75.71	32.79	74.41	32.51	60.67	27.66	65.22	35.28	57.5	37.07	61.22	46.06	64.57	44.4	68.31	56.79	73.42	47.91	79.54	57.39	34.51	39.64	37.53	50.7	27.33	39.33	25.69	54.37	18.26	35.9	16.49	42.64
400	13.333	75.86	34.04	75.54	32.38	74.26	32.14	60.6	27.31	65.15	34.95	57.54	36.86	61.33	45.72	64.72	44.46	68.55	56.72	73.68	47.93	79.81	57.36	34.71	39.59	37.77	50.57	27.63	39.35	26.0	54.32	18.4	35.97	16.51	42.79
401	13.367	76.02	33.71	75.65	31.92	74.35	31.83	60.58	26.71	65.1	34.71	57.49	36.6	61.51	45.77	65.02	44.06	68.92	56.61	74.07	47.18	79.89	57.08	34.59	39.39	37.82	50.56	27.64	39.36	26.17	54.59	18.34	35.77	16.56	42.93
402	13.4	75.92	33.47	75.54	31.72	74.24	31.59	60.56	26.64	65.08	34.54	57.56	36.6	61.49	45.51	64.89	44.39	68.97	56.57	73.89	47.58	80.0	57.25	34.66	39.34	37.83	50.37	27.62	39.28	25.99	54.35	18.36	35.76	16.41	42.88
403	13.433	75.9	33.3	75.52	31.55	74.24	31.41	60.49	26.55	65.1	34.43	57.46	36.62	61.58	45.52	64.86	44.44	69.15	56.63	73.88	47.38	80.04	57.29	34.43	39.32	37.74	50.34	27.5	39.34	26.0	54.38	18.38	35.9	16.47	43.0
404	13.467	75.97	33.15	75.61	31.38	74.27	31.25	60.6	26.35	65.11	34.29	57.66	36.59	61.64	45.49	65.08	44.53	69.2	56.7	74.16	47.58	80.13	57.15	34.43	39.43	37.67	50.5	27.25	39.35	25.65	54.49	17.83	35.93	15.87	43.09
405	13.5	75.9	33.15	75.56	31.35	74.2	31.25	60.64	26.22	65.06	34.23	57.7	36.42	61.54	45.39	65.14	44.4	68.87	56.63	74.12	47.77	79.89	57.14	34.34	39.25	37.52	50.35	27.08	39.21	25.48	54.42	17.71	35.75	15.73	42.97
406	13.533	75.91	33.1	75.57	31.29	74.2	31.2	60.62	26.18	65.03	34.19	57.67	36.42	61.5	45.39	65.19	44.36	68.9	56.59	74.17	47.66	79.89	57.03	34.27	39.21	37.44	50.32	27.04	39.21	25.43	54.42	17.72	35.71	15.75	42.92
407	13.567	75.94	33.2	75.63	31.41	74.24	31.3	60.76	26.26	65.09	34.23	57.83	36.4	61.51	45.29	65.35	44.36	68.92	56.51	74.26	47.76	79.89	57.16	34.25	38.98	37.32	50.05	26.91	38.96	25.18	54.13	17.69	35.59	15.61	42.75
408	13.6	76.01	33.33	75.7	31.54	74.31	31.42	60.81	26.37	65.13	34.32	57.86	36.5	61.5	45.39	65.33	44.42	68.94	56.54	74.34	47.94	79.95	57.05	34.25	39.06	37.31	50.15	27.03	38.9	25.27	54.11	17.62	35.54	15.62	42.71
409	13.633	76.0	33.41	75.68	31.68	74.35	31.5	60.62	26.53	65.19	34.41	57.66	36.5	61.5	45.41	65.1	44.37	68.99	56.57	74.28	47.67	80.19	57.06	34.12	39.09	37.28	50.21	26.85	39.01	25.1	54.21	17.46	35.63	15.38	42.72
410	13.667	76.01	33.42	75.67	31.73	74.38	31.53	60.48	26.61	65.26	34.48	57.54	36.45	61.61	45.44	65.08	44.29	69.29	56.68	74.35	47.93	80.67	57.36	34.01	39.24	37.31	50.42	26.62	38.98	24.91	54.24	17.18	35.77	15.04	42.76
411	13.7	76.03	33.34	75.68	31.62	74.41	31.44	60.47	26.46	65.3	34.38	57.53	36.41	61.76	45.51	65.26	44.08	69.64	56.62	74.4	47.75	80.78	56.99	33.91	39.25	37.33	50.47	26.63	38.95	25.02	54.27	17.21	35.76	15.14	42.7
412	13.733	75.87	33.23	75.46	31.53	74.24	31.38	60.27	26.47	65.22	34.41	57.52	36.4	61.66	45.49	65.37	44.17	69.68	56.8	74.27	48.03	80.8	57.29	33.81	39.0	37.19	50.2	26.49	38.7	24.74	54.01	17.09	35.58	14.82	42.49
413	13.767	75.83	32.89	75.42	31.16	74.2	31.03	60.19	26.05	65.18	34.05	57.47	36.16	61.67	45.21	65.53	44.01	69.94	56.53	74.52	47.33	81.24	56.64	33.54	38.91	36.95	50.12	26.27	38.88	24.53	54.19	16.87	35.63	14.56	42.61
414	13.8	75.78	32.62	75.41	30.86	74.09	30.76	60.42	25.81	65.1	33.79	57.79	35.95	61.77	44.92	65.75	44.06	70.05	56.62	74.59	47.46	81.34	56.97	34.09	38.8	37.35	49.97	26.66	38.85	24.85	54.14	16.93	35.62	14.57	42.61
415	13.833	75.77	32.6	75.37	30.78	74.11	30.74	60.21	25.55	65.08	33.72	57.51	35.77	61.71	44.97	65.67	43.87	70.23	56.63	74.58	47.29	81.57	56.97	33.6	38.59	37.03	49.91	26.32	38.63	24.58	54.09	16.69	35.03	14.43	42.16
416	13.867	75.79	32.41	75.38	30.59	74.16	30.54	60.17	25.35	65.11	33.55	57.36	35.67	61.59	45.03	65.39	43.85	70.11	56.69	74.31	47.15	81.36	56.77	33.42	38.42	36.88	49.8	26.36	38.33	24.62	53.85	16.89	34.41	14.8	41.56
417	13.9	75.83	32.39	75.44	30.55	74.21	30.5	60.26	25.29	65.12	33.47	57.43	35.63	61.63	44.97	65.49	43.81	70.26	56.65	74.26	47.0	81.55	56.67	33.51	38.26	36.91	49.66	26.26	38.08	24.46	53.6	17.09	33.98	14.89	41.05
418	13.933	75.87	32.5	75.47	30.66	74.25	30.62	60.23	25.35	65.15	33.54	57.39	35.67	61.72	44.85	65.46	43.91	70.63	56.44	74.3	46.84	81.82	56.51	33.43	38.29	36.89	49.65	25.92	37.64	24.05	53.09	17.01	33.59	14.77	40.65
419	13.967	75.88	32.68	75.43	30.88	74.3	30.82	60.0	25.52	65.17	33.75	57.15	35.6	61.53	44.96	65.39	43.57	70.34	56.32	74.44	46.88	81.73	56.51	33.12	37.98	36.66	49.42	25.73	37.06	23.9	52.59	16.87	33.17	14.73	40.23
420	14.0	75.82	32.82	75.35	31.03	74.23	31.01	59.98	25.7	65.12	33.95	57.17	35.63	61.43	45.02	65.61	43.49	70.13	56.27	74.61	47.17	81.53	56.54	33.19	37.96	36.66	49.38	25.74	36.96	23.96	52.49	17.08	33.13	14.99	40.17
421	14.033	75.82	32.83	75.35	31.07	74.24	31.02	60.03	25.82	65.16	33.99	57.2	35.75	61.45	44.98	65.48	43.6	70.0	56.13	74.49	47.16	81.3	56.38	33.32	38.09	36.8	49.38	26.07	37.1	24.35	52.47	17.32	33.36	15.3	40.39
422	14.067	75.86	32.84	75.43	31.13	74.29	31.01	60.2	25.98	65.25	33.96	57.38	35.93	61.37	44.97	65.34	43.8	69.49	56.11	74.22	47.02	80.59	56.18	33.53	38.17	36.85	49.33	26.26	37.29	24.46	52.49	17.5	33.58	15.49	40.52
423	14.1	75.89	32.88	75.46	31.22	74.34	31.09	60.26	26.12	65.37	34.07	57.67	36.03	61.5	45.07	65.74	43.83	69.69	56.26	74.74	47.26	80.63	56.0	33.78	38.27	37.04	49.42	26.4	36.97	24.42	52.23	17.35	33.47	15.31	40.35
424	14.133	76.18	32.75	75.72	31.09	74.63	30.94	60.32	25.99	65.57	34.0	57.65	36.04	61.47	45.12	65.59	43.95	69.49	56.27	74.68	47.44	80.51	56.45	33.56	38.26	36.85	49.45	26.23	36.77	24.27	52.06	17.43	33.13	15.57	40.15
425	14.167	76.14	32.83	75.71	31.22	74.65	30.99	60.44	26.19	65.72	33.96	57.75	36.16	61.52	44.91	65.35	44.35	69.22	56.26	74.48	47.71	80.14	56.91	33.98	38.07	37.22	49.05	26.7	36.6	24.71	51.6	18.17	33.05	16.24	39.96
426	14.2	76.3	32.74	75.87	31.03	74.8	30.83	60.43	25.87	65.82	33.83	57.63	36.17	61.91	45.29	65.62	44.33	70.2	56.83	74.97	47.92	80.97	57.83	33.63	37.99	37.17	49.3	26.35	36.28	24.49	51.62	18.28	32.86	16.38	39.86
427	14.233	76.2	32.6	75.75	30.86	74.69	30.69	60.33	25.75	65.77	33.78	57.57	36.15	61.97	45.36	65.56	44.32	70.48	56.98	74.85	48.25	81.26	58.59	33.54	37.75	37.15	49.11	26.43	36.03	24.55	51.45	18.44	32.69	16.49	39.82
428	14.267	76.13	32.51	75.71	30.74	74.62	30.58	60.43	25.61	65.76	33.59	57.63	36.07	62.06	45.16	65.49	44.34	70.6	56.85	74.49	48.0	81.03	58.44	33.58	37.5	37.16	48.79	26.45	36.08	24.57	51.4	18.65	32.53	16.65	39.64
429	14.3	76.02	32.32	75.56	30.51	74.48	30.44	60.4	25.43	65.66	33.51	57.56	35.88	62.13	45.09	65.83	44.03	70.93	56.76	74.46	47.99	81.33	58.65	33.7	37.28	37.35	48.56	26.83	36.0	25.11	51.25	19.43	32.28	17.4	39.3
430	14.333	75.92	32.16	75.44	30.34	74.37	30.27	60.29	25.35	65.59	33.43	57.42	35.87	62.09	45.13	65.54	44.15	70.9	56.98	74.17	48.13	81.2	59.35	33.72	37.22	37.4	48.51	27.07	35.98	25.41	51.22	19.77	32.27	17.81	39.39
431	14.367	75.92	32.02	75.44	30.23	74.37	30.13	60.3	25.32	65.59	33.34	57.41	35.87	62.11	45.0	65.25	44.49	70.87	57.14	73.77	48.51	81.18	60.02	33.73	37.04	37.41	48.27	27.0	35.87	25.29	51.02	19.71	32.16	17.61	39.29
432	14.4	76.05	31.62	75.59	29.78	74.44	29.71	60.56	25.02	65.62	33.06	57.69	35.98	62.24	45.09	65.57	44.75	70.97	57.46	74.05	48.52	81.16	60.45	34.02	37.13	37.58	48.37	27.29	36.27	25.55	51.44	20.18	32.39	17.99	39.6
433	14.433	76.01	31.47	75.56	29.61	74.38	29.55	60.59	24.87	65.54	32.92	57.79	35.96	62.2	44.96	65.48	44.86	70.91	57.39	73.83	48.64	81.28	60.67	34.06	37.21	37.5	48.42	26.99	36.54	25.1	51.7	19.88	32.54	17.49	39.79
434	14.467	76.14	31.39	75.72	29.54	74.47	29.43	60.74	24.82	65.55	32.83	57.81	36.02	62.23	44.85	65.16	45.51	70.95	57.77	73.52	49.26	81.43	61.61	33.92	37.14	37.32	48.34	26.62	36.19	24.63	51.32	19.56	32.26	17.01	39.54
435	14.5	75.84	31.36	75.46	29.51	74.19	29.39	60.79	24.84	65.48	32.76	57.96	35.86	62.04	44.69	64.71	45.62	70.09	58.01	72.66	50.78	80.16	63.59	34.18	36.75	37.38	47.87	26.79	35.76	24.6	50.85	19.71	31.85	17.08	39.2
436	14.533	75.61	31.46	75.3	29.59	73.93	29.49	60.98	24.97	65.32	32.85	58.3	35.88	61.84	44.69	65.0	45.94	69.9	58.39	72.98	52.32	80.15	64.78	34.4	36.59	37.25	47.71	26.87	35.51	24.32	50.67	19.57	31.52	16.71	38.9
437	14.567	76.08	31.78	75.82	30.06	74.54	29.8	61.91	25.22	65.81	32.91	58.63	36.11	61.61	45.19	65.04	46.75	68.37	60.16	72.33	53.78	78.79	66.54	34.19	34.98	36.55	46.34	27.32	35.89	24.16	51.43	20.19	30.77	15.61	38.1
438	14.6	75.95	31.61	75.79	30.07	74.45	29.63	62.29	25.54	65.83	32.89	58.98	36.04	61.01	44.97	64.27	46.01	65.91	59.29	71.1	53.76	76.18	66.89	34.7	34.46	36.5	45.61	27.84	35.73	24.59	50.99	20.59	30.42	16.29	37.75
439	14.633	75.47	31.48	75.42	30.05	74.1	29.44	62.44	25.71	65.76	32.68	59.19	36.11	60.52	45.21	63.2	45.14	63.35	58.83	68.85	53.82	71.98	66.58	35.09	33.46	36.48	44.43	28.65	35.79	25.27	50.9	21.15	30.04	16.93	37.19
440	14.667	75.04	32.14	75.33	30.17	73.6	29.5	62.57	24.91	65.27	32.18	59.52	35.53	59.97	45.9	60.14	42.26	58.77	57.05	67.62	51.62	65.24	64.97	36.59	36.55	37.89	48.14	30.42	37.03	27.71	53.23	21.34	30.94	20.16	39.81
441	14.7	74.74	31.76	74.84	30.08	73.38	29.52	62.32	25.15	65.12	32.53	59.64	35.41	58.79	45.55	61.08	41.2	56.77	55.54	65.76	49.82	63.02	63.03	36.1	32.5	36.49	43.64	29.14	35.11	25.77	50.68	20.46	28.38	18.46	36.73
442	14.733	74.72	31.83	74.83	30.32	73.49	29.6	62.08	25.48	65.26	32.44	59.14	35.22	58.78	45.24	61.29	41.15	57.51	55.59	66.59	48.76	64.61	60.35	35.9	33.04	36.55	44.09	29.45	35.02	26.36	50.37	21.02	28.9	19.0	36.5
443	14.767	74.65	31.79	74.65	30.3	73.39	29.64	61.72	25.59	65.23	32.54	59.0	35.35	59.11	45.12	62.09	41.45	59.21	55.61	67.69	48.5	66.88	59.66	36.05	33.93	36.98	44.85	29.49	35.0	26.39	50.1	21.37	29.4	19.18	36.66
444	14.8	75.14	31.75	75.08	30.15	73.73	29.66	61.89	25.46	65.37	32.71	59.25	35.53	59.89	45.27	63.16	42.47	62.19	56.53	69.16	49.02	70.26	60.44	36.1	34.43	37.27	45.55	29.39	34.43	26.18	49.8	21.3	29.11	19.02	36.5
445	14.833	76.19	31.82	76.11	30.39	74.91	29.78	62.37	25.66	66.25	32.95	59.08	35.7	60.78	46.2	64.66	43.62	64.82	59.74	71.08	50.46	74.25	62.91	35.04	34.4	36.71	46.25	28.69	34.31	25.38	50.41	21.42	29.43	17.81	36.19
446	14.867	76.17	31.43	75.85	29.63	74.77	29.36	61.34	24.6	66.28	32.51	58.65	34.84	61.33	45.15	63.65	43.3	65.35	58.16	70.1	51.65	74.18	65.45	35.3	35.04	37.79	46.7	28.37	34.6	25.71	50.49	20.76	29.54	18.31	37.1
447	14.9	76.19	31.84	75.85	30.06	74.85	29.73	61.13	24.92	66.37	32.64	58.59	35.09	61.58	45.09	64.17	43.98	66.8	58.57	71.1	52.3	76.21	65.32	35.08	35.42	37.73	47.05	28.13	34.49	25.36	50.35	20.04	29.82	17.44	37.02
448	14.933	76.02	32.6	75.81	30.77	74.77	30.17	60.82	25.06	66.29	32.44	58.03	34.74	61.45	45.01	62.11	42.74	65.01	57.62	71.39	51.74	74.42	63.1	34.94	37.73	38.12	49.56	29.27	36.25	27.38	52.5	19.55	32.03	18.34	39.7
449	14.967	75.88	32.76	75.61	30.95	74.6	30.36	60.41	25.28	66.07	32.63	57.65	35.0	61.28	44.8	61.79	43.09	64.94	57.12	71.74	51.72	74.91	63.23	34.77	38.26	38.07	49.83	29.05	37.0	27.28	52.92	19.02	32.92	17.87	40.71
450	15.0	75.54	33.02	75.29	31.27	74.26	30.62	60.22	25.75	65.82	32.86	57.56	35.33	61.07	44.63	61.7	43.84	64.98	57.14	72.06	52.73	75.72	63.55	34.86	38.65	38.01	49.97	29.05	37.76	27.05	53.37	18.83	33.91	17.3	41.55
451	15.033	75.5	33.04	75.33	31.3	74.26	30.58	60.3	25.71	65.81	32.76	57.51	35.38	60.96	44.71	61.3	43.94	64.66	57.26	71.68	52.54	75.55	63.24	34.48	38.62	37.62	50.0	28.67	37.92	26.57	53.59	18.41	34.09	16.72	41.67
452	15.067	75.69	33.19	75.59	31.47	74.46	30.67	60.63	25.77	66.0	32.67	57.68	35.43	61.16	44.42	61.29	44.13	64.78	56.9	71.63	52.75	75.8	63.18	34.41	38.61	37.53	49.87	28.32	37.93	26.24	53.43	18.14	34.15	16.38	41.58
453	15.1	75.71	33.59	75.68	31.84	74.53	30.97	60.9	25.95	66.15	32.69	57.81	35.47	61.31	44.46	61.25	44.19	64.75	57.07	71.56	52.89	75.46	63.42	34.53	38.4	37.66	49.69	28.67	37.73	26.64	53.23	18.48	33.96	16.81	41.28
454	15.133	75.88	33.95	75.87	32.23	74.75	31.3	61.08	26.12	66.41	32.76	57.89	35.23	61.49	44.19	61.15	43.6	64.73	56.58	71.35	52.16	75.23	63.42	34.62	37.89	37.8	49.18	28.72	37.14	26.61	52.61	18.54	33.59	16.75	40.83
455	15.167	76.05	34.03	76.05	32.42	74.99	31.41	61.09	26.36	66.59	32.89	57.81	35.22	61.36	44.01	60.94	43.32	64.5	55.95	71.14	51.43	74.97	62.89	34.41	37.31	37.55	48.51	28.52	36.57	26.23	51.86	18.66	33.23	16.73	40.32
456	15.2	76.15	34.06	76.19	32.54	75.15	31.43	61.17	26.48	66.74	32.88	57.77	35.05	61.34	43.8	60.75	42.88	64.31	55.52	71.05	50.67	74.75	62.37	34.3	36.94	37.43	48.14	28.55	36.28	26.17	51.53	18.59	33.23	16.54	40.19
457	15.233	76.2	33.88	76.26	32.34	75.13	31.29	61.36	26.34	66.69	32.81	57.95	34.88	61.48	43.69	61.15	42.42	64.58	55.2	71.0	49.69	74.93	61.39	34.43	36.64	37.52	47.85	28.37	35.97	26.08	51.22	18.49	32.76	16.3	39.66
458	15.267	76.13	32.98	76.08	31.79	75.19	30.8	61.31	26.53	66.98	32.86	58.15	34.81	61.13	43.11	62.04	42.53	64.67	54.89	70.17	48.67	75.06	61.27	34.53	34.86	37.07	45.65	27.2	34.7	24.14	49.37	18.3	31.37	15.04	37.64
459	15.3	76.17	32.76	76.11	31.57	75.27	30.54	61.21	26.27	67.08	32.59	58.09	34.75	61.21	43.15	61.97	42.36	64.86	54.86	70.13	47.96	75.02	60.37	34.33	34.82	36.98	45.68	27.12	34.4	24.09	49.18	18.08	31.11	15.01	37.4
460	15.333	76.25	32.33	76.13	31.19	75.35	30.11	61.03	26.15	67.16	32.37	58.0	35.09	61.29	43.15	61.96	43.04	65.35	54.92	70.39	47.76	75.36	59.46	34.1	35.37	36.88	46.05	26.93	34.57	23.96	49.16	17.89	31.31	15.02	37.55
461	15.367	76.32	31.74	76.15	30.62	75.32	29.59	61.08	25.76	67.1	32.04	58.2	35.1	61.43	42.84	62.2	43.28	65.84	54.63	70.71	47.5	75.51	59.09	34.1	35.58	36.9	46.09	26.77	34.64	23.74	49.09	17.5	31.43	14.67	37.8
462	15.4	75.94	31.46	75.7	30.25	74.9	29.34	60.57	25.31	66.62	31.8	57.72	34.78	61.02	42.67	62.07	43.36	66.0	54.81	70.8	47.25	76.18	58.77	33.61	35.66	36.42	46.25	26.26	34.83	23.18	49.41	17.02	31.47	14.06	38.03
463	15.433	75.72	31.15	75.45	29.86	74.59	29.07	60.46	24.94	66.26	31.64	57.75	34.65	60.92	42.77	62.49	43.23	66.09	55.09	70.88	47.24	76.17	58.6	33.64	35.56	36.37	46.22	26.27	35.15	23.29	49.87	16.82	31.62	13.88	38.26
464	15.467	75.15	30.82	74.88	29.43	73.94	28.77	60.17	24.52	65.65	31.38	57.48	34.48	60.64	42.71	62.28	43.39	66.1	55.43	70.55	47.06	75.93	58.49	33.47	35.75	36.19	46.42	26.01	35.73	23.04	50.52	16.46	32.07	13.42	38.84
465	15.5	74.86	30.46	74.56	28.96	73.59	28.4	59.96	24.06	65.31	31.02	57.31	34.39	60.67	42.66	62.24	43.64	66.54	55.73	70.28	47.04	75.82	58.3	33.41	36.15	36.27	46.79	25.8	36.16	22.9	50.95	16.31	32.55	13.26	39.31
466	15.533	74.64	30.1	74.37	28.63	73.4	28.03	59.83	23.74	65.11	30.61	57.12	34.05	60.36	42.27	62.05	43.6	66.01	55.59	70.08	47.0	75.3	57.58	33.23	36.34	36.03	46.92	25.5	36.55	22.57	51.25	16.01	33.03	12.84	39.59
467	15.567	74.42	29.81	74.23	28.4	73.19	27.7	59.93	23.63	64.95	30.3	57.08	33.99	60.14	42.04	61.51	43.59	65.26	55.33	69.61	46.75	74.41	57.46	33.42	35.94	36.1	46.37	25.82	36.54	22.96	51.02	16.33	32.96	13.3	39.48
468	15.6	74.33	29.49	74.17	28.15	73.14	27.35	60.0	23.58	64.98	30.01	57.13	33.98	60.12	41.96	61.35	43.27	65.06	55.08	69.34	46.62	73.97	57.29	33.62	35.98	36.24	46.33	26.15	36.68	23.29	51.03	16.75	33.24	13.77	39.54
469	15.633	74.44	29.44	74.29	28.07	73.27	27.27	60.09	23.38	65.06	29.84	57.22	33.81	60.06	41.91	61.36	42.92	64.69	54.85	69.33	46.39	73.6	56.79	33.71	35.98	36.26	46.39	26.27	36.82	23.43	51.27	16.71	33.4	13.9	39.74
470	15.667	74.48	29.49	74.34	28.15	73.37	27.3	60.01	23.41	65.17	29.81	57.14	33.75	60.05	41.97	61.26	42.6	64.63	54.75	69.45	46.06	73.49	56.35	33.63	35.83	36.23	46.31	26.37	36.74	23.53	51.3	16.6	33.38	13.89	39.73
471	15.7	74.55	29.5	74.36	28.25	73.54	27.31	59.75	23.46	65.42	29.76	56.9	33.54	59.9	41.75	60.65	42.15	63.97	54.23	69.11	45.92	73.07	56.05	33.44	35.74	36.14	46.19	26.33	36.73	23.45	51.29	16.3	33.46	13.59	39.84
472	15.733	74.65	29.44	74.45	28.23	73.65	27.24	59.79	23.56	65.56	29.76	57.03	33.69	59.98	41.71	60.82	42.39	64.08	54.17	69.13	45.9	72.98	55.95	33.49	36.01	36.17	46.33	26.36	36.94	23.43	51.3	16.47	33.77	13.82	40.0
473	15.767	74.77	29.51	74.58	28.38	73.83	27.3	59.9	23.75	65.77	29.73	57.12	33.7	60.04	41.48	60.8	42.26	64.07	53.8	69.17	45.77	73.12	55.73	33.59	35.71	36.21	45.94	26.55	36.77	23.49	51.01	16.54	33.59	13.68	39.67
474	15.8	74.75	29.45	74.56	28.31	73.78	27.25	59.94	23.72	65.71	29.74	57.18	33.85	60.06	41.6	61.01	42.55	64.37	54.02	69.09	45.98	73.32	55.93	33.38	35.73	35.95	45.95	26.26	36.76	23.11	50.99	16.35	33.47	13.33	39.49
475	15.833	74.89	29.42	74.72	28.22	73.9	27.19	60.05	23.5	65.77	29.64	57.29	33.79	60.09	41.6	61.16	42.77	64.27	54.26	69.11	46.02	73.21	55.92	33.2	35.66	35.72	45.98	25.86	36.69	22.69	51.05	16.04	33.33	13.0	39.45
476	15.867	74.94	29.4	74.79	28.22	73.97	27.16	60.12	23.53	65.84	29.61	57.25	33.74	60.05	41.45	60.86	43.0	64.11	54.27	68.83	46.2	73.3	56.3	33.2	35.53	35.69	45.81	25.89	36.58	22.68	50.86	16.23	33.14	13.09	39.29
477	15.9	75.13	29.24	74.98	28.04	74.14	26.98	60.22	23.29	65.91	29.42	57.25	33.54	60.09	41.29	60.88	42.95	63.93	54.27	68.92	45.92	73.27	56.12	33.21	35.43	35.74	45.77	25.77	36.59	22.66	50.92	16.19	33.14	12.99	39.31
478	15.933	75.06	29.02	74.9	27.78	74.0	26.78	60.3	23.03	65.78	29.24	57.39	33.36	60.13	40.95	60.9	42.94	63.92	53.99	68.81	46.13	73.4	56.52	33.47	35.37	35.91	45.63	25.75	36.61	22.46	50.85	16.11	32.96	12.56	39.25
479	15.967	75.11	28.66	74.96	27.25	73.99	26.36	60.47	22.24	65.62	28.72	57.36	33.0	60.14	40.85	60.74	42.93	63.71	54.16	68.5	45.7	72.93	56.11	33.68	35.28	36.18	45.65	26.13	37.06	23.15	51.44	16.47	33.0	13.31	39.56
480	16.0	74.96	27.88	74.8	26.46	73.72	25.61	60.52	21.65	65.3	28.21	57.52	32.74	59.93	40.44	60.57	42.84	63.38	53.68	68.32	45.93	72.65	56.03	33.85	35.03	36.11	45.3	26.11	37.07	22.95	51.42	16.22	32.87	12.95	39.72
481	16.033	74.67	27.1	74.43	25.7	73.44	24.85	60.07	21.06	65.08	27.72	57.26	32.36	59.7	40.48	60.24	42.08	62.87	53.58	68.15	45.69	72.25	55.84	33.86	34.82	36.19	45.23	26.43	37.1	23.34	51.7	16.16	32.76	13.01	39.81
482	16.067	74.61	26.43	74.3	25.04	73.34	24.18	59.8	20.47	64.9	27.23	56.99	32.08	59.36	40.22	59.31	41.8	61.9	53.08	67.68	45.6	71.58	55.76	33.76	34.41	36.1	44.82	26.49	37.25	23.44	51.96	15.66	32.6	12.71	40.16
483	16.1	74.42	26.44	74.01	25.06	73.21	24.2	59.25	20.48	64.83	27.27	56.49	32.03	59.06	40.27	59.1	41.52	61.58	52.93	67.73	45.61	71.4	55.87	33.17	34.14	35.7	44.56	26.15	36.87	23.14	51.59	15.66	32.19	12.68	39.81
484	16.133	74.36	26.57	73.91	25.13	73.15	24.35	58.99	20.4	64.68	27.43	56.21	32.01	59.03	40.79	59.32	41.43	62.0	53.71	67.88	45.51	71.93	55.99	32.78	34.47	35.49	45.2	25.88	37.17	23.04	52.25	15.27	32.44	12.4	40.04
485	16.167	74.47	26.95	73.96	25.52	73.28	24.76	58.72	20.74	64.77	27.94	55.9	32.18	58.92	41.05	59.16	41.72	62.14	53.94	67.9	45.14	72.6	55.93	32.17	34.28	35.03	45.09	25.57	37.12	22.78	52.25	15.03	32.31	12.19	40.1
486	16.2	74.45	28.43	73.87	27.09	73.41	26.33	58.18	22.13	65.02	29.35	55.39	32.66	58.73	41.55	59.02	41.88	62.09	53.97	68.06	45.81	73.1	56.46	31.27	34.37	34.4	45.2	24.95	37.16	22.12	52.3	14.48	32.62	11.49	40.39
487	16.233	74.45	29.93	73.8	28.56	73.55	27.85	57.64	23.35	65.21	30.79	55.08	33.21	58.59	42.8	59.01	41.87	62.32	54.85	68.25	45.93	73.77	56.38	31.09	34.95	34.38	46.15	25.28	36.96	22.35	52.5	14.6	32.62	11.92	40.41
488	16.267	74.31	32.8	73.82	31.52	73.7	30.72	57.6	25.82	65.59	32.85	54.94	34.06	58.49	43.68	59.54	41.78	62.25	55.12	68.82	46.49	74.2	55.99	30.62	35.92	33.9	47.14	24.51	37.07	21.62	52.55	14.21	33.52	11.57	40.45
489	16.3	74.81	34.14	74.42	33.08	74.34	32.11	57.91	27.23	66.24	34.01	55.13	34.29	58.87	44.25	60.05	40.9	62.15	55.2	69.24	46.52	74.45	55.83	30.63	36.56	34.05	48.01	24.03	36.77	21.23	52.42	13.62	34.11	10.79	40.26
490	16.333	74.83	36.96	74.78	35.9	74.57	34.75	58.9	29.43	66.91	35.51	55.88	35.13	59.62	44.47	60.48	41.17	62.83	55.04	69.63	46.6	74.91	56.4	31.48	37.2	34.67	48.5	24.48	36.8	21.67	52.11	14.51	34.87	11.77	40.41
491	16.367	74.26	40.65	74.39	39.63	74.44	38.26	58.7	32.02	67.41	37.63	55.94	35.73	59.46	45.6	60.19	40.43	61.82	55.63	69.66	46.66	74.23	56.39	31.1	37.18	34.12	48.85	24.2	36.25	20.87	52.03	13.85	34.94	10.97	40.01
492	16.4	74.36	43.01	74.53	42.0	74.7	40.6	58.88	33.38	67.99	39.07	56.31	35.52	59.97	46.18	61.01	38.73	62.08	55.44	70.46	46.64	74.69	56.57	30.94	37.12	34.1	49.28	24.1	36.11	20.77	52.53	13.54	35.52	10.75	40.48
493	16.433	74.97	44.13	75.18	43.08	75.28	41.68	59.49	33.98	68.38	39.81	56.63	35.8	60.52	46.55	61.28	38.65	62.69	55.23	70.82	46.51	75.18	56.57	31.34	37.23	34.65	49.5	24.97	36.2	21.99	52.7	14.39	35.58	12.14	40.72
494	16.467	75.9	45.46	76.33	44.46	76.02	42.63	60.99	34.43	68.84	39.88	57.38	35.23	61.3	45.8	60.42	38.14	62.58	54.77	71.03	45.92	74.63	57.49	31.02	36.51	34.5	48.92	26.35	36.97	23.77	53.67	14.1	36.63	12.34	42.11
495	16.5	75.75	45.5	76.2	44.54	75.83	42.71	61.03	34.59	68.65	39.85	57.41	35.27	61.35	45.3	60.57	38.56	62.94	54.44	71.02	46.04	74.96	57.31	31.22	36.45	34.7	48.53	26.17	37.4	23.59	53.64	14.14	37.19	12.08	42.36
496	16.533	75.32	46.24	75.81	45.28	75.47	43.44	60.7	35.24	68.35	40.52	57.08	35.69	61.02	45.99	60.37	38.42	62.85	54.68	70.72	45.99	75.07	57.17	30.65	36.24	34.11	48.43	25.77	37.25	23.18	53.63	13.76	37.05	11.84	42.15
497	16.567	75.56	46.45	76.07	45.52	75.71	43.6	60.92	35.51	68.52	40.63	57.12	36.04	61.23	46.12	60.43	39.03	63.45	54.9	70.98	46.3	75.95	57.06	30.78	36.23	34.29	48.37	26.27	37.22	23.68	53.46	14.41	36.97	12.38	41.92
498	16.6	75.41	46.75	75.96	45.91	75.66	43.86	61.1	35.89	68.77	40.64	57.25	36.16	61.53	45.73	60.2	39.42	63.81	54.71	70.54	46.51	76.29	57.24	30.89	36.01	34.43	47.9	26.43	37.39	23.82	53.26	14.77	37.22	12.53	41.83
499	16.633	75.36	47.02	75.91	46.22	75.67	44.14	61.13	36.17	68.92	40.88	57.3	36.17	61.56	45.93	60.13	38.93	63.72	54.63	70.56	46.23	76.38	57.15	30.82	35.78	34.36	47.78	26.51	37.05	23.88	53.08	14.76	36.92	12.63	41.53
500	16.667	75.4	47.1	75.92	46.23	75.68	44.22	61.12	36.04	68.93	40.95	57.4	36.01	61.62	45.95	60.6	39.13	64.03	55.03	71.01	47.03	76.72	57.91	30.59	35.52	34.09	47.66	26.43	36.8	23.76	53.04	14.82	36.51	12.55	41.35
501	16.7	75.44	47.11	76.02	46.26	75.71	44.21	61.33	36.01	69.0	40.75	57.62	35.83	61.81	45.55	60.8	39.48	64.52	55.28	70.92	47.16	77.32	58.13	30.59	35.39	34.01	47.48	26.0	36.83	23.18	52.98	14.33	36.68	11.68	41.25
502	16.733	75.13	47.01	75.71	46.16	75.44	44.11	61.21	35.87	68.9	40.44	57.6	35.59	61.83	45.08	60.84	39.65	64.68	55.29	70.72	47.17	77.16	58.13	30.76	35.11	34.16	47.04	26.11	36.65	23.14	52.59	14.62	36.53	11.65	40.85
503	16.767	75.19	46.24	75.75	45.36	75.44	43.35	61.33	35.35	68.92	40.0	57.73	35.48	61.94	45.02	60.79	39.78	64.67	55.42	70.51	47.04	76.75	57.9	31.11	35.03	34.49	46.96	26.48	36.37	23.58	52.34	15.14	36.2	12.27	40.67
504	16.8	75.46	45.97	76.1	45.09	75.74	42.98	61.53	35.07	69.07	39.64	57.71	35.64	61.85	45.05	60.6	40.23	64.38	55.48	70.22	46.95	76.46	57.51	30.67	35.05	33.99	46.97	25.87	36.67	23.04	52.58	14.88	36.39	12.19	40.78
505	16.833	75.79	45.32	76.42	44.37	75.95	42.34	61.47	34.45	68.84	39.19	57.51	35.44	61.67	44.85	61.01	40.3	64.61	55.33	70.69	46.91	76.59	57.11	30.7	35.01	34.06	46.9	25.9	36.44	23.19	52.28	15.08	35.97	12.54	40.34
506	16.867	75.43	43.89	75.93	42.9	75.69	41.32	61.05	33.62	68.61	38.56	57.39	35.16	61.25	43.99	62.39	40.75	65.36	54.93	71.44	46.83	78.37	56.91	31.65	34.93	34.53	46.43	24.97	35.14	21.84	50.42	16.16	33.94	12.8	38.02
507	16.9	75.67	42.71	76.19	41.77	75.85	40.18	61.33	33.14	68.62	37.97	57.59	35.23	61.27	43.82	62.51	40.81	65.2	54.69	71.48	46.91	78.01	56.85	32.38	34.79	35.14	46.08	25.81	35.09	22.73	50.1	16.79	33.97	13.46	37.96
508	16.933	76.03	42.11	76.57	41.17	76.16	39.59	61.58	32.68	68.64	37.59	57.66	35.22	61.19	43.6	62.52	41.07	65.04	54.38	71.61	46.81	77.95	56.6	32.36	34.88	35.06	46.1	25.51	35.02	22.46	49.91	16.49	33.71	13.31	37.75
509	16.967	76.2	42.08	76.73	41.13	76.33	39.54	61.63	32.61	68.77	37.55	57.69	35.22	61.22	43.55	62.4	41.1	65.08	54.18	71.64	46.69	78.04	56.64	32.33	34.94	35.05	46.15	25.59	35.0	22.53	49.88	16.53	33.68	13.48	37.87
510	17.0	76.1	42.11	76.55	41.12	76.21	39.62	61.28	32.71	68.62	37.86	57.48	35.52	61.07	44.2	62.64	41.05	65.08	54.58	71.92	47.01	78.12	56.71	32.13	35.03	34.91	46.39	25.67	34.86	22.63	49.97	16.59	33.33	13.57	37.68
511	17.033	76.18	42.67	76.62	41.69	76.34	40.17	61.14	33.05	68.75	38.29	57.31	35.55	61.05	44.45	62.47	40.8	64.96	54.61	71.83	46.68	78.2	56.59	31.7	35.07	34.58	46.61	25.21	34.86	22.19	50.16	16.18	33.39	13.17	37.82
512	17.067	76.1	43.0	76.55	42.11	76.33	40.52	61.14	33.43	68.94	38.52	57.39	35.48	61.2	44.24	62.28	40.47	64.9	54.13	71.55	46.68	78.17	56.6	31.69	35.0	34.61	46.44	25.15	34.94	22.1	50.13	15.95	33.69	12.86	38.02
513	17.1	76.09	43.41	76.56	42.51	76.32	40.94	61.12	33.66	68.91	38.85	57.39	35.5	61.11	44.32	62.25	40.37	64.73	54.03	71.35	46.44	78.01	56.19	31.44	34.94	34.28	46.45	24.63	34.76	21.43	50.06	15.59	33.5	12.36	37.88
514	17.133	76.14	43.55	76.59	42.65	76.36	41.08	61.08	33.71	68.93	38.97	57.31	35.43	61.12	44.42	62.16	40.1	64.65	53.99	71.24	46.16	77.88	56.16	31.32	34.81	34.23	46.41	24.57	34.62	21.44	50.01	15.66	33.33	12.5	37.79
515	17.167	76.24	43.47	76.69	42.55	76.46	41.0	61.11	33.53	68.99	38.9	57.28	35.24	61.17	44.35	62.12	39.88	64.63	53.83	71.37	46.13	77.96	56.2	31.19	34.78	34.18	46.47	24.33	34.53	21.25	50.03	15.4	33.18	12.3	37.74
516	17.2	76.16	43.08	76.56	42.15	76.38	40.65	60.87	33.27	68.86	38.79	57.05	35.19	60.98	44.58	62.03	39.62	64.53	53.86	71.25	46.1	77.79	56.09	31.12	34.76	34.15	46.55	24.35	34.12	21.22	49.75	15.47	32.71	12.44	37.33
517	17.233	76.03	42.18	76.43	41.28	76.22	39.8	60.81	32.85	68.67	38.29	56.95	35.15	60.94	44.39	62.13	39.62	64.82	53.74	71.29	46.09	78.06	56.14	31.42	34.68	34.47	46.33	24.69	33.77	21.62	49.18	15.96	32.38	12.89	36.78
518	17.267	76.0	40.94	76.31	39.97	76.08	38.65	60.68	31.87	68.3	37.57	56.76	34.93	60.65	44.08	62.14	39.83	64.74	53.53	71.19	46.16	77.71	56.1	31.64	34.73	34.68	46.26	24.62	33.07	21.53	48.33	16.15	31.53	13.15	36.03
519	17.3	76.42	40.79	77.05	39.75	76.0	37.84	63.41	30.61	67.98	35.66	58.55	33.39	61.18	42.54	60.21	38.32	62.37	52.58	71.54	46.52	74.84	55.97	33.67	34.45	36.28	46.09	31.48	34.21	28.65	50.0	20.93	32.53	18.96	38.63
520	17.333	76.22	39.25	76.47	38.07	76.05	37.03	61.01	30.04	67.74	36.34	56.79	33.97	60.44	43.75	62.43	39.23	65.28	53.57	71.54	46.0	78.23	55.77	32.19	33.5	35.08	45.38	25.65	31.73	22.68	47.54	16.87	29.77	14.22	34.86
521	17.367	76.32	38.71	76.53	37.53	76.12	36.5	61.03	29.61	67.76	35.98	56.78	33.8	60.56	43.76	62.59	38.97	65.8	53.6	71.73	46.14	78.79	55.88	32.03	32.84	34.96	44.89	25.6	30.91	22.59	46.96	16.98	28.84	14.2	34.02
522	17.4	76.53	38.18	76.77	37.0	76.26	35.93	61.52	29.39	67.91	35.62	57.32	33.98	60.91	43.85	63.09	39.23	66.1	53.93	72.06	46.19	78.69	56.13	32.85	32.81	35.59	44.78	26.63	31.07	23.71	46.99	18.3	28.84	15.68	33.98
523	17.433	76.61	38.17	76.86	37.02	76.35	35.96	61.62	29.53	67.99	35.76	57.43	33.94	60.84	44.01	63.26	38.71	65.68	53.76	72.0	45.76	78.15	55.91	33.1	32.88	35.71	44.87	27.02	31.56	24.15	47.46	18.99	29.2	16.47	34.27
524	17.467	76.51	38.34	76.73	37.16	76.25	36.2	61.63	29.66	67.89	35.99	57.47	34.01	60.74	44.14	63.73	38.61	65.78	53.74	72.22	46.04	78.08	56.31	33.19	32.93	35.71	44.89	27.17	31.53	24.2	47.36	19.66	29.11	17.02	34.09
525	17.5	76.41	38.66	76.63	37.44	76.15	36.49	61.36	29.74	67.82	36.2	57.22	34.16	60.65	44.25	63.21	38.82	65.46	53.7	71.7	45.85	77.79	56.23	32.5	33.3	35.12	45.3	26.06	32.3	23.12	48.23	18.32	29.77	15.65	34.97
526	17.533	76.46	39.23	76.65	37.99	76.21	37.06	61.07	30.02	67.81	36.63	56.97	34.26	60.63	44.43	62.99	38.94	65.49	53.66	71.93	46.1	78.01	56.04	32.12	33.88	34.98	45.96	25.52	32.91	22.67	48.99	17.13	30.59	14.68	35.94
527	17.567	76.73	40.48	77.4	39.32	76.2	37.58	63.84	30.06	67.85	35.51	58.79	32.5	60.75	42.74	60.9	36.96	61.73	53.01	72.55	46.87	74.22	57.53	34.39	33.86	36.51	46.1	32.57	33.79	29.6	50.39	22.77	31.13	21.04	37.85
528	17.6	76.14	40.09	76.34	38.84	75.96	37.96	60.83	30.6	67.6	37.26	56.74	34.22	60.31	44.55	63.07	38.42	64.97	53.34	72.12	46.02	77.68	55.67	32.09	33.88	34.93	45.97	25.44	32.69	22.67	48.75	17.21	30.64	14.91	35.85
529	17.633	76.11	40.58	76.31	39.31	75.96	38.45	60.8	30.93	67.57	37.6	56.63	34.36	60.41	44.81	63.31	38.31	65.45	53.47	72.25	45.87	77.84	55.61	32.05	33.94	35.02	46.08	25.49	32.56	22.85	48.61	17.61	30.59	15.42	35.6
530	17.667	76.14	41.04	76.34	39.72	75.99	38.92	60.75	31.07	67.51	37.89	56.51	34.2	60.43	44.88	63.46	38.06	65.63	53.47	72.44	46.01	78.03	55.68	31.88	33.88	34.96	46.16	25.26	32.53	22.71	48.75	17.3	30.73	15.18	35.74
531	17.7	76.17	41.74	76.38	40.45	76.09	39.59	60.64	31.66	67.65	38.4	56.46	34.53	60.54	45.37	63.74	37.98	65.86	53.73	73.06	46.26	78.34	55.7	31.65	34.22	34.85	46.62	25.12	32.65	22.62	49.01	17.04	31.08	15.01	35.96
532	17.733	76.19	42.28	76.42	40.96	76.08	40.11	60.65	32.08	67.57	38.87	56.46	34.97	60.45	45.74	63.84	38.46	65.81	54.09	73.25	46.15	78.35	55.81	31.56	34.53	34.71	46.92	24.99	32.91	22.36	49.26	16.93	31.18	14.72	36.12
533	17.767	76.15	42.46	76.36	41.13	76.03	40.3	60.63	32.23	67.55	39.02	56.49	35.01	60.48	45.77	63.66	38.48	65.65	54.07	72.95	46.2	77.94	55.88	31.81	34.62	34.98	46.96	25.24	33.04	22.66	49.34	17.02	31.32	14.91	36.32
534	17.8	76.11	42.43	76.31	41.08	76.01	40.26	60.58	32.05	67.6	38.86	56.47	34.84	60.5	45.55	63.6	38.51	65.64	54.04	73.01	46.21	78.24	56.07	31.56	34.5	34.74	46.86	24.91	33.12	22.29	49.47	16.59	31.17	14.32	36.28
535	17.833	76.02	42.58	76.22	41.26	75.96	40.4	60.39	32.22	67.54	39.02	56.3	34.95	60.29	45.64	63.2	38.56	65.32	53.96	72.94	46.42	78.12	56.1	31.41	34.63	34.61	47.0	24.76	33.02	22.04	49.42	16.0	31.18	13.81	36.38
536	17.867	76.18	43.54	76.85	42.52	75.91	40.6	63.25	32.43	67.85	37.47	58.25	33.24	60.63	43.25	60.41	36.6	61.54	52.62	72.17	46.58	73.87	56.79	33.3	33.5	35.8	45.52	32.17	33.96	29.17	50.28	21.01	32.24	19.34	38.37
537	17.9	76.13	43.58	76.81	42.53	75.82	40.61	63.31	32.42	67.75	37.38	58.31	33.39	60.69	43.04	60.38	37.22	61.69	52.6	72.01	47.1	74.03	56.91	33.45	33.45	35.93	45.27	32.15	34.02	29.2	50.08	21.02	32.16	19.3	38.2
538	17.933	76.06	43.12	76.74	42.0	75.68	40.17	63.28	31.98	67.55	37.1	58.21	33.14	60.68	43.0	60.71	37.37	62.0	53.06	72.33	47.27	74.62	57.23	33.45	33.42	35.93	45.38	32.08	34.01	29.36	50.21	21.43	31.75	19.69	37.87
539	17.967	75.74	42.69	76.41	41.48	75.29	39.69	62.81	31.54	67.02	36.65	57.81	33.25	60.29	42.66	60.55	37.95	61.72	52.7	72.39	47.47	74.57	57.05	33.23	33.55	35.75	45.24	31.49	33.98	28.98	49.76	20.79	31.38	19.28	37.44
540	18.0	75.38	42.68	76.1	41.52	74.99	39.66	62.77	31.68	66.91	36.5	57.75	33.26	60.17	42.41	60.04	37.85	61.13	52.33	71.66	47.08	73.66	56.71	33.71	33.25	36.19	44.7	31.97	33.65	29.47	49.09	21.26	31.15	19.82	36.95
541	18.033	75.36	42.63	76.08	41.43	74.97	39.57	62.71	31.51	66.87	36.39	57.63	33.14	60.23	42.42	59.93	38.02	61.54	52.67	71.68	46.66	74.38	56.61	33.6	33.29	36.15	44.85	31.9	33.69	29.39	49.26	21.34	31.33	19.75	37.22
542	18.067	75.57	42.44	76.28	41.22	75.13	39.4	62.75	31.42	66.98	36.41	57.67	33.24	60.46	42.42	60.09	38.17	62.06	52.55	71.72	46.32	74.7	56.22	33.12	33.06	35.8	44.6	31.35	33.55	28.92	49.11	20.74	31.37	19.07	37.31
543	18.1	75.63	42.18	76.37	40.9	75.13	39.08	62.93	31.0	66.91	35.99	57.86	33.02	60.7	42.2	60.37	38.23	62.83	52.7	72.13	46.29	75.39	55.95	33.36	33.18	36.09	44.78	31.46	33.64	28.97	49.3	20.57	31.64	18.87	37.54
544	18.133	75.63	40.8	75.98	39.26	75.37	38.52	61.17	30.13	66.91	36.66	56.84	33.54	60.42	43.05	63.17	39.5	66.64	53.31	72.81	45.92	80.04	55.44	32.5	33.25	35.26	45.08	25.82	32.39	22.98	48.17	16.68	29.76	14.21	35.05
545	18.167	75.97	41.19	76.85	39.84	75.36	37.99	63.55	29.9	66.96	34.86	58.32	32.62	61.04	41.44	60.57	38.18	63.08	51.83	72.08	46.31	75.43	55.08	33.35	33.38	36.06	44.85	30.84	33.92	28.62	49.45	19.66	31.96	18.24	37.8
546	18.2	75.73	39.83	76.19	38.28	75.41	37.45	61.61	29.19	66.88	35.56	57.16	32.99	60.47	42.25	62.79	39.31	66.13	52.7	72.47	45.74	79.75	54.63	32.86	33.53	35.44	45.28	25.69	33.22	22.83	48.96	16.01	30.43	13.43	35.73
547	18.233	76.41	39.6	77.29	38.19	75.64	36.46	63.74	28.69	67.0	34.01	58.47	32.25	61.31	41.21	60.41	37.93	63.13	51.48	71.25	45.1	74.74	54.1	33.37	33.74	36.18	45.28	30.08	34.25	28.19	49.89	18.79	32.16	17.6	38.29
548	18.267	76.08	37.97	76.46	36.4	75.62	35.63	61.68	27.87	66.94	34.53	57.27	32.66	60.58	42.12	62.64	39.03	65.73	52.53	71.78	45.18	78.23	54.25	32.81	33.36	35.46	45.14	25.57	33.15	22.85	49.0	15.78	30.59	13.37	36.25
549	18.3	76.18	37.53	76.51	35.94	75.61	35.21	61.77	27.7	66.85	34.44	57.43	33.12	60.59	42.35	62.57	39.81	65.6	52.85	71.42	44.87	77.68	54.12	33.12	33.52	35.67	45.14	25.75	33.34	22.99	49.01	16.12	30.34	13.73	36.19
550	18.333	76.21	37.3	76.56	35.7	75.63	34.95	61.82	27.44	66.82	34.21	57.42	32.88	60.37	42.18	62.49	39.47	64.97	52.61	71.47	44.68	77.46	54.2	33.01	33.33	35.44	45.0	25.57	33.56	22.85	49.27	15.97	30.52	13.67	36.48
551	18.367	76.2	37.38	76.62	35.82	75.61	35.04	62.0	27.62	66.77	34.29	57.65	33.02	60.12	41.98	62.5	39.78	64.39	52.36	71.44	44.65	77.19	53.87	33.03	33.47	35.12	44.98	25.28	33.73	22.26	49.27	15.66	30.7	13.07	36.65
552	18.4	76.18	37.9	76.61	36.34	75.62	35.55	62.03	28.04	66.82	34.72	57.76	33.2	60.07	42.47	62.66	39.42	64.19	52.59	71.45	44.71	76.82	54.15	33.01	33.25	35.0	44.93	25.4	33.32	22.22	49.1	15.67	30.33	13.04	36.29
553	18.433	76.23	38.27	76.67	36.72	75.72	35.95	62.06	28.21	66.92	34.88	57.68	33.03	60.1	42.06	62.7	39.56	64.36	52.26	71.68	44.83	77.28	54.16	32.93	33.23	34.98	44.81	25.13	33.24	21.95	48.83	15.71	30.2	12.98	36.03
554	18.467	76.22	38.88	76.72	37.37	75.72	36.54	62.21	28.72	66.91	35.26	57.77	33.16	59.9	41.93	62.57	39.83	63.86	52.08	71.7	45.15	77.11	54.24	32.87	33.13	34.73	44.6	24.96	33.3	21.7	48.76	15.6	30.23	12.82	36.05
555	18.5	76.33	40.27	77.19	38.84	75.43	37.17	63.76	29.21	66.52	34.62	58.59	32.49	60.69	40.98	60.56	38.49	62.03	51.18	71.16	45.9	73.85	55.18	33.64	33.25	35.92	44.53	29.92	34.34	27.45	49.62	19.06	32.04	17.11	38.35
556	18.533	76.21	40.54	77.1	39.07	75.29	37.42	63.74	29.33	66.37	34.78	58.64	32.56	60.54	41.19	60.8	38.56	61.75	51.52	71.56	46.1	73.75	55.18	33.5	33.33	35.71	44.68	29.81	34.5	27.32	49.92	18.67	32.13	16.74	38.48
557	18.567	76.13	40.96	76.98	39.52	75.26	37.84	63.49	29.69	66.31	35.14	58.42	32.68	60.26	41.45	60.55	38.54	61.43	51.69	71.41	46.15	73.45	55.11	33.38	33.34	35.57	44.74	30.06	34.41	27.44	49.9	18.79	32.18	16.96	38.57
558	18.6	76.17	41.52	77.03	40.18	75.38	38.4	63.57	30.22	66.51	35.47	58.43	32.67	60.34	41.46	60.47	38.38	61.43	51.79	71.21	46.04	73.35	55.25	33.45	33.12	35.65	44.53	30.32	34.3	27.61	49.75	19.02	32.34	17.04	38.47
559	18.633	76.07	42.32	76.9	41.08	75.43	39.21	63.35	31.12	66.77	36.16	58.22	33.09	60.25	42.0	60.32	38.1	61.31	51.96	71.29	45.87	73.41	55.43	33.24	33.19	35.51	44.64	30.64	34.26	27.91	49.74	19.34	32.36	17.51	38.3
560	18.667	76.14	43.21	76.98	42.07	75.62	40.08	63.48	31.9	67.11	36.76	58.24	33.33	60.41	42.23	60.06	38.21	61.25	52.24	70.93	45.99	73.63	55.67	33.05	33.06	35.37	44.55	30.69	34.47	27.93	49.96	19.33	32.53	17.32	38.31
561	18.7	76.15	44.18	76.99	43.07	75.73	41.01	63.54	32.54	67.32	37.35	58.27	33.49	60.36	42.52	59.93	38.12	60.98	52.44	71.16	45.86	73.78	55.75	32.7	32.99	34.98	44.63	30.69	34.59	27.79	50.29	19.13	32.41	17.1	38.32
562	18.733	76.7	45.3	77.64	43.94	76.25	42.29	62.88	33.25	67.06	38.85	57.61	34.28	59.88	43.49	61.18	38.52	62.26	51.77	71.36	45.32	76.2	55.1	31.79	34.07	33.94	45.94	25.87	34.03	23.2	49.71	15.02	31.78	13.21	37.09
563	18.767	76.82	45.77	77.79	44.43	76.45	42.7	62.9	33.48	67.26	39.1	57.61	34.17	59.77	43.86	61.27	38.19	61.88	52.21	71.96	45.34	75.96	55.13	31.46	33.85	33.59	46.02	26.09	33.66	23.39	49.75	14.96	31.58	13.38	37.03
564	18.8	76.85	45.91	77.81	44.54	76.52	42.81	62.81	33.37	67.34	39.06	57.56	33.9	59.8	43.93	61.27	37.87	62.01	52.46	71.97	45.09	76.15	55.05	31.28	33.64	33.47	46.03	26.1	33.37	23.4	49.74	14.82	31.38	13.34	36.88
565	18.833	76.9	45.46	77.8	44.08	76.53	42.41	62.71	33.16	67.32	38.94	57.5	33.88	59.82	44.02	61.62	37.81	62.33	52.56	72.41	45.35	76.68	55.08	31.52	33.61	33.71	46.05	26.26	32.99	23.53	49.42	15.28	30.71	13.67	36.18
566	18.867	77.09	44.63	77.9	43.28	76.71	41.7	62.65	32.71	67.5	38.6	57.46	33.76	60.07	43.72	61.72	37.95	62.82	52.39	72.11	45.26	77.14	55.45	31.59	33.37	33.92	45.7	25.96	32.83	23.36	49.06	15.63	30.41	13.8	35.83
567	18.9	76.85	43.11	77.66	42.08	76.43	40.01	63.92	31.99	67.88	36.94	58.46	32.99	60.62	42.66	60.29	37.38	61.24	52.86	71.57	45.37	74.42	56.3	33.21	32.41	35.41	44.46	31.61	33.37	28.75	49.54	20.62	30.95	18.52	37.04
568	18.933	77.01	41.95	77.79	40.83	76.42	38.89	64.05	30.95	67.55	36.09	58.53	32.56	60.61	42.06	60.58	37.49	61.71	52.46	71.61	45.32	74.47	56.22	33.7	32.2	35.81	44.14	31.84	33.54	29.0	49.52	21.5	30.76	19.28	36.95
569	18.967	77.23	41.03	78.0	39.82	76.51	37.95	64.27	29.98	67.42	35.26	58.77	32.01	60.64	41.51	60.93	37.48	61.83	52.38	72.26	45.69	74.22	56.71	34.27	32.01	36.26	43.98	32.39	33.0	29.33	49.07	21.98	30.06	19.64	36.48
570	19.0	77.56	40.63	78.28	39.43	76.81	37.58	64.18	29.72	67.52	35.15	58.64	31.94	60.68	41.67	60.93	37.04	62.09	52.22	72.11	45.53	74.13	57.21	34.2	31.76	36.29	43.84	32.32	32.72	29.19	48.89	21.84	29.83	19.49	36.24
571	19.033	77.77	40.23	78.37	38.99	77.01	37.23	64.03	29.3	67.69	34.93	58.64	31.84	60.86	41.61	60.87	37.1	62.25	52.07	72.0	45.4	73.81	56.72	34.2	31.89	36.44	43.97	32.18	32.88	29.1	49.14	21.55	30.1	19.31	36.76
572	19.067	77.64	40.34	78.18	39.09	76.99	37.32	63.42	29.28	67.67	35.01	58.03	31.86	60.58	41.92	60.39	36.93	61.92	52.15	71.58	44.97	73.61	56.47	33.55	31.91	36.01	44.13	31.5	32.54	28.57	48.9	20.95	29.51	18.96	36.12
573	19.1	77.59	40.65	78.12	39.44	77.0	37.64	63.26	29.56	67.68	35.3	57.83	31.98	60.42	42.18	60.06	36.51	61.51	51.87	71.21	44.5	72.94	56.3	33.29	31.76	35.82	44.04	31.26	31.93	28.25	48.31	20.74	28.53	18.83	35.08
574	19.133	77.57	41.13	78.01	39.96	77.07	38.21	62.97	29.97	67.87	35.86	57.62	32.03	60.49	42.59	60.17	36.34	61.86	52.26	71.35	44.28	73.63	56.65	32.95	31.5	35.62	43.97	31.2	32.18	28.31	48.77	20.95	28.53	18.99	35.22
575	19.167	77.46	41.74	77.88	40.59	77.0	38.81	62.76	30.38	67.97	36.28	57.6	32.19	60.42	42.62	60.01	36.78	61.55	52.45	71.55	44.63	73.92	56.53	32.66	31.75	35.35	44.2	31.1	32.52	28.1	49.14	20.48	29.09	18.46	35.97
576	19.2	77.28	42.51	77.7	41.43	76.95	39.63	62.4	31.01	68.06	37.0	57.45	32.32	60.03	43.08	59.85	36.43	60.39	52.65	71.68	44.55	73.07	56.5	32.07	32.11	34.74	44.72	30.43	32.65	27.21	49.52	19.55	29.8	17.62	36.79
577	19.233	77.08	43.25	77.55	42.19	76.81	40.33	62.31	31.64	68.06	37.46	57.4	32.63	59.94	43.3	59.47	36.63	60.01	52.78	71.25	44.31	72.4	56.13	32.08	32.52	34.79	45.01	30.83	33.21	27.63	49.94	19.44	30.93	17.63	37.85
578	19.267	76.75	43.93	77.16	42.97	76.58	41.1	62.08	32.38	68.06	38.13	57.36	32.83	59.68	43.65	59.43	36.39	59.51	53.06	71.14	44.59	72.09	56.71	32.08	32.54	34.67	45.06	31.0	33.27	27.54	50.06	19.77	30.94	17.85	37.8
579	19.3	76.61	44.3	77.04	43.44	76.5	41.47	62.24	33.06	68.21	38.46	57.51	33.24	59.77	43.75	59.33	36.58	59.5	53.09	70.96	44.74	72.29	56.7	32.51	32.79	35.01	45.09	31.76	33.45	28.32	49.97	20.37	31.56	18.46	38.16
580	19.333	76.23	44.77	76.66	43.95	76.25	41.92	62.06	33.48	68.22	38.69	57.33	33.34	59.56	43.94	58.7	36.51	59.0	53.34	70.15	44.51	72.03	56.5	32.4	32.89	34.87	45.18	31.98	33.84	28.56	50.36	20.42	31.89	18.75	38.37
581	19.367	76.06	45.33	76.47	44.58	76.17	42.51	61.88	34.02	68.24	39.17	57.17	33.59	59.31	44.35	58.41	36.17	58.37	53.38	69.95	44.04	71.54	56.35	32.41	33.1	34.88	45.42	32.19	33.9	28.68	50.44	20.56	31.87	19.01	38.29
582	19.4	76.32	45.68	76.71	45.0	76.49	42.87	62.04	34.39	68.66	39.47	57.37	33.74	59.51	44.46	58.34	35.91	58.3	53.2	70.17	43.73	71.6	56.13	32.43	33.43	34.93	45.78	32.44	34.09	28.79	50.73	20.34	32.62	18.8	39.15
583	19.433	76.29	45.67	76.65	44.96	76.42	42.9	61.95	34.31	68.55	39.55	57.44	33.67	59.4	44.49	58.45	35.96	58.07	53.35	70.36	43.73	71.38	56.08	32.63	33.56	35.04	45.96	32.58	34.24	28.77	50.99	20.36	32.87	18.69	39.64
584	19.467	76.82	46.03	77.21	44.93	76.85	43.39	60.6	34.19	68.14	40.63	56.48	34.29	59.58	46.01	60.87	35.99	60.85	53.05	72.19	43.92	74.01	55.37	30.78	34.65	33.84	47.64	26.22	34.32	23.42	51.56	14.6	33.53	13.42	39.6
585	19.5	76.64	45.92	77.06	45.23	76.76	43.11	62.29	34.45	68.8	39.66	57.69	33.67	59.61	44.49	58.42	35.53	58.09	53.04	70.19	43.08	71.37	55.86	32.48	33.69	34.88	46.16	32.27	34.3	28.39	51.16	19.63	33.37	17.88	40.15
586	19.533	77.15	46.4	77.64	45.3	77.15	43.67	61.11	34.23	68.31	40.63	56.86	34.07	59.65	45.76	60.74	35.58	60.26	52.69	71.94	43.39	73.37	55.38	30.78	34.53	33.67	47.58	25.97	34.35	22.99	51.69	13.8	33.71	12.46	39.88
587	19.567	76.95	46.92	77.47	45.88	77.02	44.14	61.12	34.71	68.44	40.87	56.94	34.18	59.79	45.81	60.53	35.33	60.38	52.68	71.76	43.15	73.44	55.65	30.59	34.41	33.49	47.47	25.89	34.41	22.9	51.78	13.6	33.99	12.31	40.09
588	19.6	77.0	46.98	77.57	45.98	77.11	44.15	61.24	34.84	68.58	40.87	56.94	34.09	59.85	45.94	60.56	34.71	60.34	52.73	71.67	42.75	73.29	56.19	30.48	34.34	33.4	47.53	25.95	34.22	23.05	51.67	13.65	34.15	12.47	40.06
589	19.633	77.11	46.77	77.64	45.73	77.12	44.03	61.27	34.68	68.46	40.92	56.96	34.15	59.93	45.6	60.76	35.63	60.99	52.52	71.75	43.28	74.56	55.64	30.39	34.22	33.26	47.25	25.53	34.26	22.69	51.54	13.73	33.65	12.34	39.76
590	19.667	77.04	46.46	77.44	45.41	77.04	43.8	60.99	34.58	68.6	40.89	56.93	34.28	60.48	45.61	61.14	36.15	62.51	52.91	71.98	44.13	76.25	56.43	30.47	34.3	33.62	47.3	25.57	34.27	22.75	51.53	13.99	33.67	12.23	39.77
591	19.7	77.45	46.33	77.86	45.34	77.45	43.65	61.48	34.62	69.11	40.68	57.37	34.14	61.2	45.24	61.73	36.09	63.77	52.84	72.56	44.57	77.19	56.84	30.85	34.2	34.14	47.12	26.31	34.07	23.47	51.24	14.58	34.11	12.59	39.92
592	19.733	77.29	45.89	77.61	44.86	77.28	43.22	61.09	34.32	68.95	40.52	57.12	34.31	61.11	45.58	61.64	36.49	63.94	53.42	72.35	44.49	77.26	56.82	30.64	34.27	34.02	47.27	25.92	34.16	23.04	51.44	14.49	34.25	12.43	40.12
593	19.767	77.01	44.9	77.37	43.94	77.01	42.26	61.11	33.87	68.91	39.79	57.14	34.21	61.41	45.11	61.64	36.67	64.63	53.27	71.84	44.29	77.48	56.48	30.81	34.19	34.27	46.95	25.72	34.29	22.86	51.21	14.61	34.37	12.23	39.73
594	19.8	77.11	44.22	77.49	43.29	77.13	41.57	61.25	33.38	69.05	39.18	57.28	33.98	61.5	44.66	61.75	36.73	64.75	53.11	71.67	44.13	77.52	56.44	30.9	33.92	34.28	46.6	25.29	33.85	22.27	50.62	14.54	33.78	11.86	38.9
595	19.833	77.04	43.96	77.42	43.01	77.1	41.26	61.36	33.02	69.21	38.67	57.39	33.84	61.85	44.18	61.74	37.32	65.11	53.24	71.71	43.76	77.46	55.56	30.94	33.84	34.48	46.35	25.51	34.19	22.63	50.76	14.76	34.21	12.03	39.25
596	19.867	76.84	43.63	77.14	42.6	76.86	40.97	61.08	32.62	69.0	38.48	57.23	33.55	61.76	44.11	61.75	36.88	64.9	53.07	71.82	43.8	77.31	55.95	31.28	33.69	34.94	46.24	25.84	33.47	23.05	50.1	15.23	33.62	12.62	38.87
597	19.9	77.3	42.94	77.61	41.97	77.3	40.29	61.27	32.3	69.21	38.04	57.24	33.63	61.94	43.72	61.91	37.25	65.79	52.67	71.86	43.66	78.58	55.66	30.99	33.62	34.65	46.02	25.34	33.08	22.54	49.45	14.82	32.96	12.06	37.98
598	19.933	77.56	42.4	77.82	41.42	77.48	39.79	61.5	32.01	69.28	37.8	57.4	33.65	62.26	43.78	62.26	37.16	66.62	52.65	72.19	43.48	79.1	55.38	31.57	33.61	35.3	46.0	26.33	32.99	23.59	49.36	15.89	32.91	13.1	37.96
599	19.967	77.88	42.21	78.21	41.18	77.73	39.55	62.06	31.54	69.39	37.29	57.78	33.28	62.52	43.09	62.46	37.55	66.87	52.53	72.35	43.46	79.28	55.05	31.79	33.45	35.4	45.76	26.3	33.22	23.55	49.51	15.83	32.86	12.86	37.94
600	20.0	77.2	42.21	77.69	41.49	77.25	39.37	63.66	31.76	70.04	36.61	59.11	32.56	62.54	42.31	60.5	36.91	63.67	53.09	72.07	44.24	76.75	55.88	33.18	32.25	36.16	44.51	31.29	33.06	28.01	49.72	19.65	32.77	16.79	38.83
601	20.033	77.49	41.85	77.94	40.9	77.45	39.09	62.02	31.42	69.41	36.75	57.7	32.91	62.44	42.6	62.31	37.25	66.67	52.38	72.15	43.9	79.35	55.11	31.55	33.24	35.13	45.47	26.04	32.99	23.4	49.11	15.72	32.76	12.82	37.3
602	20.067	77.18	41.26	77.81	40.52	77.18	38.31	64.21	31.02	70.01	35.52	59.5	32.22	62.91	41.43	60.96	37.42	64.01	52.96	72.01	45.04	76.32	55.75	33.54	31.89	36.47	43.86	30.98	33.28	27.81	49.51	19.66	33.04	16.49	38.39
603	20.1	77.23	40.9	77.86	40.14	77.19	37.97	63.8	30.76	69.82	35.44	59.14	32.27	62.8	41.56	60.99	37.39	64.1	52.72	71.89	44.65	76.3	54.68	32.82	31.96	35.97	43.97	29.54	33.03	26.63	49.24	18.22	32.71	15.23	37.84
604	20.133	77.2	40.54	77.78	39.81	77.16	37.67	63.83	30.55	69.9	35.19	59.27	32.0	62.91	41.12	61.29	37.2	64.31	52.33	72.18	44.59	76.47	54.84	33.25	31.35	36.36	43.24	30.01	32.49	27.01	48.53	19.13	32.19	15.91	37.3
605	20.167	76.89	40.69	77.5	39.98	76.9	37.77	63.58	30.75	69.73	35.16	58.93	32.06	62.74	41.09	61.02	36.99	64.19	52.11	71.68	44.03	76.13	54.16	33.09	31.38	36.29	43.14	29.88	32.52	27.05	48.31	19.07	32.17	16.0	36.86
606	20.2	77.21	39.39	77.76	38.65	77.11	36.56	63.46	29.79	69.75	34.45	59.03	31.68	62.96	40.66	61.75	37.02	64.94	51.86	72.56	44.37	77.04	54.39	33.03	31.46	36.34	43.21	29.48	32.66	26.76	48.44	18.61	32.71	15.41	37.52
607	20.233	76.96	39.7	77.56	38.97	76.97	36.79	63.39	29.91	69.91	34.35	58.99	31.51	63.08	40.31	61.53	37.13	64.89	51.9	72.21	44.11	76.73	54.03	32.58	31.41	36.01	43.06	29.24	32.67	26.6	48.32	18.0	33.01	14.81	37.57
608	20.267	76.98	39.94	77.64	39.17	76.96	36.98	63.71	30.0	69.9	34.31	59.26	31.57	63.19	40.16	61.52	37.55	64.98	52.06	71.94	44.25	76.44	53.74	32.92	31.57	36.21	43.09	29.55	32.89	26.74	48.46	18.09	33.66	14.7	38.16
609	20.3	77.13	39.16	77.83	38.39	77.12	36.14	63.98	29.35	70.13	33.57	59.44	31.33	63.4	39.86	61.4	37.61	65.07	52.11	71.76	44.21	76.41	54.0	32.98	31.43	36.26	42.98	29.47	32.78	26.66	48.37	18.12	33.51	14.74	37.96
610	20.333	77.18	39.04	77.87	38.22	77.15	35.99	63.91	29.14	70.05	33.42	59.29	31.24	63.37	39.84	61.38	37.65	65.29	52.18	71.9	43.94	76.65	53.83	32.89	31.43	36.26	43.02	29.61	32.65	26.93	48.28	18.21	33.35	15.02	37.89
611	20.367	77.19	38.8	77.91	37.94	77.08	35.74	64.02	28.89	69.86	33.2	59.32	31.09	63.34	39.77	61.64	37.54	65.53	52.21	72.25	43.96	77.01	53.9	33.13	31.5	36.44	43.14	29.9	32.66	27.26	48.32	18.57	33.39	15.4	37.94
612	20.4	77.31	38.27	78.02	37.4	77.17	35.21	64.01	28.46	69.81	32.77	59.28	31.01	63.31	39.53	61.58	37.66	65.65	52.01	72.12	43.81	76.87	53.78	33.16	31.5	36.47	43.05	29.69	32.69	27.03	48.23	18.43	33.41	15.31	37.91
613	20.433	77.2	37.85	77.89	36.96	77.02	34.81	63.8	28.14	69.6	32.51	59.14	30.95	63.25	39.36	61.6	37.73	65.78	51.79	72.35	44.07	77.17	53.94	33.18	31.65	36.56	43.13	29.45	32.74	26.8	48.18	18.22	33.37	15.05	37.86
614	20.467	77.16	37.59	77.85	36.64	76.91	34.54	63.68	27.83	69.34	32.3	58.99	30.95	63.14	39.28	61.45	37.87	65.71	51.67	72.18	43.91	77.03	53.71	33.07	31.89	36.5	43.33	28.97	32.9	26.43	48.29	17.71	33.7	14.65	38.26
615	20.5	77.0	37.37	77.68	36.37	76.7	34.32	63.52	27.58	69.05	32.14	58.85	30.94	63.01	39.28	61.45	38.02	65.66	51.74	72.26	43.94	76.85	53.48	33.1	32.05	36.57	43.48	28.82	33.11	26.37	48.49	17.62	34.01	14.68	38.62
616	20.533	76.83	37.14	77.49	36.07	76.52	34.06	63.25	27.24	68.88	31.91	58.63	30.91	62.91	39.38	61.42	38.14	65.62	51.98	72.6	44.21	77.04	53.57	32.94	32.49	36.51	43.98	28.83	33.28	26.53	48.77	17.45	33.88	14.76	38.64
617	20.567	76.68	36.81	77.33	35.69	76.35	33.73	63.21	26.83	68.75	31.57	58.62	30.63	62.84	39.16	61.41	38.13	65.56	52.02	72.46	44.31	76.93	53.77	32.91	32.53	36.43	44.06	28.74	33.58	26.5	49.09	17.51	33.83	14.88	38.66
618	20.6	76.71	36.32	77.33	35.21	76.35	33.26	63.02	26.46	68.62	31.32	58.35	30.46	62.73	39.0	61.04	37.97	65.33	51.64	71.86	44.14	76.69	53.64	32.7	32.56	36.3	44.07	28.37	33.76	26.26	49.21	17.26	33.74	14.59	38.64
619	20.633	76.74	36.23	77.35	35.07	76.33	33.16	62.95	26.37	68.5	31.31	58.27	30.79	62.68	39.14	60.84	38.39	65.32	51.56	71.79	44.22	76.68	53.65	32.5	32.93	36.15	44.36	28.02	33.89	25.97	49.25	16.86	33.53	14.36	38.61
620	20.667	76.54	36.06	77.06	34.88	76.08	33.07	62.44	26.41	68.15	31.64	57.88	31.13	62.33	39.73	60.79	38.6	65.17	51.87	71.79	44.32	76.69	53.61	32.09	33.27	35.81	44.78	27.77	34.26	25.84	49.7	16.75	33.45	14.4	38.77
621	20.7	76.38	36.08	76.88	34.88	75.88	33.13	62.24	26.49	67.9	31.8	57.73	31.28	62.06	39.93	60.6	38.63	64.89	51.88	71.55	44.09	76.26	53.37	32.14	33.54	35.8	45.02	27.79	34.44	25.88	49.87	16.7	33.33	14.57	38.79
622	20.733	76.41	36.18	76.92	34.99	75.91	33.24	62.37	26.5	67.98	31.83	57.87	31.05	62.27	39.8	60.73	38.38	65.05	51.91	71.63	43.9	76.31	53.5	32.31	33.29	36.0	44.83	28.0	34.33	26.14	49.85	16.78	33.42	14.61	38.91
623	20.767	76.34	36.44	76.81	35.26	75.87	33.53	62.2	26.7	67.99	32.08	57.81	31.09	62.16	39.93	60.61	38.35	64.96	51.98	71.41	43.85	76.3	53.53	32.25	33.2	35.92	44.77	27.97	34.19	26.01	49.76	16.74	33.23	14.53	38.79
624	20.8	76.4	36.49	76.9	35.27	75.84	33.59	62.23	26.68	67.73	32.23	57.81	31.1	61.97	40.13	60.85	38.27	64.85	52.06	71.5	43.87	76.24	53.2	32.13	33.35	35.7	45.02	27.67	34.26	25.73	49.96	16.42	33.07	14.26	38.67
625	20.833	76.48	36.44	77.0	35.19	75.87	33.53	62.4	26.61	67.67	32.22	57.91	31.18	62.01	40.22	60.89	38.41	64.96	52.12	71.6	44.05	76.31	53.32	32.2	33.41	35.73	45.11	27.7	34.22	25.8	49.96	16.54	32.9	14.47	38.62
626	20.867	76.31	36.73	76.86	35.42	75.64	33.82	62.34	26.74	67.36	32.32	57.86	31.2	61.92	40.02	60.93	38.2	65.17	51.57	71.43	43.84	76.53	53.2	32.41	33.35	35.89	44.88	27.61	34.17	25.74	49.69	16.43	32.9	14.37	38.53
627	20.9	76.25	36.7	76.8	35.35	75.56	33.76	62.18	26.6	67.16	32.16	57.69	31.16	61.7	39.7	60.82	38.29	65.05	51.08	71.38	43.79	76.48	53.04	32.28	33.16	35.74	44.53	27.36	34.17	25.53	49.48	16.06	32.94	14.16	38.59
628	20.933	76.37	36.85	76.88	35.41	75.6	33.94	62.06	26.57	66.98	32.36	57.58	31.25	61.56	39.86	60.99	38.1	64.97	50.77	71.74	43.9	76.47	53.16	32.21	33.28	35.68	44.66	27.31	34.14	25.57	49.51	15.82	32.91	14.09	38.86
629	20.967	76.35	36.28	76.78	34.82	75.46	33.48	61.94	26.39	66.76	32.39	57.58	31.58	61.62	39.99	60.98	38.28	65.2	50.39	71.69	44.02	76.44	53.3	32.6	33.54	36.12	44.75	27.48	34.02	25.77	49.2	16.19	32.63	14.48	38.85
630	21.0	76.21	35.89	76.59	34.4	75.28	33.14	61.6	26.19	66.5	32.4	57.26	31.68	61.35	40.24	60.64	38.36	64.88	50.44	71.43	44.15	76.19	53.56	32.5	33.83	36.1	45.04	27.63	33.87	25.98	49.06	16.3	32.27	14.74	38.76
631	21.033	76.19	35.91	76.53	34.4	75.24	33.17	61.54	26.22	66.44	32.49	57.15	31.67	61.36	40.46	60.62	38.15	65.05	50.63	71.58	44.17	76.45	53.89	32.65	33.83	36.31	45.13	28.31	33.61	26.73	48.91	17.08	31.86	15.62	38.5
632	21.067	76.15	36.13	76.46	34.63	75.22	33.43	61.32	26.46	66.32	32.82	56.94	31.83	60.97	40.78	60.52	38.12	64.54	50.7	71.51	44.33	76.13	54.04	32.5	33.85	36.06	45.2	28.28	33.64	26.67	48.98	17.17	31.65	15.88	38.37
633	21.1	76.13	36.44	76.47	34.93	75.17	33.72	61.46	26.56	66.21	32.97	57.06	31.74	60.79	40.78	60.48	38.37	63.96	51.02	71.52	44.81	75.57	54.3	32.65	33.68	36.04	45.1	28.45	33.64	26.62	49.08	17.48	31.5	15.94	38.33
634	21.133	76.27	36.73	76.63	35.25	75.32	34.02	61.66	26.85	66.36	33.23	57.27	31.8	60.81	40.81	60.8	38.41	63.98	51.04	72.05	45.19	75.88	54.6	32.78	33.43	36.03	44.88	28.69	33.5	26.68	48.97	17.83	31.22	16.11	38.06
635	21.167	76.47	37.59	76.89	36.11	75.45	34.86	62.08	27.51	66.27	33.89	57.52	32.25	60.65	41.23	61.04	38.64	63.62	51.18	72.18	45.62	75.31	54.55	32.91	33.59	35.9	45.04	28.82	33.86	26.64	49.35	18.17	31.32	16.34	38.15
636	21.2	76.44	38.44	76.9	37.0	75.47	35.68	62.31	28.09	66.38	34.28	57.72	32.35	60.66	41.12	60.88	38.71	63.17	51.02	71.97	45.92	74.85	54.61	33.18	33.48	36.08	44.78	29.33	33.82	27.02	49.16	18.49	31.4	16.53	38.16
637	21.233	76.25	39.32	76.77	37.88	75.35	36.5	62.32	28.65	66.39	34.7	57.74	32.44	60.55	41.22	60.63	38.57	62.7	51.05	71.61	45.65	74.41	54.47	32.98	33.21	35.82	44.52	29.36	33.85	26.98	49.21	18.13	31.53	16.16	38.25
638	21.267	76.39	39.37	76.95	37.94	75.48	36.53	62.52	28.63	66.42	34.7	57.86	32.36	60.51	41.27	60.8	38.54	62.44	51.2	71.73	46.06	74.24	54.64	32.97	33.17	35.72	44.57	29.32	33.81	26.89	49.27	18.11	31.52	16.08	38.19
639	21.3	76.38	39.67	76.99	38.21	75.46	36.79	62.74	28.76	66.39	34.79	58.04	32.39	60.46	41.21	60.99	38.76	62.27	51.35	71.87	46.22	74.23	54.8	33.03	33.28	35.6	44.68	29.13	34.09	26.59	49.55	18.21	31.62	15.98	38.27
640	21.333	76.51	39.71	77.12	38.29	75.59	36.83	62.96	28.88	66.54	34.81	58.18	32.45	60.65	41.18	60.96	38.84	62.51	51.41	71.91	46.26	74.38	55.05	33.34	33.46	35.94	44.81	29.62	34.27	27.07	49.66	18.79	31.92	16.54	38.55
641	21.367	76.57	39.77	77.17	38.38	75.65	36.9	62.93	29.05	66.56	35.0	58.04	32.62	60.63	41.48	60.62	38.91	62.36	51.64	71.55	46.31	74.15	55.28	33.36	33.64	36.05	45.04	29.92	34.23	27.41	49.67	19.07	31.96	16.94	38.64
642	21.4	76.14	38.99	76.38	37.63	75.67	36.96	61.12	29.48	66.99	36.43	57.04	33.69	60.09	42.73	62.43	40.09	64.57	52.39	71.23	45.74	77.47	54.46	32.32	34.4	34.87	45.84	24.32	33.95	21.12	49.38	14.83	31.15	11.75	36.95
643	21.433	75.96	39.14	76.18	37.71	75.51	37.09	60.9	29.41	66.84	36.5	56.87	33.52	59.82	43.06	62.32	39.64	64.27	52.61	71.17	46.08	77.16	54.76	32.27	34.31	34.79	45.98	24.55	33.77	21.37	49.53	15.14	31.07	12.39	37.05
644	21.467	76.12	39.61	76.24	38.15	75.72	37.55	60.37	29.71	66.94	37.16	56.42	33.83	59.79	44.25	62.74	39.21	64.38	53.37	72.16	46.43	77.19	54.94	31.5	34.44	34.41	46.6	24.19	33.41	21.2	49.76	14.88	30.99	12.44	37.1
645	21.5	76.32	39.99	76.45	38.51	75.86	37.89	60.67	30.16	67.06	37.49	56.77	34.43	60.07	44.7	63.1	40.09	64.66	54.2	72.42	46.83	77.35	55.8	32.11	34.96	34.95	47.06	24.63	33.6	21.66	49.82	15.63	31.17	13.16	37.18
646	21.533	76.41	40.05	76.52	38.6	75.91	37.98	60.66	30.44	67.07	37.8	56.8	34.93	60.32	45.18	63.51	40.7	65.56	54.83	72.84	47.62	78.56	56.45	32.05	35.3	35.03	47.42	24.58	33.63	21.6	49.83	15.65	31.31	13.0	37.13
647	21.567	76.51	40.4	76.58	38.9	75.96	38.29	60.49	30.77	67.05	38.33	56.85	35.42	60.23	46.22	63.57	40.95	65.43	55.85	73.21	48.14	78.49	57.21	32.24	36.31	35.18	48.73	24.93	34.07	21.82	50.7	15.55	32.08	13.19	38.2
648	21.6	76.6	40.71	76.7	39.23	76.05	38.58	60.65	31.07	67.14	38.51	56.91	35.66	60.49	46.13	63.6	41.3	65.76	55.82	73.07	48.23	78.99	57.72	32.28	36.47	35.32	48.74	24.79	34.69	21.79	51.05	15.65	32.73	13.05	38.66
649	21.633	76.45	41.74	76.62	40.27	75.93	39.57	60.64	31.86	67.05	39.21	56.98	35.97	60.05	46.47	63.36	41.48	64.54	56.14	72.73	48.69	77.9	58.02	32.15	37.04	34.89	49.32	24.4	35.35	21.11	51.77	14.92	33.49	12.1	39.42
650	21.667	76.57	42.44	76.84	41.02	76.06	40.22	61.03	32.45	67.13	39.53	57.07	36.33	60.05	46.08	62.95	42.06	64.18	55.47	72.54	48.63	77.82	58.09	32.07	37.12	34.73	49.03	24.2	36.06	21.03	51.98	14.66	33.84	11.87	39.7
651	21.7	76.48	43.23	76.71	41.88	76.06	41.02	60.72	33.19	67.23	40.14	56.79	36.76	59.88	46.31	62.2	42.57	63.75	55.68	71.86	49.05	77.4	58.53	31.7	37.28	34.47	49.09	23.95	36.07	20.73	51.88	14.11	34.02	11.28	39.93
652	21.733	77.39	45.48	78.08	44.04	76.66	42.57	62.52	34.1	67.23	40.58	57.9	36.74	60.3	46.98	61.49	41.1	62.35	55.74	72.86	49.56	75.18	60.04	31.79	37.37	34.39	49.77	26.34	37.56	23.5	54.22	14.7	36.18	12.94	42.8
653	21.767	77.55	46.47	78.21	45.04	76.87	43.51	62.52	34.85	67.46	41.19	57.76	37.26	60.59	47.18	61.77	41.72	63.88	55.73	73.99	50.78	77.38	60.62	31.15	37.7	33.98	50.03	26.74	38.23	23.95	54.79	15.1	36.85	13.45	43.49
654	21.8	76.87	47.11	77.49	45.76	76.37	44.17	61.97	35.35	67.38	41.55	57.4	37.21	60.37	47.36	61.05	41.26	63.23	55.9	72.94	50.03	76.56	60.42	30.88	37.61	33.85	49.95	26.96	38.74	24.19	55.28	15.04	37.65	13.41	44.11
655	21.833	76.98	47.53	77.6	46.13	76.45	44.54	62.08	35.59	67.38	41.8	57.5	37.44	60.4	47.67	61.45	41.49	63.4	56.37	73.74	50.59	76.99	61.11	30.95	38.06	33.86	50.5	27.35	39.14	24.56	55.83	15.33	38.01	13.7	44.6
656	21.867	76.95	47.92	77.57	46.57	76.51	44.9	62.09	35.88	67.55	42.07	57.59	37.36	60.15	48.1	61.23	40.91	62.63	56.77	73.6	50.41	76.46	61.19	30.91	38.24	33.64	50.96	27.74	39.19	24.72	56.28	15.39	38.15	13.89	44.88
657	21.9	77.16	48.04	77.69	46.8	76.75	45.06	62.19	36.23	67.86	42.34	57.64	37.58	60.31	48.27	60.88	41.34	62.42	57.2	73.31	50.17	75.92	61.0	31.24	38.42	34.03	51.13	28.51	39.61	25.46	56.7	16.3	38.55	14.77	45.38
658	21.933	77.08	48.23	77.64	46.92	76.71	45.15	62.04	35.95	67.68	42.27	57.43	37.14	59.77	48.79	60.56	40.46	61.22	57.94	73.21	50.08	75.09	61.19	30.9	38.73	33.56	51.98	28.71	39.52	25.35	57.36	15.94	38.78	14.55	45.87
659	21.967	76.81	48.69	77.36	47.45	76.56	45.59	61.7	36.32	67.63	42.56	57.03	37.06	59.22	49.01	59.64	40.33	59.95	58.52	71.82	48.94	74.12	61.02	30.62	39.05	33.21	52.41	28.75	40.17	25.38	58.04	15.76	39.57	14.58	46.56
660	22.0	76.37	49.29	76.62	47.97	76.34	46.63	59.42	37.42	67.43	44.49	55.53	38.59	59.13	51.1	60.77	39.59	61.22	57.59	72.3	48.21	75.44	60.05	30.09	40.38	33.56	53.8	25.05	38.84	22.49	56.58	12.79	38.83	12.1	45.14
661	22.033	76.51	49.65	76.64	48.31	76.51	47.09	59.14	37.71	67.65	45.12	55.42	38.64	59.28	51.75	60.92	39.05	61.52	57.9	72.21	48.46	75.83	60.89	29.8	40.15	33.48	53.87	25.09	38.53	22.62	56.66	13.03	38.66	12.41	45.29
662	22.067	76.57	50.17	76.71	48.97	76.64	47.57	59.22	38.43	67.95	45.48	55.47	39.14	59.57	51.92	60.69	39.67	61.95	58.34	71.73	48.14	75.83	61.18	29.7	40.11	33.48	53.68	25.13	38.97	22.63	56.83	13.29	38.91	12.49	45.2
663	22.1	76.63	48.67	76.58	47.55	76.86	46.49	58.86	38.02	68.31	45.38	55.3	39.54	59.73	52.56	61.99	40.12	63.14	59.42	72.78	49.05	77.59	60.72	29.98	39.66	33.74	53.39	24.28	38.03	21.29	56.2	13.28	37.16	11.06	43.21
664	22.133	76.46	48.95	76.44	47.76	76.73	46.73	58.76	37.83	68.22	45.32	55.13	39.07	59.58	52.41	61.82	39.57	62.65	59.54	72.66	48.44	77.14	60.85	29.58	39.58	33.41	53.52	23.86	38.22	21.02	56.63	12.89	37.37	10.75	43.58
665	22.167	76.42	48.84	76.46	47.76	76.7	46.59	58.96	38.14	68.38	45.3	55.4	39.4	59.73	52.37	61.77	39.96	62.49	59.51	72.33	48.85	77.06	60.96	29.74	39.89	33.44	53.6	23.85	38.7	21.02	56.81	13.01	38.1	10.78	44.05
666	22.2	77.04	49.94	77.33	48.84	77.06	47.19	60.32	38.63	68.61	45.19	56.35	39.77	60.81	52.13	61.38	41.16	63.24	59.7	71.75	49.64	76.71	61.8	29.87	40.85	33.75	54.34	24.98	40.6	22.65	58.33	13.21	40.86	11.62	46.45
667	22.233	76.74	48.54	76.84	47.5	76.91	46.25	59.72	38.53	68.78	45.24	56.14	40.64	60.99	52.43	62.32	42.83	64.41	60.57	71.8	50.26	77.23	61.18	30.42	40.67	34.32	53.72	24.19	39.94	21.52	57.17	13.9	39.11	11.21	44.39
668	22.267	76.74	47.93	76.9	46.94	76.94	45.62	60.18	38.04	69.13	44.35	56.73	40.06	61.32	51.12	62.4	42.97	64.23	59.89	71.66	50.24	77.08	60.96	31.28	40.45	34.95	53.07	24.78	40.27	21.96	57.0	14.67	39.55	11.6	44.62
669	22.3	77.33	48.52	77.57	47.58	77.34	45.87	60.98	38.23	69.35	44.2	57.19	39.94	62.02	51.29	61.55	42.19	64.36	60.13	70.34	48.25	75.77	61.88	31.55	41.2	35.56	54.01	25.94	41.33	23.54	58.14	14.71	42.04	12.35	46.89
670	22.333	77.6	48.06	77.82	47.2	77.63	45.42	61.19	38.02	69.65	43.77	57.3	39.69	62.06	50.44	61.43	42.49	64.08	59.37	70.44	48.28	75.44	61.44	31.83	40.75	35.78	53.23	26.33	41.02	23.93	57.4	15.42	41.47	12.98	46.29
671	22.367	77.64	46.94	78.15	46.21	77.62	44.06	63.79	36.61	70.15	41.7	59.37	37.9	62.25	48.19	59.94	42.61	62.3	59.39	70.53	49.81	74.31	61.38	33.59	39.72	36.4	52.18	31.13	41.01	27.76	57.89	19.05	41.24	16.63	47.32
672	22.4	77.65	46.35	78.1	45.54	77.51	43.5	63.5	36.19	69.84	41.41	59.18	37.85	62.21	48.04	60.42	42.96	62.87	59.42	71.28	50.07	74.78	61.35	33.7	39.46	36.55	51.85	31.03	40.57	27.7	57.37	19.13	40.76	16.51	46.89
673	22.433	77.7	46.17	78.25	45.36	77.6	43.26	63.86	35.93	70.1	41.04	59.45	37.55	62.6	47.77	60.49	42.81	63.13	59.49	70.86	49.63	74.75	61.17	33.51	39.15	36.43	51.59	30.5	40.45	27.31	57.29	18.67	40.79	15.96	46.65
674	22.467	77.57	46.09	78.15	45.25	77.45	43.16	63.75	35.77	69.9	40.88	59.33	37.34	62.53	47.57	60.63	42.62	63.16	59.31	71.03	49.67	74.71	61.0	33.35	38.93	36.33	51.37	30.09	40.3	27.02	57.11	18.17	40.81	15.56	46.53
675	22.5	77.48	46.31	78.12	45.52	77.42	43.35	63.9	36.05	69.99	40.91	59.42	37.4	62.65	47.45	60.53	42.42	63.28	59.07	70.63	49.13	74.75	60.72	33.47	38.68	36.43	51.02	29.97	40.17	26.96	56.8	18.1	40.95	15.53	46.34
676	22.533	77.34	46.41	77.91	45.61	77.28	43.46	63.54	36.12	69.8	40.99	59.01	37.56	62.56	47.47	60.84	42.95	63.84	59.24	71.82	49.96	75.75	60.87	33.24	38.91	36.39	51.2	30.08	40.22	27.19	56.75	18.45	40.98	15.89	46.3
677	22.567	77.26	46.83	77.83	45.99	77.2	43.84	63.5	36.33	69.7	41.21	58.93	37.69	62.51	47.55	60.71	43.31	63.81	59.44	71.58	50.02	75.65	60.78	33.05	38.79	36.2	51.05	29.94	40.33	27.04	56.84	18.27	40.87	15.63	46.24
678	22.6	77.08	47.05	77.65	46.15	77.0	44.05	63.4	36.34	69.52	41.22	58.85	37.67	62.51	47.45	60.78	43.53	64.03	59.48	71.91	50.29	75.85	60.86	33.14	38.88	36.35	51.07	30.2	40.75	27.36	57.18	18.49	41.27	15.85	46.66
679	22.633	77.1	46.75	77.67	45.87	77.01	43.75	63.51	36.26	69.55	41.08	58.92	37.82	62.61	47.51	60.92	43.86	64.26	59.78	72.22	50.53	76.13	60.94	33.32	39.21	36.52	51.38	30.25	40.98	27.45	57.39	18.66	41.65	16.04	46.97
680	22.667	77.28	46.44	77.86	45.53	77.13	43.42	63.56	36.01	69.49	40.91	58.88	37.85	62.57	47.59	61.01	44.11	64.34	59.97	72.5	50.82	76.27	60.94	33.24	39.4	36.47	51.62	30.3	40.91	27.57	57.37	18.61	41.42	16.09	46.81
681	22.7	77.02	46.28	77.58	45.35	76.93	43.26	63.16	35.95	69.39	40.95	58.6	37.91	62.26	47.87	60.79	44.1	63.94	60.14	72.66	51.2	76.22	61.13	32.85	39.9	36.12	52.22	30.08	41.04	27.28	57.64	18.36	41.44	15.96	46.95
682	22.733	77.31	44.91	77.9	43.93	77.03	41.88	63.56	34.86	69.18	39.94	58.87	37.58	62.38	47.3	60.97	44.55	64.27	60.14	72.47	50.94	76.15	60.97	33.26	39.91	36.39	52.15	30.0	40.98	27.2	57.44	18.54	41.27	15.99	46.82
683	22.767	77.09	43.92	77.66	42.82	76.66	40.87	63.28	33.89	68.6	39.09	58.58	37.25	62.27	46.69	61.0	44.83	64.7	59.8	72.47	50.81	76.3	60.6	33.24	40.14	36.49	52.2	29.64	41.06	27.06	57.25	18.24	41.19	15.79	46.71
684	22.8	77.24	42.87	77.78	41.73	76.64	39.9	63.37	33.23	68.35	38.56	58.73	37.12	62.33	46.38	61.29	44.64	64.94	59.16	72.45	50.54	75.95	60.31	33.77	39.91	36.95	51.78	29.66	40.83	27.19	56.82	18.4	40.86	16.01	46.48
685	22.833	77.43	41.68	77.96	40.39	76.57	38.71	63.37	32.26	67.81	37.86	58.59	37.24	62.3	46.33	61.53	44.95	65.55	58.9	72.79	50.62	76.68	60.52	34.01	40.16	37.24	51.92	29.71	40.7	27.47	56.55	18.6	40.13	16.25	46.07
686	22.867	76.97	39.67	77.17	38.29	76.31	37.41	62.06	31.38	67.67	37.79	58.09	38.37	61.62	46.59	63.8	46.58	66.61	58.88	73.05	50.49	78.97	61.06	33.29	38.72	36.06	49.91	25.78	39.87	22.76	54.96	16.46	36.98	12.39	42.61
687	22.9	77.01	38.66	77.14	37.14	76.15	36.42	62.14	30.3	67.33	37.1	58.25	38.14	61.58	46.46	63.95	46.85	66.92	59.04	73.07	50.22	78.91	61.02	33.44	38.41	36.12	49.67	25.84	39.51	22.75	54.78	16.41	36.28	12.49	42.44
688	22.933	76.62	37.4	76.73	35.75	75.49	35.21	62.24	29.3	66.57	36.33	58.48	38.0	61.46	46.08	63.91	47.11	66.98	58.88	72.61	49.98	78.74	61.12	34.05	38.03	36.44	49.11	26.04	39.61	22.93	54.73	16.62	35.9	12.62	42.51
689	22.967	76.45	36.93	76.55	35.23	75.21	34.78	62.19	28.87	66.13	36.19	58.27	37.76	61.18	46.2	63.72	46.71	66.61	58.73	72.24	49.88	78.37	60.77	33.96	37.71	36.34	48.89	26.08	39.58	23.27	54.83	16.9	35.62	13.27	42.46
690	23.0	76.11	37.79	76.25	36.0	74.88	35.62	62.07	29.33	65.86	36.62	58.13	37.95	61.09	46.21	63.56	47.11	66.77	58.8	72.26	50.13	78.64	60.62	34.09	38.2	36.47	49.28	26.03	40.13	23.21	55.29	16.56	36.16	12.95	42.95
691	23.033	75.96	38.08	76.03	36.29	74.77	35.96	61.71	29.58	65.83	36.95	57.98	38.09	61.06	46.46	63.58	46.99	66.85	58.82	72.28	50.29	78.84	60.6	34.12	38.76	36.62	49.85	26.16	40.67	23.28	55.86	16.35	36.82	12.65	43.64
692	23.067	76.07	38.57	76.14	36.79	74.91	36.47	61.83	29.96	66.03	37.33	58.13	38.11	61.04	46.36	63.47	46.86	66.3	58.42	72.26	50.45	78.49	60.9	34.25	38.85	36.65	49.86	26.22	41.02	23.27	56.16	16.24	37.2	12.5	44.17
693	23.1	76.23	38.14	76.29	36.53	75.02	36.09	61.9	30.15	66.13	37.39	58.3	38.32	60.97	46.42	63.3	47.0	65.75	58.35	72.01	50.72	78.11	60.98	34.45	39.34	36.75	50.22	26.26	41.4	23.24	56.37	16.05	37.98	12.3	44.86
694	23.133	76.27	38.55	76.34	36.93	75.14	36.48	61.75	30.33	66.23	37.62	58.13	38.28	60.77	46.54	63.08	46.89	65.34	58.37	72.02	50.75	78.01	60.93	34.05	39.38	36.34	50.39	25.87	41.37	22.8	56.52	15.56	37.92	11.88	44.91
695	23.167	76.32	38.71	76.38	37.11	75.17	36.67	61.73	30.51	66.24	37.84	58.06	38.38	60.91	46.58	63.03	47.01	65.65	58.35	72.06	50.94	78.39	61.21	33.95	39.42	36.39	50.43	25.68	41.44	22.68	56.57	15.3	38.07	11.55	45.07
696	23.2	76.35	38.45	76.39	36.88	75.15	36.44	61.75	30.47	66.19	37.83	58.2	38.54	60.96	46.79	63.32	47.09	65.77	58.56	72.11	50.85	78.29	61.08	34.04	39.6	36.42	50.62	25.58	41.51	22.47	56.66	15.22	38.17	11.33	45.08
697	23.233	76.31	38.58	76.38	37.03	75.15	36.56	61.77	30.55	66.21	37.83	58.14	38.47	60.92	46.6	63.32	46.95	65.65	58.27	72.01	50.79	78.17	61.02	33.84	39.45	36.21	50.41	25.22	41.26	22.09	56.29	15.22	37.89	11.16	44.63
698	23.267	76.28	38.54	76.36	37.05	75.16	36.53	61.84	30.63	66.25	37.74	58.09	38.36	60.87	46.4	63.34	46.86	65.83	58.2	71.92	50.82	78.23	61.17	33.79	38.77	36.11	49.68	25.45	40.51	22.26	55.43	15.76	37.15	11.59	43.7
699	23.3	76.17	38.22	76.28	36.77	75.07	36.18	62.0	30.46	66.31	37.31	58.26	38.24	60.93	45.83	63.11	47.14	65.66	57.95	71.55	50.85	77.93	61.49	34.23	38.61	36.45	49.23	25.8	40.19	22.54	54.72	16.45	36.83	12.19	43.23
700	23.333	76.14	38.5	76.26	36.91	75.1	36.39	61.86	30.25	66.28	37.29	57.95	38.16	60.84	45.98	63.07	47.19	66.01	58.15	71.58	50.62	78.09	61.47	33.52	38.18	35.85	49.02	25.15	39.64	21.88	54.41	16.43	36.04	12.24	42.57
701	23.367	76.04	38.41	76.15	36.68	74.97	36.27	61.83	29.76	66.08	36.95	57.79	37.7	60.71	45.62	63.11	47.07	66.28	58.07	71.77	50.54	78.48	61.58	33.43	37.55	35.76	48.46	25.3	39.09	22.1	53.95	16.92	35.34	12.87	42.1
702	23.4	75.97	37.65	76.08	35.97	74.84	35.57	61.9	29.36	65.9	36.6	57.82	37.49	60.52	45.53	63.08	46.83	66.34	57.92	71.55	50.55	78.39	61.54	33.54	37.15	35.74	48.07	25.71	38.46	22.47	53.32	17.61	34.75	13.78	41.58
703	23.433	75.92	37.65	76.02	35.94	74.8	35.57	61.91	29.32	65.9	36.58	57.89	37.49	60.42	45.64	63.24	46.83	66.35	58.12	71.5	50.71	78.35	61.59	33.52	36.9	35.6	47.86	26.0	38.28	22.68	53.23	17.91	34.43	14.11	41.35
704	23.467	75.83	37.66	75.92	35.9	74.71	35.56	61.83	29.23	65.84	36.49	57.82	37.4	60.52	45.61	63.25	46.6	66.55	57.97	71.61	50.74	78.41	61.54	33.77	36.84	35.97	47.79	26.38	38.02	23.24	52.94	18.4	34.22	14.86	41.13
705	23.5	75.86	37.7	76.0	35.95	74.76	35.58	62.09	29.29	65.92	36.45	58.05	37.41	60.44	45.63	63.34	46.63	66.29	58.09	71.59	50.81	78.18	61.64	34.08	36.92	36.05	47.86	26.74	38.03	23.48	52.94	18.81	34.1	15.32	40.91
706	23.533	75.9	38.15	76.12	36.33	74.82	35.98	62.4	29.44	65.93	36.53	58.23	37.42	60.3	45.57	63.49	46.87	65.99	58.3	71.82	50.79	78.08	61.71	34.28	36.69	36.03	47.63	27.09	38.11	23.87	52.99	19.24	34.04	15.94	40.87
707	23.567	76.0	38.59	76.19	36.78	74.97	36.42	62.27	29.71	66.05	36.91	58.08	37.42	60.26	45.92	63.28	46.45	65.86	58.29	71.76	50.97	78.07	61.83	34.23	36.94	36.08	48.06	27.14	37.88	23.86	53.0	19.09	33.9	15.9	40.79
708	23.6	76.05	39.1	76.31	37.24	75.04	36.89	62.59	29.91	66.14	37.05	58.31	37.36	60.34	45.86	63.5	46.26	65.84	58.2	71.87	50.85	78.27	61.67	34.34	36.59	36.06	47.77	27.18	37.65	23.94	52.83	19.29	33.63	16.12	40.47
709	23.633	76.15	39.34	76.49	37.54	75.15	37.11	62.94	30.2	66.27	37.18	58.58	37.31	60.42	45.74	63.63	45.95	65.56	57.93	71.98	51.03	78.25	61.94	34.53	36.2	36.08	47.38	27.14	37.38	23.83	52.56	19.25	33.57	15.88	40.28
710	23.667	76.3	39.26	76.7	37.49	75.29	37.01	63.23	30.18	66.35	37.08	58.77	37.29	60.5	45.73	63.63	45.79	65.5	57.84	72.03	51.13	78.19	61.96	34.74	36.17	36.22	47.39	27.33	37.46	24.0	52.68	19.22	33.5	15.87	40.15
711	23.7	76.27	39.41	76.7	37.7	75.25	37.17	63.36	30.5	66.39	37.26	58.93	37.57	60.72	45.7	63.62	46.0	65.76	57.62	72.1	51.13	78.29	61.96	35.03	36.12	36.54	47.16	27.57	37.43	24.32	52.42	19.33	33.64	16.07	40.23
712	23.733	76.2	39.83	76.59	38.12	75.24	37.6	63.07	30.79	66.47	37.55	58.68	37.73	60.78	45.81	63.58	46.18	66.16	57.71	72.34	51.21	78.61	62.03	34.63	36.35	36.36	47.4	27.27	37.33	24.06	52.34	19.12	33.68	15.85	40.28
713	23.767	76.22	39.95	76.61	38.25	75.28	37.7	63.13	30.9	66.58	37.58	58.77	37.78	60.9	45.76	63.45	46.26	66.1	57.64	72.19	51.44	78.48	62.18	34.78	36.71	36.54	47.71	27.31	37.59	24.09	52.55	18.96	33.95	15.71	40.54
714	23.8	76.24	39.82	76.6	38.11	75.27	37.57	63.02	30.83	66.55	37.55	58.78	37.96	60.98	45.9	63.77	46.39	66.42	57.76	72.58	51.33	78.61	62.06	34.67	36.98	36.5	47.98	27.09	37.6	23.87	52.55	18.68	33.95	15.43	40.48
715	23.833	76.21	39.43	76.6	37.76	75.22	37.18	63.11	30.71	66.49	37.32	58.85	37.94	60.86	45.84	63.72	46.44	65.99	57.83	72.47	51.19	78.23	61.96	34.84	36.87	36.54	47.79	27.27	37.74	24.07	52.59	18.84	34.07	15.58	40.51
716	23.867	76.16	39.17	76.58	37.51	75.03	36.94	63.37	30.77	66.21	37.31	59.16	38.4	60.8	45.85	64.0	47.33	65.91	58.09	72.52	51.63	77.8	62.09	35.22	37.56	36.67	48.22	27.19	38.6	23.85	53.14	18.73	34.73	15.23	41.08
717	23.9	76.02	38.98	76.43	37.29	74.87	36.75	63.19	30.61	65.99	37.18	58.91	38.38	60.67	45.93	63.84	47.43	66.05	58.31	72.42	51.66	77.99	62.12	35.12	37.78	36.62	48.47	27.22	39.12	23.92	53.69	18.78	35.09	15.25	41.42
718	23.933	76.27	38.84	76.62	37.12	75.07	36.64	63.21	30.53	66.07	37.3	59.01	38.6	60.88	46.36	64.4	47.65	66.74	58.75	73.01	51.84	78.46	62.21	35.01	37.74	36.6	48.57	27.19	38.81	23.91	53.58	18.79	34.75	15.35	41.16
719	23.967	76.29	38.94	76.58	37.15	75.15	36.74	63.01	30.37	66.27	37.3	58.78	38.49	61.29	46.49	64.32	47.69	67.67	59.09	72.72	51.77	79.01	62.24	34.77	37.56	36.81	48.51	27.43	38.59	24.45	53.48	19.03	34.59	15.85	41.04
720	24.0	76.09	38.88	76.44	37.04	74.87	36.72	63.32	30.36	66.06	37.31	59.1	38.4	61.43	46.44	64.68	47.47	67.93	59.1	72.45	51.9	79.17	62.68	35.34	37.71	37.2	48.62	27.77	38.89	24.84	53.68	19.47	34.86	16.25	41.17
